millis,t_s,theta_deg,theta_dot_rads,phi_dot_rads,spin_rpm,v0_ms,altitude_m
0,0.0000,20.0000,0.000000,0.100000,0.955,0.0000,1000.0000
0,0.0002,20.0000,-0.000001,0.100000,0.955,-0.0017,1000.0000
2,0.0019,20.0000,-0.000004,0.099999,0.955,-0.0190,1000.0000
13,0.0131,20.0001,0.000331,0.100135,0.956,-0.1283,999.9992
100,0.0999,20.2201,0.152239,0.176832,1.689,-0.9762,999.9511
253,0.2535,28.1411,2.073086,1.228129,11.728,-2.4281,999.6888
369,0.3693,49.8322,4.307180,4.160436,39.729,-3.4974,999.3459
424,0.4241,63.6259,4.177704,9.267846,88.501,-4.0168,999.1399
464,0.4640,71.3774,2.210383,17.466414,166.792,-4.3999,998.9723
497,0.4967,72.6751,-0.865784,19.178376,183.140,-4.7155,998.8229
529,0.5295,68.9298,-2.774326,12.899484,123.181,-5.0279,998.6633
569,0.5688,62.2627,-2.851300,8.366336,79.893,-5.3918,998.4587
613,0.6128,56.6186,-1.454259,7.346345,70.152,-5.7812,998.2123
666,0.6661,55.5602,0.694247,9.022572,86.159,-6.2337,997.8922
713,0.7133,58.9279,1.503518,12.505410,119.418,-6.6361,997.5884
761,0.7606,61.8679,0.369377,16.094459,153.691,-7.0452,997.2655
797,0.7973,61.1498,-0.973451,16.202654,154.724,-7.3597,997.0008
831,0.8309,58.7192,-1.381372,15.131711,144.497,-7.6357,996.7490
873,0.8734,55.9773,-0.728654,14.992574,143.169,-7.9644,996.4170
908,0.9083,55.2461,-0.059604,16.245013,155.128,-8.2206,996.1352
932,0.9325,55.3046,0.085567,17.515198,167.258,-8.3950,995.9340
957,0.9567,55.3239,-0.107647,18.709265,178.660,-8.5667,995.7287
986,0.9856,54.7681,-0.573883,19.609362,187.256,-8.7659,995.4778
1018,1.0180,53.3186,-0.920826,20.006320,191.046,-8.9761,995.1904
1054,1.0543,51.4390,-0.815743,20.535653,196.101,-9.1909,994.8610
1089,1.0889,50.0876,-0.565424,21.592938,206.197,-9.3765,994.5394
1124,1.1235,49.0169,-0.568116,22.890799,218.591,-9.5451,994.2116
1162,1.1620,47.5207,-0.797123,24.064411,229.798,-9.7098,993.8417
1201,1.2014,45.5789,-0.872533,25.034750,239.064,-9.8489,993.4557
1242,1.2421,43.6571,-0.773804,26.200832,250.200,-9.9584,993.0528
1284,1.2835,41.8522,-0.773904,27.485592,262.468,-10.0363,992.6385
1325,1.3252,39.9290,-0.827221,28.626112,273.359,-10.0802,992.2193
1371,1.3715,37.7831,-0.773761,29.801467,284.583,-10.0884,991.7526
1415,1.4148,35.9458,-0.714277,30.880109,294.883,-10.0617,991.3157
1458,1.4582,34.2101,-0.681328,31.831125,303.965,-10.0063,990.8805
1504,1.5043,32.4961,-0.608266,32.697807,312.241,-9.9211,990.4207
1550,1.5504,30.9988,-0.528103,33.440583,319.334,-9.8156,989.9653
1600,1.5999,29.6015,-0.457642,34.064693,325.294,-9.6871,989.4826
1667,1.6666,28.0536,-0.351389,34.644110,330.827,-9.5011,988.8431
1720,1.7198,27.0818,-0.288500,34.917303,333.436,-9.3503,988.3414
1773,1.7730,26.2968,-0.225860,35.041709,334.624,-9.2029,987.8477
1829,1.8286,25.6673,-0.173296,35.053509,334.736,-9.0567,987.3404
1884,1.8842,25.1814,-0.132189,34.964064,333.882,-8.9207,986.8410
1946,1.9458,24.7893,-0.092182,34.787276,332.194,-8.7834,986.2960
2018,2.0179,24.4766,-0.060715,34.511123,329.557,-8.6413,985.6674
2087,2.0874,24.2910,-0.034084,34.211379,326.695,-8.5232,985.0712
2157,2.1569,24.1861,-0.019378,33.900588,323.727,-8.4223,984.4827
2225,2.2254,24.1413,-0.004216,33.601661,320.872,-8.3382,983.9088
2265,2.2654,24.1365,-0.000374,33.434511,319.276,-8.2954,983.5758
2300,2.3002,24.1388,0.002790,33.293744,317.932,-8.2616,983.2879
2334,2.3344,24.1480,0.006622,33.161225,316.666,-8.2314,983.0055
2380,2.3799,24.1708,0.010450,32.995939,315.088,-8.1954,982.6322
2425,2.4253,24.2004,0.012116,32.841717,313.615,-8.1638,982.2604
2479,2.4789,24.2403,0.013944,32.674064,312.014,-8.1316,981.8236
2533,2.5325,24.2856,0.015361,32.522919,310.571,-8.1041,981.3885
2592,2.5919,24.3383,0.015496,32.373488,309.144,-8.0786,980.9086
2659,2.6587,24.3978,0.015577,32.226222,307.738,-8.0552,980.3695
2726,2.7255,24.4564,0.014861,32.100052,306.533,-8.0366,979.8317
2793,2.7932,24.5121,0.013949,31.991242,305.494,-8.0217,979.2886
2866,2.8659,24.5680,0.012737,31.893611,304.562,-8.0094,978.7054
2936,2.9360,24.6162,0.011408,31.815815,303.819,-8.0004,978.1449
3009,3.0090,24.6615,0.010114,31.749648,303.187,-7.9936,977.5608
3081,3.0808,24.7000,0.008725,31.696990,302.684,-7.9887,976.9874
3155,3.1548,24.7347,0.007557,31.653811,302.272,-7.9853,976.3960
3228,3.2282,24.7636,0.006293,31.620033,301.949,-7.9830,975.8102
3303,3.3025,24.7885,0.005364,31.593634,301.697,-7.9817,975.2168
3376,3.3759,24.8087,0.004317,31.573610,301.506,-7.9810,974.6312
3450,3.4497,24.8256,0.003653,31.558593,301.362,-7.9808,974.0424
3524,3.5240,24.8393,0.002812,31.547391,301.255,-7.9809,973.4490
3602,3.6018,24.8508,0.002361,31.539186,301.177,-7.9813,972.8281
3684,3.6842,24.8601,0.001627,31.533265,301.121,-7.9819,972.1705
3743,3.7430,24.8655,0.001522,31.530554,301.095,-7.9823,971.7013
3798,3.7975,24.8696,0.001136,31.528864,301.078,-7.9827,971.2658
3849,3.8488,24.8726,0.000929,31.527722,301.068,-7.9831,970.8570
3900,3.9000,24.8752,0.000826,31.527121,301.062,-7.9835,970.4482
3957,3.9572,24.8776,0.000605,31.526853,301.059,-7.9839,969.9910
4015,4.0154,24.8793,0.000472,31.526865,301.059,-7.9843,969.5265
4074,4.0736,24.8807,0.000376,31.527176,301.062,-7.9847,969.0620
4136,4.1363,24.8818,0.000248,31.527680,301.067,-7.9850,968.5614
4214,4.2144,24.8828,0.000176,31.528489,301.075,-7.9854,967.9378
4295,4.2949,24.8833,0.000069,31.529423,301.084,-7.9858,967.2948
4372,4.3725,24.8836,0.000058,31.530351,301.093,-7.9861,966.6752
4453,4.4533,24.8837,-0.000028,31.531276,301.102,-7.9863,966.0299
4531,4.5311,24.8836,0.000010,31.532125,301.110,-7.9865,965.4086
4599,4.5989,24.8835,-0.000064,31.532786,301.116,-7.9867,964.8667
4667,4.6668,24.8833,-0.000021,31.533382,301.122,-7.9868,964.3247
4729,4.7289,24.8832,-0.000057,31.533891,301.126,-7.9869,963.8284
4791,4.7910,24.8830,-0.000049,31.534310,301.130,-7.9870,963.3322
4852,4.8524,24.8829,-0.000041,31.534705,301.134,-7.9870,962.8425
4916,4.9156,24.8827,-0.000053,31.535040,301.137,-7.9871,962.3373
4987,4.9870,24.8825,-0.000035,31.535373,301.141,-7.9871,961.7673
5071,5.0705,24.8823,-0.000049,31.535687,301.144,-7.9872,961.0999
5154,5.1541,24.8822,-0.000019,31.535950,301.146,-7.9872,960.4325
5222,5.2220,24.8820,-0.000043,31.536109,301.148,-7.9872,959.8898
5290,5.2900,24.8819,-0.000014,31.536246,301.149,-7.9872,959.3471
5354,5.3537,24.8818,-0.000029,31.536354,301.150,-7.9872,958.8379
5418,5.4175,24.8817,-0.000016,31.536429,301.151,-7.9872,958.3286
5491,5.4906,24.8817,-0.000018,31.536514,301.152,-7.9872,957.7444
5561,5.5612,24.8816,-0.000013,31.536561,301.152,-7.9872,957.1809
5632,5.6322,24.8816,-0.000010,31.536611,301.152,-7.9872,956.6139
5705,5.7046,24.8815,-0.000010,31.536635,301.153,-7.9872,956.0351
5779,5.7790,24.8815,-0.000005,31.536666,301.153,-7.9872,955.4410
5855,5.8550,24.8815,-0.000008,31.536674,301.153,-7.9872,954.8344
5931,5.9312,24.8815,-0.000002,31.536693,301.153,-7.9872,954.2257
6006,6.0063,24.8814,-0.000006,31.536690,301.153,-7.9872,953.6255
6080,6.0802,24.8814,0.000001,31.536701,301.153,-7.9872,953.0357
6154,6.1537,24.8814,-0.000006,31.536693,301.153,-7.9872,952.4483
6228,6.2283,24.8814,0.000003,31.536700,301.153,-7.9872,951.8527
6304,6.3045,24.8814,-0.000006,31.536690,301.153,-7.9872,951.2440
6382,6.3815,24.8814,0.000005,31.536696,301.153,-7.9872,950.6285
6457,6.4575,24.8814,-0.000006,31.536683,301.153,-7.9872,950.0223
6531,6.5310,24.8814,0.000006,31.536691,301.153,-7.9872,949.4347
6604,6.6035,24.8814,-0.000007,31.536679,301.153,-7.9872,948.8557
6678,6.6780,24.8814,0.000008,31.536684,301.153,-7.9872,948.2610
6757,6.7573,24.8814,-0.000009,31.536673,301.153,-7.9872,947.6274
6841,6.8407,24.8814,0.000011,31.536685,301.153,-7.9872,946.9615
6906,6.9063,24.8814,-0.000013,31.536670,301.153,-7.9872,946.4374
6971,6.9707,24.8814,0.000011,31.536672,301.153,-7.9872,945.9225
7050,7.0499,24.8814,-0.000013,31.536671,301.153,-7.9872,945.2903
7129,7.1287,24.8814,0.000017,31.536671,301.153,-7.9872,944.6608
7208,7.2082,24.8814,-0.000020,31.536666,301.153,-7.9872,944.0255
7289,7.2885,24.8814,0.000026,31.536673,301.153,-7.9872,943.3844
7373,7.3727,24.8814,-0.000037,31.536654,301.153,-7.9872,942.7124
7463,7.4634,24.8815,0.000067,31.536709,301.153,-7.9872,941.9878
7515,7.5152,24.8815,-0.000062,31.536681,301.153,-7.9872,941.5734
7563,7.5625,24.8813,-0.000003,31.536632,301.153,-7.9872,941.1957
7611,7.6112,24.8814,0.000035,31.536673,301.153,-7.9872,940.8069
7660,7.6599,24.8814,-0.000016,31.536681,301.153,-7.9872,940.4181
7716,7.7157,24.8814,-0.000005,31.536652,301.153,-7.9872,939.9720
7772,7.7716,24.8814,0.000013,31.536669,301.153,-7.9872,939.5260
7831,7.8308,24.8814,-0.000010,31.536668,301.153,-7.9872,939.0529
7909,7.9089,24.8814,0.000012,31.536663,301.153,-7.9872,938.4294
7980,7.9800,24.8814,-0.000010,31.536669,301.153,-7.9872,937.8615
8052,8.0523,24.8814,0.000009,31.536661,301.153,-7.9872,937.2835
8122,8.1216,24.8814,-0.000006,31.536670,301.153,-7.9872,936.7304
8190,8.1903,24.8814,0.000003,31.536660,301.153,-7.9872,936.1816
8258,8.2584,24.8814,-0.000000,31.536670,301.153,-7.9872,935.6376
8327,8.3273,24.8814,-0.000001,31.536661,301.153,-7.9872,935.0876
8398,8.3983,24.8814,0.000002,31.536668,301.153,-7.9872,934.5203
8473,8.4727,24.8814,-0.000003,31.536662,301.153,-7.9872,933.9262
8550,8.5504,24.8814,0.000003,31.536669,301.153,-7.9872,933.3058
8629,8.6288,24.8814,-0.000003,31.536660,301.153,-7.9872,932.6793
8704,8.7044,24.8814,0.000004,31.536670,301.153,-7.9872,932.0756
8776,8.7765,24.8814,-0.000004,31.536661,301.153,-7.9872,931.4999
8848,8.8478,24.8814,0.000005,31.536669,301.153,-7.9872,930.9298
8922,8.9221,24.8814,-0.000006,31.536662,301.153,-7.9872,930.3369
9002,9.0015,24.8814,0.000006,31.536670,301.153,-7.9872,929.7021
9084,9.0842,24.8814,-0.000008,31.536658,301.153,-7.9872,929.0418
9151,9.1515,24.8814,0.000009,31.536670,301.153,-7.9872,928.5045
9218,9.2181,24.8814,-0.000009,31.536664,301.153,-7.9872,927.9721
9295,9.2948,24.8814,0.000010,31.536667,301.153,-7.9872,927.3602
9367,9.3670,24.8814,-0.000010,31.536665,301.153,-7.9872,926.7830
9439,9.4393,24.8814,0.000009,31.536665,301.153,-7.9872,926.2059
9512,9.5123,24.8814,-0.000009,31.536666,301.153,-7.9872,925.6224
9585,9.5854,24.8814,0.000008,31.536663,301.153,-7.9872,925.0389
9666,9.6658,24.8814,-0.000011,31.536667,301.153,-7.9872,924.3967
9740,9.7402,24.8814,0.000011,31.536663,301.153,-7.9872,923.8024
9816,9.8159,24.8814,-0.000012,31.536667,301.153,-7.9872,923.1977
9889,9.8888,24.8814,0.000011,31.536662,301.153,-7.9872,922.6156
9961,9.9612,24.8814,-0.000010,31.536669,301.153,-7.9872,922.0374
10031,10.0314,24.8814,0.000007,31.536660,301.153,-7.9872,921.4761
10101,10.1006,24.8814,-0.000004,31.536670,301.153,-7.9872,920.9236
10169,10.1688,24.8814,0.000001,31.536660,301.153,-7.9872,920.3786
10237,10.2372,24.8814,0.000001,31.536670,301.153,-7.9872,919.8324
10307,10.3070,24.8814,-0.000002,31.536662,301.153,-7.9872,919.2748
10380,10.3797,24.8814,0.000003,31.536669,301.153,-7.9872,918.6947
10456,10.4558,24.8814,-0.000003,31.536662,301.153,-7.9872,918.0863
10534,10.5343,24.8814,0.000003,31.536670,301.153,-7.9872,917.4596
10612,10.6116,24.8814,-0.000003,31.536660,301.153,-7.9872,916.8422
10685,10.6853,24.8814,0.000004,31.536670,301.153,-7.9872,916.2539
10757,10.7566,24.8814,-0.000005,31.536661,301.153,-7.9872,915.6841
10829,10.8291,24.8814,0.000005,31.536669,301.153,-7.9872,915.1053
10906,10.9057,24.8814,-0.000006,31.536661,301.153,-7.9872,914.4929
10987,10.9874,24.8814,0.000007,31.536671,301.153,-7.9872,913.8410
11059,11.0592,24.8814,-0.000008,31.536660,301.153,-7.9872,913.2672
11130,11.1300,24.8814,0.000008,31.536668,301.153,-7.9872,912.7014
11205,11.2052,24.8814,-0.000009,31.536662,301.153,-7.9872,912.1007
11292,11.2918,24.8814,0.000013,31.536673,301.153,-7.9872,911.4091
11362,11.3622,24.8814,-0.000014,31.536660,301.153,-7.9872,910.8470
11430,11.4305,24.8814,0.000013,31.536667,301.153,-7.9872,910.3019
11507,11.5073,24.8814,-0.000015,31.536663,301.153,-7.9872,909.6877
11582,11.5822,24.8814,0.000015,31.536667,301.153,-7.9872,909.0899
11657,11.6571,24.8814,-0.000016,31.536664,301.153,-7.9872,908.4920
11729,11.7290,24.8814,0.000015,31.536664,301.153,-7.9872,907.9174
11801,11.8009,24.8814,-0.000014,31.536667,301.153,-7.9872,907.3428
11878,11.8782,24.8814,0.000016,31.536663,301.153,-7.9872,906.7255
11948,11.9481,24.8814,-0.000013,31.536669,301.153,-7.9872,906.1670
12020,12.0201,24.8814,0.000011,31.536660,301.153,-7.9872,905.5920
12087,12.0873,24.8814,-0.000006,31.536671,301.153,-7.9872,905.0555
12154,12.1542,24.8814,0.000002,31.536659,301.153,-7.9872,904.5208
12220,12.2203,24.8814,0.000002,31.536670,301.153,-7.9872,903.9934
12288,12.2877,24.8814,-0.000003,31.536662,301.153,-7.9872,903.4548
12359,12.3589,24.8814,0.000004,31.536668,301.153,-7.9872,902.8860
12436,12.4362,24.8814,-0.000004,31.536662,301.153,-7.9872,902.2684
12519,12.5194,24.8814,0.000005,31.536671,301.153,-7.9872,901.6044
12591,12.5906,24.8814,-0.000006,31.536661,301.153,-7.9872,901.0355
12661,12.6613,24.8814,0.000006,31.536668,301.153,-7.9872,900.4709
12736,12.7363,24.8814,-0.000007,31.536662,301.153,-7.9872,899.8719
12820,12.8200,24.8814,0.000009,31.536671,301.153,-7.9872,899.2031
12896,12.8957,24.8814,-0.000010,31.536659,301.153,-7.9872,898.5987
12968,12.9679,24.8814,0.000011,31.536670,301.153,-7.9872,898.0216
13039,13.0392,24.8814,-0.000011,31.536662,301.153,-7.9872,897.4526
13116,13.1156,24.8814,0.000012,31.536669,301.153,-7.9872,896.8426
13210,13.2104,24.8814,-0.000027,31.536650,301.153,-7.9872,896.0849
13270,13.2702,24.8814,0.000026,31.536665,301.153,-7.9872,895.6075
13328,13.3283,24.8814,-0.000013,31.536675,301.153,-7.9872,895.1434
13385,13.3846,24.8814,-0.000002,31.536656,301.153,-7.9872,894.6937
13441,13.4409,24.8814,0.000009,31.536669,301.153,-7.9872,894.2440
13504,13.5039,24.8814,-0.000008,31.536665,301.153,-7.9872,893.7407
13582,13.5821,24.8814,0.000009,31.536666,301.153,-7.9872,893.1159
13670,13.6700,24.8814,-0.000017,31.536662,301.153,-7.9872,892.4143
13751,13.7510,24.8814,0.000021,31.536672,301.153,-7.9872,891.7671
13818,13.8185,24.8814,-0.000019,31.536664,301.153,-7.9872,891.2282
13886,13.8859,24.8814,0.000016,31.536662,301.153,-7.9872,890.6893
13949,13.9488,24.8814,-0.000008,31.536671,301.153,-7.9872,890.1873
14012,14.0117,24.8814,0.000001,31.536659,301.153,-7.9872,889.6853
14078,14.0781,24.8814,0.000002,31.536670,301.153,-7.9872,889.1544
14145,14.1450,24.8814,-0.000004,31.536662,301.153,-7.9872,888.6203
14216,14.2158,24.8814,0.000004,31.536668,301.153,-7.9872,888.0548
14294,14.2936,24.8814,-0.000005,31.536662,301.153,-7.9872,887.4334
14379,14.3789,24.8814,0.000006,31.536672,301.153,-7.9872,886.7519
14449,14.4487,24.8814,-0.000007,31.536661,301.153,-7.9872,886.1941
14518,14.5177,24.8814,0.000008,31.536668,301.153,-7.9872,885.6431
14593,14.5928,24.8814,-0.000008,31.536663,301.153,-7.9872,885.0434
14685,14.6851,24.8814,0.000016,31.536675,301.153,-7.9872,884.3067
14759,14.7589,24.8814,-0.000017,31.536657,301.153,-7.9872,883.7165
14825,14.8255,24.8814,0.000016,31.536668,301.153,-7.9872,883.1851
14893,14.8927,24.8814,-0.000014,31.536666,301.153,-7.9872,882.6481
14958,14.9577,24.8814,0.000009,31.536661,301.153,-7.9872,882.1293
15023,15.0226,24.8814,-0.000004,31.536670,301.153,-7.9872,881.6105
15093,15.0932,24.8814,0.000002,31.536660,301.153,-7.9872,881.0463
15162,15.1615,24.8814,0.000000,31.536670,301.153,-7.9872,880.5010
15231,15.2309,24.8814,-0.000002,31.536661,301.153,-7.9872,879.9470
15303,15.3027,24.8814,0.000002,31.536669,301.153,-7.9872,879.3737
15378,15.3778,24.8814,-0.000003,31.536662,301.153,-7.9872,878.7734
15456,15.4558,24.8814,0.000003,31.536669,301.153,-7.9872,878.1507
15534,15.5337,24.8814,-0.000003,31.536660,301.153,-7.9872,877.5287
15608,15.6084,24.8814,0.000004,31.536670,301.153,-7.9872,876.9317
15680,15.6802,24.8814,-0.000004,31.536661,301.153,-7.9872,876.3579
15752,15.7522,24.8814,0.000005,31.536669,301.153,-7.9872,875.7834
15827,15.8274,24.8814,-0.000006,31.536662,301.153,-7.9872,875.1827
15907,15.9074,24.8814,0.000006,31.536670,301.153,-7.9872,874.5434
15989,15.9889,24.8814,-0.000007,31.536658,301.153,-7.9872,873.8925
16056,16.0559,24.8814,0.000009,31.536670,301.153,-7.9872,873.3577
16122,16.1224,24.8814,-0.000009,31.536664,301.153,-7.9872,872.8263
16199,16.1991,24.8814,0.000010,31.536667,301.153,-7.9872,872.2134
16272,16.2721,24.8814,-0.000010,31.536664,301.153,-7.9872,871.6309
16345,16.3450,24.8814,0.000009,31.536665,301.153,-7.9872,871.0485
16418,16.4180,24.8814,-0.000009,31.536666,301.153,-7.9872,870.4648
16491,16.4911,24.8814,0.000009,31.536664,301.153,-7.9872,869.8812
16573,16.5730,24.8814,-0.000012,31.536666,301.153,-7.9872,869.2272
16648,16.6475,24.8814,0.000013,31.536664,301.153,-7.9872,868.6319
16725,16.7248,24.8814,-0.000014,31.536667,301.153,-7.9872,868.0149
16798,16.7980,24.8814,0.000014,31.536663,301.153,-7.9872,867.4302
16872,16.8721,24.8814,-0.000014,31.536668,301.153,-7.9872,866.8385
16943,16.9426,24.8814,0.000011,31.536661,301.153,-7.9872,866.2751
17012,17.0124,24.8814,-0.000008,31.536671,301.153,-7.9872,865.7173
17080,17.0799,24.8814,0.000004,31.536659,301.153,-7.9872,865.1784
17147,17.1467,24.8814,-0.000000,31.536671,301.153,-7.9872,864.6448
17214,17.2139,24.8814,-0.000002,31.536661,301.153,-7.9872,864.1084
17283,17.2833,24.8814,0.000003,31.536668,301.153,-7.9872,863.5538
17357,17.3571,24.8814,-0.000004,31.536662,301.153,-7.9872,862.9641
17436,17.4364,24.8814,0.000004,31.536669,301.153,-7.9872,862.3311
17518,17.5180,24.8814,-0.000004,31.536659,301.153,-7.9872,861.6795
17595,17.5946,24.8814,0.000005,31.536672,301.153,-7.9872,861.0673
17664,17.6641,24.8814,-0.000006,31.536660,301.153,-7.9872,860.5124
17732,17.7319,24.8814,0.000007,31.536668,301.153,-7.9872,859.9709
17805,17.8051,24.8814,-0.000007,31.536663,301.153,-7.9872,859.3866
17893,17.8933,24.8814,0.000012,31.536671,301.153,-7.9872,858.6819
17965,17.9651,24.8814,-0.000012,31.536661,301.153,-7.9872,858.1086
18037,18.0368,24.8814,0.000012,31.536668,301.153,-7.9872,857.5353
18117,18.1169,24.8814,-0.000015,31.536660,301.153,-7.9872,856.8956
18183,18.1833,24.8814,0.000014,31.536666,301.153,-7.9872,856.3650
18250,18.2498,24.8814,-0.000010,31.536668,301.153,-7.9872,855.8345
18316,18.3160,24.8814,0.000006,31.536661,301.153,-7.9872,855.3059
18382,18.3821,24.8814,-0.000003,31.536670,301.153,-7.9872,854.7773
18453,18.4530,24.8814,0.000001,31.536661,301.153,-7.9872,854.2109
18523,18.5235,24.8814,0.000000,31.536669,301.153,-7.9872,853.6484
18595,18.5951,24.8814,-0.000001,31.536662,301.153,-7.9872,853.0766
18669,18.6685,24.8814,0.000002,31.536669,301.153,-7.9872,852.4897
18744,18.7440,24.8814,-0.000002,31.536661,301.153,-7.9872,851.8871
18820,18.8204,24.8814,0.000002,31.536669,301.153,-7.9872,851.2768
18896,18.8962,24.8814,-0.000003,31.536661,301.153,-7.9872,850.6713
18971,18.9705,24.8814,0.000003,31.536670,301.153,-7.9872,850.0775
19044,19.0440,24.8814,-0.000004,31.536661,301.153,-7.9872,849.4910
19118,19.1179,24.8814,0.000004,31.536669,301.153,-7.9872,848.9006
19193,19.1934,24.8814,-0.000005,31.536661,301.153,-7.9872,848.2976
19270,19.2703,24.8814,0.000005,31.536670,301.153,-7.9872,847.6829
19347,19.3471,24.8814,-0.000006,31.536660,301.153,-7.9872,847.0699
19422,19.4217,24.8814,0.000006,31.536670,301.153,-7.9872,846.4742
19494,19.4942,24.8814,-0.000007,31.536661,301.153,-7.9872,845.8947
19567,19.5673,24.8814,0.000007,31.536669,301.153,-7.9872,845.3110
19644,19.6442,24.8814,-0.000008,31.536661,301.153,-7.9872,844.6967
19727,19.7266,24.8814,0.000010,31.536672,301.153,-7.9872,844.0384
19797,19.7972,24.8814,-0.000011,31.536660,301.153,-7.9872,843.4751
19866,19.8659,24.8814,0.000011,31.536667,301.153,-7.9872,842.9265
19942,19.9415,24.8814,-0.000012,31.536663,301.153,-7.9872,842.3220
20009,20.0085,24.8814,0.000010,31.536665,301.153,-7.9872,841.7870
20075,20.0755,24.8814,-0.000007,31.536668,301.153,-7.9872,841.2520
20146,20.1463,24.8814,0.000006,31.536662,301.153,-7.9872,840.6869
20217,20.2170,24.8814,-0.000004,31.536669,301.153,-7.9872,840.1218
20290,20.2905,24.8814,0.000003,31.536661,301.153,-7.9872,839.5349
20363,20.3629,24.8814,-0.000003,31.536669,301.153,-7.9872,838.9566
20435,20.4350,24.8814,0.000002,31.536661,301.153,-7.9872,838.3803
20507,20.5073,24.8814,-0.000001,31.536669,301.153,-7.9872,837.8030
20580,20.5801,24.8814,-0.000000,31.536661,301.153,-7.9872,837.2219
20654,20.6536,24.8814,0.000001,31.536669,301.153,-7.9872,836.6349
20728,20.7278,24.8814,-0.000001,31.536661,301.153,-7.9872,836.0417
20803,20.8026,24.8814,0.000001,31.536669,301.153,-7.9872,835.4442
20878,20.8776,24.8814,-0.000002,31.536661,301.153,-7.9872,834.8454
20952,20.9524,24.8814,0.000002,31.536669,301.153,-7.9872,834.2479
21027,21.0270,24.8814,-0.000002,31.536661,301.153,-7.9872,833.6525
21101,21.1015,24.8814,0.000003,31.536669,301.153,-7.9872,833.0574
21176,21.1762,24.8814,-0.000003,31.536661,301.153,-7.9872,832.4604
21251,21.2513,24.8814,0.000004,31.536669,301.153,-7.9872,831.8603
21327,21.3267,24.8814,-0.000004,31.536661,301.153,-7.9872,831.2582
21402,21.4020,24.8814,0.000005,31.536670,301.153,-7.9872,830.6567
21477,21.4770,24.8814,-0.000005,31.536661,301.153,-7.9872,830.0578
21552,21.5518,24.8814,0.000006,31.536670,301.153,-7.9872,829.4607
21627,21.6268,24.8814,-0.000006,31.536661,301.153,-7.9872,828.8616
21702,21.7024,24.8814,0.000007,31.536670,301.153,-7.9872,828.2572
21779,21.7787,24.8814,-0.000008,31.536660,301.153,-7.9872,827.6482
21855,21.8547,24.8814,0.000009,31.536671,301.153,-7.9872,827.0415
21929,21.9293,24.8814,-0.000009,31.536660,301.153,-7.9872,826.4450
22003,22.0030,24.8814,0.000010,31.536670,301.153,-7.9872,825.8566
22078,22.0776,24.8814,-0.000011,31.536661,301.153,-7.9872,825.2604
22156,22.1561,24.8814,0.000012,31.536671,301.153,-7.9872,824.6338
22239,22.2391,24.8814,-0.000016,31.536655,301.153,-7.9872,823.9711
22305,22.3045,24.8814,0.000016,31.536669,301.153,-7.9872,823.4481
22368,22.3680,24.8814,-0.000013,31.536667,301.153,-7.9872,822.9412
22437,22.4375,24.8814,0.000010,31.536662,301.153,-7.9872,822.3864
22507,22.5069,24.8814,-0.000007,31.536670,301.153,-7.9872,821.8316
22577,22.5773,24.8814,0.000005,31.536660,301.153,-7.9872,821.2695
22646,22.6457,24.8814,-0.000002,31.536670,301.153,-7.9872,820.7229
22714,22.7143,24.8814,-0.000000,31.536661,301.153,-7.9872,820.1757
22784,22.7837,24.8814,0.000002,31.536669,301.153,-7.9872,819.6206
22856,22.8556,24.8814,-0.000002,31.536662,301.153,-7.9872,819.0471
22931,22.9306,24.8814,0.000003,31.536669,301.153,-7.9872,818.4478
23008,23.0083,24.8814,-0.000003,31.536661,301.153,-7.9872,817.8272
23086,23.0860,24.8814,0.000003,31.536670,301.153,-7.9872,817.2065
23161,23.1609,24.8814,-0.000004,31.536660,301.153,-7.9872,816.6085
23233,23.2330,24.8814,0.000004,31.536669,301.153,-7.9872,816.0324
23305,23.3051,24.8814,-0.000005,31.536662,301.153,-7.9872,815.4565
23380,23.3801,24.8814,0.000005,31.536669,301.153,-7.9872,814.8572
23459,23.4595,24.8814,-0.000006,31.536660,301.153,-7.9872,814.2233
23540,23.5403,24.8814,0.000007,31.536672,301.153,-7.9872,813.5780
23616,23.6155,24.8814,-0.000008,31.536658,301.153,-7.9872,812.9772
23684,23.6836,24.8814,0.000009,31.536670,301.153,-7.9872,812.4330
23751,23.7512,24.8814,-0.000009,31.536663,301.153,-7.9872,811.8935
23828,23.8280,24.8814,0.000010,31.536667,301.153,-7.9872,811.2797
23895,23.8953,24.8814,-0.000008,31.536666,301.153,-7.9872,810.7426
23963,23.9625,24.8814,0.000006,31.536663,301.153,-7.9872,810.2055
24035,24.0347,24.8814,-0.000006,31.536668,301.153,-7.9872,809.6288
24107,24.1069,24.8814,0.000005,31.536662,301.153,-7.9872,809.0520
24183,24.1827,24.8814,-0.000005,31.536668,301.153,-7.9872,808.4469
24257,24.2566,24.8814,0.000004,31.536662,301.153,-7.9872,807.8567
24330,24.3296,24.8814,-0.000004,31.536669,301.153,-7.9872,807.2733
24402,24.4021,24.8814,0.000003,31.536661,301.153,-7.9872,806.6949
24474,24.4742,24.8814,-0.000002,31.536669,301.153,-7.9872,806.1189
24546,24.5463,24.8814,0.000001,31.536661,301.153,-7.9872,805.5424
24619,24.6189,24.8814,-0.000000,31.536669,301.153,-7.9872,804.9626
24692,24.6923,24.8814,-0.000000,31.536662,301.153,-7.9872,804.3770
24766,24.7664,24.8814,0.000001,31.536669,301.153,-7.9872,803.7850
24841,24.8411,24.8814,-0.000001,31.536661,301.153,-7.9872,803.1880
24916,24.9161,24.8814,0.000002,31.536669,301.153,-7.9872,802.5890
24991,24.9910,24.8814,-0.000002,31.536661,301.153,-7.9872,801.9912
25066,25.0655,24.8814,0.000002,31.536669,301.153,-7.9872,801.3954
25140,25.1400,24.8814,-0.000003,31.536661,301.153,-7.9872,800.8006
25215,25.2147,24.8814,0.000003,31.536669,301.153,-7.9872,800.2041
25290,25.2898,24.8814,-0.000004,31.536661,301.153,-7.9872,799.6046
25365,25.3651,24.8814,0.000004,31.536670,301.153,-7.9872,799.0026
25440,25.4405,24.8814,-0.000005,31.536661,301.153,-7.9872,798.4007
25516,25.5155,24.8814,0.000005,31.536670,301.153,-7.9872,797.8013
25590,25.5903,24.8814,-0.000006,31.536661,301.153,-7.9872,797.2041
25665,25.6652,24.8814,0.000006,31.536670,301.153,-7.9872,796.6059
25741,25.7407,24.8814,-0.000007,31.536661,301.153,-7.9872,796.0026
25817,25.8169,24.8814,0.000008,31.536670,301.153,-7.9872,795.3938
25893,25.8931,24.8814,-0.000008,31.536660,301.153,-7.9872,794.7857
25968,25.9680,24.8814,0.000009,31.536671,301.153,-7.9872,794.1871
26042,26.0417,24.8814,-0.000010,31.536660,301.153,-7.9872,793.5986
26116,26.1159,24.8814,0.000010,31.536670,301.153,-7.9872,793.0061
26193,26.1935,24.8814,-0.000012,31.536660,301.153,-7.9872,792.3864
26276,26.2762,24.8814,0.000015,31.536675,301.153,-7.9872,791.7256
26344,26.3438,24.8814,-0.000016,31.536661,301.153,-7.9872,791.1854
26409,26.4089,24.8814,0.000013,31.536665,301.153,-7.9872,790.6654
26488,26.4879,24.8814,-0.000016,31.536665,301.153,-7.9872,790.0348
26563,26.5631,24.8814,0.000017,31.536665,301.153,-7.9872,789.4342
26641,26.6412,24.8814,-0.000021,31.536665,301.153,-7.9872,788.8104
26714,26.7145,24.8814,0.000020,31.536664,301.153,-7.9872,788.2252
26791,26.7914,24.8814,-0.000023,31.536666,301.153,-7.9872,787.6105
26861,26.8609,24.8814,0.000019,31.536661,301.153,-7.9872,787.0556
26926,26.9256,24.8814,-0.000011,31.536673,301.153,-7.9872,786.5389
26990,26.9903,24.8814,0.000003,31.536657,301.153,-7.9872,786.0221
27054,27.0536,24.8814,0.000003,31.536671,301.153,-7.9872,785.5167
27118,27.1175,24.8814,-0.000005,31.536662,301.153,-7.9872,785.0060
27186,27.1858,24.8814,0.000006,31.536667,301.153,-7.9872,784.4606
27264,27.2644,24.8814,-0.000007,31.536663,301.153,-7.9872,783.8327
27366,27.3663,24.8814,0.000020,31.536681,301.153,-7.9872,783.0187
27425,27.4250,24.8814,-0.000022,31.536664,301.153,-7.9872,782.5497
27483,27.4829,24.8814,0.000012,31.536658,301.153,-7.9872,782.0877
27540,27.5400,24.8814,0.000000,31.536673,301.153,-7.9872,781.6311
27597,27.5972,24.8814,-0.000006,31.536661,301.153,-7.9872,781.1745
27662,27.6622,24.8814,0.000007,31.536666,301.153,-7.9872,780.6555
27739,27.7389,24.8814,-0.000007,31.536664,301.153,-7.9872,780.0431
27810,27.8102,24.8814,0.000007,31.536666,301.153,-7.9872,779.4731
27882,27.8816,24.8814,-0.000006,31.536666,301.153,-7.9872,778.9030
27956,27.9560,24.8814,0.000007,31.536665,301.153,-7.9872,778.3089
28030,28.0304,24.8814,-0.000007,31.536666,301.153,-7.9872,777.7147
28116,28.1159,24.8814,0.000011,31.536665,301.153,-7.9872,777.0319
28194,28.1938,24.8814,-0.000013,31.536665,301.153,-7.9872,776.4093
28275,28.2747,24.8814,0.000017,31.536667,301.153,-7.9872,775.7632
28353,28.3534,24.8814,-0.000021,31.536662,301.153,-7.9872,775.1350
28439,28.4388,24.8814,0.000032,31.536675,301.153,-7.9872,774.4527
28519,28.5193,24.8814,-0.000040,31.536649,301.153,-7.9872,773.8096
28584,28.5838,24.8814,0.000036,31.536667,301.153,-7.9872,773.2942
28643,28.6430,24.8814,-0.000021,31.536677,301.153,-7.9872,772.8212
28695,28.6951,24.8814,-0.000004,31.536652,301.153,-7.9872,772.4055
28747,28.7471,24.8814,0.000014,31.536668,301.153,-7.9872,771.9899
28806,28.8064,24.8814,-0.000010,31.536668,301.153,-7.9872,771.5167
28874,28.8742,24.8814,0.000006,31.536661,301.153,-7.9872,770.9752
28942,28.9420,24.8814,-0.000003,31.536670,301.153,-7.9872,770.4337
29012,29.0122,24.8814,0.000001,31.536661,301.153,-7.9872,769.8726
29082,29.0823,24.8814,0.000000,31.536669,301.153,-7.9872,769.3130
29153,29.1535,24.8814,-0.000001,31.536662,301.153,-7.9872,768.7441
29227,29.2267,24.8814,0.000002,31.536669,301.153,-7.9872,768.1595
29302,29.3020,24.8814,-0.000002,31.536662,301.153,-7.9872,767.5578
29379,29.3786,24.8814,0.000002,31.536669,301.153,-7.9872,766.9465
29455,29.4546,24.8814,-0.000003,31.536661,301.153,-7.9872,766.3391
29529,29.5290,24.8814,0.000003,31.536670,301.153,-7.9872,765.7445
29602,29.6024,24.8814,-0.000004,31.536661,301.153,-7.9872,765.1587
29676,29.6761,24.8814,0.000004,31.536669,301.153,-7.9872,764.5700
29751,29.7514,24.8814,-0.000005,31.536661,301.153,-7.9872,763.9682
29829,29.8285,24.8814,0.000005,31.536670,301.153,-7.9872,763.3526
29906,29.9056,24.8814,-0.000006,31.536660,301.153,-7.9872,762.7369
29980,29.9804,24.8814,0.000006,31.536670,301.153,-7.9872,762.1397
30053,30.0527,24.8814,-0.000007,31.536661,301.153,-7.9872,761.5617
30125,30.1253,24.8814,0.000007,31.536669,301.153,-7.9872,760.9819
30202,30.2019,24.8814,-0.000008,31.536661,301.153,-7.9872,760.3703
30285,30.2850,24.8814,0.000010,31.536672,301.153,-7.9872,759.7067
30356,30.3561,24.8814,-0.000011,31.536660,301.153,-7.9872,759.1383
30425,30.4250,24.8814,0.000011,31.536668,301.153,-7.9872,758.5883
30500,30.4998,24.8814,-0.000012,31.536663,301.153,-7.9872,757.9909
30572,30.5719,24.8814,0.000011,31.536666,301.153,-7.9872,757.4151
30644,30.6440,24.8814,-0.000011,31.536666,301.153,-7.9872,756.8393
30715,30.7151,24.8814,0.000010,31.536664,301.153,-7.9872,756.2712
30786,30.7862,24.8814,-0.000008,31.536668,301.153,-7.9872,755.7031
30864,30.8639,24.8814,0.000010,31.536662,301.153,-7.9872,755.0829
30936,30.9360,24.8814,-0.000008,31.536669,301.153,-7.9872,754.5069
31008,31.0084,24.8814,0.000007,31.536661,301.153,-7.9872,753.9286
31079,31.0789,24.8814,-0.000005,31.536670,301.153,-7.9872,753.3652
31149,31.1488,24.8814,0.000003,31.536661,301.153,-7.9872,752.8071
31218,31.2183,24.8814,-0.000001,31.536670,301.153,-7.9872,752.2517
31288,31.2884,24.8814,-0.000001,31.536661,301.153,-7.9872,751.6919
31360,31.3600,24.8814,0.000001,31.536669,301.153,-7.9872,751.1204
31434,31.4337,24.8814,-0.000002,31.536662,301.153,-7.9872,750.5312
31510,31.5096,24.8814,0.000002,31.536669,301.153,-7.9872,749.9251
31586,31.5864,24.8814,-0.000002,31.536661,301.153,-7.9872,749.3122
31662,31.6621,24.8814,0.000003,31.536670,301.153,-7.9872,748.7073
31736,31.7361,24.8814,-0.000003,31.536661,301.153,-7.9872,748.1165
31809,31.8092,24.8814,0.000004,31.536669,301.153,-7.9872,747.5324
31883,31.8832,24.8814,-0.000004,31.536661,301.153,-7.9872,746.9414
31959,31.9592,24.8814,0.000005,31.536669,301.153,-7.9872,746.3345
32037,32.0368,24.8814,-0.000005,31.536660,301.153,-7.9872,745.7148
32114,32.1136,24.8814,0.000006,31.536671,301.153,-7.9872,745.1014
32187,32.1874,24.8814,-0.000007,31.536660,301.153,-7.9872,744.5119
32259,32.2591,24.8814,0.000007,31.536669,301.153,-7.9872,743.9393
32332,32.3322,24.8814,-0.000008,31.536662,301.153,-7.9872,743.3555
32411,32.4109,24.8814,0.000009,31.536670,301.153,-7.9872,742.7264
32497,32.4974,24.8814,-0.000013,31.536655,301.153,-7.9872,742.0357
32563,32.5628,24.8814,0.000014,31.536670,301.153,-7.9872,741.5131
32626,32.6263,24.8814,-0.000012,31.536666,301.153,-7.9872,741.0059
32705,32.7047,24.8814,0.000014,31.536665,301.153,-7.9872,740.3799
32780,32.7803,24.8814,-0.000015,31.536666,301.153,-7.9872,739.7761
32857,32.8570,24.8814,0.000017,31.536664,301.153,-7.9872,739.1635
32931,32.9309,24.8814,-0.000017,31.536667,301.153,-7.9872,738.5731
33005,33.0051,24.8814,0.000017,31.536663,301.153,-7.9872,737.9801
33076,33.0759,24.8814,-0.000014,31.536670,301.153,-7.9872,737.4146
33146,33.1459,24.8814,0.000011,31.536659,301.153,-7.9872,736.8561
33213,33.2127,24.8814,-0.000005,31.536672,301.153,-7.9872,736.3220
33279,33.2785,24.8814,0.000001,31.536659,301.153,-7.9872,735.7965
33344,33.3441,24.8814,0.000003,31.536670,301.153,-7.9872,735.2731
33412,33.4117,24.8814,-0.000004,31.536662,301.153,-7.9872,734.7330
33484,33.4843,24.8814,0.000004,31.536668,301.153,-7.9872,734.1529
33565,33.5648,24.8814,-0.000005,31.536661,301.153,-7.9872,733.5099
33651,33.6515,24.8814,0.000007,31.536673,301.153,-7.9872,732.8179
33717,33.7174,24.8814,-0.000009,31.536661,301.153,-7.9872,732.2915
33783,33.7828,24.8814,0.000008,31.536666,301.153,-7.9872,731.7685
33858,33.8585,24.8814,-0.000009,31.536664,301.153,-7.9872,731.1644
33931,33.9308,24.8814,0.000009,31.536665,301.153,-7.9872,730.5871
34003,34.0030,24.8814,-0.000008,31.536666,301.153,-7.9872,730.0098
34078,34.0775,24.8814,0.000008,31.536664,301.153,-7.9872,729.4148
34152,34.1520,24.8814,-0.000008,31.536667,301.153,-7.9872,728.8198
34233,34.2326,24.8814,0.000011,31.536664,301.153,-7.9872,728.1764
34308,34.3081,24.8814,-0.000012,31.536666,301.153,-7.9872,727.5729
34385,34.3852,24.8814,0.000014,31.536664,301.153,-7.9872,726.9574
34460,34.4595,24.8814,-0.000014,31.536667,301.153,-7.9872,726.3637
34534,34.5340,24.8814,0.000014,31.536663,301.153,-7.9872,725.7686
34606,34.6059,24.8814,-0.000012,31.536669,301.153,-7.9872,725.1948
34677,34.6767,24.8814,0.000010,31.536660,301.153,-7.9872,724.6290
34745,34.7452,24.8814,-0.000006,31.536671,301.153,-7.9872,724.0818
34813,34.8126,24.8814,0.000002,31.536659,301.153,-7.9872,723.5439
34879,34.8794,24.8814,0.000001,31.536670,301.153,-7.9872,723.0100
34947,34.9474,24.8814,-0.000003,31.536661,301.153,-7.9872,722.4670
35019,35.0185,24.8814,0.000003,31.536668,301.153,-7.9872,721.8990
35095,35.0945,24.8814,-0.000004,31.536662,301.153,-7.9872,721.2919
35175,35.1751,24.8814,0.000004,31.536670,301.153,-7.9872,720.6479
35255,35.2552,24.8814,-0.000004,31.536659,301.153,-7.9872,720.0082
35329,35.3288,24.8814,0.000005,31.536671,301.153,-7.9872,719.4209
35397,35.3971,24.8814,-0.000006,31.536661,301.153,-7.9872,718.8748
35467,35.4666,24.8814,0.000007,31.536668,301.153,-7.9872,718.3198
35544,35.5441,24.8814,-0.000008,31.536662,301.153,-7.9872,717.7014
35640,35.6399,24.8814,0.000017,31.536678,301.153,-7.9872,716.9354
35707,35.7068,24.8814,-0.000018,31.536659,301.153,-7.9872,716.4016
35768,35.7680,24.8814,0.000015,31.536663,301.153,-7.9872,715.9126
35840,35.8403,24.8814,-0.000013,31.536669,301.153,-7.9872,715.3351
35912,35.9122,24.8814,0.000012,31.536661,301.153,-7.9872,714.7612
35981,35.9812,24.8814,-0.000008,31.536671,301.153,-7.9872,714.2100
36049,36.0490,24.8814,0.000004,31.536659,301.153,-7.9872,713.6685
36116,36.1156,24.8814,-0.000000,31.536671,301.153,-7.9872,713.1366
36183,36.1826,24.8814,-0.000002,31.536661,301.153,-7.9872,712.6012
36252,36.2519,24.8814,0.000003,31.536668,301.153,-7.9872,712.0477
36326,36.3256,24.8814,-0.000004,31.536662,301.153,-7.9872,711.4586
36405,36.4050,24.8814,0.000004,31.536669,301.153,-7.9872,710.8246
36487,36.4869,24.8814,-0.000004,31.536659,301.153,-7.9872,710.1704
36564,36.5637,24.8814,0.000005,31.536672,301.153,-7.9872,709.5572
36633,36.6329,24.8814,-0.000006,31.536660,301.153,-7.9872,709.0042
36700,36.7004,24.8814,0.000007,31.536668,301.153,-7.9872,708.4657
36773,36.7734,24.8814,-0.000007,31.536663,301.153,-7.9872,707.8826
36863,36.8630,24.8814,0.000013,31.536672,301.153,-7.9872,707.1669
36947,36.9470,24.8814,-0.000017,31.536653,301.153,-7.9872,706.4958
37009,37.0089,24.8814,0.000018,31.536668,301.153,-7.9872,706.0010
37070,37.0695,24.8814,-0.000012,31.536669,301.153,-7.9872,705.5172
37133,37.1329,24.8814,0.000006,31.536659,301.153,-7.9872,705.0111
37196,37.1962,24.8814,-0.000000,31.536671,301.153,-7.9872,704.5049
37263,37.2632,24.8814,-0.000002,31.536661,301.153,-7.9872,703.9702
37332,37.3320,24.8814,0.000004,31.536668,301.153,-7.9872,703.4208
37405,37.4054,24.8814,-0.000004,31.536662,301.153,-7.9872,702.8346
37485,37.4852,24.8814,0.000005,31.536669,301.153,-7.9872,702.1972
37569,37.5686,24.8814,-0.000005,31.536658,301.153,-7.9872,701.5311
37637,37.6367,24.8814,0.000007,31.536670,301.153,-7.9872,700.9870
37705,37.7046,24.8814,-0.000007,31.536663,301.153,-7.9872,700.4450
37780,37.7798,24.8814,0.000008,31.536667,301.153,-7.9872,699.8442
37877,37.8766,24.8814,-0.000019,31.536654,301.153,-7.9872,699.0707
37942,37.9420,24.8814,0.000019,31.536669,301.153,-7.9872,698.5484
38005,38.0049,24.8814,-0.000014,31.536668,301.153,-7.9872,698.0459
38070,38.0704,24.8814,0.000009,31.536660,301.153,-7.9872,697.5230
38136,38.1358,24.8814,-0.000003,31.536671,301.153,-7.9872,697.0002
38203,38.2032,24.8814,0.000000,31.536660,301.153,-7.9872,696.4618
38270,38.2703,24.8814,0.000002,31.536669,301.153,-7.9872,695.9261
38340,38.3398,24.8814,-0.000003,31.536662,301.153,-7.9872,695.3715
38414,38.4137,24.8814,0.000004,31.536668,301.153,-7.9872,694.7809
38493,38.4932,24.8814,-0.000004,31.536661,301.153,-7.9872,694.1458
38575,38.5750,24.8814,0.000004,31.536671,301.153,-7.9872,693.4923
38652,38.6515,24.8814,-0.000005,31.536658,301.153,-7.9872,692.8813
38721,38.7206,24.8814,0.000006,31.536670,301.153,-7.9872,692.3294
38788,38.7882,24.8814,-0.000007,31.536663,301.153,-7.9872,691.7900
38861,38.8615,24.8814,0.000007,31.536667,301.153,-7.9872,691.2042
38952,38.9518,24.8814,-0.000013,31.536658,301.153,-7.9872,690.4832
39027,39.0267,24.8814,0.000014,31.536672,301.153,-7.9872,689.8849
39098,39.0981,24.8814,-0.000015,31.536661,301.153,-7.9872,689.3143
39170,39.1697,24.8814,0.000014,31.536668,301.153,-7.9872,688.7424
39252,39.2518,24.8814,-0.000019,31.536659,301.153,-7.9872,688.0868
39338,39.3381,24.8814,0.000030,31.536680,301.153,-7.9872,687.3978
39405,39.4046,24.8814,-0.000029,31.536660,301.153,-7.9872,686.8667
39465,39.4650,24.8814,0.000020,31.536659,301.153,-7.9872,686.3843
39525,39.5248,24.8814,-0.000006,31.536675,301.153,-7.9872,685.9062
39585,39.5847,24.8814,-0.000004,31.536657,301.153,-7.9872,685.4282
39646,39.6460,24.8814,0.000007,31.536669,301.153,-7.9872,684.9385
39711,39.7113,24.8814,-0.000007,31.536664,301.153,-7.9872,684.4166
39790,39.7905,24.8814,0.000009,31.536667,301.153,-7.9872,683.7844
39872,39.8721,24.8814,-0.000012,31.536662,301.153,-7.9872,683.1324
39954,39.9537,24.8814,0.000015,31.536671,301.153,-7.9872,682.4804
40040,40.0405,24.8814,-0.000022,31.536651,301.153,-7.9872,681.7873
40104,40.1039,24.8814,0.000023,31.536669,301.153,-7.9872,681.2810
40163,40.1633,24.8814,-0.000015,31.536671,301.153,-7.9872,680.8061
40224,40.2243,24.8814,0.000005,31.536657,301.153,-7.9872,680.3195
40285,40.2852,24.8814,0.000003,31.536672,301.153,-7.9872,679.8330
40349,40.3491,24.8814,-0.000005,31.536662,301.153,-7.9872,679.3223
40417,40.4171,24.8814,0.000006,31.536667,301.153,-7.9872,678.7795
40495,40.4953,24.8814,-0.000007,31.536663,301.153,-7.9872,678.1544
40599,40.5985,24.8814,0.000022,31.536681,301.153,-7.9872,677.3303
40658,40.6575,24.8814,-0.000023,31.536664,301.153,-7.9872,676.8589
40715,40.7149,24.8814,0.000012,31.536657,301.153,-7.9872,676.4008
40771,40.7711,24.8814,0.000001,31.536674,301.153,-7.9872,675.9516
40827,40.8274,24.8814,-0.000008,31.536662,301.153,-7.9872,675.5024
40892,40.8916,24.8814,0.000007,31.536666,301.153,-7.9872,674.9892
40970,40.9703,24.8814,-0.000009,31.536664,301.153,-7.9872,674.3608
41052,41.0524,24.8814,0.000012,31.536668,301.153,-7.9872,673.7049
41135,41.1345,24.8814,-0.000016,31.536660,301.153,-7.9872,673.0490
41201,41.2008,24.8814,0.000014,31.536666,301.153,-7.9872,672.5199
41267,41.2670,24.8814,-0.000011,31.536668,301.153,-7.9872,671.9909
41332,41.3317,24.8814,0.000006,31.536661,301.153,-7.9872,671.4743
41396,41.3964,24.8814,-0.000002,31.536670,301.153,-7.9872,670.9577
41467,41.4670,24.8814,0.000000,31.536661,301.153,-7.9872,670.3934
41537,41.5375,24.8814,0.000001,31.536669,301.153,-7.9872,669.8305
41610,41.6095,24.8814,-0.000002,31.536662,301.153,-7.9872,669.2550
41684,41.6839,24.8814,0.000002,31.536669,301.153,-7.9872,668.6609
41760,41.7603,24.8814,-0.000002,31.536661,301.153,-7.9872,668.0506
41837,41.8371,24.8814,0.000003,31.536670,301.153,-7.9872,667.4372
41912,41.9124,24.8814,-0.000003,31.536661,301.153,-7.9872,666.8356
41986,41.9859,24.8814,0.000004,31.536670,301.153,-7.9872,666.2487
42059,42.0590,24.8814,-0.000004,31.536661,301.153,-7.9872,665.6653
42133,42.1334,24.8814,0.000005,31.536669,301.153,-7.9872,665.0707
42210,42.2102,24.8814,-0.000005,31.536661,301.153,-7.9872,664.4574
42288,42.2882,24.8814,0.000006,31.536670,301.153,-7.9872,663.8340
42364,42.3645,24.8814,-0.000006,31.536659,301.153,-7.9872,663.2252
42437,42.4371,24.8814,0.000007,31.536670,301.153,-7.9872,662.6455
42508,42.5081,24.8814,-0.000008,31.536662,301.153,-7.9872,662.0778
42582,42.5823,24.8814,0.000008,31.536668,301.153,-7.9872,661.4856
42665,42.6647,24.8814,-0.000010,31.536659,301.153,-7.9872,660.8272
42745,42.7451,24.8814,0.000012,31.536674,301.153,-7.9872,660.1848
42812,42.8124,24.8814,-0.000013,31.536661,301.153,-7.9872,659.6479
42878,42.8784,24.8814,0.000012,31.536665,301.153,-7.9872,659.1201
42959,42.9586,24.8814,-0.000015,31.536664,301.153,-7.9872,658.4801
43039,43.0389,24.8814,0.000019,31.536668,301.153,-7.9872,657.8387
43122,43.1215,24.8814,-0.000026,31.536658,301.153,-7.9872,657.1785
43208,43.2083,24.8814,0.000041,31.536685,301.153,-7.9872,656.4856
43265,43.2647,24.8814,-0.000035,31.536672,301.153,-7.9872,656.0351
43320,43.3200,24.8814,0.000010,31.536648,301.153,-7.9872,655.5928
43375,43.3747,24.8814,0.000011,31.536676,301.153,-7.9872,655.1563
43429,43.4294,24.8814,-0.000014,31.536665,301.153,-7.9872,654.7197
43491,43.4907,24.8814,0.000009,31.536661,301.153,-7.9872,654.2300
43553,43.5531,24.8814,-0.000003,31.536670,301.153,-7.9872,653.7312
43616,43.6156,24.8814,-0.000001,31.536661,301.153,-7.9872,653.2324
43685,43.6854,24.8814,0.000002,31.536669,301.153,-7.9872,652.6743
43759,43.7592,24.8814,-0.000003,31.536662,301.153,-7.9872,652.0854
43837,43.8371,24.8814,0.000003,31.536669,301.153,-7.9872,651.4629
43917,43.9167,24.8814,-0.000003,31.536660,301.153,-7.9872,650.8272
43993,43.9931,24.8814,0.000004,31.536671,301.153,-7.9872,650.2169
44065,44.0647,24.8814,-0.000005,31.536660,301.153,-7.9872,649.6448
44135,44.1349,24.8814,0.000005,31.536669,301.153,-7.9872,649.0843
44208,44.2082,24.8814,-0.000006,31.536662,301.153,-7.9872,648.4987
44289,44.2885,24.8814,0.000007,31.536670,301.153,-7.9872,647.8572
44375,44.3754,24.8814,-0.000010,31.536656,301.153,-7.9872,647.1637
44440,44.4398,24.8814,0.000012,31.536669,301.153,-7.9872,646.6494
44503,44.5033,24.8814,-0.000010,31.536666,301.153,-7.9872,646.1422
44581,44.5808,24.8814,0.000012,31.536665,301.153,-7.9872,645.5229
44662,44.6616,24.8814,-0.000016,31.536664,301.153,-7.9872,644.8772
44740,44.7397,24.8814,0.000018,31.536667,301.153,-7.9872,644.2539
44823,44.8226,24.8814,-0.000026,31.536659,301.153,-7.9872,643.5915
44902,44.9018,24.8814,0.000031,31.536674,301.153,-7.9872,642.9589
44962,44.9621,24.8814,-0.000024,31.536670,301.153,-7.9872,642.4774
45022,45.0224,24.8814,0.000010,31.536655,301.153,-7.9872,641.9959
45082,45.0817,24.8814,0.000002,31.536675,301.153,-7.9872,641.5223
45141,45.1410,24.8814,-0.000008,31.536661,301.153,-7.9872,641.0486
45204,45.2040,24.8814,0.000008,31.536666,301.153,-7.9872,640.5450
45279,45.2793,24.8814,-0.000008,31.536665,301.153,-7.9872,639.9436
45356,45.3565,24.8814,0.000009,31.536666,301.153,-7.9872,639.3276
45434,45.4336,24.8814,-0.000011,31.536664,301.153,-7.9872,638.7116
45512,45.5123,24.8814,0.000013,31.536667,301.153,-7.9872,638.0825
45591,45.5911,24.8814,-0.000015,31.536662,301.153,-7.9872,637.4534
45670,45.6698,24.8814,0.000018,31.536669,301.153,-7.9872,636.8247
45749,45.7485,24.8814,-0.000022,31.536659,301.153,-7.9872,636.1960
45814,45.8139,24.8814,0.000019,31.536665,301.153,-7.9872,635.6736
45879,45.8793,24.8814,-0.000013,31.536670,301.153,-7.9872,635.1511
45943,45.9431,24.8814,0.000006,31.536658,301.153,-7.9872,634.6423
46007,46.0068,24.8814,-0.000000,31.536671,301.153,-7.9872,634.1334
46073,46.0725,24.8814,-0.000003,31.536661,301.153,-7.9872,633.6081
46140,46.1404,24.8814,0.000004,31.536668,301.153,-7.9872,633.0659
46214,46.2137,24.8814,-0.000005,31.536663,301.153,-7.9872,632.4808
46295,46.2953,24.8814,0.000005,31.536669,301.153,-7.9872,631.8287
46374,46.3738,24.8814,-0.000006,31.536660,301.153,-7.9872,631.2019
46451,46.4507,24.8814,0.000007,31.536671,301.153,-7.9872,630.5877
46523,46.5233,24.8814,-0.000008,31.536660,301.153,-7.9872,630.0075
46594,46.5936,24.8814,0.000008,31.536669,301.153,-7.9872,629.4461
46667,46.6668,24.8814,-0.000008,31.536662,301.153,-7.9872,628.8619
46750,46.7497,24.8814,0.000011,31.536671,301.153,-7.9872,628.1992
46852,46.8522,24.8813,-0.000033,31.536634,301.153,-7.9872,627.3808
46906,46.9056,24.8814,0.000040,31.536663,301.153,-7.9872,626.9542
46956,46.9559,24.8814,-0.000010,31.536684,301.153,-7.9872,626.5525
47007,47.0068,24.8814,-0.000016,31.536655,301.153,-7.9872,626.1462
47058,47.0576,24.8814,0.000015,31.536661,301.153,-7.9872,625.7398
47119,47.1194,24.8814,-0.000007,31.536672,301.153,-7.9872,625.2465
47184,47.1835,24.8814,0.000001,31.536659,301.153,-7.9872,624.7346
47248,47.2476,24.8814,0.000003,31.536670,301.153,-7.9872,624.2226
47315,47.3147,24.8814,-0.000004,31.536662,301.153,-7.9872,623.6863
47388,47.3876,24.8814,0.000005,31.536668,301.153,-7.9872,623.1045
47470,47.4699,24.8814,-0.000006,31.536661,301.153,-7.9872,622.4473
47550,47.5499,24.8814,0.000007,31.536671,301.153,-7.9872,621.8083
47628,47.6276,24.8814,-0.000007,31.536658,301.153,-7.9872,621.1874
47699,47.6989,24.8814,0.000008,31.536671,301.153,-7.9872,620.6176
47767,47.7669,24.8814,-0.000009,31.536662,301.153,-7.9872,620.0746
47839,47.8390,24.8814,0.000009,31.536667,301.153,-7.9872,619.4988
47929,47.9287,24.8814,-0.000016,31.536658,301.153,-7.9872,618.7827
48027,48.0267,24.8815,0.000039,31.536697,301.153,-7.9872,618.0001
48082,48.0819,24.8814,-0.000043,31.536667,301.153,-7.9872,617.5589
48132,48.1321,24.8814,0.000010,31.536645,301.153,-7.9872,617.1579
48182,48.1822,24.8814,0.000018,31.536676,301.153,-7.9872,616.7575
48232,48.2324,24.8814,-0.000016,31.536670,301.153,-7.9872,616.3572
48293,48.2934,24.8814,0.000006,31.536657,301.153,-7.9872,615.8693
48363,48.3625,24.8814,-0.000002,31.536673,301.153,-7.9872,615.3173
48426,48.4256,24.8814,-0.000003,31.536660,301.153,-7.9872,614.8135
48491,48.4905,24.8814,0.000005,31.536669,301.153,-7.9872,614.2951
48560,48.5603,24.8814,-0.000005,31.536663,301.153,-7.9872,613.7377
48641,48.6405,24.8814,0.000006,31.536668,301.153,-7.9872,613.0969
48739,48.7390,24.8814,-0.000015,31.536651,301.153,-7.9872,612.3105
48801,48.8013,24.8814,0.000018,31.536670,301.153,-7.9872,611.8131
48860,48.8600,24.8814,-0.000013,31.536669,301.153,-7.9872,611.3440
48927,48.9266,24.8814,0.000008,31.536659,301.153,-7.9872,610.8117
48993,48.9933,24.8814,-0.000003,31.536671,301.153,-7.9872,610.2795
49060,49.0600,24.8814,-0.000000,31.536660,301.153,-7.9872,609.7468
49127,49.1270,24.8814,0.000002,31.536669,301.153,-7.9872,609.2113
49197,49.1967,24.8814,-0.000003,31.536662,301.153,-7.9872,608.6549
49271,49.2712,24.8814,0.000004,31.536668,301.153,-7.9872,608.0600
49351,49.3514,24.8814,-0.000004,31.536661,301.153,-7.9872,607.4188
49434,49.4335,24.8814,0.000005,31.536672,301.153,-7.9872,606.7633
49509,49.5092,24.8814,-0.000005,31.536658,301.153,-7.9872,606.1588
49577,49.5773,24.8814,0.000007,31.536670,301.153,-7.9872,605.6145
49645,49.6446,24.8814,-0.000007,31.536663,301.153,-7.9872,605.0769
49719,49.7190,24.8814,0.000008,31.536667,301.153,-7.9872,604.4827
49816,49.8163,24.8814,-0.000020,31.536654,301.153,-7.9872,603.7056
49882,49.8820,24.8814,0.000019,31.536669,301.153,-7.9872,603.1813
49946,49.9456,24.8814,-0.000015,31.536668,301.153,-7.9872,602.6729
50010,50.0095,24.8814,0.000008,31.536659,301.153,-7.9872,602.1624
50073,50.0734,24.8814,-0.000002,31.536671,301.153,-7.9872,601.6519
50140,50.1404,24.8814,-0.000001,31.536660,301.153,-7.9872,601.1172
50207,50.2075,24.8814,0.000003,31.536669,301.153,-7.9872,600.5813
50278,50.2778,24.8814,-0.000004,31.536662,301.153,-7.9872,600.0194
50354,50.3540,24.8814,0.000004,31.536668,301.153,-7.9872,599.4113
50436,50.4364,24.8814,-0.000005,31.536660,301.153,-7.9872,598.7527
50509,50.5095,24.8814,0.000006,31.536670,301.153,-7.9872,598.1694
50582,50.5818,24.8814,-0.000006,31.536661,301.153,-7.9872,597.5915
50657,50.6565,24.8814,0.000007,31.536669,301.153,-7.9872,596.9946
50736,50.7359,24.8814,-0.000008,31.536660,301.153,-7.9872,596.3605
50818,50.8181,24.8814,0.000009,31.536673,301.153,-7.9872,595.7041
50885,50.8848,24.8814,-0.000011,31.536661,301.153,-7.9872,595.1716
50951,50.9507,24.8814,0.000010,31.536666,301.153,-7.9872,594.6454
51029,51.0285,24.8814,-0.000011,31.536664,301.153,-7.9872,594.0236
51108,51.1082,24.8814,0.000014,31.536668,301.153,-7.9872,593.3872
51188,51.1879,24.8814,-0.000018,31.536661,301.153,-7.9872,592.7508
51265,51.2650,24.8814,0.000020,31.536670,301.153,-7.9872,592.1347
51342,51.3421,24.8814,-0.000022,31.536659,301.153,-7.9872,591.5187
51423,51.4235,24.8814,0.000029,31.536676,301.153,-7.9872,590.8691
51497,51.4966,24.8814,-0.000030,31.536657,301.153,-7.9872,590.2849
51565,51.5646,24.8814,0.000027,31.536666,301.153,-7.9872,589.7417
51637,51.6366,24.8814,-0.000025,31.536667,301.153,-7.9872,589.1669
51702,51.7025,24.8814,0.000018,31.536658,301.153,-7.9872,588.6406
51768,51.7684,24.8814,-0.000009,31.536674,301.153,-7.9872,588.1142
51832,51.8317,24.8814,0.000001,31.536657,301.153,-7.9872,587.6082
51894,51.8937,24.8814,0.000005,31.536671,301.153,-7.9872,587.1132
51957,51.9573,24.8814,-0.000006,31.536663,301.153,-7.9872,586.6050
52028,52.0276,24.8814,0.000006,31.536667,301.153,-7.9872,586.0441
52116,52.1162,24.8814,-0.000011,31.536661,301.153,-7.9872,585.3364
52222,52.2222,24.8815,0.000041,31.536698,301.153,-7.9872,584.4897
52272,52.2722,24.8814,-0.000044,31.536674,301.153,-7.9872,584.0904
52322,52.3217,24.8814,0.000002,31.536642,301.153,-7.9872,583.6947
52374,52.3735,24.8814,0.000021,31.536674,301.153,-7.9872,583.2806
52425,52.4254,24.8814,-0.000016,31.536671,301.153,-7.9872,582.8666
52489,52.4890,24.8814,0.000007,31.536657,301.153,-7.9872,582.3587
52554,52.5541,24.8814,-0.000000,31.536673,301.153,-7.9872,581.8385
52617,52.6168,24.8814,-0.000004,31.536660,301.153,-7.9872,581.3377
52682,52.6818,24.8814,0.000006,31.536668,301.153,-7.9872,580.8184
52754,52.7536,24.8814,-0.000006,31.536663,301.153,-7.9872,580.2452
52841,52.8410,24.8814,0.000009,31.536670,301.153,-7.9872,579.5467
52916,52.9164,24.8814,-0.000010,31.536660,301.153,-7.9872,578.9450
52992,52.9917,24.8814,0.000011,31.536670,301.153,-7.9872,578.3433
53069,53.0693,24.8814,-0.000012,31.536659,301.153,-7.9872,577.7238
53149,53.1486,24.8814,0.000015,31.536674,301.153,-7.9872,577.0902
53225,53.2247,24.8814,-0.000016,31.536656,301.153,-7.9872,576.4823
53293,53.2935,24.8814,0.000016,31.536670,301.153,-7.9872,575.9329
53360,53.3598,24.8814,-0.000014,31.536665,301.153,-7.9872,575.4029
53439,53.4390,24.8814,0.000018,31.536666,301.153,-7.9872,574.7702
53516,53.5156,24.8814,-0.000020,31.536664,301.153,-7.9872,574.1587
53596,53.5957,24.8814,0.000025,31.536668,301.153,-7.9872,573.5189
53671,53.6713,24.8814,-0.000027,31.536662,301.153,-7.9872,572.9149
53741,53.7409,24.8814,0.000024,31.536664,301.153,-7.9872,572.3592
53810,53.8105,24.8814,-0.000019,31.536670,301.153,-7.9872,571.8036
53881,53.8813,24.8814,0.000016,31.536658,301.153,-7.9872,571.2377
53946,53.9456,24.8814,-0.000007,31.536674,301.153,-7.9872,570.7242
54010,54.0096,24.8814,-0.000000,31.536657,301.153,-7.9872,570.2134
54072,54.0719,24.8814,0.000005,31.536670,301.153,-7.9872,569.7155
54137,54.1367,24.8814,-0.000006,31.536663,301.153,-7.9872,569.1977
54209,54.2091,24.8814,0.000006,31.536667,301.153,-7.9872,568.6194
54301,54.3013,24.8814,-0.000012,31.536659,301.153,-7.9872,567.8829
54413,54.4133,24.8815,0.000060,31.536724,301.154,-7.9872,566.9888
54458,54.4578,24.8815,-0.000071,31.536688,301.153,-7.9872,566.6331
54502,54.5021,24.8813,-0.000017,31.536626,301.153,-7.9872,566.2794
54550,54.5498,24.8814,0.000045,31.536666,301.153,-7.9872,565.8985
54597,54.5975,24.8815,-0.000010,31.536687,301.153,-7.9872,565.5176
54648,54.6485,24.8814,-0.000018,31.536653,301.153,-7.9872,565.1100
54700,54.6995,24.8814,0.000017,31.536661,301.153,-7.9872,564.7024
54760,54.7601,24.8814,-0.000007,31.536673,301.153,-7.9872,564.2186
54823,54.8228,24.8814,-0.000001,31.536658,301.153,-7.9872,563.7177
54886,54.8855,24.8814,0.000005,31.536670,301.153,-7.9872,563.2169
54952,54.9519,24.8814,-0.000005,31.536663,301.153,-7.9872,562.6869
55026,55.0262,24.8814,0.000006,31.536667,301.153,-7.9872,562.0936
55117,55.1173,24.8814,-0.000011,31.536658,301.153,-7.9872,561.3657
55244,55.2439,24.8816,0.000101,31.536793,301.154,-7.9872,560.3542
55283,55.2826,24.8816,-0.000139,31.536725,301.154,-7.9872,560.0456
55321,55.3212,24.8813,-0.000078,31.536593,301.152,-7.9872,559.7371
55364,55.3640,24.8813,0.000085,31.536631,301.153,-7.9872,559.3955
55407,55.4066,24.8815,0.000034,31.536712,301.153,-7.9872,559.0552
55453,55.4529,24.8814,-0.000056,31.536673,301.153,-7.9872,558.6852
55499,55.4992,24.8813,0.000001,31.536636,301.153,-7.9872,558.3152
55548,55.5482,24.8814,0.000030,31.536674,301.153,-7.9872,557.9239
55597,55.5972,24.8814,-0.000016,31.536677,301.153,-7.9872,557.5326
55661,55.6610,24.8814,0.000004,31.536653,301.153,-7.9872,557.0229
55719,55.7195,24.8814,0.000007,31.536673,301.153,-7.9872,556.5557
55779,55.7791,24.8814,-0.000010,31.536663,301.153,-7.9872,556.0799
55845,55.8449,24.8814,0.000008,31.536664,301.153,-7.9872,555.5542
55918,55.9179,24.8814,-0.000008,31.536666,301.153,-7.9872,554.9707
55991,55.9910,24.8814,0.000007,31.536663,301.153,-7.9872,554.3871
56071,56.0711,24.8814,-0.000009,31.536667,301.153,-7.9872,553.7474
56146,56.1461,24.8814,0.000010,31.536663,301.153,-7.9872,553.1483
56221,56.2214,24.8814,-0.000010,31.536668,301.153,-7.9872,552.5469
56295,56.2948,24.8814,0.000010,31.536662,301.153,-7.9872,551.9607
56367,56.3672,24.8814,-0.000008,31.536669,301.153,-7.9872,551.3820
56438,56.4382,24.8814,0.000006,31.536661,301.153,-7.9872,550.8154
56508,56.5080,24.8814,-0.000004,31.536670,301.153,-7.9872,550.2574
56577,56.5772,24.8814,0.000002,31.536660,301.153,-7.9872,549.7049
56647,56.6465,24.8814,0.000000,31.536669,301.153,-7.9872,549.1513
56717,56.7170,24.8814,-0.000001,31.536661,301.153,-7.9872,548.5884
56790,56.7897,24.8814,0.000002,31.536669,301.153,-7.9872,548.0081
56865,56.8649,24.8814,-0.000002,31.536662,301.153,-7.9872,547.4069
56942,56.9420,24.8814,0.000002,31.536669,301.153,-7.9872,546.7914
57019,57.0187,24.8814,-0.000003,31.536661,301.153,-7.9872,546.1790
57093,57.0932,24.8814,0.000003,31.536670,301.153,-7.9872,545.5835
57166,57.1661,24.8814,-0.000004,31.536661,301.153,-7.9872,545.0016
57239,57.2392,24.8814,0.000004,31.536669,301.153,-7.9872,544.4176
57314,57.3145,24.8814,-0.000005,31.536661,301.153,-7.9872,543.8162
57392,57.3924,24.8814,0.000005,31.536670,301.153,-7.9872,543.1939
57471,57.4707,24.8814,-0.000006,31.536659,301.153,-7.9872,542.5688
57546,57.5455,24.8814,0.000007,31.536671,301.153,-7.9872,541.9711
57616,57.6164,24.8814,-0.000008,31.536661,301.153,-7.9872,541.4045
57687,57.6874,24.8814,0.000008,31.536668,301.153,-7.9872,540.8377
57764,57.7642,24.8814,-0.000009,31.536662,301.153,-7.9872,540.2242
57854,57.8544,24.8814,0.000015,31.536675,301.153,-7.9872,539.5042
57919,57.9188,24.8814,-0.000016,31.536662,301.153,-7.9872,538.9894
57982,57.9823,24.8814,0.000012,31.536663,301.153,-7.9872,538.4826
58050,58.0505,24.8814,-0.000009,31.536669,301.153,-7.9872,537.9378
58119,58.1187,24.8814,0.000006,31.536660,301.153,-7.9872,537.3930
58189,58.1891,24.8814,-0.000004,31.536670,301.153,-7.9872,536.8306
58258,58.2578,24.8814,0.000001,31.536661,301.153,-7.9872,536.2816
58327,58.3271,24.8814,0.000001,31.536669,301.153,-7.9872,535.7284
58398,58.3978,24.8814,-0.000002,31.536662,301.153,-7.9872,535.1632
58471,58.4712,24.8814,0.000002,31.536669,301.153,-7.9872,534.5776
58547,58.5473,24.8814,-0.000002,31.536661,301.153,-7.9872,533.9697
58625,58.6248,24.8814,0.000003,31.536670,301.153,-7.9872,533.3506
58701,58.7011,24.8814,-0.000003,31.536660,301.153,-7.9872,532.7409
58775,58.7749,24.8814,0.000004,31.536670,301.153,-7.9872,532.1516
58847,58.8473,24.8814,-0.000004,31.536661,301.153,-7.9872,531.5735
58921,58.9207,24.8814,0.000005,31.536669,301.153,-7.9872,530.9871
58997,58.9970,24.8814,-0.000005,31.536661,301.153,-7.9872,530.3772
59076,59.0761,24.8814,0.000006,31.536670,301.153,-7.9872,529.7457
59154,59.1542,24.8814,-0.000007,31.536659,301.153,-7.9872,529.1221
59227,59.2272,24.8814,0.000007,31.536671,301.153,-7.9872,528.5389
59297,59.2966,24.8814,-0.000008,31.536662,301.153,-7.9872,527.9850
59368,59.3680,24.8814,0.000008,31.536668,301.153,-7.9872,527.4146
59450,59.4495,24.8814,-0.000011,31.536661,301.153,-7.9872,526.7634
59542,59.5424,24.8814,0.000020,31.536680,301.153,-7.9872,526.0212
59605,59.6051,24.8814,-0.000022,31.536661,301.153,-7.9872,525.5203
59664,59.6637,24.8814,0.000014,31.536660,301.153,-7.9872,525.0529
59726,59.7259,24.8814,-0.000005,31.536673,301.153,-7.9872,524.5554
59788,59.7882,24.8814,-0.000002,31.536659,301.153,-7.9872,524.0579
59853,59.8525,24.8814,0.000005,31.536669,301.153,-7.9872,523.5445
59920,59.9199,24.8814,-0.000005,31.536663,301.153,-7.9872,523.0061
59995,59.9953,24.8814,0.000006,31.536668,301.153,-7.9872,522.4037
60086,60.0863,24.8814,-0.000010,31.536658,301.153,-7.9872,521.6773
60156,60.1556,24.8814,0.000011,31.536670,301.153,-7.9872,521.1233
60224,60.2239,24.8814,-0.000010,31.536663,301.153,-7.9872,520.5785
60301,60.3012,24.8814,0.000012,31.536667,301.153,-7.9872,519.9610
60373,60.3729,24.8814,-0.000011,31.536664,301.153,-7.9872,519.3881
60445,60.4446,24.8814,0.000011,31.536665,301.153,-7.9872,518.8152
60516,60.5155,24.8814,-0.000009,31.536667,301.153,-7.9872,518.2487
60586,60.5865,24.8814,0.000008,31.536662,301.153,-7.9872,517.6822
60663,60.6634,24.8814,-0.000009,31.536668,301.153,-7.9872,517.0676
60735,60.7353,24.8814,0.000008,31.536661,301.153,-7.9872,516.4931
60807,60.8073,24.8814,-0.000006,31.536669,301.153,-7.9872,515.9182
60878,60.8778,24.8814,0.000004,31.536661,301.153,-7.9872,515.3555
60948,60.9477,24.8814,-0.000002,31.536670,301.153,-7.9872,514.7969
61018,61.0176,24.8814,0.000000,31.536661,301.153,-7.9872,514.2384
61088,61.0884,24.8814,0.000001,31.536669,301.153,-7.9872,513.6734
61161,61.1607,24.8814,-0.000001,31.536662,301.153,-7.9872,513.0953
61235,61.2352,24.8814,0.000002,31.536669,301.153,-7.9872,512.5005
61311,61.3113,24.8814,-0.000002,31.536661,301.153,-7.9872,511.8927
61388,61.3877,24.8814,0.000002,31.536669,301.153,-7.9872,511.2829
61463,61.4628,24.8814,-0.000003,31.536661,301.153,-7.9872,510.6828
61537,61.5365,24.8814,0.000003,31.536669,301.153,-7.9872,510.0938
61610,61.6100,24.8814,-0.000004,31.536661,301.153,-7.9872,509.5071
61685,61.6846,24.8814,0.000004,31.536669,301.153,-7.9872,508.9115
61761,61.7609,24.8814,-0.000005,31.536661,301.153,-7.9872,508.3020
61838,61.8380,24.8814,0.000005,31.536670,301.153,-7.9872,507.6856
61914,61.9139,24.8814,-0.000006,31.536660,301.153,-7.9872,507.0794
61987,61.9874,24.8814,0.000006,31.536670,301.153,-7.9872,506.4930
62060,62.0597,24.8814,-0.000007,31.536661,301.153,-7.9872,505.9150
62134,62.1342,24.8814,0.000008,31.536669,301.153,-7.9872,505.3201
62214,62.2138,24.8814,-0.000009,31.536660,301.153,-7.9872,504.6845
62298,62.2975,24.8814,0.000011,31.536675,301.153,-7.9872,504.0155
62363,62.3626,24.8814,-0.000013,31.536661,301.153,-7.9872,503.4955
62427,62.4267,24.8814,0.000011,31.536665,301.153,-7.9872,502.9842
62506,62.5060,24.8814,-0.000014,31.536665,301.153,-7.9872,502.3504
62583,62.5833,24.8814,0.000016,31.536666,301.153,-7.9872,501.7328
62662,62.6622,24.8814,-0.000019,31.536664,301.153,-7.9872,501.1028
62739,62.7393,24.8814,0.000022,31.536667,301.153,-7.9872,500.4869
62820,62.8197,24.8814,-0.000028,31.536661,301.153,-7.9872,499.8451
62896,62.8965,24.8814,0.000031,31.536670,301.153,-7.9872,499.2316
62964,62.9643,24.8814,-0.000026,31.536667,301.153,-7.9872,498.6900
63032,63.0321,24.8814,0.000020,31.536659,301.153,-7.9872,498.1484
63094,63.0943,24.8814,-0.000009,31.536675,301.153,-7.9872,497.6517
63156,63.1565,24.8814,-0.000001,31.536656,301.153,-7.9872,497.1550
63218,63.2176,24.8814,0.000006,31.536670,301.153,-7.9872,496.6665
63281,63.2812,24.8814,-0.000007,31.536664,301.153,-7.9872,496.1585
63354,63.3537,24.8814,0.000007,31.536666,301.153,-7.9872,495.5794
63433,63.4328,24.8814,-0.000009,31.536664,301.153,-7.9872,494.9479
63512,63.5119,24.8814,0.000010,31.536668,301.153,-7.9872,494.3165
63584,63.5840,24.8814,-0.000010,31.536664,301.153,-7.9872,493.7400
63656,63.6562,24.8814,0.000010,31.536666,301.153,-7.9872,493.1635
63723,63.7231,24.8814,-0.000008,31.536667,301.153,-7.9872,492.6289
63790,63.7901,24.8814,0.000005,31.536662,301.153,-7.9872,492.0942
63870,63.8703,24.8814,-0.000007,31.536668,301.153,-7.9872,491.4534
63943,63.9430,24.8814,0.000006,31.536661,301.153,-7.9872,490.8728
64015,64.0149,24.8814,-0.000005,31.536669,301.153,-7.9872,490.2986
64086,64.0860,24.8814,0.000003,31.536661,301.153,-7.9872,489.7307
64157,64.1568,24.8814,-0.000002,31.536669,301.153,-7.9872,489.1654
64228,64.2278,24.8814,0.000000,31.536661,301.153,-7.9872,488.5983
64300,64.2996,24.8814,0.000001,31.536669,301.153,-7.9872,488.0245
64373,64.3728,24.8814,-0.000001,31.536662,301.153,-7.9872,487.4400
64447,64.4474,24.8814,0.000001,31.536669,301.153,-7.9872,486.8441
64523,64.5230,24.8814,-0.000002,31.536661,301.153,-7.9872,486.2406
64599,64.5985,24.8814,0.000002,31.536669,301.153,-7.9872,485.6372
64673,64.6733,24.8814,-0.000002,31.536661,301.153,-7.9872,485.0395
64747,64.7475,24.8814,0.000003,31.536669,301.153,-7.9872,484.4474
64822,64.8216,24.8814,-0.000003,31.536661,301.153,-7.9872,483.8555
64896,64.8964,24.8814,0.000004,31.536669,301.153,-7.9872,483.2580
64972,64.9721,24.8814,-0.000004,31.536661,301.153,-7.9872,482.6531
65048,65.0482,24.8814,0.000005,31.536670,301.153,-7.9872,482.0453
65124,65.1236,24.8814,-0.000005,31.536660,301.153,-7.9872,481.4430
65198,65.1979,24.8814,0.000006,31.536670,301.153,-7.9872,480.8497
65272,65.2718,24.8814,-0.000006,31.536661,301.153,-7.9872,480.2595
65347,65.3468,24.8814,0.000007,31.536669,301.153,-7.9872,479.6603
65424,65.4241,24.8814,-0.000008,31.536660,301.153,-7.9872,479.0432
65503,65.5025,24.8814,0.000009,31.536672,301.153,-7.9872,478.4166
65578,65.5784,24.8814,-0.000010,31.536658,301.153,-7.9872,477.8103
65650,65.6495,24.8814,0.000011,31.536670,301.153,-7.9872,477.2424
65719,65.7192,24.8814,-0.000010,31.536663,301.153,-7.9872,476.6859
65795,65.7952,24.8814,0.000011,31.536668,301.153,-7.9872,476.0786
65874,65.8738,24.8814,-0.000014,31.536661,301.153,-7.9872,475.4510
65952,65.9524,24.8814,0.000016,31.536671,301.153,-7.9872,474.8233
66049,66.0494,24.8814,-0.000039,31.536640,301.153,-7.9872,474.0486
66103,66.1028,24.8814,0.000037,31.536659,301.153,-7.9872,473.6223
66155,66.1550,24.8814,-0.000007,31.536684,301.153,-7.9872,473.2049
66209,66.2085,24.8814,-0.000014,31.536655,301.153,-7.9872,472.7775
66262,66.2620,24.8814,0.000015,31.536663,301.153,-7.9872,472.3501
66324,66.3243,24.8814,-0.000008,31.536671,301.153,-7.9872,471.8527
66389,66.3891,24.8814,0.000003,31.536659,301.153,-7.9872,471.3351
66454,66.4539,24.8814,0.000001,31.536670,301.153,-7.9872,470.8175
66522,66.5217,24.8814,-0.000003,31.536662,301.153,-7.9872,470.2760
66593,66.5932,24.8814,0.000004,31.536668,301.153,-7.9872,469.7049
66670,66.6704,24.8814,-0.000004,31.536662,301.153,-7.9872,469.0884
66753,66.7526,24.8814,0.000005,31.536671,301.153,-7.9872,468.4323
66824,66.8243,24.8814,-0.000005,31.536661,301.153,-7.9872,467.8594
66896,66.8956,24.8814,0.000006,31.536669,301.153,-7.9872,467.2896
66971,66.9706,24.8814,-0.000006,31.536662,301.153,-7.9872,466.6908
67052,67.0522,24.8814,0.000008,31.536671,301.153,-7.9872,466.0391
67128,67.1276,24.8814,-0.000009,31.536660,301.153,-7.9872,465.4369
67201,67.2010,24.8814,0.000009,31.536670,301.153,-7.9872,464.8504
67274,67.2741,24.8814,-0.000010,31.536661,301.153,-7.9872,464.2666
67350,67.3504,24.8814,0.000011,31.536670,301.153,-7.9872,463.6574
67434,67.4337,24.8814,-0.000014,31.536657,301.153,-7.9872,462.9923
67505,67.5055,24.8814,0.000015,31.536671,301.153,-7.9872,462.4186
67573,67.5733,24.8814,-0.000014,31.536663,301.153,-7.9872,461.8772
67646,67.6461,24.8814,0.000014,31.536666,301.153,-7.9872,461.2957
67710,67.7103,24.8814,-0.000010,31.536668,301.153,-7.9872,460.7823
67775,67.7746,24.8814,0.000005,31.536661,301.153,-7.9872,460.2689
67849,67.8487,24.8814,-0.000005,31.536670,301.153,-7.9872,459.6771
67917,67.9172,24.8814,0.000002,31.536660,301.153,-7.9872,459.1301
67986,67.9861,24.8814,0.000000,31.536670,301.153,-7.9872,458.5801
68056,68.0560,24.8814,-0.000002,31.536661,301.153,-7.9872,458.0211
68128,68.1284,24.8814,0.000002,31.536669,301.153,-7.9872,457.4434
68204,68.2037,24.8814,-0.000003,31.536662,301.153,-7.9872,456.8417
68281,68.2812,24.8814,0.000003,31.536669,301.153,-7.9872,456.2225
68358,68.3584,24.8814,-0.000003,31.536660,301.153,-7.9872,455.6062
68433,68.4329,24.8814,0.000003,31.536670,301.153,-7.9872,455.0108
68505,68.5053,24.8814,-0.000004,31.536661,301.153,-7.9872,454.4329
68578,68.5779,24.8814,0.000005,31.536669,301.153,-7.9872,453.8526
68653,68.6533,24.8814,-0.000005,31.536661,301.153,-7.9872,453.2506
68732,68.7322,24.8814,0.000006,31.536670,301.153,-7.9872,452.6203
68812,68.8117,24.8814,-0.000007,31.536659,301.153,-7.9872,451.9855
68886,68.8863,24.8814,0.000007,31.536672,301.153,-7.9872,451.3895
68956,68.9555,24.8814,-0.000008,31.536661,301.153,-7.9872,450.8368
69025,69.0249,24.8814,0.000008,31.536667,301.153,-7.9872,450.2830
69103,69.1026,24.8814,-0.000010,31.536662,301.153,-7.9872,449.6622
69186,69.1863,24.8814,0.000013,31.536671,301.153,-7.9872,448.9934
69270,69.2700,24.8814,-0.000018,31.536654,301.153,-7.9872,448.3246
69334,69.3342,24.8814,0.000018,31.536669,301.153,-7.9872,447.8125
69396,69.3961,24.8814,-0.000013,31.536669,301.153,-7.9872,447.3179
69461,69.4612,24.8814,0.000008,31.536660,301.153,-7.9872,446.7980
69526,69.5263,24.8814,-0.000003,31.536671,301.153,-7.9872,446.2781
69594,69.5937,24.8814,-0.000001,31.536660,301.153,-7.9872,445.7399
69661,69.6613,24.8814,0.000002,31.536669,301.153,-7.9872,445.1998
69732,69.7317,24.8814,-0.000003,31.536662,301.153,-7.9872,444.6373
69807,69.8069,24.8814,0.000004,31.536668,301.153,-7.9872,444.0363
69887,69.8873,24.8814,-0.000004,31.536661,301.153,-7.9872,443.3944
69968,69.9682,24.8814,0.000004,31.536672,301.153,-7.9872,442.7479
70043,70.0428,24.8814,-0.000005,31.536659,301.153,-7.9872,442.1522
70111,70.1112,24.8814,0.000007,31.536670,301.153,-7.9872,441.6058
70180,70.1798,24.8814,-0.000007,31.536663,301.153,-7.9872,441.0581
70256,70.2557,24.8814,0.000008,31.536668,301.153,-7.9872,440.4521
70351,70.3507,24.8814,-0.000017,31.536655,301.153,-7.9872,439.6935
70416,70.4165,24.8814,0.000017,31.536669,301.153,-7.9872,439.1678
70480,70.4798,24.8814,-0.000013,31.536667,301.153,-7.9872,438.6623
70549,70.5490,24.8814,0.000011,31.536661,301.153,-7.9872,438.1095
70618,70.6182,24.8814,-0.000007,31.536670,301.153,-7.9872,437.5567
70688,70.6879,24.8814,0.000005,31.536660,301.153,-7.9872,436.9997
70756,70.7559,24.8814,-0.000002,31.536670,301.153,-7.9872,436.4567
70824,70.8241,24.8814,-0.000001,31.536661,301.153,-7.9872,435.9122
70894,70.8936,24.8814,0.000002,31.536669,301.153,-7.9872,435.3571
70966,70.9659,24.8814,-0.000003,31.536662,301.153,-7.9872,434.7796
71042,71.0419,24.8814,0.000003,31.536669,301.153,-7.9872,434.1726
71121,71.1205,24.8814,-0.000003,31.536661,301.153,-7.9872,433.5445
71198,71.1982,24.8814,0.000003,31.536670,301.153,-7.9872,432.9239
71272,71.2720,24.8814,-0.000004,31.536660,301.153,-7.9872,432.3342
71343,71.3431,24.8814,0.000005,31.536669,301.153,-7.9872,431.7663
71415,71.4152,24.8814,-0.000005,31.536662,301.153,-7.9872,431.1907
71492,71.4917,24.8814,0.000006,31.536669,301.153,-7.9872,430.5799
71574,71.5739,24.8814,-0.000007,31.536659,301.153,-7.9872,429.9235
71646,71.6459,24.8814,0.000008,31.536670,301.153,-7.9872,429.3481
71717,71.7167,24.8814,-0.000008,31.536662,301.153,-7.9872,428.7824
71792,71.7917,24.8814,0.000009,31.536668,301.153,-7.9872,428.1836
71878,71.8781,24.8814,-0.000014,31.536657,301.153,-7.9872,427.4933
71950,71.9503,24.8814,0.000014,31.536671,301.153,-7.9872,426.9171
72019,72.0192,24.8814,-0.000014,31.536663,301.153,-7.9872,426.3666
72093,72.0930,24.8814,0.000014,31.536667,301.153,-7.9872,425.7768
72156,72.1562,24.8814,-0.000010,31.536668,301.153,-7.9872,425.2722
72219,72.2194,24.8814,0.000005,31.536661,301.153,-7.9872,424.7675
72295,72.2950,24.8814,-0.000005,31.536670,301.153,-7.9872,424.1633
72363,72.3635,24.8814,0.000002,31.536660,301.153,-7.9872,423.6168
72432,72.4321,24.8814,0.000000,31.536670,301.153,-7.9872,423.0689
72502,72.5016,24.8814,-0.000002,31.536661,301.153,-7.9872,422.5132
72573,72.5735,24.8814,0.000002,31.536669,301.153,-7.9872,421.9393
72648,72.6485,24.8814,-0.000003,31.536662,301.153,-7.9872,421.3403
72726,72.7261,24.8814,0.000003,31.536669,301.153,-7.9872,420.7204
72804,72.8037,24.8814,-0.000003,31.536660,301.153,-7.9872,420.1005
72879,72.8786,24.8814,0.000003,31.536670,301.153,-7.9872,419.5023
72951,72.9508,24.8814,-0.000004,31.536661,301.153,-7.9872,418.9253
73023,73.0230,24.8814,0.000005,31.536669,301.153,-7.9872,418.3486
73098,73.0980,24.8814,-0.000005,31.536662,301.153,-7.9872,417.7496
73177,73.1771,24.8814,0.000006,31.536670,301.153,-7.9872,417.1178
73258,73.2576,24.8814,-0.000007,31.536658,301.153,-7.9872,416.4750
73333,73.3329,24.8814,0.000008,31.536672,301.153,-7.9872,415.8736
73402,73.4015,24.8814,-0.000009,31.536661,301.153,-7.9872,415.3257
73469,73.4695,24.8814,0.000009,31.536667,301.153,-7.9872,414.7829
73546,73.5460,24.8814,-0.000010,31.536663,301.153,-7.9872,414.1714
73616,73.6163,24.8814,0.000009,31.536666,301.153,-7.9872,413.6102
73687,73.6866,24.8814,-0.000008,31.536666,301.153,-7.9872,413.0490
73758,73.7582,24.8814,0.000007,31.536664,301.153,-7.9872,412.4766
73830,73.8299,24.8814,-0.000006,31.536667,301.153,-7.9872,411.9043
73909,73.9093,24.8814,0.000008,31.536663,301.153,-7.9872,411.2699
73984,73.9837,24.8814,-0.000008,31.536668,301.153,-7.9872,410.6753
74058,74.0578,24.8814,0.000008,31.536662,301.153,-7.9872,410.0836
74130,74.1305,24.8814,-0.000007,31.536669,301.153,-7.9872,409.5033
74202,74.2022,24.8814,0.000005,31.536661,301.153,-7.9872,408.9308
74273,74.2729,24.8814,-0.000004,31.536670,301.153,-7.9872,408.3654
74343,74.3433,24.8814,0.000002,31.536661,301.153,-7.9872,407.8035
74414,74.4138,24.8814,-0.000000,31.536669,301.153,-7.9872,407.2403
74485,74.4852,24.8814,-0.000001,31.536661,301.153,-7.9872,406.6700
74558,74.5581,24.8814,0.000001,31.536669,301.153,-7.9872,406.0876
74633,74.6328,24.8814,-0.000002,31.536662,301.153,-7.9872,405.4914
74709,74.7086,24.8814,0.000002,31.536669,301.153,-7.9872,404.8856
74784,74.7845,24.8814,-0.000002,31.536661,301.153,-7.9872,404.2797
74859,74.8594,24.8814,0.000003,31.536669,301.153,-7.9872,403.6816
74933,74.9333,24.8814,-0.000003,31.536661,301.153,-7.9872,403.0911
75007,75.0072,24.8814,0.000004,31.536669,301.153,-7.9872,402.5011
75082,75.0819,24.8814,-0.000004,31.536661,301.153,-7.9872,401.9038
75158,75.1580,24.8814,0.000005,31.536669,301.153,-7.9872,401.2965
75234,75.2345,24.8814,-0.000005,31.536660,301.153,-7.9872,400.6855
75310,75.3100,24.8814,0.000006,31.536670,301.153,-7.9872,400.0823
75384,75.3839,24.8814,-0.000006,31.536661,301.153,-7.9872,399.4923
75457,75.4572,24.8814,0.000007,31.536669,301.153,-7.9872,398.9066
75532,75.5321,24.8814,-0.000007,31.536661,301.153,-7.9872,398.3079
75610,75.6104,24.8814,0.000008,31.536670,301.153,-7.9872,397.6827
75691,75.6906,24.8814,-0.000010,31.536658,301.153,-7.9872,397.0423
75767,75.7666,24.8814,0.000011,31.536673,301.153,-7.9872,396.4354
75835,75.8353,24.8814,-0.000012,31.536661,301.153,-7.9872,395.8867
75902,75.9023,24.8814,0.000011,31.536666,301.153,-7.9872,395.3517
75979,75.9790,24.8814,-0.000012,31.536664,301.153,-7.9872,394.7384
76055,76.0551,24.8814,0.000013,31.536667,301.153,-7.9872,394.1309
76131,76.1312,24.8814,-0.000014,31.536664,301.153,-7.9872,393.5234
76205,76.2051,24.8814,0.000015,31.536666,301.153,-7.9872,392.9330
76279,76.2790,24.8814,-0.000015,31.536665,301.153,-7.9872,392.3426
76351,76.3512,24.8814,0.000014,31.536664,301.153,-7.9872,391.7658
76423,76.4234,24.8814,-0.000013,31.536668,301.153,-7.9872,391.1889
76498,76.4976,24.8814,0.000012,31.536662,301.153,-7.9872,390.5967
76568,76.5675,24.8814,-0.000009,31.536670,301.153,-7.9872,390.0379
76637,76.6372,24.8814,0.000006,31.536660,301.153,-7.9872,389.4816
76705,76.7048,24.8814,-0.000003,31.536671,301.153,-7.9872,388.9420
76772,76.7720,24.8814,-0.000000,31.536660,301.153,-7.9872,388.4046
76840,76.8401,24.8814,0.000002,31.536669,301.153,-7.9872,387.8606
76911,76.9109,24.8814,-0.000003,31.536662,301.153,-7.9872,387.2954
76986,76.9860,24.8814,0.000003,31.536668,301.153,-7.9872,386.6960
77065,77.0653,24.8814,-0.000004,31.536661,301.153,-7.9872,386.0622
77145,77.1451,24.8814,0.000004,31.536671,301.153,-7.9872,385.4248
77220,77.2200,24.8814,-0.000004,31.536659,301.153,-7.9872,384.8267
77290,77.2899,24.8814,0.000006,31.536670,301.153,-7.9872,384.2682
77360,77.3598,24.8814,-0.000006,31.536662,301.153,-7.9872,383.7104
77435,77.4350,24.8814,0.000007,31.536668,301.153,-7.9872,383.1093
77521,77.5211,24.8814,-0.000010,31.536659,301.153,-7.9872,382.4220
77596,77.5962,24.8814,0.000010,31.536672,301.153,-7.9872,381.8215
77667,77.6670,24.8814,-0.000011,31.536661,301.153,-7.9872,381.2564
77737,77.7373,24.8814,0.000011,31.536668,301.153,-7.9872,380.6951
77816,77.8157,24.8814,-0.000013,31.536662,301.153,-7.9872,380.0689
77882,77.8822,24.8814,0.000011,31.536665,301.153,-7.9872,379.5379
77949,77.9486,24.8814,-0.000008,31.536668,301.153,-7.9872,379.0068
78017,78.0175,24.8814,0.000006,31.536662,301.153,-7.9872,378.4570
78086,78.0863,24.8814,-0.000004,31.536669,301.153,-7.9872,377.9071
78159,78.1591,24.8814,0.000003,31.536661,301.153,-7.9872,377.3254
78231,78.2310,24.8814,-0.000002,31.536669,301.153,-7.9872,376.7518
78303,78.3029,24.8814,0.000001,31.536661,301.153,-7.9872,376.1774
78375,78.3754,24.8814,0.000000,31.536669,301.153,-7.9872,375.5983
78449,78.4488,24.8814,-0.000001,31.536662,301.153,-7.9872,375.0120
78523,78.5231,24.8814,0.000001,31.536669,301.153,-7.9872,374.4182
78598,78.5981,24.8814,-0.000001,31.536661,301.153,-7.9872,373.8192
78673,78.6733,24.8814,0.000002,31.536669,301.153,-7.9872,373.2192
78748,78.7481,24.8814,-0.000002,31.536661,301.153,-7.9872,372.6216
78823,78.8225,24.8814,0.000003,31.536669,301.153,-7.9872,372.0268
78897,78.8969,24.8814,-0.000003,31.536661,301.153,-7.9872,371.4325
78972,78.9717,24.8814,0.000003,31.536669,301.153,-7.9872,370.8355
79047,79.0469,24.8814,-0.000004,31.536661,301.153,-7.9872,370.2344
79122,79.1225,24.8814,0.000004,31.536670,301.153,-7.9872,369.6310
79198,79.1978,24.8814,-0.000005,31.536661,301.153,-7.9872,369.0292
79273,79.2727,24.8814,0.000005,31.536670,301.153,-7.9872,368.4313
79347,79.3473,24.8814,-0.000006,31.536661,301.153,-7.9872,367.8356
79422,79.4223,24.8814,0.000007,31.536670,301.153,-7.9872,367.2368
79498,79.4982,24.8814,-0.000007,31.536660,301.153,-7.9872,366.6302
79575,79.5749,24.8814,0.000008,31.536671,301.153,-7.9872,366.0178
79651,79.6509,24.8814,-0.000009,31.536660,301.153,-7.9872,365.4106
79725,79.7250,24.8814,0.000010,31.536670,301.153,-7.9872,364.8188
79798,79.7978,24.8814,-0.000010,31.536661,301.153,-7.9872,364.2370
79873,79.8725,24.8814,0.000011,31.536669,301.153,-7.9872,363.6405
79953,79.9533,24.8814,-0.000013,31.536659,301.153,-7.9872,362.9949
80033,80.0329,24.8814,0.000016,31.536674,301.153,-7.9872,362.3593
80100,80.1000,24.8814,-0.000016,31.536661,301.153,-7.9872,361.8230
80166,80.1657,24.8814,0.000013,31.536664,301.153,-7.9872,361.2986
80238,80.2379,24.8814,-0.000012,31.536667,301.153,-7.9872,360.7223
80310,80.3100,24.8814,0.000011,31.536662,301.153,-7.9872,360.1460
80383,80.3834,24.8814,-0.000010,31.536669,301.153,-7.9872,359.5599
80454,80.4535,24.8814,0.000008,31.536660,301.153,-7.9872,358.9998
80523,80.5230,24.8814,-0.000005,31.536670,301.153,-7.9872,358.4448
80591,80.5912,24.8814,0.000002,31.536660,301.153,-7.9872,357.9003
80659,80.6594,24.8814,0.000000,31.536670,301.153,-7.9872,357.3558
80729,80.7287,24.8814,-0.000002,31.536661,301.153,-7.9872,356.8016
80801,80.8008,24.8814,0.000003,31.536669,301.153,-7.9872,356.2262
80876,80.8764,24.8814,-0.000003,31.536662,301.153,-7.9872,355.6219
80955,80.9549,24.8814,0.000003,31.536670,301.153,-7.9872,354.9953
81033,81.0327,24.8814,-0.000003,31.536660,301.153,-7.9872,354.3734
81107,81.1069,24.8814,0.000004,31.536670,301.153,-7.9872,353.7807
81178,81.1783,24.8814,-0.000005,31.536661,301.153,-7.9872,353.2112
81250,81.2502,24.8814,0.000005,31.536669,301.153,-7.9872,352.6369
81326,81.3261,24.8814,-0.000006,31.536662,301.153,-7.9872,352.0303
81408,81.4076,24.8814,0.000007,31.536671,301.153,-7.9872,351.3794
81481,81.4808,24.8814,-0.000008,31.536660,301.153,-7.9872,350.7948
81553,81.5528,24.8814,0.000008,31.536669,301.153,-7.9872,350.2199
81627,81.6274,24.8814,-0.000009,31.536662,301.153,-7.9872,349.6237
81709,81.7092,24.8814,0.000011,31.536671,301.153,-7.9872,348.9708
81787,81.7873,24.8814,-0.000013,31.536658,301.153,-7.9872,348.3466
81861,81.8614,24.8814,0.000014,31.536672,301.153,-7.9872,347.7551
81930,81.9304,24.8814,-0.000014,31.536662,301.153,-7.9872,347.2035
82000,82.0005,24.8814,0.000013,31.536666,301.153,-7.9872,346.6439
82088,82.0882,24.8814,-0.000023,31.536659,301.153,-7.9872,345.9429
82168,82.1677,24.8814,0.000027,31.536674,301.153,-7.9872,345.3086
82263,82.2628,24.8813,-0.000060,31.536626,301.153,-7.9872,344.5486
82312,82.3122,24.8814,0.000055,31.536648,301.153,-7.9872,344.1544
82360,82.3601,24.8815,0.000006,31.536696,301.153,-7.9872,343.7719
82410,82.4099,24.8814,-0.000032,31.536659,301.153,-7.9872,343.3734
82460,82.4598,24.8814,0.000015,31.536652,301.153,-7.9872,342.9749
82517,82.5165,24.8814,0.000004,31.536677,301.153,-7.9872,342.5220
82573,82.5732,24.8814,-0.000012,31.536661,301.153,-7.9872,342.0692
82633,82.6333,24.8814,0.000010,31.536664,301.153,-7.9872,341.5891
82709,82.7089,24.8814,-0.000010,31.536667,301.153,-7.9872,340.9854
82786,82.7860,24.8814,0.000012,31.536664,301.153,-7.9872,340.3701
82861,82.8606,24.8814,-0.000012,31.536667,301.153,-7.9872,339.7743
82935,82.9349,24.8814,0.000012,31.536662,301.153,-7.9872,339.1805
83007,83.0072,24.8814,-0.000010,31.536669,301.153,-7.9872,338.6027
83078,83.0784,24.8814,0.000008,31.536661,301.153,-7.9872,338.0343
83148,83.1478,24.8814,-0.000006,31.536670,301.153,-7.9872,337.4797
83216,83.2162,24.8814,0.000003,31.536660,301.153,-7.9872,336.9334
83284,83.2843,24.8814,0.000000,31.536670,301.153,-7.9872,336.3897
83353,83.3533,24.8814,-0.000002,31.536661,301.153,-7.9872,335.8387
83425,83.4246,24.8814,0.000002,31.536669,301.153,-7.9872,335.2688
83500,83.4995,24.8814,-0.000003,31.536662,301.153,-7.9872,334.6707
83578,83.5776,24.8814,0.000003,31.536669,301.153,-7.9872,334.0471
83656,83.6560,24.8814,-0.000003,31.536660,301.153,-7.9872,333.4213
83731,83.7310,24.8814,0.000004,31.536670,301.153,-7.9872,332.8217
83803,83.8027,24.8814,-0.000005,31.536661,301.153,-7.9872,332.2494
83874,83.8741,24.8814,0.000005,31.536669,301.153,-7.9872,331.6789
83949,83.9490,24.8814,-0.000006,31.536662,301.153,-7.9872,331.0810
84029,84.0294,24.8814,0.000007,31.536670,301.153,-7.9872,330.4382
84112,84.1124,24.8814,-0.000008,31.536657,301.153,-7.9872,329.7752
84178,84.1782,24.8814,0.000010,31.536670,301.153,-7.9872,329.2499
84243,84.2435,24.8814,-0.000009,31.536664,301.153,-7.9872,328.7285
84321,84.3205,24.8814,0.000010,31.536666,301.153,-7.9872,328.1133
84399,84.3990,24.8814,-0.000012,31.536663,301.153,-7.9872,327.4861
84478,84.4776,24.8814,0.000015,31.536668,301.153,-7.9872,326.8589
84555,84.5553,24.8814,-0.000017,31.536662,301.153,-7.9872,326.2383
84633,84.6330,24.8814,0.000020,31.536670,301.153,-7.9872,325.6176
84701,84.7011,24.8814,-0.000017,31.536665,301.153,-7.9872,325.0731
84769,84.7693,24.8814,0.000014,31.536662,301.153,-7.9872,324.5286
84835,84.8350,24.8814,-0.000009,31.536671,301.153,-7.9872,324.0042
84901,84.9006,24.8814,0.000004,31.536659,301.153,-7.9872,323.4799
84968,84.9682,24.8814,-0.000000,31.536671,301.153,-7.9872,322.9404
85035,85.0354,24.8814,-0.000002,31.536661,301.153,-7.9872,322.4035
85105,85.1049,24.8814,0.000003,31.536668,301.153,-7.9872,321.8484
85179,85.1787,24.8814,-0.000004,31.536662,301.153,-7.9872,321.2588
85258,85.2578,24.8814,0.000004,31.536669,301.153,-7.9872,320.6267
85339,85.3392,24.8814,-0.000004,31.536659,301.153,-7.9872,319.9765
85416,85.4159,24.8814,0.000005,31.536672,301.153,-7.9872,319.3646
85486,85.4855,24.8814,-0.000006,31.536660,301.153,-7.9872,318.8080
85554,85.5535,24.8814,0.000007,31.536668,301.153,-7.9872,318.2648
85627,85.6267,24.8814,-0.000007,31.536663,301.153,-7.9872,317.6803
85714,85.7140,24.8814,0.000011,31.536671,301.153,-7.9872,316.9834
85795,85.7952,24.8814,-0.000013,31.536656,301.153,-7.9872,316.3349
85861,85.8611,24.8814,0.000014,31.536669,301.153,-7.9872,315.8085
85926,85.9257,24.8814,-0.000012,31.536666,301.153,-7.9872,315.2920
86007,86.0074,24.8814,0.000017,31.536666,301.153,-7.9872,314.6401
86081,86.0815,24.8814,-0.000017,31.536666,301.153,-7.9872,314.0480
86153,86.1534,24.8814,0.000015,31.536663,301.153,-7.9872,313.4738
86225,86.2253,24.8814,-0.000014,31.536669,301.153,-7.9872,312.8996
86297,86.2968,24.8814,0.000012,31.536660,301.153,-7.9872,312.3281
86365,86.3653,24.8814,-0.000008,31.536671,301.153,-7.9872,311.7812
86433,86.4326,24.8814,0.000003,31.536659,301.153,-7.9872,311.2434
86499,86.4989,24.8814,0.000000,31.536671,301.153,-7.9872,310.7143
86566,86.5658,24.8814,-0.000003,31.536661,301.153,-7.9872,310.1796
86636,86.6356,24.8814,0.000004,31.536668,301.153,-7.9872,309.6225
86710,86.7105,24.8814,-0.000004,31.536662,301.153,-7.9872,309.0243
86791,86.7914,24.8814,0.000004,31.536670,301.153,-7.9872,308.3775
86874,86.8739,24.8814,-0.000005,31.536658,301.153,-7.9872,307.7189
86941,86.9411,24.8814,0.000007,31.536670,301.153,-7.9872,307.1824
87008,87.0081,24.8814,-0.000007,31.536663,301.153,-7.9872,306.6466
87083,87.0832,24.8814,0.000008,31.536667,301.153,-7.9872,306.0469
87185,87.1850,24.8814,-0.000025,31.536651,301.153,-7.9872,305.2338
87246,87.2460,24.8814,0.000024,31.536666,301.153,-7.9872,304.7471
87306,87.3058,24.8814,-0.000013,31.536673,301.153,-7.9872,304.2690
87363,87.3630,24.8814,0.000000,31.536656,301.153,-7.9872,303.8120
87420,87.4202,24.8814,0.000007,31.536670,301.153,-7.9872,303.3550
87484,87.4840,24.8814,-0.000007,31.536664,301.153,-7.9872,302.8454
87559,87.5585,24.8814,0.000007,31.536666,301.153,-7.9872,302.2508
87630,87.6299,24.8814,-0.000007,31.536665,301.153,-7.9872,301.6801
87701,87.7014,24.8814,0.000006,31.536664,301.153,-7.9872,301.1095
87777,87.7775,24.8814,-0.000007,31.536666,301.153,-7.9872,300.5016
87854,87.8536,24.8814,0.000007,31.536664,301.153,-7.9872,299.8937
87936,87.9360,24.8814,-0.000011,31.536665,301.153,-7.9872,299.2356
88014,88.0139,24.8814,0.000013,31.536665,301.153,-7.9872,298.6137
88094,88.0937,24.8814,-0.000016,31.536664,301.153,-7.9872,297.9759
88172,88.1718,24.8814,0.000019,31.536667,301.153,-7.9872,297.3520
88253,88.2535,24.8814,-0.000026,31.536660,301.153,-7.9872,296.7000
88333,88.3329,24.8814,0.000031,31.536674,301.153,-7.9872,296.0654
88399,88.3989,24.8814,-0.000027,31.536666,301.153,-7.9872,295.5385
88465,88.4648,24.8814,0.000019,31.536659,301.153,-7.9872,295.0116
88526,88.5256,24.8814,-0.000007,31.536675,301.153,-7.9872,294.5261
88586,88.5864,24.8814,-0.000003,31.536657,301.153,-7.9872,294.0406
88648,88.6477,24.8814,0.000007,31.536669,301.153,-7.9872,293.5510
88713,88.7126,24.8814,-0.000007,31.536664,301.153,-7.9872,293.0330
88789,88.7893,24.8814,0.000008,31.536667,301.153,-7.9872,292.4198
88864,88.8635,24.8814,-0.000008,31.536664,301.153,-7.9872,291.8272
88938,88.9377,24.8814,0.000008,31.536666,301.153,-7.9872,291.2345
89012,89.0117,24.8814,-0.000008,31.536665,301.153,-7.9872,290.6439
89086,89.0856,24.8814,0.000008,31.536665,301.153,-7.9872,290.0534
89162,89.1620,24.8814,-0.000009,31.536666,301.153,-7.9872,289.4432
89238,89.2384,24.8814,0.000010,31.536665,301.153,-7.9872,288.8330
89320,89.3197,24.8814,-0.000014,31.536665,301.153,-7.9872,288.1833
89397,89.3968,24.8814,0.000016,31.536666,301.153,-7.9872,287.5680
89478,89.4780,24.8814,-0.000021,31.536662,301.153,-7.9872,286.9194
89555,89.5551,24.8814,0.000024,31.536669,301.153,-7.9872,286.3038
89628,89.6284,24.8814,-0.000024,31.536663,301.153,-7.9872,285.7180
89702,89.7017,24.8814,0.000024,31.536665,301.153,-7.9872,285.1322
89770,89.7698,24.8814,-0.000019,31.536670,301.153,-7.9872,284.5889
89838,89.8378,24.8814,0.000013,31.536658,301.153,-7.9872,284.0456
89904,89.9044,24.8814,-0.000007,31.536673,301.153,-7.9872,283.5135
89968,89.9681,24.8814,-0.000000,31.536658,301.153,-7.9872,283.0050
90032,90.0316,24.8814,0.000004,31.536670,301.153,-7.9872,282.4980
90097,90.0973,24.8814,-0.000005,31.536663,301.153,-7.9872,281.9725
90170,90.1700,24.8814,0.000006,31.536667,301.153,-7.9872,281.3923
90257,90.2573,24.8814,-0.000009,31.536660,301.153,-7.9872,280.6952
90374,90.3743,24.8815,0.000053,31.536725,301.154,-7.9872,279.7606
90422,90.4223,24.8814,-0.000074,31.536676,301.153,-7.9872,279.3766
90467,90.4666,24.8813,-0.000005,31.536626,301.153,-7.9872,279.0234
90513,90.5132,24.8814,0.000042,31.536671,301.153,-7.9872,278.6512
90560,90.5598,24.8815,-0.000013,31.536685,301.153,-7.9872,278.2791
90613,90.6127,24.8814,-0.000014,31.536652,301.153,-7.9872,277.8565
90666,90.6656,24.8814,0.000017,31.536664,301.153,-7.9872,277.4340
90725,90.7247,24.8814,-0.000009,31.536672,301.153,-7.9872,276.9619
90786,90.7863,24.8814,0.000001,31.536659,301.153,-7.9872,276.4698
90848,90.8479,24.8814,0.000004,31.536670,301.153,-7.9872,275.9776
90915,90.9150,24.8814,-0.000005,31.536663,301.153,-7.9872,275.4414
90989,90.9890,24.8814,0.000005,31.536668,301.153,-7.9872,274.8506
91074,91.0744,24.8814,-0.000007,31.536660,301.153,-7.9872,274.1684
91152,91.1523,24.8814,0.000008,31.536671,301.153,-7.9872,273.5460
91227,91.2268,24.8814,-0.000008,31.536659,301.153,-7.9872,272.9515
91297,91.2974,24.8814,0.000009,31.536669,301.153,-7.9872,272.3873
91369,91.3686,24.8814,-0.000009,31.536662,301.153,-7.9872,271.8185
91448,91.4476,24.8814,0.000011,31.536669,301.153,-7.9872,271.1874
91551,91.5510,24.8814,-0.000037,31.536639,301.153,-7.9872,270.3619
91603,91.6035,24.8814,0.000037,31.536659,301.153,-7.9872,269.9429
91655,91.6554,24.8814,-0.000006,31.536684,301.153,-7.9872,269.5276
91709,91.7091,24.8814,-0.000015,31.536655,301.153,-7.9872,269.0993
91763,91.7627,24.8814,0.000015,31.536663,301.153,-7.9872,268.6709
91825,91.8253,24.8814,-0.000008,31.536671,301.153,-7.9872,268.1709
91890,91.8903,24.8814,0.000003,31.536659,301.153,-7.9872,267.6514
91955,91.9554,24.8814,0.000001,31.536670,301.153,-7.9872,267.1318
92023,92.0233,24.8814,-0.000003,31.536662,301.153,-7.9872,266.5897
92095,92.0946,24.8814,0.000003,31.536668,301.153,-7.9872,266.0197
92171,92.1713,24.8814,-0.000004,31.536662,301.153,-7.9872,265.4072
92253,92.2528,24.8814,0.000004,31.536670,301.153,-7.9872,264.7565
92333,92.3329,24.8814,-0.000005,31.536658,301.153,-7.9872,264.1168
92405,92.4054,24.8814,0.000006,31.536671,301.153,-7.9872,263.5375
92473,92.4728,24.8814,-0.000007,31.536661,301.153,-7.9872,262.9990
92542,92.5422,24.8814,0.000007,31.536667,301.153,-7.9872,262.4445
92622,92.6217,24.8814,-0.000008,31.536662,301.153,-7.9872,261.8100
92716,92.7158,24.8814,0.000018,31.536677,301.153,-7.9872,261.0585
92783,92.7827,24.8814,-0.000019,31.536660,301.153,-7.9872,260.5239
92845,92.8445,24.8814,0.000015,31.536663,301.153,-7.9872,260.0301
92918,92.9183,24.8814,-0.000014,31.536668,301.153,-7.9872,259.4405
92989,92.9895,24.8814,0.000012,31.536661,301.153,-7.9872,258.8724
93059,93.0593,24.8814,-0.000009,31.536671,301.153,-7.9872,258.3145
93127,93.1269,24.8814,0.000005,31.536659,301.153,-7.9872,257.7749
93193,93.1934,24.8814,-0.000001,31.536671,301.153,-7.9872,257.2433
93260,93.2600,24.8814,-0.000002,31.536661,301.153,-7.9872,256.7115
93329,93.3286,24.8814,0.000003,31.536669,301.153,-7.9872,256.1636
93402,93.4015,24.8814,-0.000004,31.536662,301.153,-7.9872,255.5811
93480,93.4805,24.8814,0.000004,31.536669,301.153,-7.9872,254.9506
93563,93.5632,24.8814,-0.000005,31.536659,301.153,-7.9872,254.2897
93633,93.6326,24.8814,0.000006,31.536670,301.153,-7.9872,253.7353
93702,93.7018,24.8814,-0.000007,31.536662,301.153,-7.9872,253.1830
93777,93.7769,24.8814,0.000007,31.536668,301.153,-7.9872,252.5831
93866,93.8655,24.8814,-0.000011,31.536658,301.153,-7.9872,251.8752
93936,93.9359,24.8814,0.000012,31.536670,301.153,-7.9872,251.3129
94005,94.0046,24.8814,-0.000012,31.536663,301.153,-7.9872,250.7647
94081,94.0811,24.8814,0.000013,31.536667,301.153,-7.9872,250.1535
94150,94.1495,24.8814,-0.000011,31.536666,301.153,-7.9872,249.6068
94218,94.2180,24.8814,0.000009,31.536663,301.153,-7.9872,249.0601
94288,94.2881,24.8814,-0.000007,31.536668,301.153,-7.9872,248.4997
94358,94.3583,24.8814,0.000005,31.536661,301.153,-7.9872,247.9393
94431,94.4309,24.8814,-0.000004,31.536669,301.153,-7.9872,247.3592
94502,94.5021,24.8814,0.000003,31.536661,301.153,-7.9872,246.7905
94573,94.5732,24.8814,-0.000001,31.536669,301.153,-7.9872,246.2225
94645,94.6447,24.8814,0.000000,31.536661,301.153,-7.9872,245.6514
94717,94.7172,24.8814,0.000001,31.536669,301.153,-7.9872,245.0730
94791,94.7908,24.8814,-0.000001,31.536662,301.153,-7.9872,244.4847
94866,94.8657,24.8814,0.000001,31.536669,301.153,-7.9872,243.8870
94941,94.9411,24.8814,-0.000002,31.536661,301.153,-7.9872,243.2844
95016,95.0163,24.8814,0.000002,31.536669,301.153,-7.9872,242.6834
95091,95.0910,24.8814,-0.000002,31.536661,301.153,-7.9872,242.0873
95165,95.1652,24.8814,0.000003,31.536669,301.153,-7.9872,241.4947
95240,95.2395,24.8814,-0.000003,31.536661,301.153,-7.9872,240.9009
95315,95.3145,24.8814,0.000004,31.536669,301.153,-7.9872,240.3017
95390,95.3902,24.8814,-0.000004,31.536661,301.153,-7.9872,239.6971
95466,95.4660,24.8814,0.000005,31.536670,301.153,-7.9872,239.0916
95541,95.5412,24.8814,-0.000005,31.536661,301.153,-7.9872,238.4915
95616,95.6155,24.8814,0.000006,31.536670,301.153,-7.9872,237.8977
95690,95.6898,24.8814,-0.000006,31.536661,301.153,-7.9872,237.3043
95765,95.7653,24.8814,0.000007,31.536670,301.153,-7.9872,236.7016
95842,95.8424,24.8814,-0.000008,31.536660,301.153,-7.9872,236.0856
95920,95.9199,24.8814,0.000009,31.536671,301.153,-7.9872,235.4668
95995,95.9948,24.8814,-0.000010,31.536659,301.153,-7.9872,234.8679
96066,96.0665,24.8814,0.000010,31.536670,301.153,-7.9872,234.2958
96138,96.1381,24.8814,-0.000010,31.536662,301.153,-7.9872,233.7239
96216,96.2163,24.8814,0.000012,31.536669,301.153,-7.9872,233.0992
96316,96.3157,24.8814,-0.000033,31.536643,301.153,-7.9872,232.3048
96370,96.3703,24.8814,0.000033,31.536661,301.153,-7.9872,231.8692
96424,96.4240,24.8814,-0.000009,31.536681,301.153,-7.9872,231.4398
96479,96.4788,24.8814,-0.000010,31.536655,301.153,-7.9872,231.0020
96534,96.5337,24.8814,0.000013,31.536666,301.153,-7.9872,230.5642
96596,96.5959,24.8814,-0.000008,31.536669,301.153,-7.9872,230.0667
96659,96.6593,24.8814,0.000003,31.536661,301.153,-7.9872,229.5605
96723,96.7227,24.8814,0.000000,31.536669,301.153,-7.9872,229.0543
96794,96.7938,24.8814,-0.000001,31.536662,301.153,-7.9872,228.4867
96867,96.8673,24.8814,0.000002,31.536669,301.153,-7.9872,227.8991
96943,96.9433,24.8814,-0.000002,31.536661,301.153,-7.9872,227.2920
97020,97.0204,24.8814,0.000002,31.536669,301.153,-7.9872,226.6767
97096,97.0963,24.8814,-0.000003,31.536661,301.153,-7.9872,226.0702
97170,97.1702,24.8814,0.000003,31.536670,301.153,-7.9872,225.4802
97243,97.2430,24.8814,-0.000004,31.536661,301.153,-7.9872,224.8982
97317,97.3168,24.8814,0.000004,31.536669,301.153,-7.9872,224.3089
97393,97.3929,24.8814,-0.000005,31.536661,301.153,-7.9872,223.7013
97471,97.4709,24.8814,0.000005,31.536670,301.153,-7.9872,223.0785
97548,97.5480,24.8814,-0.000006,31.536660,301.153,-7.9872,222.4623
97622,97.6217,24.8814,0.000007,31.536670,301.153,-7.9872,221.8741
97693,97.6928,24.8814,-0.000007,31.536661,301.153,-7.9872,221.3061
97765,97.7654,24.8814,0.000008,31.536668,301.153,-7.9872,220.7260
97845,97.8446,24.8814,-0.000009,31.536661,301.153,-7.9872,220.0936
97934,97.9340,24.8814,0.000014,31.536677,301.153,-7.9872,219.3793
97998,97.9977,24.8814,-0.000016,31.536661,301.153,-7.9872,218.8704
98059,98.0590,24.8814,0.000012,31.536663,301.153,-7.9872,218.3807
98128,98.1283,24.8814,-0.000009,31.536669,301.153,-7.9872,217.8275
98198,98.1975,24.8814,0.000006,31.536660,301.153,-7.9872,217.2744
98267,98.2670,24.8814,-0.000004,31.536670,301.153,-7.9872,216.7195
98335,98.3353,24.8814,0.000001,31.536660,301.153,-7.9872,216.1741
98404,98.4040,24.8814,0.000001,31.536669,301.153,-7.9872,215.6253
98474,98.4743,24.8814,-0.000002,31.536662,301.153,-7.9872,215.0636
98548,98.5476,24.8814,0.000003,31.536669,301.153,-7.9872,214.4787
98624,98.6241,24.8814,-0.000003,31.536661,301.153,-7.9872,213.8675
98702,98.7024,24.8814,0.000003,31.536670,301.153,-7.9872,213.2424
98779,98.7790,24.8814,-0.000003,31.536660,301.153,-7.9872,212.6300
98852,98.8523,24.8814,0.000004,31.536670,301.153,-7.9872,212.0446
98924,98.9239,24.8814,-0.000005,31.536661,301.153,-7.9872,211.4728
98997,98.9970,24.8814,0.000005,31.536669,301.153,-7.9872,210.8890
99074,99.0742,24.8814,-0.000006,31.536661,301.153,-7.9872,210.2727
99155,99.1553,24.8814,0.000007,31.536671,301.153,-7.9872,209.6247
99226,99.2265,24.8814,-0.000008,31.536661,301.153,-7.9872,209.0561
99297,99.2969,24.8814,0.000008,31.536668,301.153,-7.9872,208.4936
99372,99.3725,24.8814,-0.000009,31.536662,301.153,-7.9872,207.8902
99461,99.4612,24.8814,0.000014,31.536674,301.153,-7.9872,207.1811
99531,99.5308,24.8814,-0.000015,31.536660,301.153,-7.9872,206.6257
99597,99.5973,24.8814,0.000013,31.536666,301.153,-7.9872,206.0945
99673,99.6732,24.8814,-0.000015,31.536665,301.153,-7.9872,205.4882
99749,99.7486,24.8814,0.000015,31.536666,301.153,-7.9872,204.8857
99824,99.8240,24.8814,-0.000016,31.536665,301.153,-7.9872,204.2832
99904,99.9042,24.8814,0.000021,31.536667,301.153,-7.9872,203.6434
99978,99.9782,24.8814,-0.000021,31.536665,301.153,-7.9872,203.0521
100048,100.0481,24.8814,0.000018,31.536662,301.153,-7.9872,202.4938
100118,100.1180,24.8814,-0.000015,31.536670,301.153,-7.9872,201.9354
100187,100.1873,24.8814,0.000011,31.536659,301.153,-7.9872,201.3820
100253,100.2529,24.8814,-0.000004,31.536673,301.153,-7.9872,200.8578
100318,100.3177,24.8814,-0.000001,31.536659,301.153,-7.9872,200.3407
100382,100.3824,24.8814,0.000004,31.536669,301.153,-7.9872,199.8232
100450,100.4503,24.8814,-0.000005,31.536663,301.153,-7.9872,199.2816
100525,100.5250,24.8814,0.000005,31.536668,301.153,-7.9872,198.6846
100611,100.6113,24.8814,-0.000007,31.536660,301.153,-7.9872,197.9956
100687,100.6871,24.8814,0.000008,31.536671,301.153,-7.9872,197.3902
100760,100.7596,24.8814,-0.000009,31.536660,301.153,-7.9872,196.8110
100831,100.8310,24.8814,0.000009,31.536669,301.153,-7.9872,196.2403
100906,100.9064,24.8814,-0.000010,31.536662,301.153,-7.9872,195.6386
100992,100.9925,24.8814,0.000015,31.536673,301.153,-7.9872,194.9508
101063,101.0625,24.8814,-0.000015,31.536660,301.153,-7.9872,194.3911
101130,101.1302,24.8814,0.000014,31.536666,301.153,-7.9872,193.8510
101207,101.2073,24.8814,-0.000016,31.536664,301.153,-7.9872,193.2347
101285,101.2845,24.8814,0.000018,31.536667,301.153,-7.9872,192.6180
101362,101.3617,24.8814,-0.000020,31.536663,301.153,-7.9872,192.0013
101437,101.4374,24.8814,0.000022,31.536668,301.153,-7.9872,191.3970
101513,101.5130,24.8814,-0.000023,31.536663,301.153,-7.9872,190.7928
101584,101.5843,24.8814,0.000022,31.536665,301.153,-7.9872,190.2236
101656,101.6556,24.8814,-0.000019,31.536668,301.153,-7.9872,189.6543
101729,101.7291,24.8814,0.000019,31.536661,301.153,-7.9872,189.0675
101796,101.7957,24.8814,-0.000012,31.536673,301.153,-7.9872,188.5352
101863,101.8627,24.8814,0.000006,31.536657,301.153,-7.9872,188.0003
101926,101.9259,24.8814,0.000001,31.536672,301.153,-7.9872,187.4952
101990,101.9896,24.8814,-0.000005,31.536661,301.153,-7.9872,186.9868
102056,102.0560,24.8814,0.000005,31.536668,301.153,-7.9872,186.4558
102130,102.1302,24.8814,-0.000006,31.536663,301.153,-7.9872,185.8636
102221,102.2205,24.8814,0.000010,31.536672,301.153,-7.9872,185.1421
102300,102.3001,24.8814,-0.000012,31.536656,301.153,-7.9872,184.5063
102372,102.3721,24.8814,0.000013,31.536672,301.153,-7.9872,183.9310
102438,102.4377,24.8814,-0.000013,31.536663,301.153,-7.9872,183.4074
102506,102.5063,24.8814,0.000011,31.536665,301.153,-7.9872,182.8593
102574,102.5740,24.8814,-0.000009,31.536668,301.153,-7.9872,182.3185
102642,102.6417,24.8814,0.000006,31.536662,301.153,-7.9872,181.7777
102718,102.7178,24.8814,-0.000006,31.536669,301.153,-7.9872,181.1703
102789,102.7887,24.8814,0.000005,31.536661,301.153,-7.9872,180.6037
102859,102.8595,24.8814,-0.000003,31.536670,301.153,-7.9872,180.0384
102930,102.9300,24.8814,0.000001,31.536661,301.153,-7.9872,179.4756
103001,103.0009,24.8814,0.000000,31.536669,301.153,-7.9872,178.9093
103073,103.0729,24.8814,-0.000001,31.536662,301.153,-7.9872,178.3341
103146,103.1465,24.8814,0.000001,31.536669,301.153,-7.9872,177.7462
103222,103.2216,24.8814,-0.000002,31.536661,301.153,-7.9872,177.1460
103298,103.2975,24.8814,0.000002,31.536669,301.153,-7.9872,176.5398
103373,103.3730,24.8814,-0.000002,31.536661,301.153,-7.9872,175.9368
103448,103.4475,24.8814,0.000003,31.536669,301.153,-7.9872,175.3418
103521,103.5214,24.8814,-0.000003,31.536661,301.153,-7.9872,174.7518
103596,103.5955,24.8814,0.000004,31.536669,301.153,-7.9872,174.1594
103671,103.6708,24.8814,-0.000004,31.536661,301.153,-7.9872,173.5586
103747,103.7470,24.8814,0.000005,31.536670,301.153,-7.9872,172.9499
103823,103.8232,24.8814,-0.000005,31.536660,301.153,-7.9872,172.3414
103898,103.8981,24.8814,0.000006,31.536670,301.153,-7.9872,171.7428
103972,103.9718,24.8814,-0.000006,31.536661,301.153,-7.9872,171.1546
104046,104.0456,24.8814,0.000007,31.536669,301.153,-7.9872,170.5650
104122,104.1215,24.8814,-0.000008,31.536661,301.153,-7.9872,169.9582
104200,104.2004,24.8814,0.000009,31.536671,301.153,-7.9872,169.3282
104279,104.2793,24.8814,-0.000010,31.536658,301.153,-7.9872,168.6978
104353,104.3529,24.8814,0.000011,31.536672,301.153,-7.9872,168.1103
104421,104.4210,24.8814,-0.000011,31.536662,301.153,-7.9872,167.5663
104491,104.4905,24.8814,0.000011,31.536666,301.153,-7.9872,167.0111
104576,104.5758,24.8814,-0.000016,31.536661,301.153,-7.9872,166.3302
104663,104.6629,24.8814,0.000026,31.536678,301.153,-7.9872,165.6340
104728,104.7281,24.8814,-0.000025,31.536663,301.153,-7.9872,165.1135
104790,104.7903,24.8814,0.000017,31.536660,301.153,-7.9872,164.6166
104848,104.8475,24.8814,-0.000004,31.536674,301.153,-7.9872,164.1595
104905,104.9048,24.8814,-0.000006,31.536659,301.153,-7.9872,163.7023
104968,104.9679,24.8814,0.000007,31.536668,301.153,-7.9872,163.1979
105038,105.0376,24.8814,-0.000007,31.536664,301.153,-7.9872,162.6417
105128,105.1280,24.8814,0.000013,31.536670,301.153,-7.9872,161.9192
105221,105.2211,24.8814,-0.000026,31.536648,301.153,-7.9872,161.1755
105283,105.2828,24.8814,0.000027,31.536668,301.153,-7.9872,160.6828
105340,105.3399,24.8814,-0.000015,31.536674,301.153,-7.9872,160.2271
105397,105.3973,24.8814,0.000000,31.536655,301.153,-7.9872,159.7682
105455,105.4548,24.8814,0.000008,31.536670,301.153,-7.9872,159.3093
105517,105.5170,24.8814,-0.000008,31.536664,301.153,-7.9872,158.8123
105589,105.5892,24.8814,0.000008,31.536665,301.153,-7.9872,158.2355
105659,105.6587,24.8814,-0.000007,31.536666,301.153,-7.9872,157.6804
105728,105.7282,24.8814,0.000005,31.536663,301.153,-7.9872,157.1254
105804,105.8037,24.8814,-0.000005,31.536667,301.153,-7.9872,156.5221
105879,105.8793,24.8814,0.000006,31.536663,301.153,-7.9872,155.9189
105956,105.9561,24.8814,-0.000006,31.536668,301.153,-7.9872,155.3051
106031,106.0312,24.8814,0.000007,31.536662,301.153,-7.9872,154.7056
106105,106.1052,24.8814,-0.000006,31.536669,301.153,-7.9872,154.1146
106178,106.1781,24.8814,0.000005,31.536662,301.153,-7.9872,153.5317
106250,106.2502,24.8814,-0.000004,31.536669,301.153,-7.9872,152.9559
106322,106.3217,24.8814,0.000003,31.536661,301.153,-7.9872,152.3852
106393,106.3929,24.8814,-0.000002,31.536669,301.153,-7.9872,151.8166
106464,106.4643,24.8814,0.000000,31.536661,301.153,-7.9872,151.2459
106537,106.5365,24.8814,0.000000,31.536669,301.153,-7.9872,150.6692
106610,106.6099,24.8814,-0.000001,31.536662,301.153,-7.9872,150.0833
106684,106.6844,24.8814,0.000001,31.536669,301.153,-7.9872,149.4879
106760,106.7597,24.8814,-0.000002,31.536661,301.153,-7.9872,148.8864
106835,106.8351,24.8814,0.000002,31.536669,301.153,-7.9872,148.2848
106910,106.9098,24.8814,-0.000002,31.536661,301.153,-7.9872,147.6874
106984,106.9841,24.8814,0.000003,31.536669,301.153,-7.9872,147.0941
107058,107.0584,24.8814,-0.000003,31.536661,301.153,-7.9872,146.5008
107133,107.1332,24.8814,0.000004,31.536669,301.153,-7.9872,145.9033
107209,107.2087,24.8814,-0.000004,31.536661,301.153,-7.9872,145.3001
107285,107.2845,24.8814,0.000005,31.536670,301.153,-7.9872,144.6947
107360,107.3599,24.8814,-0.000005,31.536661,301.153,-7.9872,144.0928
107434,107.4345,24.8814,0.000006,31.536670,301.153,-7.9872,143.4973
107509,107.5087,24.8814,-0.000006,31.536661,301.153,-7.9872,142.9041
107584,107.5838,24.8814,0.000007,31.536670,301.153,-7.9872,142.3047
107660,107.6604,24.8814,-0.000008,31.536660,301.153,-7.9872,141.6928
107738,107.7378,24.8814,0.000008,31.536671,301.153,-7.9872,141.0742
107814,107.8137,24.8814,-0.000009,31.536659,301.153,-7.9872,140.4682
107886,107.8863,24.8814,0.000010,31.536670,301.153,-7.9872,139.8881
107958,107.9577,24.8814,-0.000010,31.536662,301.153,-7.9872,139.3176
108033,108.0333,24.8814,0.000011,31.536669,301.153,-7.9872,138.7144
108122,108.1221,24.8814,-0.000019,31.536655,301.153,-7.9872,138.0049
108188,108.1882,24.8814,0.000019,31.536669,301.153,-7.9872,137.4768
108252,108.2523,24.8814,-0.000014,31.536668,301.153,-7.9872,136.9649
108318,108.3183,24.8814,0.000009,31.536660,301.153,-7.9872,136.4379
108384,108.3843,24.8814,-0.000004,31.536671,301.153,-7.9872,135.9109
108452,108.4524,24.8814,0.000001,31.536660,301.153,-7.9872,135.3669
108519,108.5195,24.8814,0.000001,31.536670,301.153,-7.9872,134.8311
108588,108.5882,24.8814,-0.000003,31.536662,301.153,-7.9872,134.2818
108661,108.6606,24.8814,0.000003,31.536668,301.153,-7.9872,133.7036
108738,108.7380,24.8814,-0.000004,31.536662,301.153,-7.9872,133.0854
108819,108.8189,24.8814,0.000004,31.536670,301.153,-7.9872,132.4394
108897,108.8973,24.8814,-0.000004,31.536659,301.153,-7.9872,131.8130
108969,108.9692,24.8814,0.000005,31.536671,301.153,-7.9872,131.2392
109038,109.0376,24.8814,-0.000006,31.536662,301.153,-7.9872,130.6927
109109,109.1088,24.8814,0.000007,31.536668,301.153,-7.9872,130.1240
109189,109.1893,24.8814,-0.000008,31.536661,301.153,-7.9872,129.4807
109288,109.2877,24.8814,0.000019,31.536682,301.153,-7.9872,128.6954
109348,109.3482,24.8814,-0.000023,31.536661,301.153,-7.9872,128.2114
109405,109.4048,24.8814,0.000014,31.536658,301.153,-7.9872,127.7597
109466,109.4659,24.8814,-0.000004,31.536674,301.153,-7.9872,127.2715
109527,109.5270,24.8814,-0.000004,31.536659,301.153,-7.9872,126.7834
109591,109.5906,24.8814,0.000006,31.536668,301.153,-7.9872,126.2757
109659,109.6591,24.8814,-0.000006,31.536664,301.153,-7.9872,125.7286
109740,109.7402,24.8814,0.000008,31.536668,301.153,-7.9872,125.0805
109820,109.8203,24.8814,-0.000009,31.536661,301.153,-7.9872,124.4411
109900,109.9004,24.8814,0.000011,31.536672,301.153,-7.9872,123.8016
109982,109.9822,24.8814,-0.000014,31.536655,301.153,-7.9872,123.1477
110046,110.0462,24.8814,0.000015,31.536669,301.153,-7.9872,122.6365
110109,110.1092,24.8814,-0.000012,31.536667,301.153,-7.9872,122.1332
110180,110.1796,24.8814,0.000010,31.536662,301.153,-7.9872,121.5714
110250,110.2499,24.8814,-0.000007,31.536669,301.153,-7.9872,121.0096
110322,110.3216,24.8814,0.000006,31.536661,301.153,-7.9872,120.4374
110391,110.3911,24.8814,-0.000003,31.536670,301.153,-7.9872,119.8817
110460,110.4605,24.8814,0.000001,31.536661,301.153,-7.9872,119.3277
110530,110.5302,24.8814,0.000000,31.536669,301.153,-7.9872,118.7711
110601,110.6012,24.8814,-0.000001,31.536662,301.153,-7.9872,118.2036
110675,110.6745,24.8814,0.000002,31.536669,301.153,-7.9872,117.6182
110750,110.7502,24.8814,-0.000002,31.536662,301.153,-7.9872,117.0137
110827,110.8271,24.8814,0.000002,31.536669,301.153,-7.9872,116.3991
110903,110.9033,24.8814,-0.000003,31.536661,301.153,-7.9872,115.7908
110977,110.9775,24.8814,0.000003,31.536670,301.153,-7.9872,115.1984
111050,111.0504,24.8814,-0.000004,31.536661,301.153,-7.9872,114.6158
111124,111.1240,24.8814,0.000004,31.536669,301.153,-7.9872,114.0280
111200,111.1998,24.8814,-0.000005,31.536661,301.153,-7.9872,113.4229
111278,111.2776,24.8814,0.000005,31.536670,301.153,-7.9872,112.8012
111355,111.3551,24.8814,-0.000006,31.536660,301.153,-7.9872,112.1825
111429,111.4292,24.8814,0.000007,31.536671,301.153,-7.9872,111.5904
111500,111.5004,24.8814,-0.000007,31.536661,301.153,-7.9872,111.0217
111573,111.5725,24.8814,0.000008,31.536668,301.153,-7.9872,110.4455
111651,111.6507,24.8814,-0.000009,31.536661,301.153,-7.9872,109.8211
111740,111.7395,24.8814,0.000014,31.536676,301.153,-7.9872,109.1117
111806,111.8056,24.8814,-0.000015,31.536660,301.153,-7.9872,108.5839
111868,111.8685,24.8814,0.000013,31.536664,301.153,-7.9872,108.0818
111945,111.9447,24.8814,-0.000014,31.536667,301.153,-7.9872,107.4726
112019,112.0192,24.8814,0.000014,31.536663,301.153,-7.9872,106.8777
112093,112.0930,24.8814,-0.000014,31.536668,301.153,-7.9872,106.2881
112165,112.1647,24.8814,0.000012,31.536661,301.153,-7.9872,105.7155
112235,112.2349,24.8814,-0.000009,31.536670,301.153,-7.9872,105.1547
112303,112.3031,24.8814,0.000005,31.536659,301.153,-7.9872,104.6100
112370,112.3702,24.8814,-0.000001,31.536671,301.153,-7.9872,104.0743
112437,112.4371,24.8814,-0.000001,31.536661,301.153,-7.9872,103.5397
112506,112.5056,24.8814,0.000003,31.536669,301.153,-7.9872,102.9926
112578,112.5777,24.8814,-0.000003,31.536662,301.153,-7.9872,102.4167
112655,112.6550,24.8814,0.000004,31.536669,301.153,-7.9872,101.7992
112736,112.7363,24.8814,-0.000004,31.536660,301.153,-7.9872,101.1504
112815,112.8152,24.8814,0.000004,31.536672,301.153,-7.9872,100.5198
112887,112.8871,24.8814,-0.000006,31.536660,301.153,-7.9872,99.9460
112955,112.9550,24.8814,0.000007,31.536669,301.153,-7.9872,99.4035
113026,113.0256,24.8814,-0.000007,31.536663,301.153,-7.9872,98.8394
113106,113.1063,24.8814,0.000008,31.536669,301.153,-7.9872,98.1947
113211,113.2110,24.8814,-0.000029,31.536641,301.153,-7.9872,97.3590
113265,113.2645,24.8814,0.000033,31.536663,301.153,-7.9872,96.9311
113317,113.3173,24.8814,-0.000009,31.536680,301.153,-7.9872,96.5100
113371,113.3714,24.8814,-0.000010,31.536655,301.153,-7.9872,96.0775
113426,113.4256,24.8814,0.000013,31.536665,301.153,-7.9872,95.6451
113488,113.4880,24.8814,-0.000008,31.536669,301.153,-7.9872,95.1460
113553,113.5528,24.8814,0.000004,31.536661,301.153,-7.9872,94.6290
113618,113.6175,24.8814,-0.000000,31.536669,301.153,-7.9872,94.1119
113688,113.6883,24.8814,-0.000001,31.536661,301.153,-7.9872,93.5461
113761,113.7611,24.8814,0.000002,31.536669,301.153,-7.9872,92.9649
113836,113.8361,24.8814,-0.000002,31.536662,301.153,-7.9872,92.3662
113913,113.9125,24.8814,0.000002,31.536669,301.153,-7.9872,91.7556
113989,113.9888,24.8814,-0.000002,31.536661,301.153,-7.9872,91.1465
114064,114.0635,24.8814,0.000003,31.536670,301.153,-7.9872,90.5494
114137,114.1370,24.8814,-0.000003,31.536661,301.153,-7.9872,89.9628
114210,114.2105,24.8814,0.000004,31.536669,301.153,-7.9872,89.3757
114285,114.2855,24.8814,-0.000004,31.536661,301.153,-7.9872,88.7768
114362,114.3623,24.8814,0.000005,31.536670,301.153,-7.9872,88.1633
114440,114.4395,24.8814,-0.000005,31.536660,301.153,-7.9872,87.5461
114515,114.5149,24.8814,0.000006,31.536671,301.153,-7.9872,86.9445
114588,114.5876,24.8814,-0.000007,31.536661,301.153,-7.9872,86.3639
114660,114.6598,24.8814,0.000007,31.536669,301.153,-7.9872,85.7865
114735,114.7354,24.8814,-0.000008,31.536661,301.153,-7.9872,85.1833
114817,114.8171,24.8814,0.000010,31.536671,301.153,-7.9872,84.5302
114891,114.8913,24.8814,-0.000011,31.536659,301.153,-7.9872,83.9378
114963,114.9630,24.8814,0.000011,31.536669,301.153,-7.9872,83.3649
115036,115.0362,24.8814,-0.000011,31.536662,301.153,-7.9872,82.7805
115118,115.1181,24.8814,0.000015,31.536671,301.153,-7.9872,82.1267
115210,115.2104,24.8814,-0.000028,31.536645,301.153,-7.9872,81.3892
115270,115.2695,24.8814,0.000030,31.536667,301.153,-7.9872,80.9169
115324,115.3244,24.8814,-0.000014,31.536677,301.153,-7.9872,80.4783
115379,115.3792,24.8814,-0.000004,31.536655,301.153,-7.9872,80.0411
115434,115.4339,24.8814,0.000011,31.536668,301.153,-7.9872,79.6038
115496,115.4958,24.8814,-0.000008,31.536667,301.153,-7.9872,79.1094
115569,115.5691,24.8814,0.000008,31.536663,301.153,-7.9872,78.5239
115642,115.6424,24.8814,-0.000008,31.536668,301.153,-7.9872,77.9384
115718,115.7179,24.8814,0.000008,31.536662,301.153,-7.9872,77.3353
115791,115.7909,24.8814,-0.000007,31.536669,301.153,-7.9872,76.7522
115863,115.8633,24.8814,0.000006,31.536661,301.153,-7.9872,76.1744
115935,115.9345,24.8814,-0.000004,31.536669,301.153,-7.9872,75.6055
116005,116.0051,24.8814,0.000003,31.536661,301.153,-7.9872,75.0417
116076,116.0755,24.8814,-0.000001,31.536669,301.153,-7.9872,74.4790
116147,116.1465,24.8814,-0.000000,31.536661,301.153,-7.9872,73.9123
116219,116.2187,24.8814,0.000001,31.536669,301.153,-7.9872,73.3360
116292,116.2924,24.8814,-0.000001,31.536662,301.153,-7.9872,72.7466
116368,116.3677,24.8814,0.000002,31.536669,301.153,-7.9872,72.1451
116444,116.4437,24.8814,-0.000002,31.536661,301.153,-7.9872,71.5387
116519,116.5191,24.8814,0.000002,31.536669,301.153,-7.9872,70.9363
116593,116.5935,24.8814,-0.000003,31.536661,301.153,-7.9872,70.3423
116667,116.6673,24.8814,0.000003,31.536669,301.153,-7.9872,69.7526
116742,116.7415,24.8814,-0.000004,31.536661,301.153,-7.9872,69.1595
116817,116.8169,24.8814,0.000004,31.536669,301.153,-7.9872,68.5575
116893,116.8932,24.8814,-0.000005,31.536661,301.153,-7.9872,67.9480
116969,116.9694,24.8814,0.000005,31.536670,301.153,-7.9872,67.3400
117044,117.0441,24.8814,-0.000006,31.536660,301.153,-7.9872,66.7430
117118,117.1176,24.8814,0.000006,31.536670,301.153,-7.9872,66.1558
117192,117.1915,24.8814,-0.000007,31.536661,301.153,-7.9872,65.5653
117268,117.2679,24.8814,0.000008,31.536670,301.153,-7.9872,64.9555
117347,117.3472,24.8814,-0.000009,31.536659,301.153,-7.9872,64.3222
117426,117.4259,24.8814,0.000010,31.536673,301.153,-7.9872,63.6938
117498,117.4985,24.8814,-0.000011,31.536659,301.153,-7.9872,63.1137
117566,117.5660,24.8814,0.000011,31.536668,301.153,-7.9872,62.5742
117636,117.6362,24.8814,-0.000011,31.536664,301.153,-7.9872,62.0138
117717,117.7169,24.8814,0.000014,31.536668,301.153,-7.9872,61.3688
117798,117.7977,24.8814,-0.000018,31.536660,301.153,-7.9872,60.7237
117876,117.8759,24.8814,0.000020,31.536672,301.153,-7.9872,60.0990
117954,117.9541,24.8814,-0.000024,31.536657,301.153,-7.9872,59.4744
118038,118.0375,24.8814,0.000032,31.536682,301.153,-7.9872,58.8084
118099,118.0994,24.8814,-0.000030,31.536664,301.153,-7.9872,58.3144
118157,118.1572,24.8814,0.000016,31.536655,301.153,-7.9872,57.8523
118211,118.2108,24.8814,0.000004,31.536676,301.153,-7.9872,57.4245
118264,118.2643,24.8814,-0.000011,31.536662,301.153,-7.9872,56.9967
118326,118.3259,24.8814,0.000009,31.536664,301.153,-7.9872,56.5047
118399,118.3986,24.8814,-0.000008,31.536668,301.153,-7.9872,55.9241
118471,118.4713,24.8814,0.000007,31.536662,301.153,-7.9872,55.3435
118546,118.5462,24.8814,-0.000007,31.536668,301.153,-7.9872,54.7454
118619,118.6187,24.8814,0.000006,31.536661,301.153,-7.9872,54.1660
118691,118.6906,24.8814,-0.000005,31.536669,301.153,-7.9872,53.5918
118762,118.7617,24.8814,0.000003,31.536661,301.153,-7.9872,53.0243
118832,118.8324,24.8814,-0.000002,31.536669,301.153,-7.9872,52.4593
118903,118.9034,24.8814,0.000000,31.536661,301.153,-7.9872,51.8926
118975,118.9752,24.8814,0.000001,31.536669,301.153,-7.9872,51.3191
119048,119.0483,24.8814,-0.000001,31.536662,301.153,-7.9872,50.7348
119123,119.1230,24.8814,0.000001,31.536669,301.153,-7.9872,50.1387
119199,119.1985,24.8814,-0.000002,31.536661,301.153,-7.9872,49.5350
119274,119.2741,24.8814,0.000002,31.536669,301.153,-7.9872,48.9313
119349,119.3489,24.8814,-0.000002,31.536661,301.153,-7.9872,48.3337
119423,119.4231,24.8814,0.000003,31.536669,301.153,-7.9872,47.7417
119497,119.4971,24.8814,-0.000003,31.536661,301.153,-7.9872,47.1500
119572,119.5720,24.8814,0.000004,31.536669,301.153,-7.9872,46.5524
119648,119.6477,24.8814,-0.000004,31.536661,301.153,-7.9872,45.9473
119724,119.7238,24.8814,0.000005,31.536670,301.153,-7.9872,45.3392
119799,119.7993,24.8814,-0.000005,31.536660,301.153,-7.9872,44.7369
119873,119.8735,24.8814,0.000006,31.536670,301.153,-7.9872,44.1439
119947,119.9473,24.8814,-0.000006,31.536661,301.153,-7.9872,43.5542
120022,120.0224,24.8814,0.000007,31.536669,301.153,-7.9872,42.9548
120100,120.0997,24.8814,-0.000008,31.536660,301.153,-7.9872,42.3369
120178,120.1783,24.8814,0.000009,31.536672,301.153,-7.9872,41.7091
120254,120.2542,24.8814,-0.000010,31.536658,301.153,-7.9872,41.1031
120325,120.3251,24.8814,0.000011,31.536670,301.153,-7.9872,40.5371
120395,120.3945,24.8814,-0.000011,31.536663,301.153,-7.9872,39.9824
120471,120.4707,24.8814,0.000012,31.536668,301.153,-7.9872,39.3740
120545,120.5451,24.8814,-0.000012,31.536663,301.153,-7.9872,38.7798
120619,120.6195,24.8814,0.000012,31.536667,301.153,-7.9872,38.1856
120689,120.6887,24.8814,-0.000011,31.536666,301.153,-7.9872,37.6327
120758,120.7579,24.8814,0.000009,31.536663,301.153,-7.9872,37.0799
120829,120.8287,24.8814,-0.000007,31.536668,301.153,-7.9872,36.5141
120900,120.8996,24.8814,0.000006,31.536661,301.153,-7.9872,35.9484
120972,120.9722,24.8814,-0.000005,31.536669,301.153,-7.9872,35.3681
121043,121.0434,24.8814,0.000003,31.536661,301.153,-7.9872,34.7997
121114,121.1144,24.8814,-0.000002,31.536669,301.153,-7.9872,34.2329
121186,121.1855,24.8814,0.000000,31.536661,301.153,-7.9872,33.6643
121258,121.2575,24.8814,0.000000,31.536669,301.153,-7.9872,33.0893
121331,121.3308,24.8814,-0.000001,31.536662,301.153,-7.9872,32.5044
121405,121.4053,24.8814,0.000001,31.536669,301.153,-7.9872,31.9088
121481,121.4808,24.8814,-0.000002,31.536661,301.153,-7.9872,31.3063
121556,121.5562,24.8814,0.000002,31.536669,301.153,-7.9872,30.7036
121631,121.6310,24.8814,-0.000002,31.536661,301.153,-7.9872,30.1060
121705,121.7053,24.8814,0.000003,31.536669,301.153,-7.9872,29.5133
121779,121.7794,24.8814,-0.000003,31.536661,301.153,-7.9872,28.9208
121854,121.8542,24.8814,0.000004,31.536669,301.153,-7.9872,28.3234
121930,121.9299,24.8814,-0.000004,31.536661,301.153,-7.9872,27.7193
122006,122.0058,24.8814,0.000005,31.536670,301.153,-7.9872,27.1127
122081,122.0812,24.8814,-0.000005,31.536660,301.153,-7.9872,26.5104
122156,122.1556,24.8814,0.000006,31.536670,301.153,-7.9872,25.9160
122230,122.2297,24.8814,-0.000006,31.536661,301.153,-7.9872,25.3244
122305,122.3047,24.8814,0.000007,31.536669,301.153,-7.9872,24.7253
122382,122.3816,24.8814,-0.000008,31.536660,301.153,-7.9872,24.1109
122460,122.4596,24.8814,0.000009,31.536671,301.153,-7.9872,23.4881
122536,122.5356,24.8814,-0.000010,31.536659,301.153,-7.9872,22.8815
122607,122.6074,24.8814,0.000010,31.536670,301.153,-7.9872,22.3073
122678,122.6779,24.8814,-0.000010,31.536662,301.153,-7.9872,21.7444
122754,122.7535,24.8814,0.000011,31.536668,301.153,-7.9872,21.1404
122849,122.8491,24.8814,-0.000026,31.536651,301.153,-7.9872,20.3772
122910,122.9096,24.8814,0.000025,31.536665,301.153,-7.9872,19.8938
122969,122.9688,24.8814,-0.000013,31.536674,301.153,-7.9872,19.4214
123026,123.0257,24.8814,-0.000001,31.536656,301.153,-7.9872,18.9665
123083,123.0827,24.8814,0.000008,31.536670,301.153,-7.9872,18.5117
123146,123.1459,24.8814,-0.000008,31.536664,301.153,-7.9872,18.0066
123221,123.2213,24.8814,0.000008,31.536666,301.153,-7.9872,17.4044
123298,123.2980,24.8814,-0.000009,31.536664,301.153,-7.9872,16.7918
123375,123.3747,24.8814,0.000010,31.536666,301.153,-7.9872,16.1792
123453,123.4528,24.8814,-0.000012,31.536664,301.153,-7.9872,15.5552
123531,123.5309,24.8814,0.000014,31.536667,301.153,-7.9872,14.9312
123609,123.6089,24.8814,-0.000016,31.536662,301.153,-7.9872,14.3088
123687,123.6868,24.8814,0.000019,31.536669,301.153,-7.9872,13.6864
123752,123.7525,24.8814,-0.000016,31.536666,301.153,-7.9872,13.1618
123818,123.8181,24.8814,0.000011,31.536661,301.153,-7.9872,12.6372
123884,123.8838,24.8814,-0.000005,31.536671,301.153,-7.9872,12.1126
123949,123.9495,24.8814,0.000001,31.536660,301.153,-7.9872,11.5881
124017,124.0170,24.8814,0.000001,31.536670,301.153,-7.9872,11.0487
124086,124.0860,24.8814,-0.000003,31.536662,301.153,-7.9872,10.4978
124159,124.1585,24.8814,0.000003,31.536668,301.153,-7.9872,9.9185
124236,124.2359,24.8814,-0.000004,31.536662,301.153,-7.9872,9.3008
124316,124.3165,24.8814,0.000004,31.536670,301.153,-7.9872,8.6571
124395,124.3946,24.8814,-0.000004,31.536659,301.153,-7.9872,8.0326
124467,124.4666,24.8814,0.000005,31.536671,301.153,-7.9872,7.4577
124535,124.5354,24.8814,-0.000006,31.536662,301.153,-7.9872,6.9083
124607,124.6069,24.8814,0.000006,31.536668,301.153,-7.9872,6.3376
124687,124.6870,24.8814,-0.000008,31.536661,301.153,-7.9872,5.6971
124782,124.7820,24.8814,0.000016,31.536679,301.153,-7.9872,4.9386
124844,124.8435,24.8814,-0.000019,31.536661,301.153,-7.9872,4.4471
124902,124.9023,24.8814,0.000013,31.536661,301.153,-7.9872,3.9778
124967,124.9673,24.8814,-0.000007,31.536671,301.153,-7.9872,3.4590
125032,125.0322,24.8814,0.000001,31.536659,301.153,-7.9872,2.9403
125099,125.0985,24.8814,0.000002,31.536670,301.153,-7.9872,2.4107
125166,125.1661,24.8814,-0.000003,31.536662,301.153,-7.9872,1.8709
125238,125.2377,24.8814,0.000004,31.536668,301.153,-7.9872,1.2991
125316,125.3157,24.8814,-0.000004,31.536662,301.153,-7.9872,0.6759
125399,125.3995,24.8814,0.000005,31.536671,301.153,-7.9872,0.0066
125400,125.4003,24.8814,0.000005,31.536671,301.153,-7.9872,0.0000
