millis,ax_ms2,ay_ms2,az_ms2,gx_rads,gy_rads,gz_rads,pressao_Pa,altura_m,vz_ms,mag_giroscopia_rads
1947,-0.54,-0.74,9.63,0.0165,0.0131,-0.0063,92443.39,767.17,0.00,0.0220
2000,-0.53,-0.74,9.60,0.0149,0.0103,-0.0045,92443.39,767.17,0.00,0.0187
2055,-0.52,-0.75,9.59,0.0144,0.0128,-0.0068,92443.39,767.17,0.00,0.0204
2107,-0.53,-0.73,9.62,0.0152,0.0153,-0.0073,92443.70,767.15,-0.16,0.0228
2157,-0.55,-0.74,9.60,0.0139,0.0139,-0.0049,92443.70,767.15,-0.11,0.0202
2209,-0.55,-0.74,9.62,0.0132,0.0148,-0.0060,92443.70,767.15,-0.08,0.0207
2262,-0.55,-0.75,9.63,0.0148,0.0155,-0.0041,92443.70,767.15,-0.05,0.0218
2316,-0.54,-0.75,9.62,0.0165,0.0111,-0.0048,92443.70,767.15,-0.04,0.0205
2369,-0.52,-0.74,9.63,0.0140,0.0140,-0.0049,92443.70,767.15,-0.03,0.0204
2423,-0.54,-0.73,9.61,0.0139,0.0145,-0.0073,92443.70,767.15,-0.02,0.0214
2476,-0.53,-0.75,9.64,0.0189,0.0144,-0.0059,92443.70,767.15,-0.01,0.0245
2530,-0.55,-0.74,9.63,0.0135,0.0125,-0.0076,92443.70,767.15,-0.01,0.0199
2583,-0.52,-0.77,9.65,0.0163,0.0143,-0.0061,92443.70,767.15,-0.01,0.0225
2636,-0.55,-0.75,9.60,0.0137,0.0164,-0.0053,92443.53,767.16,0.08,0.0220
2688,-0.53,-0.74,9.65,0.0148,0.0133,-0.0045,92443.53,767.16,0.06,0.0204
2738,-0.54,-0.73,9.64,0.0159,0.0125,-0.0081,92443.53,767.16,0.04,0.0218
2790,-0.54,-0.77,9.60,0.0147,0.0128,-0.0056,92443.53,767.16,0.03,0.0202
2840,-0.54,-0.74,9.63,0.0161,0.0117,-0.0077,92443.53,767.16,0.02,0.0214
2892,-0.53,-0.72,9.63,0.0125,0.0143,-0.0048,92443.53,767.16,0.01,0.0196
2942,-0.54,-0.74,9.62,0.0191,0.0117,-0.0075,92443.53,767.16,0.01,0.0236
2993,-0.53,-0.74,9.62,0.0168,0.0147,-0.0051,92443.53,767.16,0.01,0.0229
3046,-0.50,-0.75,9.64,0.0161,0.0127,-0.0061,92443.53,767.16,0.00,0.0214
3100,-0.59,-0.76,9.65,0.0152,0.0117,-0.0069,92443.53,767.16,0.00,0.0204
3153,-0.52,-0.75,9.64,0.0192,0.0124,-0.0084,92443.36,767.18,0.09,0.0243
3206,-0.53,-0.72,9.64,0.0163,0.0139,-0.0063,92443.36,767.18,0.06,0.0223
3259,-0.53,-0.74,9.63,0.0171,0.0111,-0.0056,92443.36,767.18,0.04,0.0211
3311,-0.54,-0.76,9.65,0.0168,0.0129,-0.0084,92443.36,767.18,0.03,0.0228
3365,-0.57,-0.75,9.64,0.0165,0.0156,-0.0036,92443.36,767.18,0.02,0.0230
3417,-0.57,-0.75,9.63,0.0129,0.0133,-0.0021,92443.36,767.18,0.01,0.0187
3469,-0.53,-0.74,9.63,0.0145,0.0115,-0.0049,92443.36,767.18,0.01,0.0191
3519,-0.52,-0.77,9.62,0.0151,0.0125,-0.0067,92443.36,767.18,0.01,0.0207
3571,-0.56,-0.76,9.64,0.0136,0.0135,-0.0031,92443.36,767.18,0.01,0.0194
3621,-0.55,-0.73,9.65,0.0168,0.0147,-0.0048,92443.36,767.18,0.00,0.0228
3673,-0.54,-0.74,9.65,0.0159,0.0115,-0.0096,92443.36,767.18,0.00,0.0218
3726,-0.53,-0.74,9.63,0.0147,0.0123,-0.0087,92443.53,767.16,-0.08,0.0210
3780,-0.54,-0.74,9.63,0.0133,0.0145,-0.0071,92443.53,767.16,-0.06,0.0209
3833,-0.55,-0.77,9.62,0.0175,0.0140,-0.0073,92443.53,767.16,-0.04,0.0235
3887,-0.54,-0.73,9.61,0.0172,0.0132,-0.0056,92443.53,767.16,-0.03,0.0224
3940,-0.55,-0.72,9.64,0.0155,0.0117,-0.0047,92443.53,767.16,-0.02,0.0200
3994,-0.54,-0.70,9.61,0.0145,0.0133,-0.0049,92443.53,767.16,-0.01,0.0203
4047,-0.51,-0.75,9.63,0.0152,0.0125,-0.0080,92443.53,767.16,-0.01,0.0212
4105,-0.54,-0.74,9.63,0.0176,0.0128,-0.0060,92443.53,767.16,-0.01,0.0226
4157,-0.52,-0.73,9.65,0.0149,0.0132,-0.0060,92443.53,767.16,-0.00,0.0208
4207,-0.54,-0.76,9.62,0.0191,0.0109,-0.0063,92443.53,767.16,-0.00,0.0228
4259,-0.51,-0.76,9.66,0.0147,0.0135,-0.0028,92443.36,767.18,0.09,0.0201
4309,-0.51,-0.71,9.63,0.0156,0.0132,-0.0040,92443.36,767.18,0.06,0.0208
4361,-0.55,-0.78,9.62,0.0160,0.0136,-0.0048,92443.36,767.18,0.04,0.0215
4411,-0.54,-0.74,9.64,0.0177,0.0116,-0.0040,92443.36,767.18,0.03,0.0215
4463,-0.56,-0.75,9.62,0.0145,0.0140,-0.0088,92443.36,767.18,0.02,0.0220
4516,-0.54,-0.75,9.60,0.0128,0.0155,-0.0068,92443.36,767.18,0.01,0.0212
4570,-0.53,-0.74,9.64,0.0143,0.0137,-0.0044,92443.36,767.18,0.01,0.0203
4623,-0.50,-0.73,9.62,0.0157,0.0135,-0.0045,92443.36,767.18,0.01,0.0212
4677,-0.53,-0.73,9.61,0.0147,0.0116,-0.0025,92443.36,767.18,0.00,0.0189
4730,-0.57,-0.77,9.65,0.0164,0.0148,-0.0023,92443.36,767.18,0.00,0.0222
4784,-0.58,-0.76,9.60,0.0147,0.0136,-0.0064,92443.19,767.19,0.09,0.0210
4850,-0.51,-0.76,9.67,0.0172,0.0127,-0.0071,92443.19,767.19,0.06,0.0225
4902,-0.53,-0.73,9.64,0.0147,0.0160,-0.0072,92443.19,767.19,0.04,0.0229
4954,-0.58,-0.78,9.65,0.0185,0.0140,-0.0036,92443.19,767.19,0.03,0.0235
5006,-0.55,-0.78,9.63,0.0172,0.0132,-0.0073,92443.19,767.19,0.02,0.0229
5058,-0.52,-0.74,9.63,0.0153,0.0135,-0.0028,92443.19,767.19,0.02,0.0206
5110,-0.52,-0.71,9.59,0.0152,0.0132,-0.0051,92443.19,767.19,0.01,0.0207
5162,-0.55,-0.74,9.63,0.0149,0.0116,-0.0051,92443.19,767.19,0.01,0.0196
5218,-0.54,-0.73,9.62,0.0152,0.0133,-0.0028,92443.19,767.19,0.01,0.0204
5268,-0.53,-0.75,9.64,0.0161,0.0140,-0.0045,92443.19,767.19,0.00,0.0218
5322,-0.51,-0.70,9.62,0.0156,0.0119,-0.0065,92443.36,767.18,-0.08,0.0206
5372,-0.51,-0.73,9.65,0.0139,0.0152,-0.0061,92443.36,767.18,-0.06,0.0215
5426,-0.53,-0.74,9.64,0.0161,0.0147,-0.0029,92443.36,767.18,-0.04,0.0220
5476,-0.59,-0.74,9.64,0.0155,0.0131,-0.0063,92443.36,767.18,-0.03,0.0212
5530,-0.55,-0.71,9.65,0.0164,0.0124,-0.0039,92443.36,767.18,-0.02,0.0209
5585,-0.57,-0.76,9.64,0.0168,0.0141,-0.0056,92443.36,767.18,-0.01,0.0226
5637,-0.53,-0.75,9.65,0.0160,0.0131,-0.0048,92443.36,767.18,-0.01,0.0212
5689,-0.52,-0.73,9.64,0.0163,0.0147,-0.0044,92443.36,767.18,-0.01,0.0223
5741,-0.52,-0.74,9.63,0.0168,0.0125,-0.0055,92443.36,767.18,-0.00,0.0216
5793,-0.53,-0.71,9.63,0.0148,0.0133,-0.0055,92443.36,767.18,-0.00,0.0206
5845,-0.50,-0.76,9.63,0.0163,0.0148,-0.0073,92443.36,767.18,-0.00,0.0232
5897,-0.53,-0.74,9.64,0.0141,0.0129,-0.0079,92443.36,767.18,-0.00,0.0207
5952,-0.53,-0.75,9.63,0.0183,0.0129,-0.0037,92443.36,767.18,-0.00,0.0227
6006,-0.55,-0.74,9.64,0.0163,0.0144,-0.0053,92443.36,767.18,-0.00,0.0224
6056,-0.55,-0.73,9.63,0.0157,0.0149,-0.0049,92443.36,767.18,-0.00,0.0222
6115,-0.51,-0.75,9.62,0.0145,0.0129,-0.0040,92443.36,767.18,-0.00,0.0198
6165,-0.52,-0.74,9.65,0.0161,0.0135,-0.0056,92443.36,767.18,-0.00,0.0217
6219,-0.53,-0.72,9.62,0.0175,0.0140,-0.0068,92443.36,767.18,-0.00,0.0234
6269,-0.53,-0.78,9.64,0.0152,0.0135,-0.0053,92443.36,767.18,-0.00,0.0210
6326,-0.52,-0.75,9.60,0.0176,0.0131,-0.0065,92443.36,767.18,-0.00,0.0229
6378,-0.55,-0.73,9.62,0.0176,0.0143,-0.0057,92442.84,767.22,0.27,0.0234
6430,-0.50,-0.73,9.63,0.0156,0.0145,-0.0041,92442.84,767.22,0.19,0.0217
6482,-0.53,-0.74,9.62,0.0179,0.0117,-0.0067,92442.84,767.22,0.13,0.0224
6534,-0.49,-0.72,9.64,0.0143,0.0139,-0.0049,92442.84,767.22,0.09,0.0205
6586,-0.51,-0.75,9.63,0.0171,0.0139,-0.0076,92442.84,767.22,0.06,0.0232
6638,-0.52,-0.73,9.64,0.0143,0.0143,-0.0076,92442.84,767.22,0.04,0.0215
6694,-0.55,-0.74,9.63,0.0144,0.0145,-0.0061,92442.84,767.22,0.03,0.0213
6744,-0.52,-0.75,9.63,0.0127,0.0141,-0.0072,92442.84,767.22,0.02,0.0203
6798,-0.58,-0.75,9.63,0.0165,0.0132,-0.0061,92442.84,767.22,0.02,0.0220
6848,-0.56,-0.72,9.65,0.0179,0.0127,-0.0079,92442.84,767.22,0.01,0.0233
6902,-0.51,-0.76,9.63,0.0136,0.0141,-0.0088,92442.84,767.22,0.01,0.0215
6952,-0.53,-0.75,9.64,0.0168,0.0156,-0.0057,92442.84,767.22,0.01,0.0236
7006,-0.56,-0.69,9.66,0.0148,0.0147,-0.0047,92442.84,767.22,0.00,0.0213
7061,-0.56,-0.73,9.63,0.0133,0.0144,-0.0079,92442.84,767.22,0.00,0.0211
7113,-0.53,-0.74,9.64,0.0156,0.0113,-0.0087,92442.84,767.22,0.00,0.0211
7165,-0.54,-0.73,9.63,0.0133,0.0133,-0.0061,92442.84,767.22,0.00,0.0198
7217,-0.51,-0.72,9.63,0.0145,0.0137,-0.0061,92442.84,767.22,0.00,0.0209
7269,-0.55,-0.75,9.63,0.0147,0.0117,-0.0079,92442.84,767.22,0.00,0.0203
7321,-0.55,-0.73,9.67,0.0159,0.0112,-0.0084,92442.84,767.22,0.00,0.0211
7373,-0.53,-0.73,9.64,0.0153,0.0168,-0.0072,92442.84,767.22,0.00,0.0238
7428,-0.56,-0.72,9.66,0.0152,0.0155,-0.0071,92442.68,767.24,0.08,0.0228
7482,-0.50,-0.75,9.64,0.0168,0.0115,-0.0087,92442.68,767.24,0.06,0.0221
7532,-0.54,-0.77,9.64,0.0148,0.0129,-0.0064,92442.68,767.24,0.04,0.0207
7586,-0.57,-0.73,9.67,0.0127,0.0157,-0.0053,92442.68,767.24,0.03,0.0209
7636,-0.51,-0.75,9.64,0.0189,0.0092,-0.0081,92442.68,767.24,0.02,0.0225
7690,-0.53,-0.72,9.66,0.0144,0.0137,-0.0100,92442.68,767.24,0.01,0.0223
7740,-0.54,-0.75,9.65,0.0177,0.0127,-0.0049,92442.68,767.24,0.01,0.0223
7808,-0.50,-0.74,9.64,0.0151,0.0147,-0.0056,92442.68,767.24,0.01,0.0217
7858,-0.52,-0.74,9.66,0.0155,0.0103,-0.0063,92442.68,767.24,0.00,0.0196
7912,-0.50,-0.75,9.62,0.0163,0.0133,-0.0069,92442.68,767.24,0.00,0.0221
7962,-0.56,-0.75,9.65,0.0144,0.0115,-0.0055,92442.52,767.25,0.09,0.0192
8016,-0.52,-0.71,9.66,0.0123,0.0139,-0.0049,92442.52,767.25,0.06,0.0191
8066,-0.53,-0.77,9.65,0.0167,0.0148,-0.0059,92442.52,767.25,0.04,0.0230
8125,-0.54,-0.74,9.64,0.0151,0.0141,-0.0063,92442.52,767.25,0.03,0.0216
8180,-0.51,-0.77,9.63,0.0155,0.0135,-0.0051,92442.52,767.25,0.02,0.0211
8232,-0.53,-0.77,9.65,0.0147,0.0116,-0.0061,92442.52,767.25,0.02,0.0197
8284,-0.55,-0.74,9.62,0.0167,0.0107,-0.0073,92442.52,767.25,0.01,0.0211
8336,-0.51,-0.71,9.62,0.0157,0.0121,-0.0044,92442.52,767.25,0.01,0.0203
8388,-0.52,-0.74,9.64,0.0128,0.0143,-0.0051,92442.52,767.25,0.01,0.0198
8440,-0.51,-0.74,9.64,0.0153,0.0139,-0.0072,92442.52,767.25,0.00,0.0219
8492,-0.53,-0.72,9.62,0.0171,0.0123,-0.0048,92442.52,767.25,0.00,0.0215
8547,-0.52,-0.74,9.64,0.0153,0.0152,-0.0068,92442.52,767.25,0.00,0.0226
8601,-0.53,-0.76,9.63,0.0148,0.0152,-0.0087,92442.52,767.25,0.00,0.0229
8651,-0.52,-0.74,9.66,0.0131,0.0149,-0.0064,92442.52,767.25,0.00,0.0208
8705,-0.55,-0.77,9.64,0.0152,0.0121,-0.0073,92442.52,767.25,0.00,0.0208
8756,-0.53,-0.72,9.65,0.0129,0.0153,-0.0072,92442.52,767.25,0.00,0.0213
8810,-0.60,-0.74,9.64,0.0140,0.0171,-0.0055,92442.52,767.25,0.00,0.0227
8860,-0.52,-0.71,9.68,0.0131,0.0144,-0.0044,92442.52,767.25,0.00,0.0199
8917,-0.53,-0.73,9.64,0.0167,0.0111,-0.0061,92442.52,767.25,0.00,0.0209
8969,-0.54,-0.73,9.67,0.0151,0.0155,-0.0077,92442.52,767.25,0.00,0.0229
9021,-0.51,-0.73,9.61,0.0149,0.0140,-0.0072,92442.52,767.25,0.00,0.0217
9073,-0.50,-0.74,9.62,0.0155,0.0148,-0.0051,92442.34,767.27,0.09,0.0220
9125,-0.52,-0.72,9.62,0.0144,0.0136,-0.0056,92442.34,767.27,0.07,0.0206
9177,-0.52,-0.73,9.64,0.0133,0.0159,-0.0069,92442.34,767.27,0.05,0.0218
9229,-0.56,-0.77,9.62,0.0181,0.0141,-0.0075,92442.34,767.27,0.03,0.0242
9285,-0.53,-0.70,9.59,0.0179,0.0107,-0.0065,92442.34,767.27,0.02,0.0218
9335,-0.50,-0.76,9.65,0.0144,0.0103,-0.0052,92442.34,767.27,0.02,0.0184
9389,-0.55,-0.74,9.65,0.0168,0.0145,-0.0060,92442.34,767.27,0.01,0.0230
9439,-0.51,-0.73,9.62,0.0153,0.0135,-0.0065,92442.34,767.27,0.01,0.0214
9493,-0.52,-0.75,9.64,0.0160,0.0135,-0.0061,92442.34,767.27,0.01,0.0218
9543,-0.55,-0.72,9.64,0.0159,0.0079,-0.0037,92442.34,767.27,0.00,0.0181
9597,-0.50,-0.76,9.64,0.0168,0.0140,-0.0052,92442.17,767.28,0.09,0.0225
9652,-0.54,-0.75,9.65,0.0188,0.0145,-0.0071,92442.17,767.28,0.06,0.0248
9704,-0.55,-0.75,9.64,0.0144,0.0127,-0.0053,92442.17,767.28,0.04,0.0199
9756,-0.55,-0.74,9.65,0.0175,0.0099,-0.0057,92442.17,767.28,0.03,0.0208
9808,-0.53,-0.73,9.64,0.0156,0.0116,-0.0048,92442.17,767.28,0.02,0.0200
9860,-0.53,-0.74,9.68,0.0171,0.0133,-0.0057,92442.17,767.28,0.01,0.0224
9912,-0.55,-0.76,9.66,0.0189,0.0140,-0.0069,92442.17,767.28,0.01,0.0245
9964,-0.50,-0.73,9.64,0.0164,0.0129,-0.0076,92442.17,767.28,0.01,0.0222
10019,-0.52,-0.76,9.62,0.0140,0.0145,-0.0049,92442.17,767.28,0.01,0.0208
10073,-0.53,-0.71,9.62,0.0181,0.0129,-0.0069,92442.17,767.28,0.00,0.0233
10128,-0.56,-0.74,9.62,0.0144,0.0129,-0.0068,92442.17,767.28,0.00,0.0205
10182,-0.51,-0.72,9.61,0.0163,0.0152,-0.0047,92442.17,767.28,0.00,0.0227
10232,-0.51,-0.73,9.63,0.0160,0.0129,-0.0059,92442.17,767.28,0.00,0.0214
10286,-0.56,-0.71,9.63,0.0153,0.0131,-0.0065,92442.17,767.28,0.00,0.0212
10337,-0.55,-0.72,9.62,0.0153,0.0149,-0.0067,92442.17,767.28,0.00,0.0224
10394,-0.51,-0.77,9.62,0.0159,0.0125,-0.0051,92442.17,767.28,0.00,0.0208
10446,-0.56,-0.74,9.67,0.0195,0.0111,-0.0063,92442.17,767.28,0.00,0.0232
10498,-0.52,-0.74,9.66,0.0164,0.0149,-0.0076,92442.17,767.28,0.00,0.0234
10550,-0.54,-0.75,9.66,0.0149,0.0144,-0.0072,92442.17,767.28,0.00,0.0219
10602,-0.52,-0.72,9.64,0.0152,0.0129,-0.0043,92442.17,767.28,0.00,0.0204
10654,-0.52,-0.73,9.63,0.0157,0.0127,-0.0063,92442.34,767.27,-0.09,0.0211
10706,-0.54,-0.73,9.66,0.0151,0.0145,-0.0053,92442.34,767.27,-0.06,0.0216
10773,-0.54,-0.74,9.64,0.0147,0.0137,-0.0064,92442.34,767.27,-0.04,0.0211
10825,-0.51,-0.72,9.63,0.0159,0.0137,-0.0053,92442.34,767.27,-0.03,0.0216
10877,-0.53,-0.71,9.63,0.0140,0.0137,-0.0064,92442.34,767.27,-0.02,0.0206
10929,-0.49,-0.72,9.64,0.0125,0.0139,-0.0057,92442.34,767.27,-0.01,0.0195
10981,-0.52,-0.72,9.65,0.0152,0.0131,-0.0041,92442.34,767.27,-0.01,0.0205
11033,-0.54,-0.73,9.63,0.0140,0.0145,-0.0043,92442.34,767.27,-0.01,0.0206
11085,-0.53,-0.76,9.65,0.0164,0.0111,-0.0069,92442.34,767.27,-0.01,0.0209
11140,-0.53,-0.73,9.63,0.0151,0.0147,-0.0096,92442.34,767.27,-0.00,0.0231
11194,-0.52,-0.74,9.62,0.0152,0.0140,-0.0056,92442.00,767.30,0.17,0.0214
11244,-0.53,-0.73,9.63,0.0148,0.0149,-0.0045,92442.00,767.30,0.12,0.0215
11298,-0.55,-0.76,9.61,0.0160,0.0128,-0.0048,92442.00,767.30,0.08,0.0210
11348,-0.52,-0.74,9.63,0.0187,0.0131,-0.0057,92442.00,767.30,0.06,0.0235
11402,-0.49,-0.74,9.65,0.0153,0.0149,-0.0056,92442.00,767.30,0.04,0.0221
11457,-0.52,-0.74,9.61,0.0136,0.0161,-0.0087,92442.00,767.30,0.03,0.0228
11509,-0.55,-0.74,9.64,0.0141,0.0155,-0.0053,92442.00,767.30,0.02,0.0216
11561,-0.51,-0.73,9.63,0.0184,0.0137,-0.0053,92442.00,767.30,0.01,0.0236
11613,-0.51,-0.74,9.65,0.0125,0.0177,-0.0061,92442.00,767.30,0.01,0.0225
11665,-0.52,-0.75,9.61,0.0167,0.0131,-0.0051,92442.00,767.30,0.01,0.0218
11717,-0.54,-0.75,9.63,0.0157,0.0133,-0.0071,92442.14,767.29,-0.07,0.0218
11769,-0.51,-0.71,9.62,0.0141,0.0123,-0.0047,92442.14,767.29,-0.05,0.0193
11824,-0.60,-0.75,9.66,0.0164,0.0117,-0.0044,92442.14,767.29,-0.03,0.0206
11878,-0.53,-0.70,9.64,0.0147,0.0132,-0.0053,92442.14,767.29,-0.02,0.0204
11928,-0.51,-0.76,9.64,0.0155,0.0155,-0.0056,92442.14,767.29,-0.02,0.0226
11982,-0.55,-0.71,9.62,0.0147,0.0127,-0.0079,92442.14,767.29,-0.01,0.0209
12032,-0.51,-0.76,9.62,0.0141,0.0133,-0.0089,92442.14,767.29,-0.01,0.0214
12086,-0.54,-0.74,9.66,0.0141,0.0136,-0.0059,92442.14,767.29,-0.01,0.0205
12141,-0.52,-0.75,9.67,0.0148,0.0153,-0.0057,92442.14,767.29,-0.00,0.0221
12198,-0.52,-0.72,9.63,0.0136,0.0139,-0.0059,92442.14,767.29,-0.00,0.0203
12250,-0.54,-0.77,9.61,0.0141,0.0127,-0.0080,92442.14,767.29,-0.00,0.0206
12302,-0.56,-0.74,9.64,0.0185,0.0147,-0.0072,92442.14,767.29,-0.00,0.0247
12354,-0.51,-0.70,9.65,0.0167,0.0115,-0.0041,92442.14,767.29,-0.00,0.0206
12406,-0.53,-0.74,9.60,0.0157,0.0131,-0.0076,92442.14,767.29,-0.00,0.0218
12458,-0.54,-0.76,9.64,0.0163,0.0131,-0.0051,92442.14,767.29,-0.00,0.0215
12510,-0.51,-0.74,9.62,0.0159,0.0140,-0.0056,92442.14,767.29,-0.00,0.0219
12567,-0.52,-0.71,9.60,0.0125,0.0104,-0.0028,92442.14,767.29,-0.00,0.0165
12617,-0.53,-0.70,9.67,0.0151,0.0144,-0.0065,92442.14,767.29,-0.00,0.0218
12671,-0.53,-0.74,9.62,0.0160,0.0132,-0.0076,92442.14,767.29,-0.00,0.0221
12721,-0.56,-0.71,9.66,0.0144,0.0132,-0.0027,92442.14,767.29,-0.00,0.0197
12775,-0.57,-0.77,9.64,0.0165,0.0108,-0.0083,92441.80,767.32,0.17,0.0214
12825,-0.51,-0.74,9.64,0.0177,0.0125,-0.0087,92441.80,767.32,0.12,0.0234
12879,-0.51,-0.76,9.64,0.0144,0.0128,-0.0049,92441.80,767.32,0.08,0.0199
12934,-0.56,-0.74,9.67,0.0129,0.0128,-0.0017,92441.80,767.32,0.06,0.0183
12986,-0.56,-0.75,9.66,0.0139,0.0121,-0.0076,92441.80,767.32,0.04,0.0199
13038,-0.52,-0.72,9.63,0.0168,0.0131,-0.0085,92441.80,767.32,0.03,0.0229
13090,-0.53,-0.73,9.65,0.0157,0.0135,-0.0056,92441.80,767.32,0.02,0.0214
13142,-0.51,-0.74,9.65,0.0163,0.0128,-0.0056,92441.80,767.32,0.01,0.0214
13194,-0.49,-0.72,9.66,0.0156,0.0140,-0.0037,92441.80,767.32,0.01,0.0213
13246,-0.50,-0.74,9.65,0.0111,0.0145,-0.0069,92441.80,767.32,0.01,0.0195
13301,-0.55,-0.73,9.68,0.0153,0.0141,-0.0061,92441.80,767.32,0.00,0.0217
13355,-0.53,-0.71,9.65,0.0151,0.0152,-0.0053,92441.97,767.30,-0.08,0.0220
13405,-0.55,-0.77,9.65,0.0183,0.0159,-0.0072,92441.97,767.30,-0.06,0.0252
13459,-0.51,-0.76,9.63,0.0159,0.0149,-0.0045,92441.97,767.30,-0.04,0.0222
13509,-0.55,-0.74,9.62,0.0145,0.0119,-0.0035,92441.97,767.30,-0.03,0.0191
13563,-0.51,-0.75,9.66,0.0165,0.0135,-0.0060,92441.97,767.30,-0.02,0.0221
13613,-0.51,-0.77,9.62,0.0135,0.0157,-0.0043,92441.97,767.30,-0.01,0.0211
13681,-0.46,-0.71,9.60,0.0163,0.0161,-0.0053,92441.97,767.30,-0.01,0.0235
13731,-0.55,-0.75,9.62,0.0137,0.0111,-0.0049,92441.97,767.30,-0.01,0.0183
13785,-0.53,-0.74,9.64,0.0137,0.0144,-0.0049,92441.97,767.30,-0.00,0.0205
13835,-0.53,-0.73,9.60,0.0136,0.0123,-0.0051,92441.97,767.30,-0.00,0.0190
13889,-0.52,-0.71,9.63,0.0175,0.0139,-0.0095,92441.97,767.30,-0.00,0.0242
13939,-0.55,-0.69,9.65,0.0139,0.0156,-0.0016,92441.97,767.30,-0.00,0.0209
13996,-0.55,-0.73,9.62,0.0141,0.0124,-0.0052,92441.97,767.30,-0.00,0.0195
14048,-0.51,-0.75,9.64,0.0175,0.0151,-0.0064,92441.97,767.30,-0.00,0.0239
14100,-0.52,-0.73,9.64,0.0148,0.0159,-0.0016,92441.97,767.30,-0.00,0.0217
14157,-0.57,-0.72,9.65,0.0144,0.0135,-0.0047,92441.97,767.30,-0.00,0.0202
14209,-0.54,-0.75,9.62,0.0171,0.0119,-0.0076,92441.97,767.30,-0.00,0.0221
14261,-0.50,-0.71,9.61,0.0135,0.0148,-0.0048,92441.97,767.30,-0.00,0.0206
14313,-0.55,-0.75,9.64,0.0147,0.0127,-0.0008,92441.97,767.30,-0.00,0.0194
14370,-0.54,-0.73,9.61,0.0173,0.0140,-0.0035,92441.97,767.30,-0.00,0.0225
14420,-0.50,-0.73,9.62,0.0160,0.0157,-0.0064,92441.97,767.30,-0.00,0.0233
14474,-0.52,-0.72,9.64,0.0141,0.0139,-0.0055,92441.97,767.30,-0.00,0.0205
14524,-0.54,-0.68,9.63,0.0132,0.0151,-0.0065,92441.97,767.30,-0.00,0.0211
14578,-0.54,-0.75,9.63,0.0163,0.0137,-0.0075,92441.97,767.30,-0.00,0.0225
14628,-0.51,-0.73,9.62,0.0168,0.0143,-0.0055,92441.97,767.30,-0.00,0.0227
14682,-0.55,-0.74,9.64,0.0151,0.0131,-0.0047,92441.97,767.30,-0.00,0.0205
14737,-0.52,-0.72,9.62,0.0160,0.0133,-0.0047,92441.97,767.30,-0.00,0.0213
14789,-0.54,-0.72,9.62,0.0189,0.0123,-0.0061,92441.97,767.30,-0.00,0.0234
14841,-0.54,-0.76,9.62,0.0177,0.0105,-0.0071,92441.97,767.30,-0.00,0.0218
14893,-0.45,-0.70,9.65,0.0163,0.0141,-0.0084,92441.97,767.30,-0.00,0.0231
14945,-0.50,-0.72,9.65,0.0164,0.0157,-0.0096,92441.96,767.30,0.00,0.0247
14997,-0.50,-0.75,9.66,0.0172,0.0128,-0.0076,92441.96,767.30,0.00,0.0227
15049,-0.51,-0.74,9.65,0.0151,0.0124,-0.0099,92441.96,767.30,0.00,0.0218
15104,-0.55,-0.75,9.65,0.0201,0.0112,-0.0060,92441.96,767.30,0.00,0.0238
15158,-0.53,-0.72,9.67,0.0179,0.0121,-0.0075,92441.96,767.30,0.00,0.0228
15208,-0.53,-0.76,9.68,0.0176,0.0131,-0.0056,92441.96,767.30,0.00,0.0226
15262,-0.51,-0.79,9.67,0.0163,0.0132,-0.0055,92441.96,767.30,0.00,0.0216
15312,-0.54,-0.75,9.65,0.0144,0.0128,-0.0056,92441.96,767.30,0.00,0.0200
15366,-0.52,-0.75,9.65,0.0172,0.0132,-0.0040,92441.96,767.30,0.00,0.0220
15416,-0.51,-0.74,9.65,0.0140,0.0135,-0.0059,92441.96,767.30,0.00,0.0203
15473,-0.54,-0.74,9.64,0.0173,0.0149,-0.0072,92441.94,767.31,0.01,0.0240
15525,-0.53,-0.75,9.64,0.0168,0.0139,-0.0063,92441.94,767.31,0.01,0.0226
15577,-0.55,-0.72,9.67,0.0172,0.0151,-0.0047,92441.94,767.31,0.01,0.0233
15627,-0.53,-0.75,9.64,0.0149,0.0120,-0.0064,92441.94,767.31,0.00,0.0202
15681,-0.53,-0.73,9.64,0.0153,0.0144,-0.0057,92441.94,767.31,0.00,0.0218
15732,-0.51,-0.74,9.65,0.0152,0.0155,-0.0052,92441.94,767.31,0.00,0.0223
15782,-0.56,-0.75,9.63,0.0152,0.0133,-0.0087,92441.94,767.31,0.00,0.0220
15838,-0.52,-0.75,9.63,0.0140,0.0172,-0.0029,92441.94,767.31,0.00,0.0224
15888,-0.53,-0.74,9.67,0.0155,0.0133,-0.0091,92441.94,767.31,0.00,0.0223
15942,-0.52,-0.72,9.65,0.0147,0.0135,-0.0057,92441.94,767.31,0.00,0.0207
15992,-0.54,-0.74,9.63,0.0161,0.0120,-0.0037,92441.91,767.31,0.02,0.0204
16046,-0.48,-0.74,9.63,0.0179,0.0116,-0.0051,92441.91,767.31,0.01,0.0219
16096,-0.50,-0.74,9.60,0.0151,0.0121,-0.0077,92441.91,767.31,0.01,0.0208
16150,-0.54,-0.73,9.65,0.0141,0.0131,-0.0076,92441.91,767.31,0.01,0.0207
16210,-0.54,-0.73,9.66,0.0160,0.0132,-0.0063,92441.91,767.31,0.00,0.0217
16262,-0.51,-0.73,9.63,0.0164,0.0143,-0.0067,92441.91,767.31,0.00,0.0227
16314,-0.50,-0.75,9.62,0.0161,0.0145,-0.0051,92441.91,767.31,0.00,0.0223
16366,-0.58,-0.76,9.65,0.0117,0.0161,0.0009,92441.91,767.31,0.00,0.0200
16418,-0.54,-0.74,9.67,0.0152,0.0133,-0.0051,92441.91,767.31,0.00,0.0208
16470,-0.53,-0.72,9.65,0.0195,0.0113,-0.0071,92441.91,767.31,0.00,0.0236
16522,-0.51,-0.71,9.65,0.0148,0.0127,-0.0045,92441.91,767.31,0.00,0.0200
16589,-0.49,-0.73,9.62,0.0179,0.0105,-0.0055,92441.91,767.31,0.00,0.0214
16642,-0.54,-0.73,9.62,0.0161,0.0136,-0.0061,92441.91,767.31,0.00,0.0220
16695,-0.53,-0.73,9.64,0.0160,0.0148,-0.0076,92441.91,767.31,0.00,0.0231
16748,-0.55,-0.76,9.66,0.0175,0.0131,-0.0073,92441.91,767.31,0.00,0.0230
16801,-0.55,-0.71,9.63,0.0135,0.0188,-0.0060,92441.91,767.31,0.00,0.0239
16854,-0.53,-0.73,9.62,0.0129,0.0140,-0.0068,92441.91,767.31,0.00,0.0202
16907,-0.58,-0.80,9.62,0.0167,0.0135,-0.0055,92441.91,767.31,0.00,0.0221
16964,-0.52,-0.71,9.63,0.0141,0.0163,-0.0021,92441.91,767.31,0.00,0.0216
17014,-0.53,-0.74,9.61,0.0128,0.0153,-0.0035,92441.91,767.31,0.00,0.0203
17067,-0.52,-0.71,9.61,0.0143,0.0132,-0.0085,92442.08,767.29,-0.09,0.0212
17117,-0.53,-0.70,9.61,0.0156,0.0128,-0.0039,92442.08,767.29,-0.06,0.0205
17170,-0.53,-0.75,9.64,0.0168,0.0108,-0.0072,92442.08,767.29,-0.04,0.0212
17220,-0.51,-0.73,9.64,0.0191,0.0124,-0.0124,92442.08,767.29,-0.03,0.0259
17276,-0.51,-0.74,9.65,0.0163,0.0137,-0.0057,92442.08,767.29,-0.02,0.0220
17328,-0.51,-0.73,9.62,0.0160,0.0139,-0.0032,92442.08,767.29,-0.01,0.0214
17380,-0.53,-0.74,9.61,0.0149,0.0144,-0.0052,92442.08,767.29,-0.01,0.0214
17432,-0.53,-0.71,9.60,0.0152,0.0137,-0.0071,92442.08,767.29,-0.01,0.0217
17483,-0.53,-0.76,9.62,0.0157,0.0120,-0.0021,92442.08,767.29,-0.00,0.0199
17535,-0.52,-0.73,9.62,0.0135,0.0147,-0.0067,92442.08,767.29,-0.00,0.0210
17586,-0.51,-0.76,9.66,0.0156,0.0127,-0.0069,92442.08,767.29,-0.00,0.0212
17642,-0.51,-0.75,9.64,0.0143,0.0171,-0.0040,92442.08,767.29,-0.00,0.0226
17692,-0.52,-0.76,9.61,0.0128,0.0156,-0.0075,92442.08,767.29,-0.00,0.0215
17745,-0.52,-0.73,9.62,0.0172,0.0132,-0.0087,92442.08,767.29,-0.00,0.0233
17795,-0.52,-0.74,9.63,0.0140,0.0125,-0.0068,92442.08,767.29,-0.00,0.0200
17848,-0.55,-0.74,9.64,0.0129,0.0113,-0.0043,92442.08,767.29,-0.00,0.0177
17898,-0.55,-0.73,9.62,0.0135,0.0151,-0.0049,92442.08,767.29,-0.00,0.0208
17951,-0.51,-0.72,9.65,0.0136,0.0136,-0.0067,92442.08,767.29,-0.00,0.0203
18006,-0.53,-0.76,9.66,0.0137,0.0151,-0.0081,92442.08,767.29,-0.00,0.0219
18058,-0.52,-0.70,9.61,0.0128,0.0145,-0.0092,92442.08,767.29,-0.00,0.0214
18110,-0.49,-0.75,9.65,0.0107,0.0147,-0.0056,92442.08,767.29,-0.00,0.0190
18162,-0.56,-0.75,9.65,0.0113,0.0175,-0.0075,92441.91,767.31,0.09,0.0221
18219,-0.54,-0.73,9.62,0.0161,0.0133,-0.0073,92441.91,767.31,0.06,0.0222
18271,-0.53,-0.75,9.63,0.0144,0.0140,-0.0068,92441.91,767.31,0.04,0.0212
18323,-0.55,-0.73,9.66,0.0139,0.0141,-0.0067,92441.91,767.31,0.03,0.0209
18377,-0.54,-0.72,9.63,0.0180,0.0139,-0.0060,92441.91,767.31,0.02,0.0235
18430,-0.51,-0.73,9.65,0.0157,0.0149,-0.0095,92441.91,767.31,0.01,0.0236
18480,-0.49,-0.72,9.61,0.0145,0.0108,-0.0043,92441.91,767.31,0.01,0.0186
18533,-0.50,-0.76,9.64,0.0136,0.0137,-0.0048,92441.91,767.31,0.01,0.0199
18583,-0.50,-0.69,9.66,0.0171,0.0131,-0.0068,92441.91,767.31,0.01,0.0225
18636,-0.53,-0.74,9.64,0.0125,0.0139,-0.0073,92441.91,767.31,0.00,0.0201
18686,-0.54,-0.74,9.65,0.0155,0.0135,-0.0051,92441.54,767.34,0.20,0.0211
18742,-0.53,-0.73,9.64,0.0163,0.0135,-0.0051,92441.54,767.34,0.14,0.0217
18794,-0.56,-0.74,9.65,0.0143,0.0136,-0.0037,92441.54,767.34,0.10,0.0200
18845,-0.53,-0.75,9.63,0.0147,0.0128,-0.0064,92441.54,767.34,0.07,0.0205
18897,-0.50,-0.73,9.62,0.0115,0.0149,-0.0051,92441.54,767.34,0.05,0.0195
18949,-0.54,-0.72,9.63,0.0163,0.0167,-0.0071,92441.54,767.34,0.03,0.0243
19001,-0.55,-0.71,9.64,0.0157,0.0140,-0.0059,92441.54,767.34,0.02,0.0218
19052,-0.53,-0.72,9.64,0.0157,0.0124,-0.0084,92441.54,767.34,0.02,0.0217
19108,-0.52,-0.74,9.62,0.0148,0.0152,-0.0051,92441.54,767.34,0.01,0.0218
19158,-0.51,-0.74,9.65,0.0140,0.0132,-0.0065,92441.54,767.34,0.01,0.0203
19211,-0.53,-0.75,9.66,0.0179,0.0108,-0.0069,92441.70,767.33,-0.08,0.0220
19261,-0.51,-0.73,9.64,0.0179,0.0145,-0.0053,92441.70,767.33,-0.06,0.0236
19314,-0.53,-0.76,9.66,0.0153,0.0133,-0.0065,92441.70,767.33,-0.04,0.0213
19364,-0.52,-0.73,9.62,0.0149,0.0113,-0.0059,92441.70,767.33,-0.03,0.0196
19417,-0.54,-0.74,9.63,0.0191,0.0156,-0.0055,92441.70,767.33,-0.02,0.0252
19482,-0.55,-0.73,9.66,0.0152,0.0116,-0.0064,92441.70,767.33,-0.01,0.0201
19535,-0.50,-0.73,9.64,0.0163,0.0120,-0.0095,92441.70,767.33,-0.01,0.0223
19585,-0.52,-0.74,9.65,0.0144,0.0117,-0.0048,92441.70,767.33,-0.01,0.0192
19638,-0.54,-0.75,9.65,0.0185,0.0111,-0.0040,92441.70,767.33,-0.00,0.0219
19688,-0.50,-0.72,9.62,0.0204,0.0128,-0.0053,92441.70,767.33,-0.00,0.0246
19741,-0.56,-0.74,9.65,0.0172,0.0128,-0.0064,92441.53,767.34,0.09,0.0224
19791,-0.51,-0.73,9.62,0.0139,0.0129,-0.0033,92441.53,767.34,0.06,0.0192
19843,-0.52,-0.72,9.65,0.0181,0.0092,-0.0040,92441.53,767.34,0.04,0.0207
19893,-0.54,-0.76,9.63,0.0149,0.0137,-0.0048,92441.53,767.34,0.03,0.0208
19946,-0.56,-0.73,9.64,0.0143,0.0124,-0.0033,92441.53,767.34,0.02,0.0192
19996,-0.54,-0.76,9.64,0.0161,0.0147,-0.0055,92441.53,767.34,0.02,0.0225
20049,-0.52,-0.74,9.60,0.0165,0.0129,-0.0065,92441.53,767.34,0.01,0.0220
20099,-0.53,-0.73,9.61,0.0139,0.0136,-0.0077,92441.53,767.34,0.01,0.0209
20155,-0.55,-0.74,9.62,0.0179,0.0141,-0.0064,92441.53,767.34,0.01,0.0236
20207,-0.52,-0.74,9.63,0.0155,0.0109,-0.0053,92441.53,767.34,0.00,0.0197
20263,-0.54,-0.74,9.64,0.0148,0.0137,-0.0040,92441.70,767.33,-0.08,0.0206
20315,-0.53,-0.72,9.63,0.0172,0.0125,-0.0061,92441.70,767.33,-0.06,0.0221
20366,-0.52,-0.73,9.63,0.0149,0.0143,-0.0049,92441.70,767.33,-0.04,0.0212
20418,-0.54,-0.74,9.64,0.0159,0.0132,-0.0036,92441.70,767.33,-0.03,0.0209
20469,-0.54,-0.74,9.64,0.0180,0.0132,-0.0048,92441.70,767.33,-0.02,0.0228
20525,-0.49,-0.70,9.61,0.0183,0.0141,-0.0047,92441.70,767.33,-0.01,0.0235
20575,-0.49,-0.75,9.64,0.0159,0.0129,-0.0093,92441.70,767.33,-0.01,0.0225
20628,-0.53,-0.71,9.64,0.0144,0.0131,-0.0060,92441.70,767.33,-0.01,0.0203
20678,-0.54,-0.71,9.62,0.0157,0.0160,-0.0073,92441.70,767.33,-0.00,0.0236
20731,-0.53,-0.74,9.64,0.0141,0.0136,-0.0053,92441.70,767.33,-0.00,0.0203
20781,-0.53,-0.74,9.64,0.0131,0.0149,-0.0049,92441.70,767.33,-0.00,0.0204
20834,-0.51,-0.74,9.64,0.0167,0.0123,-0.0083,92441.67,767.33,0.01,0.0223
20889,-0.56,-0.75,9.64,0.0181,0.0152,-0.0059,92441.67,767.33,0.01,0.0244
20940,-0.53,-0.72,9.64,0.0124,0.0175,-0.0052,92441.67,767.33,0.01,0.0220
20992,-0.50,-0.72,9.65,0.0149,0.0131,-0.0065,92441.67,767.33,0.00,0.0209
21043,-0.52,-0.73,9.65,0.0144,0.0100,-0.0071,92441.67,767.33,0.00,0.0189
21095,-0.52,-0.73,9.65,0.0132,0.0127,-0.0037,92441.67,767.33,0.00,0.0187
21146,-0.54,-0.73,9.64,0.0161,0.0115,-0.0049,92441.67,767.33,0.00,0.0204
21198,-0.52,-0.72,9.62,0.0152,0.0119,-0.0059,92441.67,767.33,0.00,0.0201
21252,-0.54,-0.73,9.65,0.0168,0.0132,-0.0075,92441.67,767.33,0.00,0.0226
21305,-0.58,-0.70,9.65,0.0161,0.0121,-0.0043,92441.67,767.33,0.00,0.0206
21355,-0.50,-0.73,9.62,0.0144,0.0155,-0.0080,92441.33,767.36,0.19,0.0226
21408,-0.52,-0.75,9.65,0.0160,0.0129,-0.0053,92441.33,767.36,0.13,0.0212
21458,-0.53,-0.76,9.64,0.0160,0.0127,-0.0043,92441.33,767.36,0.09,0.0208
21511,-0.52,-0.74,9.65,0.0145,0.0155,-0.0049,92441.33,767.36,0.06,0.0218
21561,-0.56,-0.73,9.65,0.0141,0.0147,-0.0059,92441.33,767.36,0.05,0.0212
21617,-0.57,-0.72,9.63,0.0135,0.0096,-0.0051,92441.33,767.36,0.03,0.0173
21669,-0.56,-0.75,9.66,0.0141,0.0128,-0.0053,92441.33,767.36,0.02,0.0198
21721,-0.51,-0.72,9.63,0.0149,0.0127,-0.0076,92441.33,767.36,0.02,0.0210
21773,-0.55,-0.76,9.63,0.0125,0.0167,-0.0064,92441.33,767.36,0.01,0.0218
21824,-0.54,-0.73,9.64,0.0168,0.0147,-0.0044,92441.33,767.36,0.01,0.0227
21876,-0.54,-0.70,9.62,0.0140,0.0152,-0.0053,92441.48,767.35,-0.07,0.0213
21927,-0.55,-0.69,9.62,0.0137,0.0131,-0.0068,92441.48,767.35,-0.05,0.0201
21983,-0.53,-0.72,9.64,0.0151,0.0156,-0.0047,92441.48,767.35,-0.04,0.0222
22033,-0.54,-0.71,9.66,0.0101,0.0155,-0.0045,92441.48,767.35,-0.02,0.0190
22086,-0.54,-0.72,9.63,0.0149,0.0147,-0.0071,92441.48,767.35,-0.02,0.0221
22136,-0.53,-0.70,9.64,0.0149,0.0132,-0.0047,92441.48,767.35,-0.01,0.0205
22189,-0.52,-0.70,9.63,0.0128,0.0132,-0.0052,92441.48,767.35,-0.01,0.0191
22239,-0.52,-0.74,9.66,0.0179,0.0128,-0.0059,92441.48,767.35,-0.01,0.0227
22297,-0.54,-0.72,9.64,0.0148,0.0132,-0.0059,92441.48,767.35,-0.00,0.0207
22362,-0.53,-0.73,9.65,0.0180,0.0129,-0.0045,92441.48,767.35,-0.00,0.0226
22415,-0.53,-0.72,9.62,0.0157,0.0120,-0.0060,92441.30,767.36,0.09,0.0207
22465,-0.53,-0.72,9.65,0.0168,0.0133,-0.0079,92441.30,767.36,0.06,0.0228
22518,-0.51,-0.73,9.64,0.0159,0.0143,-0.0056,92441.30,767.36,0.04,0.0220
22568,-0.52,-0.70,9.64,0.0153,0.0131,-0.0091,92441.30,767.36,0.03,0.0221
22622,-0.55,-0.76,9.65,0.0175,0.0128,-0.0053,92441.30,767.36,0.02,0.0223
22672,-0.54,-0.71,9.65,0.0144,0.0141,-0.0071,92441.30,767.36,0.01,0.0214
22728,-0.55,-0.71,9.66,0.0156,0.0133,-0.0047,92441.30,767.36,0.01,0.0210
22780,-0.54,-0.74,9.64,0.0172,0.0120,-0.0053,92441.30,767.36,0.01,0.0216
22831,-0.55,-0.73,9.64,0.0153,0.0147,-0.0059,92441.30,767.36,0.01,0.0220
22883,-0.53,-0.75,9.64,0.0165,0.0143,-0.0045,92441.30,767.36,0.00,0.0223
22934,-0.50,-0.74,9.61,0.0152,0.0127,-0.0039,92441.64,767.33,-0.18,0.0201
22986,-0.52,-0.72,9.63,0.0147,0.0145,-0.0044,92441.64,767.33,-0.12,0.0211
23040,-0.52,-0.74,9.62,0.0145,0.0152,-0.0061,92441.64,767.33,-0.09,0.0219
23094,-0.54,-0.76,9.62,0.0152,0.0153,-0.0092,92441.64,767.33,-0.06,0.0235
23144,-0.50,-0.74,9.63,0.0141,0.0136,-0.0052,92441.64,767.33,-0.04,0.0203
23198,-0.52,-0.74,9.61,0.0161,0.0144,-0.0059,92441.64,767.33,-0.03,0.0224
23248,-0.53,-0.75,9.63,0.0147,0.0145,-0.0071,92441.64,767.33,-0.02,0.0218
23302,-0.53,-0.74,9.61,0.0167,0.0125,-0.0049,92441.64,767.33,-0.01,0.0214
23352,-0.53,-0.74,9.64,0.0151,0.0109,-0.0055,92441.64,767.33,-0.01,0.0194
23409,-0.51,-0.72,9.62,0.0152,0.0145,-0.0071,92441.64,767.33,-0.01,0.0222
23461,-0.54,-0.73,9.61,0.0141,0.0136,-0.0041,92441.95,767.30,-0.17,0.0200
23513,-0.52,-0.72,9.60,0.0155,0.0144,-0.0049,92441.95,767.30,-0.12,0.0217
23565,-0.55,-0.75,9.61,0.0176,0.0127,-0.0076,92441.95,767.30,-0.08,0.0230
23616,-0.55,-0.75,9.62,0.0157,0.0120,-0.0023,92441.95,767.30,-0.06,0.0199
23668,-0.56,-0.73,9.63,0.0143,0.0129,-0.0053,92441.95,767.30,-0.04,0.0200
23720,-0.55,-0.72,9.67,0.0189,0.0140,-0.0068,92441.95,767.30,-0.03,0.0245
23776,-0.53,-0.74,9.63,0.0128,0.0147,-0.0045,92441.95,767.30,-0.02,0.0200
23826,-0.55,-0.72,9.62,0.0156,0.0137,-0.0085,92441.95,767.30,-0.01,0.0225
23880,-0.50,-0.75,9.62,0.0151,0.0131,-0.0083,92441.95,767.30,-0.01,0.0216
23930,-0.54,-0.72,9.63,0.0161,0.0149,-0.0043,92441.95,767.30,-0.01,0.0224
23984,-0.52,-0.70,9.62,0.0156,0.0149,-0.0059,92441.95,767.30,-0.00,0.0224
24034,-0.52,-0.74,9.63,0.0143,0.0147,-0.0071,92441.62,767.33,0.18,0.0216
24088,-0.50,-0.73,9.63,0.0160,0.0125,-0.0056,92441.62,767.33,0.13,0.0211
24143,-0.56,-0.74,9.64,0.0117,0.0140,-0.0064,92441.62,767.33,0.09,0.0193
24195,-0.51,-0.77,9.67,0.0159,0.0135,-0.0072,92441.62,767.33,0.06,0.0220
24247,-0.53,-0.72,9.66,0.0155,0.0148,-0.0052,92441.62,767.33,0.04,0.0220
24304,-0.52,-0.72,9.63,0.0144,0.0128,-0.0071,92441.62,767.33,0.03,0.0205
24356,-0.53,-0.75,9.65,0.0125,0.0120,-0.0032,92441.62,767.33,0.02,0.0176
24407,-0.51,-0.71,9.63,0.0152,0.0129,-0.0049,92441.62,767.33,0.01,0.0205
24459,-0.53,-0.75,9.63,0.0164,0.0132,-0.0056,92441.62,767.33,0.01,0.0218
24513,-0.54,-0.72,9.63,0.0164,0.0135,-0.0065,92441.62,767.33,0.01,0.0222
24566,-0.47,-0.74,9.60,0.0132,0.0153,-0.0041,92441.62,767.33,0.01,0.0206
24616,-0.52,-0.71,9.65,0.0168,0.0148,-0.0073,92441.62,767.33,0.00,0.0235
24670,-0.54,-0.72,9.62,0.0153,0.0140,-0.0059,92441.62,767.33,0.00,0.0216
24720,-0.54,-0.74,9.64,0.0167,0.0148,-0.0077,92441.62,767.33,0.00,0.0236
24774,-0.56,-0.72,9.62,0.0164,0.0144,-0.0073,92441.62,767.33,0.00,0.0230
24824,-0.52,-0.74,9.63,0.0165,0.0123,-0.0052,92441.62,767.33,0.00,0.0212
24880,-0.52,-0.74,9.64,0.0148,0.0131,-0.0080,92441.62,767.33,0.00,0.0213
24932,-0.53,-0.75,9.64,0.0160,0.0140,-0.0089,92441.62,767.33,0.00,0.0230
24984,-0.51,-0.71,9.65,0.0189,0.0141,-0.0060,92441.62,767.33,0.00,0.0244
25036,-0.55,-0.74,9.64,0.0168,0.0103,-0.0051,92441.62,767.33,0.00,0.0203
25088,-0.54,-0.74,9.63,0.0147,0.0165,-0.0061,92441.62,767.33,0.00,0.0229
25140,-0.54,-0.73,9.67,0.0159,0.0120,-0.0045,92441.62,767.33,0.00,0.0204
25192,-0.54,-0.73,9.63,0.0145,0.0161,-0.0047,92441.62,767.33,0.00,0.0222
25259,-0.51,-0.77,9.63,0.0159,0.0149,-0.0067,92441.62,767.33,0.00,0.0228
25311,-0.53,-0.75,9.64,0.0188,0.0132,-0.0065,92441.62,767.33,0.00,0.0239
25363,-0.54,-0.79,9.65,0.0196,0.0123,-0.0049,92441.62,767.33,0.00,0.0236
25415,-0.53,-0.77,9.64,0.0175,0.0123,-0.0063,92441.62,767.33,0.00,0.0222
25467,-0.54,-0.75,9.62,0.0157,0.0132,-0.0039,92441.62,767.33,0.00,0.0209
25519,-0.48,-0.73,9.63,0.0148,0.0152,-0.0048,92441.62,767.33,0.00,0.0217
25571,-0.52,-0.74,9.63,0.0145,0.0128,-0.0068,92441.62,767.33,0.00,0.0205
25625,-0.55,-0.73,9.66,0.0179,0.0131,-0.0065,92441.93,767.31,-0.16,0.0231
25679,-0.53,-0.73,9.63,0.0181,0.0148,-0.0061,92441.93,767.31,-0.11,0.0242
25729,-0.52,-0.72,9.67,0.0177,0.0132,-0.0069,92441.93,767.31,-0.08,0.0232
25782,-0.49,-0.72,9.63,0.0141,0.0132,-0.0049,92441.93,767.31,-0.05,0.0199
25832,-0.55,-0.74,9.64,0.0168,0.0108,-0.0068,92441.93,767.31,-0.04,0.0211
25886,-0.54,-0.73,9.63,0.0151,0.0104,-0.0047,92441.93,767.31,-0.03,0.0189
25941,-0.51,-0.77,9.65,0.0165,0.0111,-0.0040,92441.93,767.31,-0.02,0.0203
25993,-0.53,-0.74,9.65,0.0161,0.0136,-0.0023,92441.93,767.31,-0.01,0.0212
26045,-0.53,-0.73,9.63,0.0167,0.0131,-0.0041,92441.93,767.31,-0.01,0.0216
26097,-0.53,-0.74,9.64,0.0168,0.0125,-0.0059,92441.93,767.31,-0.01,0.0217
26149,-0.55,-0.71,9.61,0.0144,0.0151,-0.0047,92441.73,767.32,0.10,0.0213
26201,-0.51,-0.75,9.65,0.0133,0.0153,-0.0063,92441.73,767.32,0.07,0.0212
26253,-0.53,-0.71,9.64,0.0147,0.0145,-0.0065,92441.73,767.32,0.05,0.0216
26312,-0.51,-0.71,9.63,0.0153,0.0143,-0.0057,92441.73,767.32,0.03,0.0217
26365,-0.54,-0.75,9.65,0.0183,0.0112,-0.0076,92441.73,767.32,0.02,0.0227
26415,-0.52,-0.70,9.61,0.0196,0.0125,-0.0060,92441.73,767.32,0.02,0.0240
26469,-0.47,-0.73,9.66,0.0160,0.0128,-0.0075,92441.73,767.32,0.01,0.0218
26519,-0.51,-0.74,9.64,0.0184,0.0132,-0.0036,92441.73,767.32,0.01,0.0229
26572,-0.54,-0.72,9.64,0.0157,0.0140,-0.0057,92441.73,767.32,0.01,0.0218
26622,-0.51,-0.78,9.65,0.0139,0.0151,-0.0063,92441.73,767.32,0.00,0.0214
26678,-0.53,-0.72,9.62,0.0140,0.0157,-0.0041,92441.91,767.31,-0.08,0.0214
26730,-0.52,-0.74,9.62,0.0184,0.0156,-0.0033,92441.91,767.31,-0.06,0.0243
26782,-0.54,-0.74,9.63,0.0173,0.0133,-0.0056,92441.91,767.31,-0.04,0.0226
26834,-0.51,-0.70,9.62,0.0151,0.0111,-0.0069,92441.91,767.31,-0.03,0.0199
26886,-0.55,-0.75,9.63,0.0153,0.0132,-0.0043,92441.91,767.31,-0.02,0.0207
26938,-0.53,-0.70,9.62,0.0164,0.0089,-0.0084,92441.91,767.31,-0.01,0.0205
26990,-0.51,-0.74,9.61,0.0151,0.0144,-0.0088,92441.91,767.31,-0.01,0.0226
27046,-0.51,-0.74,9.61,0.0139,0.0136,-0.0067,92441.91,767.31,-0.01,0.0205
27096,-0.51,-0.76,9.62,0.0156,0.0144,-0.0080,92441.91,767.31,-0.00,0.0227
27149,-0.52,-0.75,9.66,0.0181,0.0123,-0.0056,92441.91,767.31,-0.00,0.0226
27199,-0.50,-0.69,9.64,0.0141,0.0131,-0.0027,92441.91,767.32,0.10,0.0194
27252,-0.49,-0.78,9.63,0.0124,0.0141,-0.0048,92441.73,767.32,0.07,0.0194
27302,-0.55,-0.77,9.65,0.0155,0.0165,-0.0077,92441.73,767.32,0.05,0.0239
27355,-0.53,-0.70,9.63,0.0176,0.0124,-0.0037,92441.73,767.32,0.03,0.0218
27410,-0.56,-0.75,9.65,0.0157,0.0144,-0.0057,92441.73,767.32,0.02,0.0221
27462,-0.55,-0.73,9.64,0.0168,0.0139,-0.0043,92441.73,767.32,0.02,0.0222
27514,-0.52,-0.74,9.62,0.0125,0.0143,-0.0064,92441.73,767.32,0.01,0.0200
27566,-0.51,-0.72,9.61,0.0145,0.0153,-0.0051,92441.73,767.32,0.01,0.0217
27618,-0.52,-0.73,9.60,0.0145,0.0173,-0.0068,92441.73,767.32,0.01,0.0236
27669,-0.57,-0.74,9.67,0.0157,0.0152,-0.0049,92441.73,767.32,0.00,0.0224
27721,-0.56,-0.73,9.62,0.0189,0.0132,-0.0077,92441.73,767.32,0.00,0.0243
27775,-0.51,-0.75,9.60,0.0145,0.0113,-0.0107,92441.55,767.34,0.09,0.0213
27828,-0.53,-0.74,9.67,0.0161,0.0132,-0.0063,92441.55,767.34,0.06,0.0218
27878,-0.52,-0.75,9.65,0.0157,0.0128,-0.0077,92441.55,767.34,0.04,0.0217
27928,-0.56,-0.79,9.65,0.0148,0.0119,-0.0044,92441.55,767.34,0.03,0.0195
27982,-0.55,-0.73,9.65,0.0128,0.0147,-0.0033,92441.55,767.34,0.02,0.0197
28033,-0.52,-0.74,9.62,0.0173,0.0131,-0.0051,92441.55,767.34,0.01,0.0223
28083,-0.55,-0.74,9.65,0.0168,0.0125,-0.0059,92441.55,767.34,0.01,0.0217
28151,-0.55,-0.74,9.63,0.0136,0.0127,-0.0044,92441.55,767.34,0.01,0.0191
28201,-0.58,-0.73,9.62,0.0129,0.0125,-0.0027,92441.55,767.34,0.01,0.0182
28255,-0.54,-0.71,9.62,0.0165,0.0125,-0.0065,92441.55,767.34,0.00,0.0217
28305,-0.49,-0.74,9.62,0.0141,0.0151,-0.0069,92441.70,767.33,-0.08,0.0218
28364,-0.51,-0.71,9.63,0.0165,0.0139,-0.0060,92441.70,767.33,-0.06,0.0224
28414,-0.52,-0.70,9.62,0.0137,0.0133,-0.0048,92441.70,767.33,-0.04,0.0197
28468,-0.50,-0.70,9.63,0.0153,0.0152,-0.0068,92441.70,767.33,-0.03,0.0226
28523,-0.52,-0.71,9.67,0.0168,0.0145,-0.0084,92441.70,767.33,-0.02,0.0237
28575,-0.57,-0.74,9.65,0.0171,0.0123,-0.0049,92441.70,767.33,-0.01,0.0216
28627,-0.52,-0.76,9.63,0.0164,0.0125,-0.0052,92441.70,767.33,-0.01,0.0213
28679,-0.56,-0.72,9.67,0.0171,0.0128,-0.0053,92441.70,767.33,-0.01,0.0220
28731,-0.55,-0.73,9.64,0.0133,0.0147,-0.0047,92441.70,767.33,-0.00,0.0203
28783,-0.52,-0.77,9.64,0.0167,0.0123,-0.0071,92441.70,767.33,-0.00,0.0219
28835,-0.52,-0.73,9.65,0.0189,0.0164,-0.0057,92441.70,767.33,-0.00,0.0257
28885,-0.51,-0.73,9.65,0.0145,0.0135,-0.0047,92441.70,767.33,-0.00,0.0203
28937,-0.56,-0.72,9.64,0.0139,0.0131,-0.0039,92441.70,767.33,-0.00,0.0194
28989,-0.53,-0.73,9.64,0.0144,0.0156,-0.0097,92441.70,767.33,-0.00,0.0233
29041,-0.51,-0.71,9.64,0.0171,0.0112,-0.0063,92441.70,767.33,-0.00,0.0213
29093,-0.55,-0.77,9.66,0.0180,0.0121,-0.0076,92441.70,767.33,-0.00,0.0230
29145,-0.50,-0.71,9.63,0.0127,0.0141,-0.0049,92441.70,767.33,-0.00,0.0196
29200,-0.50,-0.73,9.64,0.0139,0.0137,-0.0080,92441.70,767.33,-0.00,0.0211
29254,-0.57,-0.75,9.65,0.0143,0.0141,-0.0052,92441.70,767.33,-0.00,0.0207
29304,-0.51,-0.73,9.64,0.0135,0.0128,-0.0084,92441.70,767.33,-0.00,0.0204
29358,-0.51,-0.75,9.62,0.0145,0.0140,-0.0047,92441.88,767.31,-0.08,0.0207
29408,-0.57,-0.72,9.65,0.0165,0.0108,-0.0039,92441.88,767.31,-0.06,0.0201
29462,-0.52,-0.67,9.63,0.0155,0.0156,-0.0055,92441.88,767.31,-0.04,0.0226
29512,-0.52,-0.74,9.66,0.0175,0.0143,-0.0049,92441.88,767.31,-0.03,0.0231
29569,-0.52,-0.72,9.66,0.0165,0.0117,-0.0067,92441.88,767.31,-0.02,0.0213
29621,-0.54,-0.74,9.65,0.0161,0.0160,-0.0080,92441.88,767.31,-0.01,0.0241
29673,-0.49,-0.73,9.62,0.0164,0.0147,-0.0019,92441.88,767.31,-0.01,0.0221
29725,-0.55,-0.77,9.63,0.0128,0.0141,-0.0049,92441.88,767.31,-0.01,0.0197
29777,-0.52,-0.75,9.66,0.0116,0.0127,-0.0055,92441.88,767.31,-0.00,0.0180
29829,-0.53,-0.72,9.62,0.0140,0.0133,-0.0055,92441.88,767.31,-0.00,0.0201
29881,-0.55,-0.72,9.64,0.0137,0.0121,-0.0052,92441.53,767.34,0.18,0.0190
29938,-0.54,-0.73,9.61,0.0167,0.0144,-0.0063,92441.53,767.34,0.13,0.0229
29988,-0.51,-0.70,9.62,0.0132,0.0149,-0.0011,92441.53,767.34,0.09,0.0199
30042,-0.55,-0.76,9.62,0.0163,0.0121,-0.0045,92441.53,767.34,0.06,0.0208
30092,-0.53,-0.68,9.60,0.0168,0.0139,-0.0063,92441.53,767.34,0.04,0.0226
30146,-0.51,-0.73,9.62,0.0160,0.0131,-0.0076,92441.53,767.34,0.03,0.0220
30196,-0.53,-0.71,9.64,0.0168,0.0129,-0.0043,92441.53,767.34,0.02,0.0216
30250,-0.52,-0.70,9.64,0.0156,0.0145,-0.0053,92441.53,767.34,0.01,0.0220
30305,-0.54,-0.75,9.65,0.0183,0.0113,-0.0095,92441.53,767.34,0.01,0.0235
30357,-0.53,-0.73,9.62,0.0128,0.0159,-0.0091,92441.53,767.34,0.01,0.0223
30414,-0.50,-0.72,9.64,0.0181,0.0151,-0.0083,92441.70,767.33,-0.07,0.0250
30466,-0.57,-0.79,9.64,0.0220,0.0116,-0.0097,92441.70,767.33,-0.05,0.0267
30518,-0.51,-0.74,9.63,0.0127,0.0123,-0.0056,92441.70,767.33,-0.04,0.0185
30570,-0.52,-0.76,9.63,0.0160,0.0133,-0.0055,92441.70,767.33,-0.03,0.0215
30622,-0.55,-0.72,9.65,0.0132,0.0145,-0.0064,92441.70,767.33,-0.02,0.0206
30677,-0.55,-0.75,9.67,0.0167,0.0151,-0.0035,92441.70,767.33,-0.01,0.0227
30731,-0.55,-0.75,9.63,0.0152,0.0113,-0.0048,92441.70,767.33,-0.01,0.0195
30781,-0.51,-0.73,9.64,0.0148,0.0136,-0.0080,92441.70,767.33,-0.01,0.0216
30835,-0.51,-0.74,9.65,0.0167,0.0136,-0.0089,92441.70,767.33,-0.00,0.0233
30885,-0.54,-0.74,9.65,0.0143,0.0137,-0.0047,92441.70,767.33,-0.00,0.0203
30939,-0.51,-0.72,9.67,0.0129,0.0132,-0.0053,92441.70,767.36,0.17,0.0192
30989,-0.51,-0.78,9.64,0.0173,0.0132,-0.0107,92441.35,767.36,0.12,0.0242
31057,-0.52,-0.73,9.64,0.0128,0.0159,-0.0121,92441.35,767.36,0.08,0.0237
31107,-0.54,-0.72,9.63,0.0143,0.0171,-0.0023,92441.35,767.36,0.06,0.0223
31161,-0.54,-0.76,9.62,0.0153,0.0133,-0.0081,92441.35,767.36,0.04,0.0219
31211,-0.45,-0.70,9.61,0.0135,0.0120,-0.0059,92441.35,767.36,0.03,0.0190
31265,-0.55,-0.76,9.65,0.0145,0.0144,-0.0077,92441.35,767.36,0.02,0.0219
31315,-0.54,-0.78,9.64,0.0173,0.0145,-0.0125,92441.35,767.36,0.01,0.0258
31369,-0.53,-0.74,9.62,0.0153,0.0123,-0.0023,92441.35,767.36,0.01,0.0198
31424,-0.54,-0.72,9.63,0.0149,0.0141,-0.0035,92441.35,767.36,0.01,0.0208
31476,-0.52,-0.71,9.65,0.0144,0.0156,-0.0065,92441.19,767.37,0.09,0.0222
31528,-0.49,-0.71,9.60,0.0172,0.0133,-0.0087,92441.19,767.37,0.06,0.0234
31580,-0.53,-0.71,9.63,0.0129,0.0149,-0.0048,92441.19,767.37,0.04,0.0203
31632,-0.53,-0.70,9.64,0.0155,0.0136,-0.0087,92441.19,767.37,0.03,0.0223
31684,-0.49,-0.72,9.62,0.0180,0.0157,-0.0079,92441.19,767.37,0.02,0.0251
31741,-0.53,-0.75,9.62,0.0152,0.0175,-0.0056,92441.19,767.37,0.01,0.0238
31791,-0.52,-0.75,9.62,0.0140,0.0133,-0.0048,92441.19,767.37,0.01,0.0199
31845,-0.51,-0.72,9.61,0.0148,0.0127,-0.0044,92441.19,767.37,0.01,0.0200
31895,-0.51,-0.77,9.64,0.0151,0.0152,-0.0100,92441.19,767.37,0.01,0.0236
31949,-0.55,-0.71,9.64,0.0173,0.0132,-0.0065,92441.19,767.37,0.00,0.0227
31999,-0.50,-0.75,9.64,0.0147,0.0148,-0.0085,92441.19,767.37,0.00,0.0225
32053,-0.50,-0.76,9.62,0.0173,0.0127,-0.0117,92441.35,767.36,-0.08,0.0244
32108,-0.54,-0.71,9.64,0.0143,0.0155,-0.0051,92441.35,767.36,-0.06,0.0216
32160,-0.53,-0.74,9.62,0.0143,0.0165,-0.0048,92441.35,767.36,-0.04,0.0223
32212,-0.54,-0.72,9.65,0.0183,0.0155,-0.0048,92441.35,767.36,-0.03,0.0244
32264,-0.53,-0.73,9.61,0.0149,0.0144,-0.0079,92441.35,767.36,-0.02,0.0222
32316,-0.56,-0.77,9.60,0.0159,0.0137,-0.0045,92441.35,767.36,-0.01,0.0215
32368,-0.47,-0.69,9.58,0.0156,0.0131,-0.0052,92441.35,767.36,-0.01,0.0210
32425,-0.51,-0.74,9.62,0.0160,0.0140,-0.0108,92441.35,767.36,-0.01,0.0238
32480,-0.57,-0.75,9.63,0.0160,0.0133,-0.0051,92441.35,767.36,-0.00,0.0214
32534,-0.57,-0.70,9.63,0.0147,0.0140,-0.0027,92441.35,767.36,-0.00,0.0204
32584,-0.50,-0.76,9.63,0.0139,0.0124,-0.0069,92441.02,767.39,0.18,0.0198
32638,-0.48,-0.71,9.62,0.0176,0.0141,-0.0049,92441.02,767.39,0.13,0.0231
32688,-0.51,-0.73,9.61,0.0163,0.0143,-0.0060,92441.02,767.39,0.09,0.0224
32742,-0.53,-0.74,9.62,0.0145,0.0151,-0.0053,92441.02,767.39,0.06,0.0216
32792,-0.55,-0.73,9.62,0.0165,0.0131,-0.0096,92441.02,767.39,0.04,0.0231
32849,-0.53,-0.76,9.61,0.0143,0.0119,-0.0072,92441.02,767.39,0.03,0.0199
32901,-0.53,-0.71,9.63,0.0132,0.0132,-0.0071,92441.02,767.39,0.02,0.0199
32953,-0.55,-0.77,9.62,0.0180,0.0116,-0.0043,92441.02,767.39,0.01,0.0218
33005,-0.50,-0.74,9.61,0.0156,0.0161,-0.0049,92441.02,767.39,0.01,0.0230
33057,-0.56,-0.72,9.64,0.0183,0.0117,-0.0059,92441.02,767.39,0.01,0.0225
33109,-0.50,-0.72,9.64,0.0165,0.0141,-0.0085,92441.35,767.36,-0.17,0.0233
33161,-0.52,-0.71,9.64,0.0139,0.0124,-0.0043,92441.35,767.36,-0.12,0.0191
33217,-0.55,-0.73,9.66,0.0159,0.0132,-0.0029,92441.35,767.36,-0.08,0.0208
33267,-0.54,-0.71,9.63,0.0148,0.0145,-0.0044,92441.35,767.36,-0.06,0.0212
33321,-0.52,-0.74,9.62,0.0149,0.0116,-0.0052,92441.35,767.36,-0.04,0.0196
33371,-0.57,-0.74,9.64,0.0132,0.0131,-0.0035,92441.35,767.36,-0.03,0.0189
33425,-0.51,-0.75,9.62,0.0129,0.0160,-0.0061,92441.35,767.36,-0.02,0.0215
33475,-0.52,-0.76,9.62,0.0168,0.0133,-0.0080,92441.35,767.36,-0.01,0.0229
33529,-0.53,-0.74,9.63,0.0144,0.0125,-0.0035,92441.35,767.36,-0.01,0.0194
33584,-0.53,-0.72,9.64,0.0167,0.0137,-0.0040,92441.35,767.36,-0.01,0.0219
33636,-0.51,-0.71,9.63,0.0153,0.0129,-0.0059,92441.53,767.34,-0.10,0.0209
33688,-0.49,-0.72,9.65,0.0157,0.0136,-0.0055,92441.53,767.34,-0.07,0.0215
33740,-0.52,-0.73,9.62,0.0173,0.0136,-0.0063,92441.53,767.34,-0.05,0.0229
33792,-0.48,-0.73,9.63,0.0152,0.0141,-0.0073,92441.53,767.34,-0.03,0.0220
33844,-0.53,-0.73,9.62,0.0173,0.0113,-0.0057,92441.53,767.34,-0.02,0.0215
33896,-0.53,-0.72,9.63,0.0155,0.0152,-0.0047,92441.53,767.34,-0.02,0.0222
33962,-0.57,-0.73,9.62,0.0148,0.0160,-0.0019,92441.53,767.34,-0.01,0.0219
34014,-0.53,-0.74,9.65,0.0137,0.0120,-0.0051,92441.53,767.34,-0.01,0.0189
34066,-0.54,-0.74,9.64,0.0195,0.0127,-0.0056,92441.53,767.34,-0.01,0.0239
34118,-0.51,-0.73,9.63,0.0180,0.0123,-0.0048,92441.53,767.34,-0.00,0.0223
34170,-0.53,-0.74,9.65,0.0144,0.0143,-0.0069,92441.53,767.34,-0.00,0.0214
34222,-0.53,-0.73,9.64,0.0140,0.0151,-0.0047,92441.53,767.34,-0.00,0.0211
34277,-0.51,-0.71,9.63,0.0164,0.0132,-0.0052,92441.53,767.34,-0.00,0.0217
34331,-0.53,-0.69,9.63,0.0164,0.0143,-0.0084,92441.53,767.34,-0.00,0.0233
34381,-0.54,-0.72,9.64,0.0173,0.0132,-0.0088,92441.53,767.34,-0.00,0.0235
34440,-0.52,-0.74,9.65,0.0163,0.0153,-0.0060,92441.53,767.34,-0.00,0.0231
34490,-0.52,-0.74,9.64,0.0152,0.0100,-0.0068,92441.53,767.34,-0.00,0.0194
34544,-0.53,-0.71,9.62,0.0168,0.0149,-0.0037,92441.53,767.34,-0.00,0.0228
34594,-0.54,-0.72,9.65,0.0157,0.0139,-0.0059,92441.53,767.34,-0.00,0.0218
34651,-0.52,-0.71,9.64,0.0179,0.0141,-0.0061,92441.53,767.34,-0.00,0.0236
34703,-0.53,-0.73,9.63,0.0167,0.0119,-0.0036,92441.53,767.34,-0.00,0.0208
34755,-0.54,-0.74,9.63,0.0161,0.0133,-0.0033,92441.53,767.34,-0.00,0.0212
34807,-0.51,-0.72,9.66,0.0152,0.0148,-0.0060,92441.53,767.34,-0.00,0.0220
34859,-0.51,-0.71,9.63,0.0173,0.0152,-0.0053,92441.53,767.34,-0.00,0.0236
34911,-0.57,-0.75,9.61,0.0172,0.0132,-0.0073,92441.53,767.34,-0.00,0.0229
34963,-0.57,-0.74,9.66,0.0168,0.0121,-0.0048,92441.53,767.34,-0.00,0.0213
35020,-0.54,-0.70,9.65,0.0137,0.0133,-0.0048,92441.53,767.34,-0.00,0.0197
35071,-0.52,-0.72,9.64,0.0184,0.0137,-0.0067,92441.53,767.34,-0.00,0.0239
35125,-0.51,-0.74,9.62,0.0168,0.0140,-0.0059,92441.53,767.34,-0.00,0.0226
35175,-0.52,-0.75,9.64,0.0153,0.0172,-0.0057,92441.53,767.34,-0.00,0.0237
35229,-0.55,-0.73,9.65,0.0135,0.0139,-0.0053,92441.53,767.34,-0.00,0.0200
35279,-0.54,-0.73,9.63,0.0164,0.0097,-0.0051,92441.53,767.34,-0.00,0.0197
35333,-0.54,-0.72,9.64,0.0171,0.0121,-0.0041,92441.53,767.34,-0.00,0.0213
35388,-0.51,-0.70,9.64,0.0156,0.0128,-0.0037,92441.53,767.34,-0.00,0.0205
35440,-0.52,-0.71,9.64,0.0172,0.0152,-0.0061,92441.53,767.34,-0.00,0.0237
35492,-0.53,-0.72,9.67,0.0159,0.0149,-0.0055,92441.53,767.34,-0.00,0.0224
35544,-0.53,-0.73,9.66,0.0176,0.0140,-0.0057,92441.53,767.34,-0.00,0.0232
35596,-0.53,-0.71,9.64,0.0157,0.0145,-0.0101,92441.53,767.34,-0.00,0.0237
35648,-0.51,-0.72,9.65,0.0171,0.0121,-0.0056,92441.53,767.34,-0.00,0.0217
35700,-0.53,-0.73,9.63,0.0143,0.0133,-0.0052,92441.53,767.34,-0.00,0.0202
35755,-0.54,-0.74,9.64,0.0168,0.0133,-0.0059,92441.53,767.34,-0.00,0.0222
35809,-0.50,-0.71,9.63,0.0165,0.0123,-0.0051,92441.53,767.34,-0.00,0.0212
35859,-0.55,-0.72,9.63,0.0164,0.0117,-0.0067,92441.53,767.34,-0.00,0.0212
35913,-0.53,-0.73,9.64,0.0145,0.0131,-0.0076,92441.53,767.34,-0.00,0.0210
35964,-0.56,-0.73,9.65,0.0161,0.0139,-0.0047,92441.53,767.34,-0.00,0.0218
36018,-0.52,-0.71,9.65,0.0163,0.0132,-0.0065,92441.53,767.34,-0.00,0.0219
36068,-0.54,-0.71,9.66,0.0188,0.0131,-0.0077,92441.53,767.34,-0.00,0.0241
36125,-0.52,-0.70,9.66,0.0147,0.0155,-0.0057,92441.53,767.34,-0.00,0.0221
36177,-0.51,-0.71,9.65,0.0149,0.0153,-0.0072,92441.53,767.34,-0.00,0.0226
36229,-0.52,-0.74,9.66,0.0165,0.0128,-0.0049,92441.53,767.34,-0.00,0.0215
36281,-0.53,-0.73,9.63,0.0157,0.0145,-0.0052,92441.53,767.34,-0.00,0.0220
36333,-0.53,-0.75,9.62,0.0156,0.0131,-0.0097,92441.36,767.36,0.09,0.0225
36385,-0.51,-0.71,9.66,0.0147,0.0121,-0.0049,92441.36,767.36,0.06,0.0196
36445,-0.51,-0.72,9.64,0.0145,0.0149,-0.0067,92441.36,767.36,0.04,0.0219
36499,-0.52,-0.72,9.62,0.0153,0.0127,-0.0063,92441.36,767.36,0.03,0.0208
36549,-0.52,-0.75,9.62,0.0156,0.0132,-0.0056,92441.36,767.36,0.02,0.0212
36603,-0.51,-0.73,9.63,0.0128,0.0128,-0.0081,92441.36,767.36,0.01,0.0198
36653,-0.49,-0.74,9.62,0.0163,0.0116,-0.0064,92441.36,767.36,0.01,0.0210
36707,-0.52,-0.72,9.63,0.0145,0.0149,-0.0065,92441.36,767.36,0.01,0.0218
36757,-0.52,-0.73,9.64,0.0149,0.0152,-0.0041,92441.36,767.36,0.01,0.0217
36825,-0.55,-0.73,9.64,0.0148,0.0131,-0.0081,92441.36,767.36,0.00,0.0213
36875,-0.54,-0.74,9.63,0.0152,0.0100,-0.0077,92441.36,767.36,0.00,0.0198
36929,-0.55,-0.71,9.67,0.0163,0.0127,-0.0048,92441.36,767.36,0.00,0.0212
36979,-0.57,-0.73,9.66,0.0172,0.0117,-0.0056,92441.36,767.36,0.00,0.0215
37033,-0.53,-0.74,9.67,0.0168,0.0137,-0.0065,92441.36,767.36,0.00,0.0226
37083,-0.51,-0.69,9.62,0.0177,0.0159,-0.0067,92441.36,767.36,0.00,0.0247
37137,-0.52,-0.73,9.64,0.0160,0.0129,-0.0077,92441.36,767.36,0.00,0.0220
37192,-0.51,-0.72,9.66,0.0156,0.0112,-0.0060,92441.36,767.36,0.00,0.0201
37244,-0.54,-0.74,9.63,0.0151,0.0107,-0.0065,92441.36,767.36,0.00,0.0196
37296,-0.52,-0.72,9.63,0.0140,0.0135,-0.0031,92441.36,767.36,0.00,0.0197
37348,-0.53,-0.71,9.63,0.0151,0.0132,-0.0040,92441.36,767.36,0.00,0.0204
37400,-0.53,-0.71,9.66,0.0157,0.0131,-0.0076,92441.53,767.34,-0.09,0.0218
37452,-0.53,-0.75,9.65,0.0144,0.0136,-0.0055,92441.53,767.34,-0.06,0.0205
37504,-0.57,-0.74,9.66,0.0155,0.0123,-0.0039,92441.53,767.34,-0.04,0.0201
37559,-0.51,-0.68,9.65,0.0139,0.0117,-0.0044,92441.53,767.34,-0.03,0.0187
37613,-0.52,-0.71,9.62,0.0145,0.0151,-0.0065,92441.53,767.34,-0.02,0.0219
37663,-0.53,-0.74,9.64,0.0153,0.0177,-0.0064,92441.53,767.34,-0.01,0.0243
37717,-0.55,-0.73,9.63,0.0151,0.0143,-0.0068,92441.53,767.34,-0.01,0.0218
37767,-0.52,-0.71,9.63,0.0171,0.0124,-0.0064,92441.53,767.34,-0.01,0.0220
37821,-0.52,-0.73,9.62,0.0167,0.0151,-0.0064,92441.53,767.34,-0.01,0.0233
37871,-0.55,-0.73,9.64,0.0163,0.0108,-0.0055,92441.53,767.34,-0.00,0.0203
37928,-0.51,-0.69,9.62,0.0136,0.0141,-0.0055,92441.35,767.36,0.08,0.0203
37980,-0.50,-0.74,9.67,0.0195,0.0128,-0.0083,92441.35,767.36,0.06,0.0247
38032,-0.53,-0.74,9.62,0.0187,0.0120,-0.0076,92441.35,767.36,0.04,0.0234
38084,-0.51,-0.72,9.65,0.0160,0.0141,-0.0059,92441.35,767.36,0.03,0.0221
38136,-0.51,-0.74,9.64,0.0157,0.0139,-0.0051,92441.35,767.36,0.02,0.0216
38188,-0.51,-0.74,9.62,0.0141,0.0141,-0.0076,92441.35,767.36,0.01,0.0214
38240,-0.55,-0.71,9.64,0.0145,0.0175,-0.0071,92441.35,767.36,0.01,0.0238
38297,-0.54,-0.73,9.67,0.0176,0.0103,-0.0035,92441.35,767.36,0.01,0.0207
38347,-0.52,-0.74,9.63,0.0160,0.0145,-0.0067,92441.35,767.36,0.00,0.0226
38401,-0.51,-0.73,9.61,0.0167,0.0109,-0.0085,92441.35,767.36,0.00,0.0217
38456,-0.55,-0.71,9.65,0.0155,0.0117,-0.0028,92441.53,767.34,-0.08,0.0196
38510,-0.52,-0.72,9.62,0.0153,0.0141,-0.0051,92441.53,767.34,-0.06,0.0214
38560,-0.51,-0.73,9.63,0.0176,0.0149,-0.0072,92441.53,767.34,-0.04,0.0242
38614,-0.56,-0.71,9.62,0.0144,0.0141,-0.0053,92441.53,767.34,-0.03,0.0209
38669,-0.51,-0.73,9.62,0.0153,0.0123,-0.0032,92441.53,767.34,-0.02,0.0199
38721,-0.50,-0.73,9.66,0.0165,0.0161,-0.0057,92441.53,767.34,-0.01,0.0238
38773,-0.50,-0.71,9.64,0.0163,0.0149,-0.0051,92441.53,767.34,-0.01,0.0226
38825,-0.50,-0.73,9.62,0.0171,0.0121,-0.0049,92441.53,767.34,-0.01,0.0215
38877,-0.56,-0.70,9.63,0.0149,0.0149,-0.0053,92441.53,767.34,-0.00,0.0218
38929,-0.56,-0.74,9.63,0.0148,0.0140,-0.0072,92441.53,767.34,-0.00,0.0216
38981,-0.52,-0.75,9.61,0.0145,0.0124,-0.0051,92441.70,767.33,-0.09,0.0197
39036,-0.52,-0.71,9.62,0.0152,0.0133,-0.0076,92441.70,767.33,-0.06,0.0216
39090,-0.52,-0.71,9.63,0.0171,0.0149,-0.0059,92441.70,767.33,-0.04,0.0234
39140,-0.50,-0.78,9.63,0.0145,0.0157,-0.0073,92441.70,767.33,-0.03,0.0226
39194,-0.55,-0.74,9.62,0.0145,0.0155,-0.0076,92441.70,767.33,-0.02,0.0225
39244,-0.50,-0.74,9.65,0.0176,0.0133,-0.0084,92441.70,767.33,-0.02,0.0236
39298,-0.55,-0.71,9.62,0.0147,0.0129,-0.0060,92441.70,767.33,-0.01,0.0204
39353,-0.56,-0.72,9.62,0.0179,0.0143,-0.0069,92441.70,767.33,-0.01,0.0239
39405,-0.48,-0.73,9.58,0.0152,0.0107,-0.0044,92441.70,767.33,-0.01,0.0191
39457,-0.49,-0.73,9.62,0.0173,0.0120,-0.0060,92441.70,767.33,-0.00,0.0219
39509,-0.52,-0.73,9.58,0.0193,0.0120,-0.0067,92441.35,767.36,0.18,0.0237
39561,-0.53,-0.72,9.59,0.0155,0.0144,-0.0065,92441.35,767.36,0.12,0.0221
39613,-0.55,-0.74,9.60,0.0181,0.0148,-0.0051,92441.35,767.36,0.09,0.0239
39665,-0.54,-0.69,9.64,0.0153,0.0131,-0.0049,92441.35,767.36,0.06,0.0207
39732,-0.56,-0.73,9.66,0.0160,0.0144,-0.0037,92441.35,767.36,0.04,0.0218
39785,-0.54,-0.73,9.64,0.0127,0.0140,-0.0049,92441.35,767.36,0.03,0.0195
39838,-0.53,-0.73,9.62,0.0152,0.0147,-0.0051,92441.35,767.36,0.02,0.0217
39891,-0.51,-0.73,9.63,0.0133,0.0151,-0.0029,92441.35,767.36,0.01,0.0203
39943,-0.48,-0.73,9.62,0.0159,0.0113,-0.0069,92441.35,767.36,0.01,0.0207
39996,-0.51,-0.74,9.61,0.0149,0.0132,-0.0025,92441.35,767.36,0.01,0.0201
40049,-0.53,-0.74,9.66,0.0171,0.0121,-0.0045,92441.33,767.36,0.02,0.0214
40106,-0.51,-0.71,9.64,0.0172,0.0131,-0.0051,92441.33,767.36,0.01,0.0222
40156,-0.50,-0.73,9.66,0.0173,0.0100,-0.0041,92441.33,767.36,0.01,0.0204
40206,-0.52,-0.73,9.64,0.0141,0.0113,-0.0052,92441.33,767.36,0.01,0.0188
40276,-0.53,-0.72,9.62,0.0140,0.0147,-0.0059,92441.33,767.36,0.00,0.0211
40342,-0.54,-0.73,9.63,0.0135,0.0131,-0.0075,92441.33,767.36,0.00,0.0202
40407,-0.52,-0.74,9.62,0.0157,0.0139,-0.0052,92441.33,767.36,0.00,0.0216
40481,-0.56,-0.73,9.65,0.0153,0.0148,-0.0073,92441.33,767.36,0.00,0.0225
40570,-0.51,-0.75,9.65,0.0141,0.0149,-0.0043,92441.50,767.34,-0.05,0.0210
40621,-0.53,-0.74,9.65,0.0156,0.0133,-0.0036,92441.50,767.34,-0.04,0.0208
40673,-0.53,-0.71,9.63,0.0175,0.0121,-0.0063,92441.50,767.34,-0.02,0.0222
40725,-0.52,-0.74,9.63,0.0175,0.0163,-0.0072,92441.50,767.34,-0.02,0.0249
40777,-0.49,-0.75,9.63,0.0199,0.0121,-0.0049,92441.50,767.34,-0.01,0.0238
40829,-0.51,-0.74,9.60,0.0159,0.0140,-0.0056,92441.50,767.34,-0.01,0.0219
40881,-0.54,-0.75,9.63,0.0143,0.0140,-0.0052,92441.50,767.34,-0.01,0.0206
40935,-0.51,-0.74,9.61,0.0160,0.0124,-0.0069,92441.50,767.34,-0.00,0.0214
40988,-0.53,-0.71,9.62,0.0160,0.0163,-0.0052,92441.50,767.34,-0.00,0.0234
41038,-0.53,-0.71,9.63,0.0168,0.0171,-0.0067,92441.50,767.34,-0.00,0.0248
41091,-0.54,-0.76,9.68,0.0176,0.0133,-0.0069,92441.50,767.34,-0.00,0.0231
41141,-0.54,-0.72,9.65,0.0159,0.0149,-0.0044,92441.47,767.35,0.02,0.0222
41194,-0.51,-0.75,9.65,0.0175,0.0145,-0.0057,92441.47,767.35,0.01,0.0234
41244,-0.54,-0.74,9.64,0.0167,0.0157,-0.0079,92441.47,767.35,0.01,0.0242
41300,-0.51,-0.71,9.63,0.0139,0.0156,-0.0064,92441.47,767.35,0.01,0.0218
41352,-0.50,-0.73,9.64,0.0153,0.0137,-0.0079,92441.47,767.35,0.00,0.0220
41403,-0.51,-0.74,9.64,0.0140,0.0132,-0.0064,92441.47,767.35,0.00,0.0203
41455,-0.52,-0.75,9.66,0.0137,0.0140,-0.0063,92441.47,767.35,0.00,0.0206
41506,-0.51,-0.71,9.63,0.0172,0.0120,-0.0072,92441.47,767.35,0.00,0.0222
41558,-0.53,-0.73,9.65,0.0156,0.0128,-0.0068,92441.47,767.35,0.00,0.0213
41610,-0.54,-0.76,9.66,0.0161,0.0129,-0.0064,92441.47,767.35,0.00,0.0216
41667,-0.51,-0.72,9.62,0.0168,0.0156,-0.0033,92441.64,767.33,-0.08,0.0231
41717,-0.52,-0.74,9.65,0.0177,0.0136,-0.0083,92441.64,767.33,-0.06,0.0238
41770,-0.51,-0.74,9.68,0.0177,0.0105,-0.0056,92441.64,767.33,-0.04,0.0214
41820,-0.52,-0.74,9.65,0.0149,0.0148,-0.0041,92441.64,767.33,-0.03,0.0214
41873,-0.48,-0.72,9.66,0.0151,0.0148,-0.0047,92441.64,767.33,-0.02,0.0216
41923,-0.52,-0.73,9.66,0.0175,0.0152,-0.0056,92441.64,767.33,-0.01,0.0238
41976,-0.51,-0.74,9.63,0.0167,0.0143,-0.0044,92441.64,767.33,-0.01,0.0224
42031,-0.50,-0.74,9.65,0.0184,0.0125,-0.0069,92441.64,767.33,-0.01,0.0233
42083,-0.53,-0.73,9.63,0.0181,0.0139,-0.0079,92441.64,767.33,-0.00,0.0241
42135,-0.54,-0.77,9.62,0.0175,0.0149,-0.0043,92441.64,767.33,-0.00,0.0234
42186,-0.53,-0.69,9.68,0.0159,0.0167,-0.0039,92441.64,767.33,-0.00,0.0233
42238,-0.54,-0.74,9.64,0.0159,0.0152,-0.0061,92441.64,767.33,-0.00,0.0228
42289,-0.50,-0.72,9.62,0.0124,0.0160,-0.0044,92441.64,767.33,-0.00,0.0207
42345,-0.52,-0.71,9.64,0.0160,0.0105,-0.0071,92441.64,767.33,-0.00,0.0204
42395,-0.51,-0.74,9.62,0.0151,0.0131,-0.0076,92441.64,767.33,-0.00,0.0213
42448,-0.54,-0.72,9.63,0.0157,0.0127,-0.0083,92441.64,767.33,-0.00,0.0218
42503,-0.52,-0.72,9.62,0.0163,0.0152,-0.0035,92441.64,767.33,-0.00,0.0225
42556,-0.51,-0.73,9.63,0.0172,0.0139,-0.0075,92441.64,767.33,-0.00,0.0233
42606,-0.50,-0.73,9.64,0.0137,0.0145,-0.0043,92441.64,767.33,-0.00,0.0204
42659,-0.56,-0.74,9.65,0.0152,0.0133,-0.0041,92441.64,767.33,-0.00,0.0206
42724,-0.53,-0.74,9.64,0.0147,0.0132,-0.0065,92441.81,767.32,-0.07,0.0208
42777,-0.53,-0.74,9.63,0.0147,0.0139,-0.0044,92441.81,767.32,-0.05,0.0206
42827,-0.53,-0.73,9.61,0.0157,0.0136,-0.0052,92441.81,767.32,-0.04,0.0214
42880,-0.50,-0.74,9.64,0.0131,0.0136,-0.0035,92441.81,767.32,-0.02,0.0192
42930,-0.51,-0.72,9.65,0.0153,0.0127,-0.0049,92441.81,767.32,-0.02,0.0205
42983,-0.53,-0.75,9.63,0.0167,0.0125,-0.0057,92441.81,767.32,-0.01,0.0216
43033,-0.50,-0.74,9.64,0.0152,0.0115,-0.0065,92441.81,767.32,-0.01,0.0201
43089,-0.51,-0.74,9.66,0.0147,0.0144,-0.0083,92441.81,767.32,-0.01,0.0221
43141,-0.52,-0.71,9.66,0.0131,0.0144,-0.0063,92441.81,767.32,-0.00,0.0204
43192,-0.56,-0.73,9.64,0.0183,0.0133,-0.0032,92441.81,767.32,-0.00,0.0228
43244,-0.52,-0.73,9.66,0.0157,0.0159,-0.0065,92441.78,767.32,0.02,0.0233
43295,-0.56,-0.73,9.66,0.0168,0.0143,-0.0075,92441.78,767.32,0.01,0.0233
43347,-0.52,-0.74,9.64,0.0152,0.0159,-0.0061,92441.78,767.32,0.01,0.0228
43398,-0.53,-0.73,9.64,0.0171,0.0115,-0.0048,92441.78,767.32,0.01,0.0211
43454,-0.52,-0.74,9.64,0.0165,0.0133,-0.0088,92441.78,767.32,0.00,0.0230
43504,-0.51,-0.74,9.59,0.0153,0.0117,-0.0103,92441.78,767.32,0.00,0.0219
43557,-0.54,-0.72,9.64,0.0151,0.0121,-0.0064,92441.78,767.32,0.00,0.0204
43607,-0.47,-0.72,9.63,0.0143,0.0139,-0.0056,92441.78,767.32,0.00,0.0207
43660,-0.52,-0.73,9.62,0.0171,0.0109,-0.0088,92441.78,767.32,0.00,0.0221
43710,-0.51,-0.73,9.63,0.0160,0.0129,-0.0069,92441.78,767.32,0.00,0.0217
43763,-0.54,-0.74,9.65,0.0136,0.0155,-0.0091,92441.78,767.32,0.00,0.0225
43818,-0.53,-0.73,9.64,0.0155,0.0147,-0.0068,92441.95,767.30,-0.09,0.0224
43869,-0.55,-0.73,9.64,0.0177,0.0145,-0.0075,92441.95,767.30,-0.06,0.0241
43921,-0.52,-0.73,9.67,0.0140,0.0125,-0.0084,92441.95,767.30,-0.04,0.0206
43973,-0.52,-0.73,9.64,0.0133,0.0147,-0.0048,92441.95,767.30,-0.03,0.0204
44025,-0.48,-0.72,9.65,0.0149,0.0133,-0.0081,92441.95,767.30,-0.02,0.0216
44077,-0.52,-0.75,9.66,0.0167,0.0132,-0.0051,92441.95,767.30,-0.01,0.0218
44129,-0.55,-0.72,9.64,0.0160,0.0119,-0.0067,92441.95,767.30,-0.01,0.0210
44183,-0.53,-0.75,9.63,0.0175,0.0137,-0.0056,92441.95,767.30,-0.01,0.0229
44236,-0.50,-0.72,9.66,0.0148,0.0140,-0.0077,92441.95,767.30,-0.00,0.0218
44286,-0.52,-0.72,9.67,0.0147,0.0129,-0.0047,92441.95,767.30,-0.00,0.0201
44339,-0.57,-0.73,9.67,0.0139,0.0165,-0.0064,92441.95,767.30,-0.00,0.0225
44389,-0.55,-0.74,9.62,0.0139,0.0148,-0.0057,92441.95,767.30,-0.00,0.0211
44442,-0.53,-0.71,9.63,0.0141,0.0127,-0.0044,92441.95,767.30,-0.00,0.0195
44492,-0.51,-0.73,9.63,0.0137,0.0151,-0.0068,92441.95,767.30,-0.00,0.0215
44553,-0.50,-0.75,9.63,0.0179,0.0109,-0.0071,92441.95,767.30,-0.00,0.0221
44605,-0.52,-0.72,9.66,0.0147,0.0141,-0.0035,92441.95,767.30,-0.00,0.0206
44657,-0.51,-0.74,9.63,0.0172,0.0120,-0.0061,92441.95,767.30,-0.00,0.0218
44709,-0.51,-0.75,9.63,0.0180,0.0132,-0.0060,92441.95,767.30,-0.00,0.0231
44761,-0.50,-0.72,9.62,0.0163,0.0135,-0.0043,92441.95,767.30,-0.00,0.0215
44813,-0.51,-0.72,9.62,0.0137,0.0128,-0.0071,92441.95,767.30,-0.00,0.0200
44867,-0.51,-0.71,9.65,0.0167,0.0151,-0.0076,92442.29,767.27,-0.17,0.0237
44920,-0.50,-0.71,9.65,0.0144,0.0147,-0.0072,92442.29,767.27,-0.12,0.0218
44970,-0.51,-0.73,9.63,0.0155,0.0157,-0.0040,92442.29,767.27,-0.08,0.0224
45023,-0.51,-0.72,9.65,0.0140,0.0137,-0.0083,92442.29,767.27,-0.06,0.0213
45073,-0.49,-0.72,9.64,0.0177,0.0129,-0.0043,92442.29,767.27,-0.04,0.0223
45126,-0.53,-0.75,9.65,0.0135,0.0148,-0.0056,92442.29,767.27,-0.03,0.0208
45176,-0.50,-0.72,9.62,0.0185,0.0143,-0.0063,92442.29,767.27,-0.02,0.0242
45232,-0.50,-0.72,9.64,0.0163,0.0137,-0.0060,92442.29,767.27,-0.01,0.0221
45284,-0.52,-0.74,9.63,0.0164,0.0149,-0.0079,92442.29,767.27,-0.01,0.0235
45336,-0.53,-0.74,9.61,0.0175,0.0131,-0.0048,92442.29,767.27,-0.01,0.0223
45388,-0.52,-0.71,9.63,0.0187,0.0129,-0.0049,92442.29,767.27,-0.00,0.0232
45439,-0.51,-0.74,9.63,0.0136,0.0136,-0.0057,92442.29,767.27,-0.00,0.0201
45491,-0.51,-0.71,9.62,0.0164,0.0139,-0.0059,92442.29,767.27,-0.00,0.0222
45542,-0.51,-0.72,9.65,0.0159,0.0123,-0.0065,92442.29,767.27,-0.00,0.0211
45609,-0.55,-0.73,9.61,0.0160,0.0148,-0.0056,92442.29,767.27,-0.00,0.0225
45661,-0.53,-0.76,9.63,0.0173,0.0149,-0.0049,92442.29,767.27,-0.00,0.0234
45713,-0.53,-0.69,9.62,0.0128,0.0133,-0.0067,92442.29,767.27,-0.00,0.0196
45765,-0.56,-0.75,9.63,0.0161,0.0143,-0.0065,92442.29,767.27,-0.00,0.0225
45817,-0.52,-0.74,9.63,0.0149,0.0155,-0.0049,92442.29,767.27,-0.00,0.0220
45869,-0.55,-0.73,9.62,0.0159,0.0096,-0.0069,92442.29,767.27,-0.00,0.0198
45921,-0.55,-0.73,9.63,0.0167,0.0121,-0.0051,92442.60,767.25,-0.16,0.0212
45975,-0.51,-0.74,9.63,0.0155,0.0139,-0.0088,92442.60,767.25,-0.11,0.0225
46028,-0.51,-0.74,9.63,0.0175,0.0125,-0.0048,92442.60,767.25,-0.08,0.0220
46078,-0.53,-0.71,9.63,0.0145,0.0117,-0.0055,92442.60,767.25,-0.05,0.0194
46131,-0.51,-0.72,9.62,0.0188,0.0123,-0.0049,92442.60,767.25,-0.04,0.0230
46181,-0.53,-0.72,9.62,0.0164,0.0112,-0.0059,92442.60,767.25,-0.03,0.0207
46234,-0.53,-0.72,9.61,0.0163,0.0131,-0.0055,92442.60,767.25,-0.02,0.0216
46284,-0.54,-0.73,9.63,0.0160,0.0152,-0.0056,92442.60,767.25,-0.01,0.0228
46340,-0.51,-0.71,9.65,0.0171,0.0159,-0.0039,92442.60,767.25,-0.01,0.0236
46392,-0.53,-0.72,9.63,0.0128,0.0148,-0.0060,92442.60,767.25,-0.01,0.0205
46443,-0.51,-0.73,9.64,0.0156,0.0113,-0.0036,92442.58,767.25,0.01,0.0196
46495,-0.57,-0.71,9.64,0.0176,0.0128,-0.0049,92442.58,767.25,0.01,0.0223
46546,-0.52,-0.74,9.63,0.0152,0.0131,-0.0056,92442.58,767.25,0.00,0.0208
46603,-0.54,-0.74,9.62,0.0152,0.0133,-0.0029,92442.58,767.25,0.00,0.0204
46654,-0.51,-0.71,9.63,0.0155,0.0125,-0.0060,92442.58,767.25,0.00,0.0208
46710,-0.51,-0.74,9.64,0.0156,0.0141,-0.0060,92442.58,767.25,0.00,0.0219
46760,-0.50,-0.73,9.65,0.0156,0.0129,-0.0072,92442.58,767.25,0.00,0.0215
46813,-0.52,-0.74,9.64,0.0132,0.0140,-0.0043,92442.58,767.25,0.00,0.0197
46863,-0.54,-0.74,9.65,0.0183,0.0132,-0.0039,92442.58,767.25,0.00,0.0228
46916,-0.54,-0.72,9.66,0.0157,0.0147,-0.0057,92442.58,767.25,0.00,0.0222
46966,-0.52,-0.73,9.66,0.0152,0.0137,-0.0092,92442.58,767.25,0.00,0.0224
47022,-0.55,-0.75,9.64,0.0117,0.0144,-0.0055,92442.41,767.26,0.08,0.0193
47074,-0.53,-0.73,9.62,0.0153,0.0104,-0.0089,92442.41,767.26,0.06,0.0206
47126,-0.52,-0.74,9.64,0.0149,0.0124,-0.0064,92442.41,767.26,0.04,0.0204
47178,-0.53,-0.73,9.62,0.0156,0.0132,-0.0053,92442.41,767.26,0.03,0.0211
47229,-0.50,-0.71,9.62,0.0160,0.0136,-0.0047,92442.41,767.26,0.02,0.0215
47281,-0.52,-0.74,9.64,0.0132,0.0129,-0.0071,92442.41,767.26,0.01,0.0198
47333,-0.53,-0.72,9.62,0.0139,0.0157,-0.0055,92442.41,767.26,0.01,0.0217
47389,-0.51,-0.75,9.64,0.0180,0.0112,-0.0068,92442.41,767.26,0.01,0.0222
47439,-0.52,-0.69,9.62,0.0135,0.0139,-0.0067,92442.41,767.26,0.00,0.0204
47492,-0.55,-0.70,9.65,0.0155,0.0119,-0.0072,92442.41,767.26,0.00,0.0208
47542,-0.51,-0.76,9.63,0.0155,0.0136,-0.0076,92442.41,767.26,0.00,0.0219
47596,-0.51,-0.71,9.65,0.0173,0.0151,-0.0063,92442.41,767.26,0.00,0.0238
47646,-0.52,-0.73,9.64,0.0157,0.0123,-0.0049,92442.41,767.26,0.00,0.0205
47700,-0.51,-0.74,9.62,0.0133,0.0143,-0.0064,92442.41,767.26,0.00,0.0205
47755,-0.50,-0.70,9.62,0.0161,0.0143,-0.0080,92442.41,767.26,0.00,0.0230
47807,-0.51,-0.76,9.63,0.0168,0.0120,-0.0047,92442.41,767.26,0.00,0.0212
47859,-0.51,-0.72,9.61,0.0156,0.0112,-0.0055,92442.41,767.26,0.00,0.0200
47911,-0.50,-0.71,9.63,0.0160,0.0149,-0.0065,92442.41,767.26,0.00,0.0228
47963,-0.52,-0.71,9.63,0.0168,0.0121,-0.0057,92442.41,767.26,0.00,0.0215
48015,-0.51,-0.74,9.67,0.0143,0.0144,-0.0055,92442.41,767.26,0.00,0.0210
48067,-0.49,-0.75,9.62,0.0145,0.0121,-0.0057,92442.91,767.22,-0.26,0.0198
48122,-0.50,-0.73,9.62,0.0161,0.0139,-0.0053,92442.91,767.22,-0.18,0.0219
48176,-0.54,-0.74,9.63,0.0136,0.0147,-0.0053,92442.91,767.22,-0.13,0.0207
48226,-0.51,-0.73,9.64,0.0167,0.0109,-0.0065,92442.91,767.22,-0.09,0.0210
48280,-0.51,-0.74,9.64,0.0176,0.0132,-0.0049,92442.91,767.22,-0.06,0.0225
48330,-0.52,-0.71,9.62,0.0137,0.0152,-0.0041,92442.91,767.22,-0.04,0.0209
48384,-0.49,-0.76,9.66,0.0144,0.0104,-0.0048,92442.91,767.22,-0.03,0.0184
48434,-0.51,-0.74,9.65,0.0133,0.0139,-0.0057,92442.91,767.22,-0.02,0.0201
48502,-0.56,-0.74,9.62,0.0155,0.0127,-0.0060,92442.91,767.22,-0.02,0.0209
48552,-0.53,-0.72,9.63,0.0152,0.0140,-0.0044,92442.91,767.22,-0.01,0.0211
48611,-0.51,-0.72,9.65,0.0176,0.0137,-0.0064,92442.89,767.22,0.00,0.0232
48661,-0.51,-0.74,9.64,0.0168,0.0125,-0.0067,92442.89,767.22,0.00,0.0220
48715,-0.54,-0.72,9.67,0.0143,0.0115,-0.0047,92442.89,767.22,0.00,0.0189
48765,-0.52,-0.71,9.63,0.0155,0.0136,-0.0031,92442.89,767.22,0.00,0.0208
48819,-0.51,-0.74,9.62,0.0152,0.0113,-0.0067,92442.89,767.22,0.00,0.0201
48874,-0.56,-0.74,9.64,0.0165,0.0184,-0.0057,92442.89,767.22,0.00,0.0254
48926,-0.53,-0.73,9.62,0.0167,0.0137,-0.0051,92442.89,767.22,0.00,0.0222
48978,-0.51,-0.73,9.64,0.0161,0.0121,-0.0051,92442.89,767.22,0.00,0.0208
49030,-0.51,-0.74,9.64,0.0148,0.0129,-0.0052,92442.89,767.22,0.00,0.0203
49082,-0.51,-0.74,9.63,0.0143,0.0160,-0.0063,92442.89,767.22,0.00,0.0223
49134,-0.51,-0.70,9.63,0.0176,0.0143,-0.0071,92442.89,767.22,0.00,0.0237
49186,-0.52,-0.71,9.64,0.0175,0.0137,-0.0087,92442.89,767.22,0.00,0.0238
49240,-0.52,-0.70,9.65,0.0139,0.0141,-0.0089,92442.89,767.22,0.00,0.0217
49294,-0.54,-0.72,9.63,0.0179,0.0137,-0.0056,92442.89,767.22,0.00,0.0232
49344,-0.53,-0.74,9.64,0.0171,0.0119,-0.0067,92442.89,767.22,0.00,0.0218
49398,-0.51,-0.74,9.62,0.0164,0.0116,-0.0064,92442.89,767.22,0.00,0.0211
49448,-0.49,-0.70,9.66,0.0155,0.0153,-0.0068,92442.89,767.22,0.00,0.0228
49502,-0.53,-0.71,9.61,0.0165,0.0143,-0.0067,92442.89,767.22,0.00,0.0228
49552,-0.54,-0.72,9.61,0.0149,0.0120,-0.0065,92442.89,767.22,0.00,0.0202
49609,-0.51,-0.76,9.63,0.0155,0.0139,-0.0055,92442.89,767.22,0.00,0.0215
49661,-0.51,-0.71,9.62,0.0157,0.0120,-0.0071,92442.72,767.24,0.09,0.0210
49713,-0.54,-0.68,9.64,0.0161,0.0124,-0.0069,92442.72,767.24,0.06,0.0215
49765,-0.52,-0.72,9.62,0.0148,0.0127,-0.0064,92442.72,767.24,0.04,0.0205
49817,-0.51,-0.74,9.63,0.0168,0.0155,-0.0056,92442.72,767.24,0.03,0.0235
49869,-0.54,-0.73,9.63,0.0156,0.0151,-0.0049,92442.72,767.24,0.02,0.0222
49921,-0.50,-0.72,9.63,0.0159,0.0143,-0.0052,92442.72,767.24,0.02,0.0219
49977,-0.53,-0.72,9.62,0.0144,0.0123,-0.0053,92442.72,767.24,0.01,0.0196
50027,-0.53,-0.72,9.64,0.0163,0.0140,-0.0048,92442.72,767.24,0.01,0.0220
50080,-0.53,-0.73,9.64,0.0177,0.0121,-0.0067,92442.72,767.24,0.01,0.0225
50130,-0.53,-0.74,9.62,0.0172,0.0135,-0.0068,92442.72,767.24,0.00,0.0229
50184,-0.55,-0.71,9.63,0.0161,0.0136,-0.0059,92442.71,767.24,0.01,0.0219
50234,-0.52,-0.73,9.63,0.0147,0.0147,-0.0067,92442.71,767.24,0.00,0.0218
50288,-0.51,-0.72,9.60,0.0143,0.0147,-0.0056,92442.71,767.24,0.00,0.0212
50343,-0.50,-0.76,9.64,0.0176,0.0131,-0.0061,92442.71,767.24,0.00,0.0227
50395,-0.49,-0.72,9.64,0.0163,0.0140,-0.0024,92442.71,767.24,0.00,0.0216
50447,-0.54,-0.76,9.63,0.0144,0.0107,-0.0064,92442.71,767.24,0.00,0.0190
50499,-0.55,-0.71,9.63,0.0151,0.0137,-0.0072,92442.71,767.24,0.00,0.0216
50551,-0.52,-0.74,9.65,0.0147,0.0160,-0.0060,92442.71,767.24,0.00,0.0225
50603,-0.52,-0.75,9.61,0.0165,0.0143,-0.0044,92442.71,767.24,0.00,0.0223
50660,-0.50,-0.73,9.64,0.0187,0.0160,-0.0071,92442.71,767.24,0.00,0.0256
50710,-0.53,-0.74,9.62,0.0155,0.0131,-0.0065,92442.71,767.28,0.27,0.0213
50762,-0.50,-0.71,9.63,0.0155,0.0121,-0.0061,92442.88,767.22,-0.16,0.0206
50814,-0.52,-0.73,9.65,0.0141,0.0143,-0.0047,92442.88,767.22,-0.11,0.0206
50866,-0.54,-0.72,9.63,0.0121,0.0143,-0.0069,92442.88,767.22,-0.08,0.0200
50918,-0.53,-0.72,9.64,0.0153,0.0132,-0.0032,92442.88,767.22,-0.06,0.0205
50970,-0.50,-0.74,9.61,0.0144,0.0133,-0.0065,92442.88,767.22,-0.04,0.0207
51024,-0.51,-0.72,9.63,0.0163,0.0131,-0.0061,92442.88,767.22,-0.03,0.0217
51077,-0.52,-0.72,9.64,0.0175,0.0131,-0.0044,92442.88,767.22,-0.02,0.0222
51127,-0.51,-0.73,9.64,0.0155,0.0136,-0.0043,92442.88,767.22,-0.01,0.0210
51181,-0.51,-0.69,9.64,0.0177,0.0149,-0.0056,92442.88,767.22,-0.01,0.0238
51231,-0.51,-0.70,9.64,0.0135,0.0139,-0.0051,92442.88,767.22,-0.01,0.0200
51284,-0.53,-0.73,9.62,0.0139,0.0156,-0.0071,92442.88,767.22,-0.00,0.0220
51334,-0.53,-0.74,9.65,0.0128,0.0145,-0.0057,92442.88,767.22,-0.00,0.0202
51402,-0.52,-0.70,9.63,0.0147,0.0117,-0.0071,92442.88,767.22,-0.00,0.0201
51452,-0.54,-0.75,9.62,0.0153,0.0128,-0.0057,92442.88,767.22,-0.00,0.0208
51506,-0.51,-0.70,9.63,0.0179,0.0129,-0.0073,92442.88,767.22,-0.00,0.0232
51556,-0.53,-0.70,9.64,0.0147,0.0135,-0.0071,92442.88,767.22,-0.00,0.0211
51610,-0.54,-0.72,9.62,0.0168,0.0153,-0.0084,92442.88,767.22,-0.00,0.0242
51660,-0.51,-0.74,9.63,0.0180,0.0139,-0.0069,92442.88,767.22,-0.00,0.0237
51714,-0.54,-0.70,9.65,0.0153,0.0152,-0.0049,92442.88,767.22,-0.00,0.0221
51769,-0.53,-0.73,9.64,0.0160,0.0135,-0.0045,92442.88,767.22,-0.00,0.0214
51821,-0.52,-0.72,9.65,0.0168,0.0152,-0.0055,92443.00,767.21,-0.06,0.0233
51873,-0.54,-0.74,9.66,0.0156,0.0155,-0.0057,92443.00,767.21,-0.04,0.0227
51925,-0.54,-0.75,9.64,0.0161,0.0139,-0.0045,92443.00,767.21,-0.03,0.0217
51977,-0.52,-0.68,9.65,0.0172,0.0144,-0.0047,92443.00,767.21,-0.02,0.0229
52029,-0.53,-0.72,9.63,0.0133,0.0124,-0.0065,92443.00,767.21,-0.01,0.0193
52081,-0.54,-0.74,9.65,0.0161,0.0143,-0.0061,92443.00,767.21,-0.01,0.0224
52136,-0.52,-0.72,9.62,0.0153,0.0128,-0.0080,92443.00,767.21,-0.01,0.0215
52190,-0.54,-0.73,9.64,0.0148,0.0127,-0.0055,92443.00,767.21,-0.00,0.0202
52240,-0.53,-0.73,9.63,0.0151,0.0116,-0.0056,92443.00,767.21,-0.00,0.0198
52294,-0.48,-0.73,9.65,0.0153,0.0173,-0.0057,92443.00,767.21,-0.00,0.0238
52344,-0.51,-0.70,9.64,0.0149,0.0137,-0.0037,92443.34,767.18,-0.18,0.0206
52398,-0.55,-0.74,9.62,0.0168,0.0137,-0.0049,92443.34,767.18,-0.13,0.0222
52448,-0.50,-0.74,9.66,0.0141,0.0153,-0.0063,92443.34,767.18,-0.09,0.0218
52504,-0.51,-0.69,9.62,0.0155,0.0115,-0.0055,92443.34,767.18,-0.06,0.0200
52554,-0.53,-0.74,9.64,0.0175,0.0121,-0.0057,92443.34,767.18,-0.04,0.0220
52608,-0.52,-0.70,9.64,0.0187,0.0139,-0.0072,92443.34,767.18,-0.03,0.0243
52664,-0.52,-0.70,9.65,0.0148,0.0136,-0.0032,92443.34,767.18,-0.02,0.0203
52714,-0.54,-0.73,9.66,0.0163,0.0115,-0.0056,92443.34,767.18,-0.01,0.0207
52766,-0.53,-0.72,9.62,0.0145,0.0151,-0.0051,92443.34,767.18,-0.01,0.0215
52821,-0.52,-0.75,9.67,0.0149,0.0115,-0.0032,92443.34,767.18,-0.01,0.0191
52875,-0.60,-0.72,9.64,0.0168,0.0128,-0.0052,92443.34,767.18,-0.01,0.0217
52925,-0.50,-0.71,9.62,0.0167,0.0160,-0.0069,92443.34,767.18,-0.00,0.0241
52979,-0.54,-0.72,9.63,0.0137,0.0148,-0.0043,92443.34,767.18,-0.00,0.0206
53029,-0.52,-0.74,9.61,0.0157,0.0144,-0.0081,92443.34,767.18,-0.00,0.0228
53083,-0.52,-0.72,9.62,0.0128,0.0144,-0.0061,92443.34,767.18,-0.00,0.0202
53133,-0.55,-0.71,9.62,0.0151,0.0161,-0.0051,92443.34,767.18,-0.00,0.0226
53189,-0.55,-0.70,9.62,0.0157,0.0123,-0.0045,92443.34,767.18,-0.00,0.0204
53241,-0.53,-0.73,9.61,0.0148,0.0144,-0.0084,92443.34,767.18,-0.00,0.0223
53293,-0.53,-0.71,9.63,0.0141,0.0155,-0.0040,92443.34,767.18,-0.00,0.0213
53345,-0.54,-0.72,9.64,0.0172,0.0145,-0.0065,92443.34,767.18,-0.00,0.0234
53397,-0.52,-0.70,9.62,0.0176,0.0131,-0.0073,92443.51,767.16,-0.09,0.0231
53449,-0.55,-0.70,9.62,0.0157,0.0128,-0.0031,92443.51,767.16,-0.06,0.0205
53501,-0.52,-0.71,9.63,0.0187,0.0139,-0.0077,92443.51,767.16,-0.04,0.0245
53557,-0.51,-0.70,9.62,0.0157,0.0120,-0.0083,92443.51,767.16,-0.03,0.0214
53607,-0.52,-0.74,9.63,0.0153,0.0148,-0.0052,92443.51,767.16,-0.02,0.0219
53661,-0.52,-0.72,9.62,0.0156,0.0123,-0.0041,92443.51,767.16,-0.02,0.0203
53711,-0.50,-0.74,9.61,0.0180,0.0125,-0.0081,92443.51,767.16,-0.01,0.0234
53765,-0.52,-0.72,9.62,0.0157,0.0120,-0.0052,92443.51,767.16,-0.01,0.0204
53815,-0.54,-0.73,9.64,0.0159,0.0129,-0.0065,92443.51,767.16,-0.01,0.0215
53869,-0.53,-0.73,9.64,0.0159,0.0119,-0.0073,92443.51,767.16,-0.00,0.0211
53924,-0.51,-0.73,9.64,0.0168,0.0116,-0.0063,92443.48,767.17,0.01,0.0213
53976,-0.53,-0.72,9.61,0.0133,0.0123,-0.0060,92443.48,767.17,0.01,0.0191
54028,-0.48,-0.71,9.60,0.0136,0.0153,-0.0049,92443.48,767.17,0.01,0.0211
54080,-0.57,-0.73,9.63,0.0149,0.0144,-0.0072,92443.48,767.17,0.00,0.0219
54132,-0.54,-0.69,9.64,0.0168,0.0112,-0.0059,92443.48,767.17,0.00,0.0210
54184,-0.51,-0.73,9.61,0.0144,0.0101,-0.0061,92443.48,767.17,0.00,0.0186
54236,-0.52,-0.71,9.60,0.0161,0.0155,-0.0029,92443.48,767.17,0.00,0.0225
54302,-0.52,-0.72,9.62,0.0168,0.0143,-0.0056,92443.48,767.17,0.00,0.0227
54354,-0.52,-0.75,9.62,0.0155,0.0141,-0.0036,92443.48,767.17,0.00,0.0212
54406,-0.52,-0.72,9.62,0.0168,0.0125,-0.0049,92443.48,767.17,0.00,0.0215
54458,-0.50,-0.75,9.63,0.0153,0.0097,-0.0043,92443.48,767.17,0.00,0.0186
54510,-0.52,-0.75,9.65,0.0167,0.0121,-0.0051,92443.48,767.17,0.00,0.0212
54562,-0.51,-0.72,9.60,0.0167,0.0123,-0.0069,92443.48,767.17,0.00,0.0218
54614,-0.50,-0.72,9.65,0.0175,0.0131,-0.0049,92443.48,767.17,0.00,0.0223
54676,-0.53,-0.74,9.63,0.0137,0.0148,-0.0065,92443.48,767.17,0.00,0.0212
54726,-0.53,-0.71,9.62,0.0164,0.0147,-0.0057,92443.48,767.17,0.00,0.0227
54780,-0.50,-0.72,9.61,0.0163,0.0117,-0.0085,92443.48,767.17,0.00,0.0218
54830,-0.53,-0.74,9.63,0.0136,0.0121,-0.0060,92443.48,767.17,0.00,0.0192
54884,-0.53,-0.68,9.62,0.0173,0.0137,-0.0037,92443.48,767.17,0.00,0.0224
54934,-0.53,-0.76,9.67,0.0163,0.0157,-0.0057,92443.48,767.17,0.00,0.0233
54988,-0.52,-0.76,9.63,0.0152,0.0148,-0.0045,92443.48,767.17,0.00,0.0217
55043,-0.49,-0.70,9.62,0.0167,0.0121,-0.0045,92443.48,767.17,0.00,0.0211
55095,-0.55,-0.74,9.63,0.0157,0.0165,-0.0060,92443.48,767.17,0.00,0.0236
55147,-0.53,-0.73,9.62,0.0152,0.0163,-0.0053,92443.48,767.17,0.00,0.0229
55199,-0.57,-0.72,9.62,0.0159,0.0143,-0.0055,92443.48,767.17,0.00,0.0220
55251,-0.53,-0.74,9.62,0.0153,0.0136,-0.0072,92443.48,767.17,0.00,0.0217
55303,-0.51,-0.73,9.64,0.0147,0.0159,-0.0055,92443.48,767.17,0.00,0.0223
55355,-0.52,-0.73,9.64,0.0159,0.0113,-0.0076,92443.48,767.17,0.00,0.0209
55410,-0.52,-0.71,9.63,0.0143,0.0151,-0.0048,92443.48,767.17,0.00,0.0213
55464,-0.53,-0.73,9.64,0.0165,0.0136,-0.0068,92443.48,767.17,0.00,0.0224
55514,-0.52,-0.72,9.64,0.0155,0.0141,-0.0033,92443.48,767.17,0.00,0.0212
55568,-0.53,-0.73,9.62,0.0179,0.0108,-0.0045,92443.48,767.17,0.00,0.0213
55618,-0.53,-0.70,9.63,0.0159,0.0120,-0.0061,92443.48,767.17,0.00,0.0208
55672,-0.53,-0.74,9.67,0.0145,0.0144,-0.0057,92443.48,767.17,0.00,0.0212
55722,-0.54,-0.70,9.62,0.0159,0.0143,-0.0071,92443.48,767.17,0.00,0.0225
55779,-0.53,-0.76,9.62,0.0124,0.0125,-0.0052,92443.48,767.17,0.00,0.0184
55831,-0.53,-0.71,9.64,0.0171,0.0136,-0.0084,92443.48,767.17,0.00,0.0234
55883,-0.51,-0.75,9.64,0.0139,0.0125,-0.0052,92443.48,767.17,0.00,0.0194
55935,-0.48,-0.75,9.64,0.0139,0.0135,-0.0056,92443.48,767.17,0.00,0.0201
55987,-0.53,-0.71,9.66,0.0164,0.0137,-0.0071,92443.48,767.17,0.00,0.0225
56039,-0.54,-0.73,9.61,0.0177,0.0155,-0.0072,92443.48,767.17,0.00,0.0246
56094,-0.55,-0.73,9.62,0.0173,0.0125,-0.0057,92443.31,767.18,0.08,0.0221
56148,-0.53,-0.72,9.63,0.0155,0.0147,-0.0052,92443.31,767.18,0.06,0.0219
56198,-0.51,-0.73,9.67,0.0161,0.0140,-0.0079,92443.31,767.18,0.04,0.0227
56252,-0.52,-0.73,9.62,0.0156,0.0128,-0.0048,92443.31,767.18,0.03,0.0207
56302,-0.52,-0.73,9.63,0.0160,0.0129,-0.0069,92443.31,767.18,0.02,0.0217
56356,-0.51,-0.74,9.64,0.0163,0.0131,-0.0053,92443.31,767.18,0.01,0.0215
56406,-0.53,-0.72,9.62,0.0160,0.0133,-0.0044,92443.31,767.18,0.01,0.0213
56463,-0.53,-0.72,9.62,0.0189,0.0137,-0.0063,92443.31,767.18,0.01,0.0242
56515,-0.52,-0.73,9.66,0.0160,0.0145,-0.0056,92443.31,767.18,0.00,0.0223
56567,-0.49,-0.73,9.62,0.0148,0.0149,-0.0041,92443.31,767.18,0.00,0.0214
56619,-0.52,-0.74,9.64,0.0168,0.0137,-0.0075,92443.48,767.17,-0.09,0.0229
56671,-0.51,-0.73,9.63,0.0168,0.0159,-0.0067,92443.48,767.17,-0.06,0.0240
56728,-0.55,-0.71,9.62,0.0144,0.0100,-0.0032,92443.48,767.17,-0.04,0.0178
56780,-0.59,-0.75,9.65,0.0151,0.0144,-0.0065,92443.48,767.17,-0.03,0.0218
56836,-0.51,-0.69,9.64,0.0152,0.0145,-0.0067,92443.48,767.17,-0.02,0.0220
56886,-0.54,-0.73,9.65,0.0175,0.0148,-0.0068,92443.48,767.17,-0.01,0.0239
56940,-0.51,-0.75,9.60,0.0159,0.0124,-0.0060,92443.48,767.17,-0.01,0.0210
56990,-0.51,-0.74,9.64,0.0148,0.0144,-0.0064,92443.48,767.17,-0.01,0.0216
57044,-0.51,-0.71,9.61,0.0159,0.0133,-0.0087,92443.48,767.17,-0.00,0.0224
57094,-0.50,-0.71,9.66,0.0147,0.0137,-0.0072,92443.48,767.17,-0.00,0.0213
57148,-0.56,-0.73,9.63,0.0180,0.0159,-0.0063,92443.47,767.17,0.00,0.0248
57213,-0.53,-0.74,9.62,0.0152,0.0139,-0.0031,92443.47,767.17,0.00,0.0208
57267,-0.53,-0.74,9.65,0.0185,0.0119,-0.0069,92443.47,767.17,0.00,0.0231
57317,-0.52,-0.69,9.61,0.0172,0.0151,-0.0060,92443.47,767.17,0.00,0.0236
57371,-0.54,-0.71,9.64,0.0167,0.0135,-0.0063,92443.47,767.17,0.00,0.0223
57421,-0.53,-0.71,9.63,0.0149,0.0104,-0.0060,92443.47,767.17,0.00,0.0191
57475,-0.51,-0.74,9.62,0.0137,0.0140,-0.0053,92443.47,767.17,0.00,0.0203
57525,-0.51,-0.75,9.62,0.0179,0.0140,-0.0053,92443.47,767.17,0.00,0.0233
57582,-0.51,-0.74,9.62,0.0163,0.0108,-0.0047,92443.47,767.17,0.00,0.0201
57634,-0.55,-0.71,9.64,0.0153,0.0104,-0.0047,92443.47,767.17,0.00,0.0191
57686,-0.51,-0.76,9.67,0.0155,0.0136,-0.0055,92443.30,767.18,0.09,0.0213
57738,-0.51,-0.72,9.63,0.0176,0.0133,-0.0057,92443.30,767.18,0.06,0.0228
57790,-0.54,-0.75,9.62,0.0148,0.0144,-0.0067,92443.30,767.18,0.04,0.0217
57842,-0.54,-0.71,9.66,0.0164,0.0140,-0.0056,92443.30,767.18,0.03,0.0223
57894,-0.57,-0.74,9.63,0.0155,0.0124,-0.0072,92443.30,767.18,0.02,0.0211
57950,-0.50,-0.71,9.61,0.0156,0.0121,-0.0061,92443.30,767.18,0.01,0.0207
58000,-0.53,-0.73,9.65,0.0153,0.0143,-0.0073,92443.30,767.18,0.01,0.0222
58054,-0.51,-0.74,9.65,0.0165,0.0112,-0.0041,92443.30,767.18,0.01,0.0204
58104,-0.53,-0.70,9.63,0.0183,0.0127,-0.0067,92443.30,767.18,0.01,0.0232
58158,-0.46,-0.71,9.66,0.0164,0.0113,-0.0041,92443.30,767.18,0.00,0.0203
58208,-0.49,-0.74,9.62,0.0143,0.0125,-0.0071,92443.13,767.20,0.09,0.0202
58262,-0.54,-0.71,9.63,0.0155,0.0160,-0.0065,92443.13,767.20,0.07,0.0232
58317,-0.51,-0.73,9.63,0.0116,0.0147,-0.0079,92443.13,767.20,0.05,0.0203
58369,-0.51,-0.73,9.63,0.0184,0.0145,-0.0044,92443.13,767.20,0.03,0.0238
58421,-0.54,-0.71,9.63,0.0171,0.0103,-0.0060,92443.13,767.20,0.02,0.0208
58473,-0.51,-0.72,9.64,0.0155,0.0135,-0.0059,92443.13,767.20,0.02,0.0213
58525,-0.50,-0.71,9.63,0.0159,0.0128,-0.0049,92443.13,767.20,0.01,0.0210
58577,-0.51,-0.74,9.61,0.0132,0.0139,-0.0076,92443.13,767.20,0.01,0.0206
58629,-0.54,-0.74,9.64,0.0168,0.0124,-0.0060,92443.13,767.20,0.01,0.0217
58684,-0.57,-0.73,9.62,0.0168,0.0152,-0.0063,92443.13,767.20,0.00,0.0235
58743,-0.54,-0.71,9.61,0.0133,0.0141,-0.0051,92443.11,767.20,0.01,0.0201
58793,-0.56,-0.72,9.63,0.0147,0.0132,-0.0068,92443.11,767.20,0.01,0.0209
58847,-0.54,-0.74,9.59,0.0164,0.0123,-0.0075,92443.11,767.20,0.01,0.0218
58897,-0.50,-0.71,9.61,0.0144,0.0137,-0.0061,92443.11,767.20,0.00,0.0208
58951,-0.51,-0.71,9.61,0.0163,0.0121,-0.0068,92443.11,767.20,0.00,0.0214
59001,-0.54,-0.74,9.61,0.0164,0.0141,-0.0059,92443.11,767.20,0.00,0.0224
59058,-0.51,-0.77,9.61,0.0155,0.0129,-0.0039,92443.11,767.20,0.00,0.0205
59110,-0.52,-0.74,9.62,0.0168,0.0141,-0.0097,92443.11,767.20,0.00,0.0240
59162,-0.52,-0.70,9.64,0.0164,0.0141,-0.0048,92443.11,767.20,0.00,0.0222
59214,-0.54,-0.73,9.63,0.0173,0.0124,-0.0043,92443.11,767.20,0.00,0.0217
59266,-0.54,-0.71,9.63,0.0141,0.0128,-0.0036,92443.10,767.20,0.00,0.0194
59318,-0.55,-0.71,9.62,0.0161,0.0152,-0.0044,92443.10,767.20,0.00,0.0226
59370,-0.54,-0.74,9.60,0.0151,0.0139,-0.0079,92443.10,767.20,0.00,0.0219
59427,-0.53,-0.73,9.59,0.0152,0.0144,-0.0061,92443.10,767.20,0.00,0.0218
59477,-0.56,-0.72,9.62,0.0185,0.0111,-0.0089,92443.10,767.20,0.00,0.0233
59531,-0.54,-0.70,9.63,0.0172,0.0129,-0.0037,92443.10,767.20,0.00,0.0218
59582,-0.51,-0.71,9.62,0.0179,0.0096,-0.0057,92443.10,767.20,0.00,0.0211
59636,-0.51,-0.72,9.63,0.0129,0.0163,-0.0043,92443.10,767.20,0.00,0.0212
59686,-0.51,-0.74,9.62,0.0153,0.0131,-0.0063,92443.10,767.20,0.00,0.0211
59740,-0.47,-0.72,9.63,0.0139,0.0153,-0.0069,92443.10,767.20,0.00,0.0218
59795,-0.54,-0.72,9.61,0.0161,0.0143,-0.0060,92443.10,767.20,0.00,0.0223
59847,-0.54,-0.69,9.62,0.0165,0.0161,-0.0047,92443.10,767.20,0.00,0.0235
59899,-0.52,-0.72,9.63,0.0173,0.0143,-0.0056,92443.10,767.20,0.00,0.0231
59951,-0.58,-0.75,9.60,0.0143,0.0131,-0.0057,92443.10,767.20,0.00,0.0202
60003,-0.52,-0.73,9.63,0.0151,0.0128,-0.0051,92443.10,767.20,0.00,0.0204
60055,-0.52,-0.73,9.60,0.0137,0.0131,-0.0057,92443.10,767.20,0.00,0.0198
60122,-0.53,-0.71,9.62,0.0168,0.0144,-0.0064,92443.10,767.20,0.00,0.0230
60174,-0.51,-0.70,9.63,0.0165,0.0135,-0.0064,92443.10,767.20,0.00,0.0222
60226,-0.52,-0.75,9.62,0.0143,0.0135,-0.0041,92443.10,767.20,0.00,0.0200
60278,-0.46,-0.72,9.61,0.0167,0.0120,-0.0064,92443.10,767.20,0.00,0.0215
60330,-0.52,-0.70,9.62,0.0160,0.0124,-0.0061,92443.10,767.20,0.00,0.0211
60382,-0.49,-0.74,9.63,0.0165,0.0128,-0.0052,92443.10,767.20,0.00,0.0215
60434,-0.55,-0.73,9.65,0.0164,0.0140,-0.0069,92443.10,767.20,0.00,0.0226
60489,-0.53,-0.71,9.62,0.0157,0.0148,-0.0073,92443.10,767.20,0.00,0.0228
60543,-0.50,-0.71,9.64,0.0144,0.0155,-0.0047,92443.10,767.20,0.00,0.0216
60594,-0.55,-0.70,9.63,0.0161,0.0123,-0.0052,92443.10,767.20,0.00,0.0209
60648,-0.51,-0.71,9.61,0.0176,0.0112,-0.0049,92443.10,767.20,0.00,0.0214
60698,-0.50,-0.72,9.61,0.0189,0.0117,-0.0045,92443.10,767.20,0.00,0.0227
60757,-0.53,-0.72,9.59,0.0159,0.0119,-0.0067,92443.10,767.20,0.00,0.0209
60807,-0.54,-0.72,9.62,0.0137,0.0167,-0.0068,92443.10,767.20,0.00,0.0226
60864,-0.52,-0.74,9.63,0.0168,0.0108,-0.0043,92442.94,767.22,0.08,0.0204
60916,-0.51,-0.73,9.63,0.0167,0.0096,-0.0051,92442.94,767.22,0.05,0.0199
60968,-0.54,-0.71,9.61,0.0147,0.0141,-0.0045,92442.94,767.22,0.04,0.0209
61020,-0.51,-0.71,9.64,0.0160,0.0131,-0.0049,92442.94,767.22,0.03,0.0212
61072,-0.51,-0.73,9.62,0.0163,0.0152,-0.0047,92442.94,767.22,0.02,0.0227
61124,-0.51,-0.73,9.64,0.0156,0.0133,-0.0071,92442.94,767.22,0.01,0.0217
61176,-0.54,-0.69,9.63,0.0171,0.0127,-0.0064,92442.94,767.22,0.01,0.0222
61233,-0.52,-0.70,9.60,0.0145,0.0144,-0.0045,92442.94,767.22,0.01,0.0209
61283,-0.52,-0.71,9.64,0.0165,0.0109,-0.0067,92442.94,767.22,0.00,0.0209
61337,-0.55,-0.74,9.65,0.0159,0.0149,-0.0063,92442.94,767.22,0.00,0.0227
61387,-0.55,-0.71,9.63,0.0155,0.0135,-0.0049,92442.94,767.22,0.00,0.0211
61441,-0.50,-0.73,9.62,0.0161,0.0129,-0.0048,92443.08,767.20,-0.07,0.0212
61492,-0.50,-0.76,9.61,0.0160,0.0153,-0.0052,92443.08,767.20,-0.05,0.0227
61546,-0.55,-0.78,9.64,0.0156,0.0117,-0.0048,92443.08,767.20,-0.03,0.0201
61601,-0.52,-0.74,9.62,0.0168,0.0168,-0.0057,92443.08,767.20,-0.02,0.0244
61653,-0.49,-0.73,9.64,0.0149,0.0129,-0.0069,92443.08,767.20,-0.02,0.0209
61705,-0.54,-0.71,9.64,0.0160,0.0140,-0.0048,92443.08,767.20,-0.01,0.0218
61757,-0.52,-0.74,9.63,0.0161,0.0151,-0.0052,92443.08,767.20,-0.01,0.0227
61809,-0.54,-0.73,9.64,0.0159,0.0153,-0.0056,92443.08,767.20,-0.01,0.0227
61861,-0.48,-0.74,9.65,0.0177,0.0120,-0.0064,92443.08,767.20,-0.00,0.0223
61913,-0.51,-0.73,9.64,0.0160,0.0131,-0.0068,92443.08,767.20,-0.00,0.0217
61968,-0.51,-0.75,9.62,0.0153,0.0123,-0.0065,92443.08,767.20,-0.00,0.0207
62022,-0.52,-0.70,9.62,0.0157,0.0153,-0.0071,92443.08,767.20,-0.00,0.0231
62072,-0.53,-0.72,9.63,0.0137,0.0141,-0.0043,92443.08,767.20,-0.00,0.0201
62126,-0.51,-0.71,9.63,0.0147,0.0143,-0.0057,92443.08,767.20,-0.00,0.0212
62176,-0.52,-0.74,9.65,0.0181,0.0144,-0.0061,92443.08,767.20,-0.00,0.0239
62230,-0.53,-0.73,9.62,0.0147,0.0148,-0.0036,92443.08,767.20,-0.00,0.0211
62280,-0.55,-0.73,9.63,0.0157,0.0115,-0.0053,92443.08,767.20,-0.00,0.0202
62337,-0.50,-0.72,9.62,0.0175,0.0164,-0.0056,92443.08,767.20,-0.00,0.0246
62389,-0.53,-0.71,9.61,0.0183,0.0145,-0.0067,92443.08,767.20,-0.00,0.0243
62441,-0.54,-0.72,9.63,0.0159,0.0164,-0.0071,92443.08,767.20,-0.00,0.0239
62493,-0.53,-0.71,9.63,0.0163,0.0133,-0.0043,92443.25,767.19,-0.09,0.0214
62545,-0.53,-0.68,9.64,0.0152,0.0085,-0.0065,92443.25,767.19,-0.06,0.0186
62597,-0.49,-0.74,9.64,0.0156,0.0124,-0.0037,92443.25,767.19,-0.04,0.0203
62649,-0.54,-0.72,9.65,0.0156,0.0148,-0.0057,92443.25,767.19,-0.03,0.0222
62706,-0.54,-0.73,9.61,0.0189,0.0107,-0.0087,92443.25,767.19,-0.02,0.0234
62761,-0.52,-0.74,9.65,0.0161,0.0136,-0.0053,92443.25,767.19,-0.01,0.0217
62815,-0.51,-0.69,9.64,0.0157,0.0137,-0.0061,92443.25,767.19,-0.01,0.0217
62865,-0.53,-0.69,9.63,0.0147,0.0160,-0.0036,92443.25,767.19,-0.01,0.0220
62919,-0.54,-0.74,9.63,0.0199,0.0112,-0.0073,92443.25,767.19,-0.01,0.0239
62969,-0.52,-0.71,9.62,0.0125,0.0155,-0.0063,92443.25,767.19,-0.00,0.0209
63038,-0.53,-0.74,9.63,0.0145,0.0145,-0.0055,92442.91,767.22,0.13,0.0213
63089,-0.52,-0.73,9.62,0.0145,0.0144,-0.0061,92442.91,767.22,0.09,0.0213
63144,-0.51,-0.70,9.64,0.0159,0.0129,-0.0067,92442.91,767.22,0.06,0.0215
63195,-0.52,-0.69,9.65,0.0168,0.0123,-0.0052,92442.91,767.22,0.04,0.0214
63250,-0.53,-0.75,9.64,0.0167,0.0129,-0.0048,92442.91,767.22,0.03,0.0216
63301,-0.51,-0.70,9.65,0.0167,0.0108,-0.0072,92442.91,767.22,0.02,0.0211
63356,-0.53,-0.72,9.62,0.0139,0.0160,-0.0057,92442.91,767.22,0.02,0.0219
63412,-0.51,-0.73,9.63,0.0181,0.0148,-0.0052,92442.91,767.22,0.01,0.0240
63464,-0.52,-0.72,9.64,0.0155,0.0139,-0.0064,92442.91,767.22,0.01,0.0217
63516,-0.51,-0.73,9.60,0.0139,0.0116,-0.0049,92442.91,767.22,0.01,0.0187
63568,-0.53,-0.71,9.63,0.0175,0.0135,-0.0057,92442.91,767.22,0.00,0.0228
63620,-0.52,-0.70,9.62,0.0153,0.0135,-0.0069,92442.91,767.22,0.00,0.0215
63672,-0.52,-0.74,9.63,0.0159,0.0135,-0.0041,92442.91,767.22,0.00,0.0212
63724,-0.52,-0.72,9.62,0.0183,0.0145,-0.0076,92442.91,767.22,0.00,0.0245
63778,-0.55,-0.72,9.64,0.0141,0.0121,-0.0053,92442.91,767.22,0.00,0.0194
63831,-0.50,-0.73,9.63,0.0157,0.0149,-0.0061,92442.91,767.22,0.00,0.0225
63881,-0.51,-0.69,9.63,0.0151,0.0123,-0.0085,92442.91,767.22,0.00,0.0212
63934,-0.54,-0.75,9.63,0.0139,0.0145,-0.0069,92442.91,767.22,0.00,0.0212
63984,-0.54,-0.71,9.63,0.0181,0.0111,-0.0049,92442.91,767.22,0.00,0.0218
64038,-0.53,-0.72,9.64,0.0141,0.0139,-0.0072,92442.91,767.22,0.00,0.0211
64088,-0.54,-0.73,9.62,0.0149,0.0145,-0.0048,92442.73,767.23,0.09,0.0214
64144,-0.55,-0.72,9.64,0.0147,0.0137,-0.0067,92442.73,767.23,0.07,0.0212
64196,-0.52,-0.72,9.61,0.0160,0.0131,-0.0056,92442.73,767.23,0.05,0.0214
64248,-0.53,-0.74,9.62,0.0168,0.0116,-0.0073,92442.73,767.23,0.03,0.0217
64300,-0.51,-0.72,9.62,0.0159,0.0140,-0.0057,92442.73,767.23,0.02,0.0219
64351,-0.48,-0.73,9.66,0.0148,0.0149,-0.0049,92442.73,767.23,0.02,0.0216
64403,-0.53,-0.74,9.65,0.0156,0.0139,-0.0053,92442.73,767.23,0.01,0.0215
64455,-0.51,-0.73,9.62,0.0145,0.0143,-0.0072,92442.73,767.23,0.01,0.0216
64511,-0.53,-0.73,9.67,0.0161,0.0127,-0.0057,92442.73,767.23,0.01,0.0213
64561,-0.52,-0.71,9.63,0.0145,0.0137,-0.0032,92442.73,767.23,0.00,0.0202
64614,-0.53,-0.70,9.63,0.0148,0.0151,-0.0056,92443.05,767.21,-0.16,0.0218
64664,-0.51,-0.70,9.65,0.0157,0.0129,-0.0052,92443.05,767.21,-0.11,0.0210
64717,-0.50,-0.77,9.66,0.0149,0.0153,-0.0061,92443.05,767.21,-0.08,0.0222
64772,-0.52,-0.71,9.62,0.0157,0.0132,-0.0056,92443.05,767.21,-0.05,0.0213
64825,-0.49,-0.72,9.63,0.0157,0.0132,-0.0071,92443.05,767.21,-0.04,0.0217
64878,-0.50,-0.74,9.64,0.0159,0.0096,-0.0063,92443.05,767.21,-0.03,0.0196
64932,-0.55,-0.74,9.62,0.0148,0.0120,-0.0081,92443.05,767.21,-0.02,0.0207
64982,-0.52,-0.73,9.66,0.0167,0.0133,-0.0099,92443.05,767.21,-0.01,0.0235
65032,-0.51,-0.74,9.61,0.0161,0.0127,-0.0055,92443.05,767.21,-0.01,0.0212
65084,-0.54,-0.70,9.64,0.0183,0.0128,-0.0053,92443.05,767.21,-0.01,0.0229
65136,-0.53,-0.71,9.63,0.0165,0.0137,-0.0057,92443.05,767.22,0.08,0.0222
65188,-0.49,-0.73,9.62,0.0147,0.0148,-0.0047,92442.88,767.22,0.06,0.0213
65242,-0.51,-0.73,9.63,0.0157,0.0123,-0.0055,92442.88,767.22,0.04,0.0207
65296,-0.54,-0.75,9.63,0.0144,0.0132,-0.0056,92442.88,767.22,0.03,0.0203
65346,-0.52,-0.70,9.64,0.0160,0.0143,-0.0059,92442.88,767.22,0.02,0.0222
65399,-0.51,-0.71,9.62,0.0167,0.0121,-0.0075,92442.88,767.22,0.01,0.0219
65449,-0.53,-0.73,9.61,0.0143,0.0131,-0.0053,92442.88,767.22,0.01,0.0201
65502,-0.53,-0.74,9.63,0.0135,0.0132,-0.0079,92442.88,767.22,0.01,0.0204
65552,-0.51,-0.74,9.63,0.0149,0.0147,-0.0043,92442.88,767.22,0.00,0.0213
65608,-0.51,-0.75,9.63,0.0164,0.0117,-0.0061,92442.88,767.22,0.00,0.0211
65660,-0.52,-0.72,9.62,0.0153,0.0128,-0.0052,92442.88,767.22,0.00,0.0206
65711,-0.49,-0.72,9.62,0.0188,0.0141,-0.0071,92443.22,767.19,-0.18,0.0245
65763,-0.51,-0.71,9.64,0.0148,0.0156,-0.0073,92443.22,767.19,-0.12,0.0227
65815,-0.52,-0.69,9.64,0.0125,0.0152,-0.0071,92443.22,767.19,-0.09,0.0209
65867,-0.53,-0.73,9.65,0.0176,0.0109,-0.0071,92443.22,767.19,-0.06,0.0219
65918,-0.52,-0.70,9.64,0.0159,0.0140,-0.0051,92443.22,767.19,-0.04,0.0217
65985,-0.50,-0.70,9.63,0.0164,0.0141,-0.0064,92443.22,767.19,-0.03,0.0226
66037,-0.52,-0.72,9.63,0.0173,0.0139,-0.0049,92443.22,767.19,-0.02,0.0227
66089,-0.51,-0.72,9.62,0.0164,0.0131,-0.0047,92443.22,767.19,-0.01,0.0215
66141,-0.56,-0.72,9.65,0.0159,0.0151,-0.0064,92443.22,767.19,-0.01,0.0228
66193,-0.50,-0.72,9.62,0.0136,0.0156,-0.0084,92443.22,767.19,-0.01,0.0223
66244,-0.52,-0.72,9.64,0.0157,0.0153,-0.0041,92443.05,767.21,0.08,0.0223
66300,-0.49,-0.73,9.62,0.0148,0.0115,-0.0071,92443.05,767.21,0.06,0.0200
66350,-0.54,-0.73,9.66,0.0159,0.0103,-0.0055,92443.05,767.21,0.04,0.0197
66403,-0.53,-0.72,9.64,0.0148,0.0116,-0.0044,92443.05,767.21,0.03,0.0193
66453,-0.53,-0.74,9.64,0.0148,0.0135,-0.0053,92443.05,767.21,0.02,0.0207
66506,-0.55,-0.69,9.63,0.0183,0.0132,-0.0043,92443.05,767.21,0.01,0.0229
66556,-0.53,-0.72,9.63,0.0173,0.0136,-0.0096,92443.05,767.21,0.01,0.0240
66609,-0.50,-0.72,9.66,0.0164,0.0152,-0.0059,92443.05,767.21,0.01,0.0231
66664,-0.55,-0.73,9.63,0.0149,0.0115,-0.0049,92443.05,767.21,0.00,0.0194
66715,-0.52,-0.74,9.63,0.0144,0.0136,-0.0048,92443.05,767.21,0.00,0.0204
66767,-0.53,-0.69,9.62,0.0168,0.0163,-0.0047,92442.70,767.24,0.18,0.0238
66824,-0.51,-0.73,9.62,0.0192,0.0121,-0.0069,92442.70,767.24,0.13,0.0237
66876,-0.51,-0.72,9.65,0.0163,0.0119,-0.0052,92442.70,767.24,0.09,0.0208
66928,-0.51,-0.72,9.63,0.0176,0.0155,-0.0041,92442.70,767.24,0.06,0.0238
66980,-0.53,-0.73,9.66,0.0143,0.0149,-0.0052,92442.70,767.24,0.04,0.0213
67034,-0.49,-0.74,9.63,0.0153,0.0129,-0.0057,92442.70,767.24,0.03,0.0208
67087,-0.54,-0.73,9.61,0.0164,0.0117,-0.0039,92442.70,767.24,0.02,0.0205
67137,-0.52,-0.74,9.65,0.0147,0.0151,-0.0044,92442.70,767.24,0.02,0.0215
67190,-0.54,-0.73,9.63,0.0149,0.0120,-0.0043,92442.70,767.24,0.01,0.0196
67240,-0.52,-0.72,9.66,0.0184,0.0151,-0.0052,92442.70,767.24,0.01,0.0243
67293,-0.51,-0.74,9.62,0.0153,0.0111,-0.0053,92442.81,767.23,-0.05,0.0196
67343,-0.53,-0.73,9.65,0.0157,0.0136,-0.0076,92442.81,767.23,-0.04,0.0221
67399,-0.51,-0.72,9.63,0.0168,0.0133,-0.0061,92442.81,767.23,-0.03,0.0223
67451,-0.52,-0.72,9.62,0.0152,0.0135,-0.0064,92442.81,767.23,-0.02,0.0213
67503,-0.56,-0.71,9.59,0.0184,0.0152,-0.0063,92442.81,767.23,-0.01,0.0247
67555,-0.52,-0.73,9.61,0.0164,0.0108,-0.0073,92442.81,767.23,-0.01,0.0209
67607,-0.51,-0.72,9.63,0.0149,0.0147,-0.0061,92442.81,767.23,-0.01,0.0218
67659,-0.56,-0.70,9.62,0.0184,0.0121,-0.0059,92442.81,767.23,-0.00,0.0228
67710,-0.53,-0.73,9.64,0.0147,0.0139,-0.0053,92442.81,767.23,-0.00,0.0209
67766,-0.50,-0.72,9.63,0.0137,0.0153,-0.0056,92442.81,767.23,-0.00,0.0213
67816,-0.53,-0.72,9.64,0.0184,0.0113,-0.0048,92442.98,767.21,-0.10,0.0221
67869,-0.52,-0.71,9.62,0.0151,0.0147,-0.0064,92442.98,767.21,-0.07,0.0220
67919,-0.52,-0.74,9.64,0.0171,0.0117,-0.0051,92442.98,767.21,-0.05,0.0213
67972,-0.55,-0.74,9.63,0.0177,0.0160,-0.0068,92442.98,767.21,-0.03,0.0248
68022,-0.54,-0.74,9.62,0.0183,0.0111,-0.0072,92442.98,767.21,-0.02,0.0225
68075,-0.50,-0.72,9.62,0.0163,0.0177,-0.0044,92442.98,767.21,-0.02,0.0244
68130,-0.51,-0.72,9.63,0.0161,0.0121,-0.0065,92442.98,767.21,-0.01,0.0212
68182,-0.51,-0.71,9.62,0.0161,0.0172,-0.0056,92442.98,767.21,-0.01,0.0242
68234,-0.51,-0.73,9.65,0.0153,0.0161,-0.0077,92442.98,767.21,-0.01,0.0235
68285,-0.54,-0.72,9.64,0.0128,0.0125,-0.0056,92442.98,767.21,-0.00,0.0188
68337,-0.55,-0.74,9.62,0.0171,0.0145,-0.0061,92442.98,767.21,-0.00,0.0232
68389,-0.51,-0.71,9.63,0.0168,0.0121,-0.0079,92442.81,767.23,0.09,0.0221
68441,-0.53,-0.72,9.64,0.0168,0.0147,-0.0032,92442.81,767.23,0.06,0.0225
68495,-0.55,-0.76,9.65,0.0157,0.0144,-0.0068,92442.81,767.23,0.04,0.0224
68548,-0.50,-0.71,9.64,0.0149,0.0129,-0.0059,92442.81,767.23,0.03,0.0206
68598,-0.51,-0.73,9.62,0.0148,0.0101,-0.0040,92442.81,767.23,0.02,0.0184
68651,-0.52,-0.74,9.63,0.0151,0.0127,-0.0072,92442.81,767.23,0.01,0.0209
68701,-0.50,-0.69,9.62,0.0148,0.0132,-0.0049,92442.81,767.23,0.01,0.0204
68754,-0.51,-0.71,9.66,0.0123,0.0159,-0.0057,92442.81,767.23,0.01,0.0208
68804,-0.50,-0.74,9.62,0.0171,0.0145,-0.0043,92442.81,767.23,0.01,0.0228
68877,-0.50,-0.71,9.62,0.0136,0.0177,-0.0028,92442.98,767.21,-0.06,0.0225
68927,-0.52,-0.75,9.66,0.0139,0.0136,-0.0071,92442.98,767.21,-0.04,0.0207
68981,-0.53,-0.71,9.63,0.0151,0.0132,-0.0061,92442.98,767.21,-0.03,0.0209
69031,-0.54,-0.73,9.69,0.0171,0.0151,-0.0073,92442.98,767.21,-0.02,0.0239
69084,-0.53,-0.73,9.64,0.0159,0.0148,-0.0056,92442.98,767.21,-0.01,0.0224
69134,-0.54,-0.73,9.64,0.0160,0.0127,-0.0063,92442.98,767.21,-0.01,0.0213
69190,-0.51,-0.73,9.63,0.0137,0.0125,-0.0044,92442.98,767.21,-0.01,0.0191
69242,-0.55,-0.71,9.64,0.0136,0.0137,-0.0048,92442.98,767.21,-0.01,0.0199
69293,-0.55,-0.71,9.67,0.0155,0.0123,-0.0064,92442.98,767.21,-0.00,0.0207
69345,-0.56,-0.74,9.64,0.0165,0.0135,-0.0053,92442.98,767.21,-0.00,0.0220
69396,-0.52,-0.72,9.64,0.0133,0.0149,-0.0057,92442.98,767.21,-0.00,0.0208
69448,-0.51,-0.72,9.63,0.0159,0.0148,-0.0057,92442.78,767.23,0.11,0.0224
69500,-0.53,-0.73,9.60,0.0165,0.0149,-0.0057,92442.78,767.23,0.08,0.0230
69556,-0.51,-0.69,9.65,0.0167,0.0129,-0.0049,92442.78,767.23,0.05,0.0216
69606,-0.52,-0.74,9.63,0.0145,0.0125,-0.0060,92442.78,767.23,0.04,0.0201
69659,-0.48,-0.75,9.65,0.0183,0.0132,-0.0045,92442.78,767.23,0.03,0.0230
69709,-0.53,-0.74,9.63,0.0148,0.0125,-0.0071,92442.78,767.23,0.02,0.0206
69762,-0.50,-0.73,9.63,0.0165,0.0137,-0.0080,92442.78,767.23,0.01,0.0229
69812,-0.52,-0.70,9.64,0.0172,0.0155,-0.0064,92442.78,767.23,0.01,0.0240
69865,-0.51,-0.70,9.62,0.0148,0.0128,-0.0047,92442.78,767.23,0.01,0.0201
69920,-0.54,-0.73,9.64,0.0153,0.0165,-0.0061,92442.78,767.23,0.00,0.0234
69971,-0.52,-0.72,9.66,0.0171,0.0108,-0.0065,92442.27,767.28,0.27,0.0212
70023,-0.54,-0.73,9.64,0.0139,0.0123,-0.0063,92442.27,767.28,0.19,0.0195
70075,-0.50,-0.75,9.62,0.0160,0.0135,-0.0060,92442.27,767.28,0.13,0.0217
70127,-0.50,-0.68,9.66,0.0165,0.0151,-0.0071,92442.27,767.28,0.09,0.0234
70178,-0.53,-0.72,9.65,0.0151,0.0132,-0.0041,92442.27,767.28,0.06,0.0204
70230,-0.50,-0.73,9.62,0.0144,0.0163,-0.0037,92442.27,767.28,0.05,0.0220
70284,-0.54,-0.75,9.65,0.0173,0.0123,-0.0061,92442.27,767.28,0.03,0.0221
70337,-0.55,-0.72,9.65,0.0155,0.0164,-0.0056,92442.27,767.28,0.02,0.0232
70387,-0.49,-0.72,9.62,0.0149,0.0115,-0.0056,92442.27,767.28,0.02,0.0196
70440,-0.54,-0.77,9.65,0.0167,0.0113,-0.0069,92442.27,767.28,0.01,0.0213
70490,-0.55,-0.71,9.62,0.0153,0.0129,-0.0040,92442.27,767.28,0.01,0.0204
70543,-0.54,-0.73,9.63,0.0144,0.0139,-0.0072,92442.27,767.28,0.01,0.0212
70593,-0.51,-0.74,9.63,0.0185,0.0135,-0.0065,92442.27,767.28,0.00,0.0238
70649,-0.52,-0.71,9.63,0.0155,0.0163,-0.0057,92442.27,767.28,0.00,0.0231
70701,-0.50,-0.72,9.63,0.0157,0.0177,-0.0069,92442.27,767.28,0.00,0.0247
70753,-0.55,-0.76,9.64,0.0161,0.0131,-0.0075,92442.27,767.28,0.00,0.0220
70805,-0.55,-0.73,9.64,0.0144,0.0148,-0.0063,92442.27,767.28,0.00,0.0216
70857,-0.50,-0.71,9.62,0.0132,0.0160,-0.0052,92442.27,767.28,0.00,0.0214
70914,-0.53,-0.75,9.62,0.0140,0.0145,-0.0077,92442.27,767.28,0.00,0.0216
70966,-0.50,-0.71,9.60,0.0160,0.0136,-0.0079,92442.27,767.28,0.00,0.0224
71022,-0.52,-0.74,9.63,0.0133,0.0117,-0.0052,92442.41,767.26,-0.07,0.0185
71072,-0.55,-0.69,9.65,0.0156,0.0139,-0.0055,92442.41,767.26,-0.05,0.0216
71125,-0.53,-0.73,9.65,0.0160,0.0133,-0.0059,92442.41,767.26,-0.03,0.0216
71175,-0.53,-0.74,9.63,0.0144,0.0131,-0.0057,92442.41,767.26,-0.02,0.0203
71228,-0.53,-0.72,9.64,0.0167,0.0119,-0.0049,92442.41,767.26,-0.02,0.0210
71278,-0.51,-0.75,9.62,0.0153,0.0131,-0.0068,92442.41,767.26,-0.01,0.0212
71331,-0.55,-0.74,9.61,0.0144,0.0129,-0.0056,92442.41,767.26,-0.01,0.0201
71386,-0.52,-0.71,9.62,0.0148,0.0156,-0.0073,92442.41,767.26,-0.01,0.0227
71438,-0.53,-0.75,9.62,0.0159,0.0140,-0.0064,92442.41,767.26,-0.00,0.0221
71490,-0.52,-0.72,9.62,0.0167,0.0128,-0.0060,92442.41,767.26,-0.00,0.0218
71541,-0.51,-0.73,9.62,0.0136,0.0147,-0.0061,92442.41,767.26,-0.00,0.0209
71593,-0.50,-0.71,9.62,0.0151,0.0128,-0.0029,92442.55,767.25,-0.07,0.0200
71645,-0.48,-0.70,9.61,0.0157,0.0131,-0.0085,92442.55,767.25,-0.05,0.0221
71697,-0.52,-0.74,9.63,0.0173,0.0147,-0.0096,92442.55,767.25,-0.04,0.0246
71763,-0.49,-0.69,9.62,0.0147,0.0117,-0.0077,92442.55,767.25,-0.03,0.0203
71815,-0.51,-0.71,9.63,0.0156,0.0136,-0.0047,92442.55,767.25,-0.02,0.0212
71867,-0.51,-0.73,9.63,0.0129,0.0149,-0.0047,92442.55,767.25,-0.01,0.0203
71919,-0.51,-0.73,9.63,0.0156,0.0135,-0.0052,92442.55,767.25,-0.01,0.0212
71970,-0.53,-0.73,9.62,0.0151,0.0135,-0.0041,92442.55,767.25,-0.01,0.0206
72022,-0.50,-0.71,9.62,0.0160,0.0128,-0.0059,92442.55,767.25,-0.00,0.0213
72076,-0.55,-0.72,9.61,0.0179,0.0131,-0.0059,92442.55,767.25,-0.00,0.0229
72129,-0.53,-0.71,9.61,0.0117,0.0151,-0.0069,92442.55,767.25,-0.00,0.0203
72179,-0.54,-0.73,9.61,0.0160,0.0129,-0.0079,92442.55,767.25,-0.00,0.0220
72233,-0.56,-0.75,9.63,0.0193,0.0133,-0.0061,92442.55,767.25,-0.00,0.0243
72283,-0.50,-0.69,9.62,0.0144,0.0151,-0.0045,92442.55,767.25,-0.00,0.0213
72336,-0.53,-0.72,9.63,0.0168,0.0125,-0.0049,92442.55,767.25,-0.00,0.0215
72386,-0.51,-0.72,9.63,0.0152,0.0151,-0.0071,92442.55,767.25,-0.00,0.0225
72443,-0.50,-0.70,9.62,0.0163,0.0123,-0.0073,92442.55,767.25,-0.00,0.0216
72495,-0.53,-0.72,9.62,0.0168,0.0144,-0.0065,92442.55,767.25,-0.00,0.0231
72547,-0.51,-0.72,9.64,0.0159,0.0147,-0.0071,92442.55,767.25,-0.00,0.0227
72599,-0.51,-0.71,9.62,0.0153,0.0113,-0.0077,92442.55,767.25,-0.00,0.0206
72650,-0.53,-0.71,9.62,0.0171,0.0129,-0.0068,92442.35,767.27,0.10,0.0225
72702,-0.49,-0.69,9.62,0.0168,0.0144,-0.0045,92442.35,767.27,0.07,0.0226
72753,-0.55,-0.70,9.62,0.0153,0.0145,-0.0068,92442.35,767.27,0.05,0.0222
72809,-0.50,-0.74,9.65,0.0195,0.0128,-0.0068,92442.35,767.27,0.03,0.0243
72859,-0.53,-0.70,9.61,0.0127,0.0117,-0.0061,92442.35,767.27,0.02,0.0183
72918,-0.51,-0.70,9.64,0.0143,0.0167,-0.0069,92442.35,767.27,0.02,0.0230
72968,-0.51,-0.70,9.61,0.0179,0.0107,-0.0079,92442.35,767.27,0.01,0.0222
73022,-0.52,-0.75,9.60,0.0147,0.0105,-0.0056,92442.35,767.27,0.01,0.0189
73072,-0.52,-0.71,9.64,0.0152,0.0112,-0.0041,92442.35,767.27,0.01,0.0193
73126,-0.52,-0.75,9.62,0.0152,0.0145,-0.0060,92442.35,767.27,0.00,0.0219
73181,-0.52,-0.72,9.63,0.0171,0.0129,-0.0059,92442.01,767.30,0.17,0.0222
73233,-0.54,-0.72,9.67,0.0183,0.0117,-0.0079,92442.01,767.30,0.12,0.0231
73285,-0.54,-0.72,9.62,0.0163,0.0133,-0.0052,92442.01,767.30,0.08,0.0216
73337,-0.53,-0.72,9.66,0.0159,0.0121,-0.0067,92442.01,767.30,0.06,0.0210
73389,-0.55,-0.72,9.67,0.0161,0.0141,-0.0056,92442.01,767.30,0.04,0.0222
73441,-0.54,-0.70,9.62,0.0127,0.0132,-0.0059,92442.01,767.30,0.03,0.0192
73493,-0.54,-0.72,9.64,0.0155,0.0132,-0.0047,92442.01,767.30,0.02,0.0208
73547,-0.53,-0.73,9.62,0.0159,0.0128,-0.0069,92442.01,767.30,0.01,0.0215
73601,-0.50,-0.72,9.61,0.0129,0.0139,-0.0068,92442.01,767.30,0.01,0.0201
73651,-0.53,-0.73,9.64,0.0172,0.0135,-0.0047,92442.01,767.30,0.01,0.0223
73705,-0.50,-0.72,9.61,0.0163,0.0100,-0.0057,92441.84,767.31,0.09,0.0199
73755,-0.53,-0.72,9.63,0.0153,0.0125,-0.0067,92441.84,767.31,0.06,0.0209
73809,-0.53,-0.72,9.60,0.0160,0.0111,-0.0061,92441.84,767.31,0.05,0.0204
73859,-0.53,-0.72,9.65,0.0188,0.0113,-0.0051,92441.84,767.31,0.03,0.0225
73915,-0.49,-0.73,9.64,0.0168,0.0125,-0.0043,92441.84,767.31,0.02,0.0214
73967,-0.51,-0.69,9.61,0.0156,0.0148,-0.0063,92441.84,767.31,0.02,0.0224
74019,-0.51,-0.72,9.61,0.0137,0.0123,-0.0064,92441.84,767.31,0.01,0.0195
74071,-0.51,-0.71,9.65,0.0156,0.0135,-0.0061,92441.84,767.31,0.01,0.0215
74123,-0.53,-0.73,9.65,0.0140,0.0157,-0.0073,92441.84,767.31,0.01,0.0223
74175,-0.54,-0.71,9.64,0.0171,0.0133,-0.0049,92441.84,767.31,0.00,0.0222
74227,-0.56,-0.73,9.65,0.0165,0.0141,-0.0065,92441.83,767.31,0.01,0.0227
74283,-0.55,-0.73,9.66,0.0161,0.0144,-0.0053,92441.83,767.31,0.00,0.0223
74333,-0.53,-0.72,9.60,0.0160,0.0141,-0.0084,92441.83,767.31,0.00,0.0229
74387,-0.47,-0.74,9.66,0.0185,0.0132,-0.0048,92441.83,767.31,0.00,0.0232
74437,-0.51,-0.72,9.66,0.0160,0.0127,-0.0061,92441.83,767.31,0.00,0.0213
74491,-0.50,-0.72,9.66,0.0167,0.0115,-0.0052,92441.83,767.31,0.00,0.0209
74541,-0.49,-0.73,9.65,0.0155,0.0119,-0.0064,92441.83,767.31,0.00,0.0205
74595,-0.50,-0.70,9.68,0.0168,0.0121,-0.0053,92441.83,767.31,0.00,0.0214
74660,-0.56,-0.71,9.62,0.0167,0.0127,-0.0040,92441.83,767.31,0.00,0.0213
74714,-0.53,-0.75,9.65,0.0172,0.0148,-0.0073,92441.83,767.31,0.00,0.0238
74764,-0.50,-0.74,9.62,0.0143,0.0133,-0.0081,92441.64,767.33,0.10,0.0211
74818,-0.51,-0.74,9.60,0.0161,0.0113,-0.0060,92441.64,767.33,0.07,0.0206
74868,-0.51,-0.72,9.62,0.0172,0.0131,-0.0073,92441.64,767.33,0.05,0.0228
74927,-0.51,-0.70,9.63,0.0143,0.0140,-0.0071,92441.64,767.33,0.03,0.0212
74977,-0.54,-0.72,9.63,0.0135,0.0165,-0.0060,92441.64,767.33,0.02,0.0221
75034,-0.52,-0.74,9.66,0.0163,0.0095,-0.0059,92441.64,767.33,0.02,0.0197
75086,-0.55,-0.74,9.62,0.0119,0.0135,-0.0056,92441.64,767.33,0.01,0.0188
75138,-0.51,-0.72,9.59,0.0156,0.0113,-0.0060,92441.64,767.33,0.01,0.0202
75190,-0.53,-0.73,9.61,0.0141,0.0148,-0.0057,92441.64,767.33,0.01,0.0212
75242,-0.51,-0.70,9.62,0.0135,0.0121,-0.0061,92441.64,767.33,0.00,0.0191
75294,-0.50,-0.70,9.62,0.0152,0.0127,-0.0065,92441.44,767.35,0.11,0.0208
75346,-0.53,-0.74,9.63,0.0155,0.0116,-0.0060,92441.44,767.35,0.08,0.0202
75403,-0.56,-0.72,9.62,0.0143,0.0137,-0.0064,92441.44,767.35,0.05,0.0208
75453,-0.51,-0.71,9.61,0.0181,0.0132,-0.0071,92441.44,767.35,0.04,0.0235
75507,-0.52,-0.70,9.63,0.0175,0.0152,-0.0079,92441.44,767.35,0.03,0.0244
75557,-0.49,-0.68,9.63,0.0159,0.0132,-0.0076,92441.44,767.35,0.02,0.0220
75611,-0.55,-0.74,9.63,0.0136,0.0135,-0.0072,92441.44,767.35,0.01,0.0204
75661,-0.51,-0.71,9.62,0.0140,0.0152,-0.0045,92441.44,767.35,0.01,0.0211
75718,-0.51,-0.70,9.63,0.0139,0.0148,-0.0045,92441.44,767.35,0.01,0.0208
75770,-0.52,-0.71,9.62,0.0125,0.0133,-0.0067,92441.44,767.35,0.00,0.0195
75822,-0.53,-0.73,9.61,0.0153,0.0151,-0.0053,92441.44,767.35,0.00,0.0221
75874,-0.53,-0.73,9.62,0.0148,0.0143,-0.0071,92441.44,767.35,0.00,0.0217
75926,-0.54,-0.70,9.62,0.0168,0.0157,-0.0061,92441.44,767.35,0.00,0.0238
75978,-0.53,-0.72,9.64,0.0173,0.0105,-0.0079,92441.44,767.35,0.00,0.0217
76030,-0.50,-0.72,9.62,0.0167,0.0136,-0.0047,92441.44,767.35,0.00,0.0220
76087,-0.54,-0.73,9.65,0.0177,0.0133,-0.0068,92441.44,767.35,0.00,0.0232
76137,-0.56,-0.75,9.66,0.0133,0.0129,-0.0071,92441.44,767.35,0.00,0.0199
76191,-0.54,-0.71,9.61,0.0207,0.0115,-0.0055,92441.44,767.35,0.00,0.0242
76241,-0.55,-0.73,9.62,0.0164,0.0144,-0.0065,92441.44,767.35,0.00,0.0228
76295,-0.50,-0.73,9.65,0.0153,0.0135,-0.0040,92441.44,767.35,0.00,0.0208
76345,-0.52,-0.73,9.64,0.0136,0.0141,-0.0095,92441.44,767.35,0.00,0.0218
76399,-0.51,-0.69,9.63,0.0181,0.0135,-0.0072,92441.75,767.32,-0.16,0.0237
76454,-0.53,-0.70,9.64,0.0168,0.0140,-0.0041,92441.75,767.32,-0.11,0.0222
76506,-0.54,-0.71,9.65,0.0159,0.0131,-0.0064,92441.75,767.32,-0.08,0.0215
76558,-0.53,-0.72,9.65,0.0159,0.0091,-0.0049,92441.75,767.32,-0.05,0.0189
76610,-0.51,-0.71,9.64,0.0165,0.0144,-0.0049,92441.75,767.32,-0.04,0.0225
76662,-0.52,-0.74,9.65,0.0160,0.0127,-0.0063,92441.75,767.32,-0.03,0.0213
76714,-0.51,-0.70,9.65,0.0147,0.0123,-0.0063,92441.75,767.32,-0.02,0.0201
76766,-0.52,-0.73,9.62,0.0145,0.0156,-0.0080,92441.75,767.32,-0.01,0.0228
76821,-0.54,-0.73,9.64,0.0177,0.0092,-0.0056,92441.75,767.32,-0.01,0.0207
76875,-0.49,-0.70,9.66,0.0153,0.0135,-0.0075,92441.75,767.32,-0.01,0.0217
76930,-0.52,-0.70,9.61,0.0116,0.0144,-0.0045,92441.75,767.32,-0.00,0.0190
76984,-0.53,-0.72,9.64,0.0149,0.0139,-0.0057,92441.75,767.32,-0.00,0.0212
77035,-0.51,-0.76,9.64,0.0157,0.0163,-0.0063,92441.75,767.32,-0.00,0.0235
77088,-0.52,-0.72,9.66,0.0159,0.0141,-0.0048,92441.75,767.32,-0.00,0.0218
77138,-0.51,-0.71,9.62,0.0127,0.0137,-0.0073,92441.75,767.32,-0.00,0.0201
77195,-0.51,-0.70,9.61,0.0133,0.0155,-0.0092,92441.75,767.32,-0.00,0.0224
77246,-0.53,-0.71,9.64,0.0168,0.0145,-0.0045,92441.75,767.32,-0.00,0.0227
77296,-0.55,-0.74,9.64,0.0136,0.0128,-0.0061,92441.75,767.32,-0.00,0.0196
77348,-0.50,-0.71,9.62,0.0195,0.0141,-0.0069,92441.75,767.32,-0.00,0.0250
77400,-0.51,-0.70,9.64,0.0156,0.0145,-0.0043,92441.75,767.32,-0.00,0.0217
77452,-0.52,-0.70,9.61,0.0143,0.0116,-0.0056,92441.57,767.34,0.09,0.0192
77504,-0.52,-0.69,9.63,0.0136,0.0179,-0.0040,92441.57,767.34,0.07,0.0228
77571,-0.50,-0.73,9.64,0.0135,0.0139,-0.0056,92441.57,767.34,0.05,0.0201
77623,-0.53,-0.71,9.62,0.0152,0.0144,-0.0073,92441.57,767.34,0.03,0.0222
77675,-0.51,-0.72,9.61,0.0167,0.0161,-0.0060,92441.57,767.34,0.02,0.0239
77727,-0.54,-0.69,9.64,0.0183,0.0185,-0.0048,92441.57,767.34,0.02,0.0264
77779,-0.53,-0.73,9.65,0.0148,0.0103,-0.0071,92441.57,767.34,0.01,0.0193
77831,-0.55,-0.72,9.61,0.0165,0.0131,-0.0043,92441.57,767.34,0.01,0.0215
77883,-0.52,-0.73,9.64,0.0168,0.0111,-0.0064,92441.57,767.34,0.01,0.0211
77938,-0.51,-0.72,9.63,0.0171,0.0136,-0.0073,92441.57,767.34,0.00,0.0230
77992,-0.51,-0.71,9.62,0.0148,0.0129,-0.0035,92441.52,767.34,0.03,0.0199
78042,-0.51,-0.71,9.60,0.0168,0.0132,-0.0057,92441.52,767.34,0.02,0.0221
78096,-0.54,-0.72,9.67,0.0179,0.0145,-0.0040,92441.52,767.34,0.01,0.0234
78146,-0.53,-0.72,9.62,0.0197,0.0101,-0.0088,92441.52,767.34,0.01,0.0238
78200,-0.52,-0.71,9.59,0.0140,0.0132,-0.0076,92441.52,767.34,0.01,0.0207
78250,-0.49,-0.72,9.61,0.0177,0.0128,-0.0060,92441.52,767.34,0.01,0.0227
78307,-0.52,-0.72,9.62,0.0196,0.0121,-0.0061,92441.52,767.34,0.00,0.0238
78359,-0.49,-0.71,9.63,0.0144,0.0127,-0.0063,92441.52,767.34,0.00,0.0202
78411,-0.51,-0.72,9.63,0.0176,0.0141,-0.0061,92441.52,767.34,0.00,0.0234
78463,-0.53,-0.70,9.60,0.0181,0.0127,-0.0053,92441.52,767.34,0.00,0.0227
78515,-0.56,-0.72,9.63,0.0145,0.0128,-0.0069,92441.34,767.36,0.09,0.0206
78567,-0.53,-0.71,9.61,0.0188,0.0124,-0.0051,92441.34,767.36,0.06,0.0231
78619,-0.53,-0.71,9.59,0.0168,0.0115,-0.0051,92441.34,767.36,0.04,0.0209
78676,-0.54,-0.72,9.61,0.0147,0.0108,-0.0052,92441.34,767.36,0.03,0.0189
78726,-0.51,-0.71,9.61,0.0164,0.0117,-0.0053,92441.34,767.36,0.02,0.0208
78780,-0.53,-0.72,9.60,0.0128,0.0121,-0.0063,92441.34,767.36,0.01,0.0187
78830,-0.51,-0.73,9.62,0.0153,0.0156,-0.0072,92441.34,767.36,0.01,0.0230
78884,-0.53,-0.72,9.58,0.0144,0.0135,-0.0061,92441.34,767.36,0.01,0.0206
78939,-0.50,-0.74,9.61,0.0143,0.0131,-0.0048,92441.34,767.36,0.01,0.0199
78996,-0.53,-0.71,9.63,0.0149,0.0159,-0.0049,92441.34,767.36,0.00,0.0223
79048,-0.50,-0.70,9.64,0.0145,0.0152,-0.0047,92441.34,767.36,0.00,0.0215
79100,-0.52,-0.71,9.63,0.0164,0.0124,-0.0040,92441.34,767.36,0.00,0.0209
79152,-0.52,-0.73,9.62,0.0161,0.0145,-0.0041,92441.34,767.36,0.00,0.0221
79204,-0.50,-0.71,9.61,0.0164,0.0141,-0.0041,92441.34,767.36,0.00,0.0220
79256,-0.55,-0.75,9.62,0.0157,0.0113,-0.0057,92441.34,767.36,0.00,0.0202
79308,-0.52,-0.72,9.65,0.0163,0.0127,-0.0061,92441.34,767.36,0.00,0.0215
79365,-0.54,-0.74,9.62,0.0164,0.0117,-0.0057,92441.34,767.36,0.00,0.0209
79415,-0.55,-0.75,9.63,0.0171,0.0141,-0.0076,92441.34,767.36,0.00,0.0234
79469,-0.49,-0.68,9.66,0.0180,0.0125,-0.0065,92441.34,767.36,0.00,0.0229
79519,-0.51,-0.73,9.62,0.0157,0.0149,-0.0071,92441.34,767.36,0.00,0.0228
79573,-0.51,-0.73,9.64,0.0117,0.0160,-0.0063,92441.14,767.38,0.10,0.0208
79623,-0.53,-0.74,9.63,0.0164,0.0128,-0.0064,92441.14,767.38,0.07,0.0217
79677,-0.52,-0.75,9.65,0.0168,0.0147,-0.0057,92441.14,767.38,0.05,0.0230
79732,-0.49,-0.72,9.64,0.0160,0.0107,-0.0061,92441.14,767.38,0.04,0.0202
79784,-0.51,-0.74,9.60,0.0168,0.0112,-0.0039,92441.14,767.38,0.02,0.0205
79836,-0.51,-0.73,9.58,0.0163,0.0132,-0.0073,92441.14,767.38,0.02,0.0222
79888,-0.54,-0.71,9.60,0.0171,0.0135,-0.0069,92441.14,767.38,0.01,0.0228
79940,-0.51,-0.68,9.57,0.0123,0.0149,-0.0065,92441.14,767.38,0.01,0.0204
79992,-0.51,-0.70,9.59,0.0167,0.0148,-0.0087,92441.14,767.38,0.01,0.0239
80044,-0.52,-0.70,9.60,0.0136,0.0131,-0.0049,92441.14,767.38,0.00,0.0195
80099,-0.50,-0.73,9.62,0.0132,0.0148,-0.0080,92441.14,767.38,0.00,0.0214
80153,-0.51,-0.69,9.63,0.0192,0.0104,-0.0037,92441.14,767.38,0.00,0.0221
80203,-0.48,-0.74,9.63,0.0165,0.0131,-0.0029,92441.14,767.38,0.00,0.0213
80257,-0.51,-0.70,9.59,0.0171,0.0140,-0.0045,92441.14,767.38,0.00,0.0225
80307,-0.52,-0.73,9.60,0.0180,0.0153,-0.0067,92441.14,767.38,0.00,0.0245
80361,-0.51,-0.71,9.62,0.0165,0.0129,-0.0047,92441.14,767.38,0.00,0.0215
80411,-0.56,-0.72,9.61,0.0153,0.0116,-0.0045,92441.14,767.38,0.00,0.0197
80488,-0.51,-0.74,9.63,0.0151,0.0164,-0.0084,92441.14,767.38,0.00,0.0238
80542,-0.51,-0.71,9.66,0.0181,0.0128,-0.0084,92441.14,767.38,0.00,0.0237
80593,-0.51,-0.70,9.63,0.0167,0.0152,-0.0048,92441.14,767.38,0.00,0.0230
80647,-0.51,-0.74,9.63,0.0125,0.0128,-0.0051,92441.30,767.36,-0.08,0.0186
80697,-0.53,-0.74,9.62,0.0193,0.0135,-0.0065,92441.30,767.36,-0.06,0.0244
80751,-0.53,-0.71,9.63,0.0132,0.0147,-0.0028,92441.30,767.36,-0.04,0.0199
80801,-0.51,-0.73,9.59,0.0160,0.0116,-0.0059,92441.30,767.36,-0.03,0.0206
80858,-0.53,-0.74,9.64,0.0135,0.0117,-0.0089,92441.30,767.36,-0.02,0.0200
80910,-0.52,-0.69,9.61,0.0157,0.0125,-0.0055,92441.30,767.36,-0.01,0.0208
80967,-0.52,-0.71,9.62,0.0164,0.0135,-0.0049,92441.30,767.36,-0.01,0.0218
81019,-0.52,-0.70,9.62,0.0133,0.0124,-0.0061,92441.30,767.36,-0.01,0.0192
81071,-0.52,-0.74,9.63,0.0144,0.0133,-0.0059,92441.30,767.36,-0.00,0.0205
81123,-0.51,-0.72,9.61,0.0159,0.0148,-0.0049,92441.30,767.36,-0.00,0.0222
81175,-0.51,-0.72,9.60,0.0153,0.0143,-0.0049,92441.14,767.38,0.08,0.0215
81232,-0.54,-0.71,9.59,0.0151,0.0140,-0.0063,92441.14,767.38,0.06,0.0215
81282,-0.52,-0.70,9.61,0.0148,0.0139,-0.0055,92441.14,767.38,0.04,0.0210
81336,-0.52,-0.70,9.62,0.0156,0.0127,-0.0052,92441.14,767.38,0.03,0.0207
81386,-0.54,-0.74,9.58,0.0148,0.0157,-0.0057,92441.14,767.38,0.02,0.0223
81440,-0.51,-0.71,9.60,0.0167,0.0153,-0.0077,92441.14,767.38,0.01,0.0239
81490,-0.53,-0.70,9.62,0.0147,0.0153,-0.0088,92441.14,767.38,0.01,0.0230
81544,-0.51,-0.72,9.63,0.0144,0.0127,-0.0029,92441.14,767.38,0.01,0.0194
81599,-0.54,-0.72,9.63,0.0155,0.0145,-0.0059,92441.14,767.38,0.00,0.0220
81651,-0.49,-0.74,9.61,0.0144,0.0141,-0.0063,92441.14,767.38,0.00,0.0211
81703,-0.52,-0.72,9.62,0.0156,0.0144,-0.0053,92440.96,767.39,0.10,0.0219
81755,-0.51,-0.74,9.63,0.0177,0.0112,-0.0075,92440.96,767.39,0.07,0.0222
81807,-0.55,-0.70,9.61,0.0179,0.0132,-0.0057,92440.96,767.39,0.05,0.0229
81859,-0.53,-0.72,9.63,0.0163,0.0108,-0.0048,92440.96,767.39,0.03,0.0201
81911,-0.54,-0.72,9.62,0.0141,0.0137,-0.0052,92440.96,767.39,0.02,0.0204
81966,-0.56,-0.72,9.62,0.0155,0.0165,-0.0065,92440.96,767.39,0.02,0.0235
82020,-0.54,-0.71,9.64,0.0168,0.0127,-0.0056,92440.96,767.39,0.01,0.0218
82070,-0.52,-0.71,9.64,0.0148,0.0152,-0.0061,92440.96,767.39,0.01,0.0221
82124,-0.52,-0.71,9.61,0.0164,0.0132,-0.0065,92440.96,767.39,0.01,0.0220
82174,-0.50,-0.69,9.65,0.0175,0.0144,-0.0039,92440.96,767.39,0.00,0.0229
82228,-0.49,-0.71,9.63,0.0161,0.0164,-0.0061,92440.96,767.39,0.00,0.0238
82278,-0.54,-0.72,9.62,0.0149,0.0112,-0.0067,92440.77,767.41,0.11,0.0198
82335,-0.54,-0.73,9.62,0.0153,0.0127,-0.0081,92440.77,767.41,0.07,0.0215
82387,-0.49,-0.72,9.64,0.0164,0.0120,-0.0063,92440.77,767.41,0.05,0.0212
82439,-0.53,-0.70,9.60,0.0152,0.0101,-0.0053,92440.77,767.41,0.04,0.0190
82491,-0.53,-0.72,9.61,0.0165,0.0117,-0.0060,92440.77,767.41,0.03,0.0211
82543,-0.49,-0.72,9.60,0.0147,0.0153,-0.0063,92440.77,767.41,0.02,0.0221
82595,-0.50,-0.69,9.65,0.0164,0.0135,-0.0045,92440.77,767.41,0.01,0.0217
82650,-0.53,-0.74,9.62,0.0144,0.0109,-0.0072,92440.77,767.41,0.01,0.0194
82704,-0.53,-0.72,9.66,0.0152,0.0109,-0.0069,92440.77,767.41,0.01,0.0200
82754,-0.51,-0.72,9.61,0.0168,0.0168,-0.0059,92440.77,767.41,0.00,0.0245
82808,-0.52,-0.71,9.60,0.0165,0.0123,-0.0036,92440.73,767.41,0.02,0.0209
82858,-0.51,-0.74,9.65,0.0152,0.0147,-0.0028,92440.73,767.41,0.01,0.0213
82912,-0.53,-0.72,9.64,0.0172,0.0116,-0.0075,92440.73,767.41,0.01,0.0220
82962,-0.51,-0.70,9.64,0.0161,0.0145,-0.0044,92440.73,767.41,0.01,0.0221
83024,-0.49,-0.73,9.63,0.0143,0.0148,-0.0060,92440.73,767.41,0.00,0.0214
83076,-0.54,-0.72,9.62,0.0167,0.0139,-0.0053,92440.73,767.41,0.00,0.0223
83128,-0.54,-0.70,9.63,0.0168,0.0132,-0.0089,92440.73,767.41,0.00,0.0231
83180,-0.53,-0.73,9.63,0.0163,0.0127,-0.0057,92440.73,767.41,0.00,0.0214
83232,-0.49,-0.71,9.62,0.0171,0.0145,-0.0055,92440.73,767.41,0.00,0.0231
83284,-0.53,-0.74,9.63,0.0168,0.0127,-0.0059,92440.73,767.41,0.00,0.0218
83336,-0.51,-0.73,9.64,0.0145,0.0132,-0.0060,92440.73,767.41,0.00,0.0205
83405,-0.52,-0.72,9.65,0.0187,0.0124,-0.0073,92440.73,767.41,0.00,0.0236
83458,-0.52,-0.71,9.65,0.0147,0.0129,-0.0080,92440.73,767.41,0.00,0.0211
83512,-0.55,-0.72,9.64,0.0152,0.0152,-0.0051,92440.73,767.41,0.00,0.0221
83565,-0.52,-0.73,9.63,0.0159,0.0145,-0.0063,92440.73,767.41,0.00,0.0224
83619,-0.52,-0.75,9.65,0.0135,0.0117,-0.0056,92440.73,767.41,0.00,0.0187
83672,-0.56,-0.72,9.62,0.0152,0.0151,-0.0055,92440.73,767.41,0.00,0.0221
83726,-0.53,-0.72,9.61,0.0155,0.0156,-0.0043,92440.73,767.41,0.00,0.0224
83782,-0.54,-0.74,9.66,0.0168,0.0133,-0.0041,92440.73,767.41,0.00,0.0218
83837,-0.51,-0.70,9.68,0.0156,0.0149,-0.0049,92440.73,767.41,0.00,0.0221
83889,-0.56,-0.71,9.62,0.0168,0.0156,-0.0051,92440.73,767.41,0.00,0.0235
83944,-0.53,-0.73,9.62,0.0160,0.0156,-0.0045,92440.73,767.41,0.00,0.0228
83996,-0.51,-0.74,9.65,0.0148,0.0152,-0.0064,92440.73,767.41,0.00,0.0221
84051,-0.49,-0.72,9.66,0.0168,0.0104,-0.0067,92440.73,767.41,0.00,0.0208
84103,-0.50,-0.73,9.64,0.0139,0.0144,-0.0047,92440.73,767.41,0.00,0.0205
84161,-0.53,-0.71,9.64,0.0171,0.0127,-0.0084,92440.73,767.41,0.00,0.0228
84215,-0.55,-0.74,9.66,0.0163,0.0131,-0.0067,92440.73,767.41,0.00,0.0219
84268,-0.55,-0.73,9.60,0.0157,0.0131,-0.0053,92440.73,767.41,0.00,0.0211
84322,-0.52,-0.72,9.60,0.0148,0.0129,-0.0056,92440.73,767.41,0.00,0.0204
84375,-0.53,-0.74,9.66,0.0145,0.0124,-0.0056,92440.56,767.43,0.09,0.0199
84429,-0.52,-0.70,9.60,0.0168,0.0141,-0.0061,92440.56,767.43,0.06,0.0228
84482,-0.51,-0.74,9.63,0.0177,0.0112,-0.0076,92440.56,767.43,0.04,0.0223
84540,-0.51,-0.72,9.63,0.0136,0.0140,-0.0051,92440.56,767.43,0.03,0.0201
84592,-0.53,-0.75,9.61,0.0168,0.0136,-0.0031,92440.56,767.43,0.02,0.0218
84647,-0.52,-0.71,9.62,0.0148,0.0167,-0.0064,92440.56,767.43,0.01,0.0232
84699,-0.53,-0.68,9.63,0.0156,0.0136,-0.0071,92440.56,767.43,0.01,0.0219
84754,-0.50,-0.72,9.64,0.0191,0.0148,-0.0064,92440.56,767.43,0.01,0.0250
84806,-0.55,-0.72,9.62,0.0135,0.0128,-0.0047,92440.56,767.43,0.00,0.0191
84861,-0.50,-0.74,9.64,0.0168,0.0117,-0.0043,92440.56,767.43,0.00,0.0209
84918,-0.54,-0.72,9.64,0.0159,0.0116,-0.0073,92440.56,767.43,0.00,0.0210
84971,-0.48,-0.73,9.62,0.0141,0.0139,-0.0052,92440.56,767.43,0.00,0.0205
85030,-0.56,-0.75,9.66,0.0149,0.0132,-0.0059,92440.56,767.43,0.00,0.0208
85083,-0.52,-0.73,9.62,0.0172,0.0131,-0.0067,92440.56,767.43,0.00,0.0226
85137,-0.53,-0.74,9.65,0.0145,0.0120,-0.0047,92440.56,767.43,0.00,0.0194
85190,-0.54,-0.72,9.62,0.0167,0.0121,-0.0065,92440.56,767.43,0.00,0.0216
85244,-0.50,-0.74,9.65,0.0161,0.0121,-0.0056,92440.56,767.43,0.00,0.0209
85300,-0.49,-0.71,9.72,0.0168,0.0129,-0.0044,92440.56,767.43,0.00,0.0216
85355,-0.52,-0.72,9.64,0.0161,0.0148,-0.0085,92440.56,767.43,0.00,0.0235
85407,-0.51,-0.73,9.63,0.0183,0.0125,-0.0049,92440.56,767.43,0.00,0.0227
85462,-0.51,-0.72,9.63,0.0188,0.0149,-0.0061,92440.70,767.42,-0.07,0.0248
85514,-0.51,-0.72,9.64,0.0133,0.0123,-0.0071,92440.70,767.42,-0.05,0.0194
85569,-0.51,-0.74,9.64,0.0128,0.0144,-0.0076,92440.70,767.42,-0.03,0.0207
85621,-0.53,-0.73,9.64,0.0128,0.0139,-0.0043,92440.70,767.42,-0.02,0.0193
85679,-0.53,-0.72,9.63,0.0172,0.0127,-0.0055,92440.70,767.42,-0.02,0.0220
85733,-0.51,-0.74,9.64,0.0201,0.0124,-0.0075,92440.70,767.42,-0.01,0.0248
85786,-0.51,-0.73,9.65,0.0167,0.0124,-0.0077,92440.70,767.42,-0.01,0.0221
85840,-0.51,-0.71,9.63,0.0153,0.0127,-0.0067,92440.70,767.42,-0.01,0.0210
85893,-0.52,-0.73,9.65,0.0171,0.0120,-0.0057,92440.70,767.42,-0.00,0.0216
85947,-0.53,-0.73,9.67,0.0157,0.0135,-0.0077,92440.70,767.42,-0.00,0.0221
86000,-0.55,-0.70,9.62,0.0152,0.0153,-0.0059,92440.53,767.43,0.08,0.0224
86058,-0.52,-0.70,9.61,0.0139,0.0123,-0.0081,92440.53,767.43,0.06,0.0202
86110,-0.54,-0.70,9.66,0.0152,0.0135,-0.0037,92440.53,767.43,0.04,0.0206
86165,-0.52,-0.72,9.64,0.0157,0.0143,-0.0029,92440.53,767.43,0.03,0.0214
86217,-0.48,-0.74,9.61,0.0143,0.0143,-0.0048,92440.53,767.43,0.02,0.0207
86272,-0.51,-0.71,9.63,0.0177,0.0149,-0.0067,92440.53,767.43,0.01,0.0241
86324,-0.53,-0.68,9.61,0.0143,0.0123,-0.0072,92440.53,767.43,0.01,0.0201
86379,-0.53,-0.71,9.63,0.0151,0.0112,-0.0073,92440.53,767.43,0.01,0.0201
86446,-0.54,-0.73,9.62,0.0157,0.0105,-0.0065,92440.53,767.43,0.00,0.0200
86502,-0.54,-0.71,9.62,0.0163,0.0131,-0.0067,92440.53,767.43,0.00,0.0219
86555,-0.50,-0.72,9.62,0.0165,0.0131,-0.0051,92440.53,767.43,0.00,0.0217
86611,-0.54,-0.72,9.61,0.0161,0.0148,-0.0061,92440.53,767.43,0.00,0.0227
86664,-0.56,-0.74,9.63,0.0153,0.0144,-0.0060,92440.53,767.43,0.00,0.0219
86720,-0.51,-0.69,9.64,0.0159,0.0129,-0.0077,92440.53,767.43,0.00,0.0219
86778,-0.52,-0.74,9.64,0.0165,0.0125,-0.0047,92440.53,767.43,0.00,0.0212
86831,-0.54,-0.70,9.65,0.0132,0.0135,-0.0059,92440.53,767.43,0.00,0.0197
86885,-0.55,-0.73,9.62,0.0161,0.0139,-0.0077,92440.53,767.43,0.00,0.0226
86938,-0.51,-0.70,9.62,0.0163,0.0137,-0.0068,92440.53,767.43,0.00,0.0223
86992,-0.54,-0.68,9.65,0.0172,0.0123,-0.0055,92440.53,767.43,0.00,0.0218
87050,-0.51,-0.70,9.63,0.0165,0.0151,-0.0061,92440.70,767.42,-0.08,0.0232
87104,-0.53,-0.71,9.61,0.0167,0.0128,-0.0065,92440.70,767.42,-0.05,0.0220
87160,-0.55,-0.72,9.63,0.0153,0.0135,-0.0067,92440.70,767.42,-0.04,0.0215
87215,-0.47,-0.72,9.62,0.0139,0.0140,-0.0037,92440.70,767.42,-0.03,0.0200
87267,-0.50,-0.74,9.66,0.0157,0.0121,-0.0059,92440.70,767.42,-0.02,0.0207
87322,-0.51,-0.74,9.62,0.0159,0.0144,-0.0051,92440.70,767.42,-0.01,0.0220
87374,-0.53,-0.71,9.63,0.0163,0.0105,-0.0083,92440.70,767.42,-0.01,0.0211
87429,-0.55,-0.74,9.62,0.0176,0.0141,-0.0073,92440.70,767.42,-0.01,0.0237
87481,-0.54,-0.71,9.65,0.0172,0.0141,-0.0057,92440.70,767.42,-0.00,0.0230
87539,-0.52,-0.70,9.65,0.0135,0.0121,-0.0068,92440.70,767.42,-0.00,0.0193
87593,-0.51,-0.70,9.64,0.0168,0.0113,-0.0055,92440.53,767.43,0.08,0.0210
87646,-0.51,-0.71,9.63,0.0141,0.0109,-0.0079,92440.53,767.43,0.06,0.0195
87700,-0.50,-0.73,9.67,0.0161,0.0136,-0.0048,92440.53,767.43,0.04,0.0216
87753,-0.54,-0.70,9.62,0.0168,0.0133,-0.0053,92440.53,767.43,0.03,0.0221
87807,-0.53,-0.72,9.62,0.0183,0.0139,-0.0057,92440.53,767.43,0.02,0.0236
87860,-0.54,-0.72,9.62,0.0148,0.0127,-0.0057,92440.53,767.43,0.01,0.0203
87918,-0.50,-0.73,9.62,0.0167,0.0127,-0.0065,92440.53,767.43,0.01,0.0219
87970,-0.48,-0.72,9.62,0.0131,0.0136,-0.0056,92440.53,767.43,0.01,0.0197
88025,-0.53,-0.70,9.64,0.0151,0.0120,-0.0049,92440.53,767.43,0.00,0.0199
88077,-0.54,-0.68,9.65,0.0168,0.0121,-0.0055,92440.53,767.43,0.00,0.0214
88132,-0.52,-0.71,9.62,0.0160,0.0140,-0.0056,92440.64,767.42,-0.05,0.0220
88184,-0.51,-0.74,9.62,0.0177,0.0124,-0.0061,92440.64,767.42,-0.04,0.0225
88239,-0.52,-0.70,9.61,0.0191,0.0140,-0.0065,92440.64,767.42,-0.02,0.0245
88295,-0.54,-0.72,9.62,0.0148,0.0152,-0.0060,92440.64,767.42,-0.02,0.0220
88348,-0.49,-0.71,9.64,0.0156,0.0136,-0.0069,92440.64,767.42,-0.01,0.0218
88402,-0.54,-0.69,9.63,0.0157,0.0147,-0.0041,92440.64,767.42,-0.01,0.0219
88455,-0.52,-0.71,9.63,0.0181,0.0124,-0.0069,92440.64,767.42,-0.01,0.0230
88509,-0.53,-0.71,9.64,0.0157,0.0096,-0.0063,92440.64,767.42,-0.00,0.0195
88562,-0.52,-0.72,9.63,0.0148,0.0128,-0.0039,92440.64,767.42,-0.00,0.0199
88616,-0.53,-0.73,9.65,0.0156,0.0128,-0.0053,92440.64,767.42,-0.00,0.0209
88672,-0.55,-0.70,9.65,0.0149,0.0151,-0.0064,92440.64,767.42,-0.00,0.0221
88727,-0.52,-0.67,9.64,0.0152,0.0151,-0.0071,92440.64,767.42,-0.00,0.0225
88779,-0.51,-0.73,9.67,0.0172,0.0108,-0.0065,92440.64,767.42,-0.00,0.0213
88834,-0.52,-0.74,9.63,0.0175,0.0129,-0.0043,92440.64,767.42,-0.00,0.0221
88886,-0.51,-0.72,9.63,0.0157,0.0124,-0.0049,92440.64,767.42,-0.00,0.0206
88941,-0.55,-0.73,9.61,0.0168,0.0135,-0.0049,92440.64,767.42,-0.00,0.0221
88993,-0.53,-0.73,9.64,0.0136,0.0137,-0.0068,92440.64,767.42,-0.00,0.0205
89056,-0.52,-0.72,9.63,0.0144,0.0143,-0.0049,92440.64,767.42,-0.00,0.0208
89110,-0.52,-0.73,9.63,0.0177,0.0132,-0.0045,92440.64,767.42,-0.00,0.0225
89163,-0.52,-0.74,9.62,0.0175,0.0132,-0.0064,92440.64,767.42,-0.00,0.0228
89217,-0.54,-0.72,9.66,0.0172,0.0139,-0.0067,92440.64,767.42,-0.00,0.0231
89270,-0.51,-0.72,9.61,0.0145,0.0153,-0.0080,92440.64,767.42,-0.00,0.0226
89324,-0.51,-0.73,9.65,0.0167,0.0131,-0.0061,92440.64,767.42,-0.00,0.0220
89391,-0.52,-0.72,9.63,0.0161,0.0137,-0.0055,92440.64,767.42,-0.00,0.0219
89444,-0.53,-0.72,9.66,0.0159,0.0137,-0.0049,92440.64,767.42,-0.00,0.0215
89497,-0.51,-0.70,9.64,0.0149,0.0136,-0.0047,92440.64,767.42,-0.00,0.0207
89549,-0.51,-0.72,9.63,0.0188,0.0137,-0.0068,92440.64,767.42,-0.00,0.0242
89639,-0.51,-0.70,9.60,0.0147,0.0145,-0.0043,92440.64,767.42,-0.00,0.0211
89691,-0.54,-0.73,9.63,0.0168,0.0137,-0.0065,92440.64,767.42,-0.00,0.0226
89743,-0.50,-0.74,9.63,0.0173,0.0125,-0.0060,92440.81,767.41,-0.09,0.0222
89801,-0.50,-0.71,9.62,0.0164,0.0127,-0.0063,92440.81,767.41,-0.06,0.0216
89853,-0.50,-0.73,9.62,0.0159,0.0132,-0.0049,92440.81,767.41,-0.04,0.0212
89908,-0.52,-0.72,9.61,0.0152,0.0145,-0.0071,92440.81,767.41,-0.03,0.0222
89960,-0.52,-0.68,9.61,0.0171,0.0137,-0.0084,92440.81,767.41,-0.02,0.0234
90015,-0.48,-0.72,9.64,0.0172,0.0137,-0.0057,92440.81,767.41,-0.01,0.0227
90067,-0.53,-0.71,9.63,0.0164,0.0147,-0.0068,92440.81,767.41,-0.01,0.0230
90122,-0.54,-0.73,9.62,0.0173,0.0129,-0.0052,92440.81,767.41,-0.01,0.0222
90178,-0.49,-0.74,9.62,0.0172,0.0128,-0.0048,92440.81,767.41,-0.01,0.0220
90231,-0.52,-0.70,9.63,0.0123,0.0125,-0.0056,92440.81,767.41,-0.00,0.0184
90285,-0.50,-0.74,9.62,0.0161,0.0133,-0.0061,92440.78,767.41,0.01,0.0218
90338,-0.51,-0.71,9.65,0.0180,0.0137,-0.0060,92440.78,767.41,0.01,0.0234
90392,-0.51,-0.75,9.63,0.0165,0.0119,-0.0043,92440.78,767.41,0.01,0.0208
90445,-0.53,-0.70,9.61,0.0164,0.0143,-0.0044,92440.78,767.41,0.00,0.0222
90499,-0.53,-0.73,9.62,0.0152,0.0105,-0.0045,92440.78,767.41,0.00,0.0190
90555,-0.54,-0.74,9.62,0.0148,0.0132,-0.0047,92440.78,767.41,0.00,0.0204
90610,-0.50,-0.69,9.62,0.0152,0.0104,-0.0065,92440.78,767.41,0.00,0.0195
90662,-0.53,-0.73,9.63,0.0172,0.0168,-0.0068,92440.78,767.41,0.00,0.0250
90717,-0.53,-0.71,9.62,0.0135,0.0124,-0.0083,92440.78,767.41,0.00,0.0201
90769,-0.51,-0.68,9.63,0.0187,0.0161,-0.0060,92440.78,767.41,0.00,0.0254
90824,-0.52,-0.76,9.63,0.0143,0.0137,-0.0043,92440.78,767.41,0.00,0.0202
90876,-0.52,-0.72,9.63,0.0161,0.0153,-0.0039,92440.78,767.41,0.00,0.0226
90934,-0.49,-0.69,9.61,0.0143,0.0149,-0.0063,92440.78,767.41,0.00,0.0216
90988,-0.51,-0.73,9.63,0.0173,0.0133,-0.0069,92440.78,767.41,0.00,0.0229
91041,-0.52,-0.73,9.62,0.0173,0.0119,-0.0072,92440.78,767.41,0.00,0.0222
91100,-0.54,-0.73,9.65,0.0144,0.0124,-0.0069,92440.78,767.41,0.00,0.0202
91153,-0.50,-0.72,9.62,0.0139,0.0145,-0.0056,92440.78,767.41,0.00,0.0208
91207,-0.55,-0.73,9.65,0.0175,0.0117,-0.0065,92440.78,767.41,0.00,0.0220
91260,-0.50,-0.72,9.61,0.0149,0.0141,-0.0045,92440.78,767.41,0.00,0.0210
91318,-0.53,-0.71,9.61,0.0163,0.0123,-0.0044,92440.44,767.44,0.16,0.0208
91370,-0.49,-0.72,9.64,0.0173,0.0163,-0.0064,92440.44,767.44,0.11,0.0246
91425,-0.48,-0.72,9.65,0.0185,0.0124,-0.0083,92440.44,767.44,0.08,0.0238
91477,-0.48,-0.73,9.62,0.0160,0.0127,-0.0089,92440.44,767.44,0.06,0.0223
91532,-0.53,-0.72,9.63,0.0139,0.0136,-0.0063,92440.44,767.44,0.04,0.0204
91584,-0.54,-0.72,9.63,0.0149,0.0100,-0.0053,92440.44,767.44,0.03,0.0187
91639,-0.49,-0.72,9.62,0.0156,0.0115,-0.0057,92440.44,767.44,0.02,0.0202
91695,-0.51,-0.72,9.66,0.0140,0.0144,-0.0056,92440.44,767.44,0.01,0.0208
91748,-0.51,-0.74,9.66,0.0177,0.0152,-0.0056,92440.44,767.44,0.01,0.0240
91802,-0.49,-0.70,9.64,0.0147,0.0145,-0.0060,92440.44,767.44,0.01,0.0215
91855,-0.51,-0.73,9.64,0.0151,0.0133,-0.0071,92440.38,767.44,0.03,0.0213
91909,-0.53,-0.73,9.62,0.0139,0.0140,-0.0067,92440.38,767.44,0.02,0.0208
91962,-0.54,-0.72,9.63,0.0152,0.0129,-0.0069,92440.38,767.44,0.02,0.0211
92016,-0.53,-0.72,9.62,0.0156,0.0155,-0.0059,92440.38,767.44,0.01,0.0227
92072,-0.52,-0.73,9.65,0.0181,0.0127,-0.0069,92440.38,767.44,0.01,0.0232
92127,-0.52,-0.74,9.62,0.0163,0.0121,-0.0055,92440.38,767.44,0.01,0.0210
92179,-0.51,-0.68,9.61,0.0149,0.0143,-0.0056,92440.38,767.44,0.00,0.0214
92234,-0.52,-0.73,9.63,0.0155,0.0163,-0.0069,92440.38,767.44,0.00,0.0235
92286,-0.53,-0.71,9.63,0.0148,0.0137,-0.0060,92440.38,767.44,0.00,0.0210
92341,-0.53,-0.72,9.68,0.0161,0.0117,-0.0041,92440.38,767.44,0.00,0.0204
92393,-0.50,-0.70,9.66,0.0144,0.0133,-0.0053,92440.37,767.45,0.00,0.0203
92462,-0.53,-0.75,9.63,0.0153,0.0111,-0.0068,92440.37,767.45,0.00,0.0201
92514,-0.53,-0.69,9.63,0.0173,0.0147,-0.0063,92440.37,767.45,0.00,0.0235
92569,-0.51,-0.73,9.64,0.0144,0.0120,-0.0053,92440.37,767.45,0.00,0.0195
92621,-0.50,-0.73,9.62,0.0129,0.0160,-0.0060,92440.37,767.45,0.00,0.0214
92676,-0.51,-0.71,9.63,0.0153,0.0148,-0.0055,92440.37,767.45,0.00,0.0220
92728,-0.49,-0.72,9.63,0.0157,0.0115,-0.0065,92440.37,767.45,0.00,0.0205
92783,-0.49,-0.76,9.66,0.0181,0.0141,-0.0045,92440.37,767.45,0.00,0.0234
92833,-0.49,-0.72,9.62,0.0173,0.0148,-0.0063,92440.37,767.45,0.00,0.0236
92888,-0.54,-0.72,9.62,0.0176,0.0127,-0.0064,92440.37,767.45,0.00,0.0226
92940,-0.52,-0.70,9.63,0.0184,0.0131,-0.0043,92440.37,767.45,0.00,0.0229
92995,-0.52,-0.73,9.66,0.0167,0.0143,-0.0065,92440.37,767.45,0.00,0.0229
93047,-0.54,-0.72,9.65,0.0148,0.0108,-0.0051,92440.37,767.45,0.00,0.0190
93107,-0.48,-0.70,9.60,0.0140,0.0129,-0.0039,92440.37,767.45,0.00,0.0194
93163,-0.50,-0.73,9.63,0.0163,0.0145,-0.0067,92440.37,767.45,0.00,0.0228
93216,-0.51,-0.73,9.62,0.0144,0.0133,-0.0053,92440.37,767.45,0.00,0.0203
93270,-0.56,-0.72,9.62,0.0172,0.0125,-0.0085,92440.37,767.45,0.00,0.0229
93323,-0.55,-0.74,9.62,0.0185,0.0129,-0.0080,92440.37,767.45,0.00,0.0240
93377,-0.49,-0.69,9.62,0.0147,0.0145,-0.0048,92440.37,767.45,0.00,0.0212
93430,-0.51,-0.69,9.63,0.0183,0.0133,-0.0060,92440.37,767.45,0.00,0.0234
93484,-0.52,-0.70,9.62,0.0143,0.0140,-0.0064,92440.37,767.45,0.00,0.0210
93540,-0.55,-0.73,9.64,0.0173,0.0148,-0.0064,92440.37,767.45,0.00,0.0237
93595,-0.50,-0.70,9.64,0.0164,0.0119,-0.0044,92440.37,767.45,0.00,0.0207
93647,-0.52,-0.71,9.62,0.0140,0.0132,-0.0043,92440.37,767.45,0.00,0.0197
93702,-0.52,-0.71,9.63,0.0163,0.0151,-0.0064,92440.37,767.45,0.00,0.0231
93754,-0.53,-0.73,9.62,0.0128,0.0157,-0.0048,92440.37,767.45,0.00,0.0208
93809,-0.50,-0.71,9.63,0.0167,0.0133,-0.0068,92440.37,767.45,0.00,0.0224
93861,-0.55,-0.74,9.65,0.0205,0.0084,-0.0060,92440.37,767.45,0.00,0.0230
93919,-0.53,-0.72,9.63,0.0168,0.0147,-0.0072,92440.37,767.45,0.00,0.0234
93973,-0.52,-0.72,9.62,0.0180,0.0129,-0.0053,92440.37,767.45,0.00,0.0228
94026,-0.53,-0.70,9.65,0.0184,0.0136,-0.0056,92440.34,767.45,0.02,0.0235
94080,-0.52,-0.73,9.63,0.0187,0.0143,-0.0065,92440.34,767.45,0.01,0.0244
94133,-0.53,-0.73,9.63,0.0173,0.0123,-0.0071,92440.34,767.45,0.01,0.0224
94187,-0.50,-0.71,9.61,0.0161,0.0148,-0.0045,92440.34,767.45,0.01,0.0223
94240,-0.53,-0.74,9.63,0.0143,0.0133,-0.0073,92440.34,767.45,0.00,0.0208
94298,-0.50,-0.72,9.62,0.0177,0.0128,-0.0055,92440.34,767.45,0.00,0.0225
94350,-0.51,-0.72,9.62,0.0160,0.0131,-0.0073,92440.34,767.45,0.00,0.0219
94405,-0.53,-0.74,9.63,0.0136,0.0125,-0.0063,92440.34,767.45,0.00,0.0195
94457,-0.52,-0.72,9.63,0.0168,0.0128,-0.0073,92440.34,767.45,0.00,0.0223
94512,-0.51,-0.71,9.63,0.0160,0.0117,-0.0052,92440.34,767.45,0.00,0.0205
94564,-0.51,-0.69,9.63,0.0165,0.0149,-0.0037,92440.34,767.45,0.00,0.0226
94619,-0.52,-0.75,9.62,0.0180,0.0128,-0.0061,92440.34,767.45,0.00,0.0229
94675,-0.51,-0.74,9.64,0.0148,0.0132,-0.0071,92440.34,767.45,0.00,0.0210
94728,-0.53,-0.74,9.64,0.0133,0.0140,-0.0076,92440.34,767.45,0.00,0.0208
94782,-0.52,-0.73,9.62,0.0168,0.0156,-0.0068,92440.34,767.45,0.00,0.0239
94835,-0.52,-0.70,9.60,0.0139,0.0155,-0.0053,92440.34,767.45,0.00,0.0214
94889,-0.53,-0.70,9.62,0.0147,0.0135,-0.0068,92440.34,767.45,0.00,0.0210
94942,-0.53,-0.73,9.62,0.0164,0.0113,-0.0068,92440.34,767.45,0.00,0.0210
94996,-0.52,-0.71,9.63,0.0183,0.0124,-0.0063,92440.34,767.45,0.00,0.0229
95052,-0.52,-0.69,9.63,0.0165,0.0103,-0.0061,92440.52,767.43,-0.08,0.0204
95112,-0.52,-0.73,9.66,0.0159,0.0129,-0.0055,92440.52,767.43,-0.06,0.0212
95164,-0.55,-0.74,9.65,0.0168,0.0141,-0.0085,92440.52,767.43,-0.04,0.0235
95219,-0.51,-0.73,9.64,0.0133,0.0140,-0.0057,92440.52,767.43,-0.03,0.0202
95271,-0.51,-0.71,9.61,0.0160,0.0139,-0.0047,92440.52,767.43,-0.02,0.0217
95326,-0.53,-0.72,9.63,0.0133,0.0139,-0.0048,92440.52,767.43,-0.01,0.0198
95378,-0.52,-0.72,9.62,0.0140,0.0116,-0.0061,92440.52,767.43,-0.01,0.0192
95447,-0.51,-0.72,9.62,0.0133,0.0135,-0.0059,92440.52,767.43,-0.01,0.0198
95499,-0.51,-0.73,9.60,0.0184,0.0141,-0.0065,92440.52,767.43,-0.00,0.0241
95554,-0.50,-0.71,9.65,0.0155,0.0124,-0.0055,92440.52,767.43,-0.00,0.0205
95606,-0.55,-0.73,9.64,0.0179,0.0129,-0.0067,92440.80,767.41,-0.15,0.0230
95661,-0.52,-0.72,9.62,0.0155,0.0141,-0.0041,92440.80,767.41,-0.10,0.0213
95713,-0.52,-0.74,9.63,0.0152,0.0105,-0.0035,92440.80,767.41,-0.07,0.0188
95768,-0.54,-0.75,9.66,0.0163,0.0120,-0.0057,92440.80,767.41,-0.05,0.0210
95824,-0.48,-0.71,9.60,0.0131,0.0165,-0.0047,92440.80,767.41,-0.04,0.0216
95877,-0.51,-0.72,9.62,0.0180,0.0117,-0.0069,92440.80,767.41,-0.02,0.0226
95931,-0.50,-0.71,9.61,0.0155,0.0128,-0.0071,92440.80,767.41,-0.02,0.0213
95984,-0.51,-0.71,9.61,0.0165,0.0136,-0.0063,92440.80,767.41,-0.01,0.0223
96038,-0.52,-0.72,9.62,0.0152,0.0113,-0.0069,92440.80,767.41,-0.01,0.0202
96091,-0.53,-0.70,9.64,0.0173,0.0113,-0.0064,92440.80,767.41,-0.01,0.0217
96145,-0.52,-0.72,9.62,0.0159,0.0128,-0.0044,92440.45,767.44,0.17,0.0208
96196,-0.50,-0.70,9.62,0.0149,0.0121,-0.0064,92440.45,767.44,0.12,0.0203
96250,-0.54,-0.75,9.61,0.0177,0.0136,-0.0049,92440.45,767.44,0.08,0.0229
96303,-0.51,-0.74,9.63,0.0141,0.0144,-0.0060,92440.45,767.44,0.06,0.0210
96357,-0.54,-0.73,9.63,0.0161,0.0144,-0.0077,92440.45,767.44,0.04,0.0229
96410,-0.53,-0.69,9.63,0.0147,0.0133,-0.0041,92440.45,767.44,0.03,0.0202
96464,-0.53,-0.73,9.66,0.0171,0.0124,-0.0049,92440.45,767.44,0.02,0.0216
96520,-0.48,-0.71,9.58,0.0141,0.0137,-0.0068,92440.45,767.44,0.01,0.0208
96575,-0.52,-0.74,9.65,0.0193,0.0133,-0.0043,92440.45,767.44,0.01,0.0239
96627,-0.52,-0.69,9.63,0.0176,0.0115,-0.0053,92440.45,767.44,0.01,0.0217
96682,-0.55,-0.72,9.63,0.0164,0.0127,-0.0053,92440.63,767.42,-0.08,0.0214
96734,-0.51,-0.72,9.62,0.0163,0.0109,-0.0060,92440.63,767.42,-0.06,0.0205
96789,-0.54,-0.73,9.62,0.0159,0.0109,-0.0063,92440.63,767.42,-0.04,0.0202
96841,-0.53,-0.69,9.62,0.0164,0.0153,-0.0048,92440.63,767.42,-0.03,0.0229
96899,-0.53,-0.72,9.64,0.0185,0.0116,-0.0052,92440.63,767.42,-0.02,0.0225
96953,-0.52,-0.75,9.62,0.0139,0.0131,-0.0061,92440.63,767.42,-0.01,0.0200
97006,-0.50,-0.70,9.64,0.0183,0.0119,-0.0057,92440.63,767.42,-0.01,0.0225
97060,-0.52,-0.72,9.63,0.0160,0.0145,-0.0045,92440.63,767.42,-0.01,0.0221
97118,-0.56,-0.71,9.63,0.0151,0.0131,-0.0068,92440.63,767.42,-0.00,0.0211
97172,-0.52,-0.70,9.61,0.0160,0.0129,-0.0053,92440.63,767.42,-0.00,0.0212
97225,-0.50,-0.75,9.62,0.0183,0.0123,-0.0049,92440.80,767.41,-0.09,0.0225
97283,-0.55,-0.72,9.64,0.0175,0.0152,-0.0080,92440.80,767.41,-0.06,0.0245
97335,-0.48,-0.72,9.61,0.0175,0.0127,-0.0049,92440.80,767.41,-0.04,0.0221
97390,-0.52,-0.70,9.61,0.0148,0.0152,-0.0048,92440.80,767.41,-0.03,0.0217
97442,-0.49,-0.75,9.62,0.0155,0.0144,-0.0021,92440.80,767.41,-0.02,0.0212
97497,-0.49,-0.72,9.64,0.0137,0.0123,-0.0068,92440.80,767.41,-0.01,0.0196
97549,-0.54,-0.73,9.61,0.0168,0.0124,-0.0040,92440.80,767.41,-0.01,0.0212
97604,-0.52,-0.72,9.61,0.0161,0.0136,-0.0044,92440.80,767.41,-0.01,0.0215
97660,-0.51,-0.71,9.62,0.0163,0.0135,-0.0037,92440.80,767.41,-0.01,0.0214
97713,-0.52,-0.73,9.62,0.0143,0.0129,-0.0056,92440.80,767.41,-0.00,0.0200
97767,-0.50,-0.72,9.61,0.0181,0.0131,-0.0059,92440.59,767.43,0.10,0.0231
97820,-0.51,-0.75,9.62,0.0172,0.0152,-0.0073,92440.59,767.43,0.07,0.0241
97874,-0.50,-0.74,9.62,0.0151,0.0128,-0.0076,92440.59,767.43,0.05,0.0212
97927,-0.50,-0.72,9.64,0.0164,0.0109,-0.0053,92440.59,767.43,0.03,0.0204
97981,-0.49,-0.74,9.61,0.0149,0.0132,-0.0069,92440.59,767.43,0.02,0.0211
98037,-0.54,-0.74,9.64,0.0140,0.0141,-0.0053,92440.59,767.43,0.02,0.0206
98092,-0.50,-0.74,9.63,0.0153,0.0137,-0.0060,92440.59,767.43,0.01,0.0214
98144,-0.51,-0.71,9.62,0.0152,0.0152,-0.0067,92440.59,767.43,0.01,0.0225
98199,-0.51,-0.72,9.59,0.0177,0.0139,-0.0057,92440.59,767.43,0.01,0.0232
98251,-0.53,-0.70,9.60,0.0163,0.0140,-0.0064,92440.59,767.43,0.00,0.0224
98306,-0.52,-0.72,9.62,0.0164,0.0140,-0.0049,92440.59,767.43,0.00,0.0221
98358,-0.56,-0.74,9.62,0.0151,0.0119,-0.0076,92440.59,767.43,0.00,0.0206
98428,-0.53,-0.72,9.62,0.0168,0.0120,-0.0063,92440.59,767.43,0.00,0.0216
98480,-0.53,-0.72,9.66,0.0149,0.0124,-0.0039,92440.59,767.43,0.00,0.0198
98535,-0.50,-0.73,9.63,0.0153,0.0127,-0.0064,92440.59,767.43,0.00,0.0209
98587,-0.50,-0.71,9.64,0.0155,0.0135,-0.0069,92440.59,767.43,0.00,0.0216
98642,-0.53,-0.73,9.62,0.0168,0.0136,-0.0049,92440.59,767.43,0.00,0.0222
98694,-0.50,-0.72,9.62,0.0124,0.0148,-0.0061,92440.59,767.43,0.00,0.0202
98749,-0.48,-0.75,9.62,0.0167,0.0112,-0.0071,92440.59,767.43,0.00,0.0213
98806,-0.51,-0.71,9.62,0.0141,0.0151,-0.0055,92440.59,767.43,0.00,0.0214
98859,-0.51,-0.72,9.63,0.0135,0.0157,-0.0057,92440.59,767.43,0.00,0.0215
98913,-0.53,-0.70,9.63,0.0172,0.0164,-0.0056,92440.59,767.43,0.00,0.0244
98966,-0.52,-0.68,9.62,0.0149,0.0151,-0.0076,92440.59,767.43,0.00,0.0225
99020,-0.52,-0.73,9.62,0.0155,0.0144,-0.0079,92440.59,767.43,0.00,0.0225
99073,-0.57,-0.72,9.61,0.0165,0.0123,-0.0069,92440.59,767.43,0.00,0.0217
99132,-0.53,-0.73,9.63,0.0161,0.0147,-0.0057,92440.59,767.43,0.00,0.0225
99188,-0.49,-0.74,9.65,0.0131,0.0129,-0.0075,92440.59,767.43,0.00,0.0198
99243,-0.51,-0.72,9.64,0.0163,0.0135,-0.0043,92440.59,767.43,0.00,0.0215
99295,-0.52,-0.71,9.62,0.0135,0.0143,-0.0068,92440.59,767.43,0.00,0.0207
99350,-0.52,-0.72,9.60,0.0149,0.0163,-0.0067,92440.59,767.43,0.00,0.0230
99402,-0.53,-0.74,9.64,0.0147,0.0143,-0.0055,92440.59,767.43,0.00,0.0212
99457,-0.55,-0.73,9.63,0.0179,0.0132,-0.0069,92440.59,767.43,0.00,0.0233
99509,-0.51,-0.73,9.61,0.0140,0.0123,-0.0051,92440.59,767.43,0.00,0.0193
99562,-0.54,-0.74,9.64,0.0167,0.0127,-0.0079,92440.59,767.43,0.00,0.0223
99614,-0.55,-0.70,9.65,0.0159,0.0128,-0.0069,92440.59,767.43,0.00,0.0215
99669,-0.51,-0.70,9.62,0.0155,0.0152,-0.0033,92440.59,767.43,0.00,0.0219
99721,-0.52,-0.71,9.63,0.0163,0.0137,-0.0052,92440.59,767.43,0.00,0.0219
99776,-0.53,-0.72,9.62,0.0165,0.0131,-0.0072,92440.59,767.43,0.00,0.0223
99828,-0.51,-0.69,9.62,0.0185,0.0123,-0.0041,92440.59,767.43,0.00,0.0226
99886,-0.55,-0.70,9.64,0.0164,0.0157,-0.0041,92440.76,767.41,-0.08,0.0231
99940,-0.52,-0.72,9.60,0.0129,0.0156,-0.0040,92440.76,767.41,-0.05,0.0206
99993,-0.50,-0.73,9.61,0.0153,0.0145,-0.0053,92440.76,767.41,-0.04,0.0218
100047,-0.50,-0.70,9.64,0.0123,0.0144,-0.0048,92440.76,767.41,-0.03,0.0195
100100,-0.51,-0.72,9.65,0.0167,0.0149,-0.0075,92440.76,767.41,-0.02,0.0236
100154,-0.53,-0.72,9.64,0.0185,0.0149,-0.0071,92440.76,767.41,-0.01,0.0248
100207,-0.49,-0.69,9.62,0.0177,0.0128,-0.0076,92440.76,767.41,-0.01,0.0231
100265,-0.54,-0.71,9.60,0.0144,0.0127,-0.0064,92440.76,767.41,-0.01,0.0202
100317,-0.48,-0.72,9.61,0.0176,0.0156,-0.0060,92440.76,767.41,-0.00,0.0243
100372,-0.52,-0.70,9.63,0.0167,0.0123,-0.0055,92440.76,767.41,-0.00,0.0214
100424,-0.52,-0.72,9.64,0.0168,0.0135,-0.0060,92440.53,767.43,0.11,0.0223
100479,-0.53,-0.71,9.61,0.0129,0.0140,-0.0064,92440.53,767.43,0.08,0.0201
100531,-0.52,-0.74,9.63,0.0153,0.0132,-0.0041,92440.53,767.43,0.06,0.0206
100586,-0.51,-0.70,9.63,0.0168,0.0140,-0.0051,92440.53,767.43,0.04,0.0224
100643,-0.54,-0.73,9.63,0.0157,0.0129,-0.0051,92440.53,767.43,0.03,0.0210
100696,-0.47,-0.72,9.64,0.0180,0.0127,-0.0043,92440.53,767.43,0.02,0.0224
100750,-0.54,-0.71,9.63,0.0147,0.0096,-0.0059,92440.53,767.43,0.01,0.0185
100803,-0.53,-0.70,9.65,0.0144,0.0124,-0.0073,92440.53,767.43,0.01,0.0204
100857,-0.52,-0.71,9.63,0.0148,0.0127,-0.0073,92440.53,767.43,0.01,0.0208
100910,-0.56,-0.72,9.63,0.0160,0.0128,-0.0055,92440.53,767.43,0.00,0.0212
100964,-0.52,-0.71,9.64,0.0153,0.0120,-0.0057,92440.53,767.43,0.00,0.0203
101020,-0.52,-0.71,9.65,0.0159,0.0151,-0.0068,92440.53,767.43,0.00,0.0229
101075,-0.51,-0.70,9.63,0.0168,0.0140,-0.0056,92440.53,767.43,0.00,0.0226
101127,-0.53,-0.71,9.63,0.0161,0.0120,-0.0052,92440.53,767.43,0.00,0.0208
101187,-0.48,-0.74,9.62,0.0141,0.0145,-0.0075,92440.53,767.43,0.00,0.0216
101239,-0.54,-0.72,9.63,0.0147,0.0148,-0.0059,92440.53,767.43,0.00,0.0216
101294,-0.50,-0.73,9.64,0.0148,0.0131,-0.0077,92440.53,767.43,0.00,0.0212
101346,-0.53,-0.71,9.62,0.0165,0.0160,-0.0061,92440.53,767.43,0.00,0.0238
101416,-0.52,-0.77,9.63,0.0153,0.0131,-0.0067,92440.53,767.43,0.00,0.0212
101468,-0.52,-0.72,9.65,0.0156,0.0129,-0.0061,92440.19,767.46,0.18,0.0212
101523,-0.53,-0.71,9.62,0.0160,0.0139,-0.0051,92440.19,767.46,0.13,0.0218
101575,-0.49,-0.72,9.64,0.0171,0.0141,-0.0033,92440.19,767.46,0.09,0.0224
101630,-0.52,-0.71,9.62,0.0151,0.0140,-0.0071,92440.19,767.46,0.06,0.0217
101682,-0.52,-0.71,9.63,0.0148,0.0135,-0.0061,92440.19,767.46,0.04,0.0209
101740,-0.54,-0.70,9.64,0.0129,0.0155,-0.0059,92440.19,767.46,0.03,0.0210
101794,-0.51,-0.73,9.63,0.0140,0.0147,-0.0069,92440.19,767.46,0.02,0.0214
101847,-0.50,-0.74,9.62,0.0149,0.0147,-0.0072,92440.19,767.46,0.01,0.0221
101901,-0.51,-0.74,9.63,0.0185,0.0143,-0.0087,92440.19,767.46,0.01,0.0249
101954,-0.52,-0.72,9.62,0.0168,0.0136,-0.0051,92440.19,767.46,0.01,0.0222
102008,-0.55,-0.72,9.64,0.0181,0.0139,-0.0060,92440.36,767.45,-0.08,0.0236
102061,-0.53,-0.73,9.65,0.0132,0.0155,-0.0051,92440.36,767.45,-0.06,0.0209
102119,-0.52,-0.71,9.65,0.0155,0.0163,-0.0051,92440.36,767.45,-0.04,0.0230
102171,-0.48,-0.71,9.64,0.0172,0.0133,-0.0064,92440.36,767.45,-0.03,0.0227
102225,-0.52,-0.71,9.62,0.0156,0.0131,-0.0060,92440.36,767.45,-0.02,0.0212
102277,-0.52,-0.72,9.64,0.0164,0.0141,-0.0053,92440.36,767.45,-0.01,0.0223
102329,-0.53,-0.72,9.62,0.0163,0.0127,-0.0056,92440.36,767.45,-0.01,0.0213
102385,-0.55,-0.72,9.63,0.0139,0.0137,-0.0071,92440.36,767.45,-0.01,0.0207
102437,-0.52,-0.74,9.62,0.0165,0.0148,-0.0057,92440.36,767.45,-0.00,0.0229
102493,-0.51,-0.72,9.63,0.0176,0.0139,-0.0055,92440.36,767.45,-0.00,0.0230
102546,-0.50,-0.72,9.62,0.0192,0.0132,-0.0067,92440.50,767.43,-0.08,0.0242
102600,-0.51,-0.72,9.65,0.0156,0.0128,-0.0057,92440.50,767.43,-0.06,0.0210
102653,-0.53,-0.72,9.65,0.0124,0.0143,-0.0049,92440.50,767.43,-0.04,0.0195
102707,-0.50,-0.70,9.61,0.0139,0.0137,-0.0051,92440.50,767.43,-0.03,0.0201
102760,-0.52,-0.73,9.62,0.0156,0.0135,-0.0067,92440.50,767.43,-0.02,0.0216
102814,-0.53,-0.72,9.62,0.0181,0.0125,-0.0069,92440.50,767.43,-0.01,0.0231
102870,-0.53,-0.71,9.64,0.0184,0.0137,-0.0043,92440.50,767.43,-0.01,0.0233
102925,-0.51,-0.73,9.62,0.0168,0.0135,-0.0061,92440.50,767.43,-0.01,0.0224
102977,-0.52,-0.72,9.62,0.0161,0.0117,-0.0049,92440.50,767.43,-0.00,0.0205
103032,-0.51,-0.73,9.63,0.0160,0.0119,-0.0071,92440.50,767.43,-0.00,0.0211
103084,-0.51,-0.71,9.63,0.0144,0.0149,-0.0071,92440.50,767.43,-0.00,0.0219
103139,-0.52,-0.70,9.64,0.0180,0.0141,-0.0059,92440.50,767.43,-0.00,0.0236
103201,-0.55,-0.70,9.64,0.0168,0.0131,-0.0040,92440.50,767.43,-0.00,0.0216
103254,-0.52,-0.72,9.63,0.0179,0.0136,-0.0069,92440.50,767.43,-0.00,0.0235
103308,-0.50,-0.73,9.64,0.0155,0.0123,-0.0071,92440.50,767.43,-0.00,0.0210
103361,-0.53,-0.73,9.62,0.0155,0.0136,-0.0079,92440.50,767.43,-0.00,0.0220
103415,-0.51,-0.69,9.63,0.0153,0.0132,-0.0063,92440.50,767.43,-0.00,0.0212
103468,-0.54,-0.74,9.62,0.0187,0.0149,-0.0067,92440.50,767.43,-0.00,0.0248
103522,-0.51,-0.70,9.64,0.0129,0.0160,-0.0085,92440.50,767.43,-0.00,0.0223
103578,-0.53,-0.70,9.61,0.0171,0.0149,-0.0079,92440.50,767.43,-0.00,0.0240
103633,-0.53,-0.72,9.62,0.0151,0.0121,-0.0067,92440.33,767.45,0.09,0.0204
103685,-0.53,-0.74,9.61,0.0152,0.0143,-0.0061,92440.33,767.45,0.06,0.0217
103740,-0.53,-0.71,9.63,0.0157,0.0108,-0.0035,92440.33,767.45,0.04,0.0194
103792,-0.54,-0.72,9.62,0.0160,0.0149,-0.0053,92440.33,767.45,0.03,0.0225
103847,-0.52,-0.72,9.62,0.0149,0.0152,-0.0064,92440.33,767.45,0.02,0.0222
103899,-0.49,-0.70,9.65,0.0177,0.0105,-0.0069,92440.33,767.45,0.01,0.0217
103957,-0.50,-0.74,9.63,0.0168,0.0136,-0.0044,92440.33,767.45,0.01,0.0220
104011,-0.52,-0.70,9.59,0.0155,0.0175,-0.0067,92440.33,767.45,0.01,0.0242
104064,-0.52,-0.70,9.61,0.0163,0.0127,-0.0060,92440.33,767.45,0.01,0.0215
104118,-0.50,-0.68,9.62,0.0167,0.0140,-0.0056,92440.33,767.45,0.00,0.0225
104171,-0.55,-0.73,9.62,0.0176,0.0155,-0.0061,92440.83,767.40,-0.25,0.0242
104225,-0.52,-0.74,9.60,0.0193,0.0144,-0.0061,92440.83,767.40,-0.18,0.0249
104278,-0.51,-0.72,9.62,0.0173,0.0145,-0.0088,92440.83,767.40,-0.12,0.0243
104346,-0.50,-0.70,9.63,0.0153,0.0147,-0.0047,92440.83,767.40,-0.09,0.0217
104399,-0.51,-0.73,9.62,0.0156,0.0156,-0.0052,92440.83,767.40,-0.06,0.0226
104453,-0.50,-0.73,9.62,0.0133,0.0112,-0.0069,92440.83,767.40,-0.04,0.0187
104506,-0.51,-0.71,9.62,0.0189,0.0131,-0.0068,92440.83,767.40,-0.03,0.0240
104560,-0.52,-0.74,9.63,0.0151,0.0128,-0.0049,92440.83,767.40,-0.02,0.0204
104613,-0.54,-0.70,9.65,0.0167,0.0129,-0.0052,92440.83,767.40,-0.01,0.0217
104667,-0.51,-0.70,9.61,0.0156,0.0133,-0.0051,92440.66,767.42,0.07,0.0211
104723,-0.50,-0.75,9.63,0.0168,0.0129,-0.0059,92440.66,767.42,0.05,0.0220
104778,-0.50,-0.72,9.61,0.0129,0.0140,-0.0060,92440.66,767.42,0.03,0.0200
104830,-0.47,-0.69,9.61,0.0161,0.0165,-0.0049,92440.66,767.42,0.02,0.0236
104885,-0.48,-0.73,9.61,0.0172,0.0123,-0.0044,92440.66,767.42,0.02,0.0216
104937,-0.52,-0.69,9.62,0.0148,0.0131,-0.0065,92440.66,767.42,0.01,0.0208
104992,-0.55,-0.71,9.62,0.0144,0.0117,-0.0048,92440.66,767.42,0.01,0.0192
105049,-0.51,-0.74,9.63,0.0153,0.0152,-0.0057,92440.66,767.42,0.01,0.0223
105102,-0.52,-0.72,9.61,0.0145,0.0139,-0.0045,92440.66,767.42,0.00,0.0206
105156,-0.54,-0.73,9.62,0.0148,0.0157,-0.0063,92440.66,767.42,0.00,0.0225
105214,-0.54,-0.71,9.63,0.0176,0.0131,-0.0085,92440.49,767.43,0.08,0.0235
105268,-0.51,-0.72,9.63,0.0156,0.0113,-0.0051,92440.49,767.43,0.06,0.0199
105321,-0.51,-0.73,9.63,0.0155,0.0117,-0.0088,92440.49,767.43,0.04,0.0213
105375,-0.55,-0.74,9.65,0.0176,0.0116,-0.0053,92440.49,767.43,0.03,0.0217
105431,-0.50,-0.71,9.62,0.0153,0.0113,-0.0067,92440.49,767.43,0.02,0.0202
105486,-0.51,-0.74,9.61,0.0151,0.0160,-0.0017,92440.49,767.43,0.01,0.0220
105538,-0.51,-0.71,9.61,0.0149,0.0143,-0.0041,92440.49,767.43,0.01,0.0210
105593,-0.51,-0.72,9.64,0.0140,0.0136,-0.0056,92440.49,767.43,0.01,0.0203
105645,-0.50,-0.74,9.62,0.0163,0.0145,-0.0075,92440.49,767.43,0.00,0.0230
105700,-0.50,-0.70,9.60,0.0144,0.0131,-0.0061,92440.49,767.43,0.00,0.0204
105752,-0.50,-0.72,9.59,0.0132,0.0145,-0.0069,92440.66,767.42,-0.09,0.0208
105810,-0.53,-0.70,9.62,0.0163,0.0103,-0.0037,92440.66,767.42,-0.06,0.0196
105864,-0.50,-0.72,9.62,0.0179,0.0159,-0.0075,92440.66,767.42,-0.04,0.0250
105917,-0.52,-0.73,9.60,0.0168,0.0136,-0.0083,92440.66,767.42,-0.03,0.0231
105971,-0.51,-0.70,9.64,0.0175,0.0105,-0.0065,92440.66,767.42,-0.02,0.0214
106024,-0.50,-0.71,9.64,0.0149,0.0147,-0.0063,92440.66,767.42,-0.01,0.0218
106078,-0.49,-0.76,9.61,0.0151,0.0141,-0.0053,92440.66,767.42,-0.01,0.0213
106131,-0.55,-0.74,9.60,0.0173,0.0139,-0.0057,92440.66,767.42,-0.01,0.0229
106189,-0.54,-0.71,9.64,0.0160,0.0132,-0.0068,92440.66,767.42,-0.00,0.0218
106241,-0.55,-0.73,9.64,0.0123,0.0160,-0.0065,92440.66,767.42,-0.00,0.0212
106296,-0.51,-0.71,9.59,0.0124,0.0155,-0.0052,92440.50,767.43,0.07,0.0205
106348,-0.57,-0.72,9.62,0.0168,0.0127,-0.0055,92440.50,767.43,0.05,0.0217
106403,-0.52,-0.71,9.63,0.0171,0.0159,-0.0060,92440.50,767.43,0.04,0.0240
106455,-0.55,-0.73,9.62,0.0179,0.0135,-0.0052,92440.50,767.43,0.03,0.0230
106510,-0.52,-0.73,9.65,0.0171,0.0109,-0.0041,92440.50,767.43,0.02,0.0207
106567,-0.54,-0.73,9.60,0.0164,0.0137,-0.0073,92440.50,767.43,0.01,0.0226
106620,-0.55,-0.73,9.62,0.0156,0.0168,-0.0069,92440.50,767.43,0.01,0.0239
106674,-0.51,-0.74,9.56,0.0149,0.0115,-0.0059,92440.50,767.43,0.01,0.0197
106727,-0.51,-0.72,9.64,0.0159,0.0121,-0.0067,92440.50,767.43,0.00,0.0210
106781,-0.48,-0.70,9.63,0.0175,0.0153,-0.0057,92440.50,767.43,0.00,0.0239
106834,-0.53,-0.71,9.63,0.0163,0.0156,-0.0060,92440.33,767.45,0.09,0.0233
106892,-0.48,-0.71,9.60,0.0185,0.0143,-0.0057,92440.33,767.45,0.07,0.0241
106944,-0.52,-0.72,9.61,0.0173,0.0107,-0.0064,92440.33,767.45,0.05,0.0213
106999,-0.51,-0.73,9.62,0.0125,0.0132,-0.0053,92440.33,767.45,0.03,0.0190
107051,-0.51,-0.73,9.62,0.0136,0.0132,-0.0064,92440.33,767.45,0.02,0.0200
107106,-0.51,-0.71,9.63,0.0137,0.0148,-0.0041,92440.33,767.45,0.02,0.0206
107158,-0.53,-0.69,9.64,0.0109,0.0120,-0.0048,92440.33,767.45,0.01,0.0169
107218,-0.52,-0.74,9.61,0.0133,0.0127,-0.0080,92440.33,767.45,0.01,0.0200
107285,-0.51,-0.71,9.65,0.0155,0.0129,-0.0044,92440.33,767.45,0.01,0.0206
107340,-0.54,-0.74,9.62,0.0165,0.0113,-0.0072,92440.33,767.45,0.00,0.0213
107392,-0.53,-0.70,9.63,0.0135,0.0149,-0.0061,92440.33,767.45,0.00,0.0210
107447,-0.52,-0.73,9.66,0.0153,0.0124,-0.0072,92440.33,767.45,0.00,0.0210
107499,-0.51,-0.70,9.63,0.0152,0.0119,-0.0057,92440.33,767.45,0.00,0.0201
107554,-0.52,-0.73,9.62,0.0171,0.0136,-0.0059,92440.33,767.45,0.00,0.0226
107606,-0.50,-0.72,9.62,0.0168,0.0144,-0.0077,92440.33,767.45,0.00,0.0234
107664,-0.48,-0.71,9.63,0.0133,0.0147,-0.0075,92440.33,767.45,0.00,0.0212
107718,-0.54,-0.71,9.60,0.0131,0.0141,-0.0067,92440.33,767.45,0.00,0.0204
107771,-0.51,-0.70,9.63,0.0167,0.0137,-0.0053,92440.33,767.45,0.00,0.0222
107825,-0.53,-0.73,9.63,0.0160,0.0112,-0.0073,92440.33,767.45,0.00,0.0208
107878,-0.53,-0.71,9.62,0.0163,0.0152,-0.0052,92440.16,767.46,0.09,0.0228
107932,-0.52,-0.71,9.63,0.0163,0.0131,-0.0061,92440.16,767.46,0.06,0.0217
107985,-0.54,-0.72,9.61,0.0187,0.0115,-0.0064,92440.16,767.46,0.04,0.0228
108043,-0.49,-0.73,9.63,0.0175,0.0144,-0.0047,92440.16,767.46,0.03,0.0231
108095,-0.53,-0.74,9.65,0.0156,0.0131,-0.0072,92440.16,767.46,0.02,0.0216
108150,-0.55,-0.69,9.61,0.0156,0.0148,-0.0064,92440.16,767.46,0.01,0.0224
108202,-0.48,-0.68,9.62,0.0189,0.0127,-0.0047,92440.16,767.46,0.01,0.0232
108257,-0.53,-0.73,9.64,0.0171,0.0155,-0.0071,92440.16,767.46,0.01,0.0241
108309,-0.51,-0.72,9.64,0.0164,0.0113,-0.0044,92440.16,767.46,0.00,0.0204
108364,-0.51,-0.70,9.61,0.0164,0.0143,-0.0087,92440.16,767.46,0.00,0.0234
108421,-0.50,-0.71,9.63,0.0149,0.0135,-0.0061,92440.16,767.46,0.00,0.0210
108474,-0.53,-0.72,9.61,0.0144,0.0109,-0.0071,92440.16,767.46,0.00,0.0194
108528,-0.48,-0.71,9.62,0.0175,0.0133,-0.0072,92440.16,767.46,0.00,0.0231
108581,-0.49,-0.71,9.63,0.0164,0.0159,-0.0057,92440.16,767.46,0.00,0.0235
108635,-0.48,-0.70,9.62,0.0149,0.0132,-0.0063,92440.16,767.46,0.00,0.0209
108688,-0.50,-0.74,9.62,0.0165,0.0152,-0.0075,92440.16,767.46,0.00,0.0236
108742,-0.51,-0.72,9.63,0.0155,0.0133,-0.0048,92440.16,767.46,0.00,0.0210
108798,-0.50,-0.72,9.63,0.0180,0.0148,-0.0060,92440.16,767.46,0.00,0.0240
108853,-0.54,-0.71,9.62,0.0160,0.0131,-0.0057,92440.16,767.46,0.00,0.0214
108905,-0.50,-0.72,9.67,0.0151,0.0123,-0.0063,92440.16,767.46,0.00,0.0204
108960,-0.51,-0.73,9.62,0.0145,0.0128,-0.0061,92439.84,767.49,0.15,0.0203
109012,-0.52,-0.72,9.64,0.0165,0.0116,-0.0051,92439.84,767.49,0.11,0.0208
109067,-0.54,-0.71,9.63,0.0159,0.0136,-0.0072,92439.84,767.49,0.08,0.0221
109124,-0.49,-0.73,9.64,0.0163,0.0117,-0.0065,92439.84,767.49,0.05,0.0211
109177,-0.55,-0.74,9.62,0.0167,0.0123,-0.0056,92439.84,767.49,0.04,0.0214
109236,-0.54,-0.71,9.62,0.0173,0.0140,-0.0072,92439.84,767.49,0.03,0.0234
109289,-0.54,-0.72,9.65,0.0139,0.0132,-0.0064,92439.84,767.49,0.02,0.0202
109343,-0.51,-0.72,9.64,0.0143,0.0129,-0.0077,92439.84,767.49,0.01,0.0207
109396,-0.53,-0.73,9.63,0.0181,0.0133,-0.0064,92439.84,767.49,0.01,0.0234
109450,-0.51,-0.73,9.61,0.0161,0.0131,-0.0052,92439.84,767.49,0.01,0.0214
109506,-0.55,-0.71,9.63,0.0140,0.0136,-0.0028,92440.02,767.48,-0.08,0.0197
109561,-0.51,-0.70,9.63,0.0161,0.0164,-0.0064,92440.02,767.48,-0.06,0.0239
109613,-0.53,-0.70,9.62,0.0168,0.0132,-0.0064,92440.02,767.48,-0.04,0.0223
109668,-0.51,-0.72,9.62,0.0148,0.0125,-0.0055,92440.02,767.48,-0.03,0.0201
109720,-0.53,-0.72,9.62,0.0148,0.0123,-0.0091,92440.02,767.48,-0.02,0.0212
109775,-0.50,-0.76,9.60,0.0141,0.0124,-0.0043,92440.02,767.48,-0.01,0.0193
109827,-0.53,-0.71,9.62,0.0148,0.0099,-0.0035,92440.02,767.48,-0.01,0.0181
109885,-0.56,-0.70,9.62,0.0167,0.0128,-0.0065,92440.02,767.48,-0.01,0.0220
109939,-0.48,-0.71,9.65,0.0168,0.0141,-0.0029,92440.02,767.48,-0.00,0.0221
109992,-0.53,-0.70,9.64,0.0136,0.0145,-0.0073,92440.02,767.48,-0.00,0.0212
110046,-0.51,-0.72,9.63,0.0188,0.0128,-0.0079,92440.19,767.46,-0.09,0.0240
110099,-0.52,-0.72,9.62,0.0145,0.0139,-0.0067,92440.19,767.46,-0.06,0.0211
110153,-0.51,-0.71,9.62,0.0167,0.0141,-0.0053,92440.19,767.46,-0.04,0.0225
110206,-0.51,-0.74,9.66,0.0132,0.0131,-0.0045,92440.19,767.46,-0.03,0.0191
110275,-0.51,-0.73,9.61,0.0155,0.0131,-0.0060,92440.19,767.46,-0.02,0.0211
110330,-0.49,-0.71,9.62,0.0177,0.0157,-0.0067,92440.19,767.46,-0.01,0.0246
110385,-0.50,-0.71,9.63,0.0155,0.0139,-0.0059,92440.19,767.46,-0.01,0.0216
110439,-0.49,-0.71,9.65,0.0161,0.0129,-0.0072,92440.19,767.46,-0.01,0.0219
110494,-0.49,-0.72,9.64,0.0164,0.0137,-0.0075,92440.19,767.46,-0.00,0.0226
110548,-0.51,-0.71,9.65,0.0151,0.0112,-0.0064,92440.02,767.48,0.08,0.0198
110607,-0.54,-0.74,9.66,0.0160,0.0139,-0.0053,92440.02,767.48,0.06,0.0218
110659,-0.52,-0.71,9.64,0.0152,0.0155,-0.0049,92440.02,767.48,0.04,0.0222
110714,-0.55,-0.73,9.63,0.0188,0.0132,-0.0083,92440.02,767.48,0.03,0.0244
110766,-0.49,-0.69,9.64,0.0140,0.0137,-0.0068,92440.02,767.48,0.02,0.0207
110821,-0.51,-0.73,9.65,0.0155,0.0124,-0.0091,92440.02,767.48,0.01,0.0218
110873,-0.52,-0.73,9.63,0.0171,0.0133,-0.0049,92440.02,767.48,0.01,0.0222
110928,-0.55,-0.73,9.62,0.0153,0.0131,-0.0048,92440.02,767.48,0.01,0.0207
110984,-0.51,-0.69,9.61,0.0183,0.0147,-0.0051,92440.02,767.48,0.00,0.0239
111037,-0.51,-0.72,9.62,0.0151,0.0135,-0.0063,92440.02,767.48,0.00,0.0211
111091,-0.50,-0.72,9.62,0.0148,0.0111,-0.0061,92440.02,767.48,0.00,0.0195
111144,-0.55,-0.74,9.64,0.0153,0.0121,-0.0059,92440.02,767.48,0.00,0.0204
111198,-0.50,-0.74,9.65,0.0163,0.0156,-0.0053,92440.02,767.48,0.00,0.0231
111256,-0.50,-0.73,9.65,0.0175,0.0129,-0.0053,92440.02,767.48,0.00,0.0224
111310,-0.53,-0.71,9.64,0.0157,0.0119,-0.0075,92440.02,767.48,0.00,0.0211
111366,-0.53,-0.69,9.65,0.0163,0.0115,-0.0052,92440.02,767.48,0.00,0.0206
111421,-0.52,-0.72,9.63,0.0153,0.0109,-0.0068,92440.02,767.48,0.00,0.0200
111473,-0.53,-0.73,9.64,0.0163,0.0168,-0.0061,92440.02,767.48,0.00,0.0242
111528,-0.55,-0.73,9.67,0.0153,0.0141,-0.0035,92440.02,767.48,0.00,0.0211
111580,-0.54,-0.74,9.58,0.0147,0.0148,-0.0041,92440.02,767.48,0.00,0.0212
111635,-0.48,-0.72,9.62,0.0175,0.0129,-0.0061,92440.19,767.46,-0.08,0.0226
111687,-0.55,-0.71,9.62,0.0181,0.0132,-0.0061,92440.19,767.46,-0.06,0.0232
111745,-0.50,-0.73,9.64,0.0155,0.0152,-0.0049,92440.19,767.46,-0.04,0.0222
111799,-0.54,-0.72,9.60,0.0152,0.0137,-0.0069,92440.19,767.46,-0.03,0.0216
111852,-0.50,-0.72,9.65,0.0168,0.0144,-0.0039,92440.19,767.46,-0.02,0.0224
111906,-0.52,-0.73,9.63,0.0175,0.0155,-0.0056,92440.19,767.46,-0.01,0.0240
111959,-0.52,-0.69,9.65,0.0141,0.0140,-0.0073,92440.19,767.46,-0.01,0.0212
112013,-0.56,-0.72,9.62,0.0172,0.0113,-0.0064,92440.19,767.46,-0.01,0.0216
112066,-0.53,-0.73,9.62,0.0147,0.0152,-0.0063,92440.19,767.46,-0.00,0.0220
112124,-0.53,-0.73,9.61,0.0143,0.0152,-0.0060,92440.19,767.46,-0.00,0.0217
112176,-0.48,-0.74,9.63,0.0159,0.0116,-0.0068,92440.36,767.45,-0.09,0.0208
112231,-0.50,-0.73,9.63,0.0164,0.0140,-0.0061,92440.36,767.45,-0.06,0.0224
112283,-0.49,-0.71,9.64,0.0177,0.0108,-0.0057,92440.36,767.45,-0.04,0.0215
112338,-0.52,-0.71,9.63,0.0149,0.0123,-0.0045,92440.36,767.45,-0.03,0.0198
112390,-0.50,-0.71,9.62,0.0137,0.0139,-0.0055,92440.36,767.45,-0.02,0.0203
112448,-0.56,-0.73,9.63,0.0156,0.0149,-0.0075,92440.36,767.45,-0.02,0.0228
112502,-0.51,-0.71,9.63,0.0153,0.0135,-0.0068,92440.36,767.45,-0.01,0.0215
112555,-0.52,-0.69,9.63,0.0171,0.0140,-0.0065,92440.36,767.45,-0.01,0.0230
112609,-0.51,-0.73,9.62,0.0147,0.0160,-0.0041,92440.36,767.45,-0.01,0.0221
112662,-0.49,-0.74,9.62,0.0172,0.0119,-0.0057,92440.36,767.45,-0.00,0.0217
112716,-0.50,-0.73,9.66,0.0149,0.0149,-0.0075,92440.19,767.46,0.08,0.0224
112769,-0.53,-0.72,9.64,0.0179,0.0139,-0.0067,92440.19,767.46,0.06,0.0236
112827,-0.52,-0.72,9.64,0.0140,0.0156,-0.0049,92440.19,767.46,0.04,0.0215
112879,-0.48,-0.70,9.62,0.0159,0.0145,-0.0063,92440.19,767.46,0.03,0.0224
112934,-0.53,-0.70,9.63,0.0151,0.0149,-0.0075,92440.19,767.46,0.02,0.0225
112986,-0.53,-0.73,9.62,0.0201,0.0107,-0.0073,92440.19,767.46,0.01,0.0239
113041,-0.46,-0.73,9.63,0.0143,0.0141,-0.0051,92440.19,767.46,0.01,0.0207
113093,-0.54,-0.70,9.64,0.0168,0.0167,-0.0065,92440.19,767.46,0.01,0.0245
113148,-0.52,-0.72,9.62,0.0147,0.0120,-0.0055,92440.19,767.46,0.00,0.0197
113214,-0.53,-0.74,9.63,0.0149,0.0161,-0.0079,92440.67,767.42,-0.20,0.0233
113274,-0.51,-0.73,9.62,0.0155,0.0111,-0.0059,92440.67,767.42,-0.14,0.0199
113326,-0.52,-0.74,9.64,0.0161,0.0140,-0.0055,92440.67,767.42,-0.10,0.0220
113381,-0.55,-0.72,9.67,0.0151,0.0135,-0.0060,92440.67,767.42,-0.07,0.0211
113433,-0.51,-0.72,9.63,0.0177,0.0139,-0.0077,92440.67,767.42,-0.05,0.0238
113488,-0.50,-0.72,9.66,0.0157,0.0116,-0.0061,92440.67,767.42,-0.03,0.0205
113540,-0.52,-0.70,9.65,0.0164,0.0121,-0.0057,92440.67,767.42,-0.02,0.0212
113598,-0.51,-0.70,9.62,0.0156,0.0107,-0.0073,92440.67,767.42,-0.02,0.0203
113652,-0.51,-0.71,9.63,0.0155,0.0144,-0.0049,92440.67,767.42,-0.01,0.0217
113705,-0.52,-0.72,9.64,0.0136,0.0148,-0.0059,92440.67,767.42,-0.01,0.0209
113759,-0.55,-0.70,9.62,0.0195,0.0121,-0.0044,92440.84,767.40,-0.09,0.0233
113812,-0.48,-0.72,9.64,0.0145,0.0131,-0.0081,92440.84,767.40,-0.06,0.0212
113866,-0.52,-0.72,9.62,0.0165,0.0128,-0.0048,92440.84,767.40,-0.04,0.0214
113922,-0.49,-0.73,9.64,0.0173,0.0132,-0.0045,92440.84,767.40,-0.03,0.0222
113977,-0.49,-0.69,9.65,0.0167,0.0121,-0.0059,92440.84,767.40,-0.02,0.0214
114029,-0.51,-0.72,9.63,0.0141,0.0165,-0.0049,92440.84,767.40,-0.02,0.0223
114084,-0.56,-0.72,9.64,0.0152,0.0137,-0.0061,92440.84,767.40,-0.01,0.0214
114136,-0.51,-0.73,9.63,0.0168,0.0132,-0.0037,92440.84,767.40,-0.01,0.0217
114191,-0.50,-0.68,9.66,0.0151,0.0133,-0.0056,92440.84,767.40,-0.01,0.0209
114243,-0.50,-0.72,9.64,0.0173,0.0121,-0.0057,92440.84,767.40,-0.00,0.0219
114301,-0.52,-0.73,9.65,0.0152,0.0125,-0.0067,92440.84,767.40,-0.00,0.0208
114355,-0.53,-0.71,9.62,0.0152,0.0136,-0.0052,92440.84,767.40,-0.00,0.0210
114408,-0.53,-0.71,9.61,0.0144,0.0111,-0.0060,92440.84,767.40,-0.00,0.0191
114462,-0.51,-0.71,9.63,0.0155,0.0136,-0.0065,92440.84,767.40,-0.00,0.0216
114515,-0.53,-0.71,9.64,0.0161,0.0129,-0.0044,92440.84,767.40,-0.00,0.0211
114569,-0.51,-0.71,9.64,0.0163,0.0156,-0.0081,92440.84,767.40,-0.00,0.0239
114622,-0.53,-0.71,9.62,0.0152,0.0144,-0.0072,92440.84,767.40,-0.00,0.0221
114680,-0.51,-0.69,9.67,0.0181,0.0132,-0.0072,92440.84,767.40,-0.00,0.0235
114732,-0.57,-0.72,9.62,0.0163,0.0136,-0.0081,92440.84,767.40,-0.00,0.0227
114787,-0.56,-0.72,9.65,0.0168,0.0135,-0.0087,92440.84,767.40,-0.00,0.0232
114839,-0.51,-0.72,9.62,0.0168,0.0127,-0.0068,92441.02,767.39,-0.09,0.0221
114893,-0.51,-0.71,9.66,0.0156,0.0132,-0.0079,92441.02,767.39,-0.06,0.0219
114945,-0.51,-0.72,9.66,0.0177,0.0132,-0.0060,92441.02,767.39,-0.04,0.0229
114997,-0.53,-0.68,9.64,0.0197,0.0141,-0.0043,92441.02,767.39,-0.03,0.0246
115056,-0.52,-0.72,9.64,0.0161,0.0133,-0.0049,92441.02,767.39,-0.02,0.0215
115108,-0.53,-0.68,9.60,0.0180,0.0135,-0.0057,92441.02,767.39,-0.01,0.0232
115162,-0.51,-0.74,9.62,0.0137,0.0111,-0.0059,92441.02,767.39,-0.01,0.0186
115215,-0.54,-0.74,9.62,0.0157,0.0143,-0.0077,92441.02,767.39,-0.01,0.0226
115269,-0.50,-0.72,9.62,0.0144,0.0141,-0.0065,92441.02,767.39,-0.01,0.0212
115327,-0.56,-0.72,9.63,0.0187,0.0143,-0.0063,92441.02,767.39,-0.00,0.0243
115385,-0.52,-0.75,9.62,0.0168,0.0145,-0.0063,92440.84,767.40,0.08,0.0231
115437,-0.54,-0.73,9.62,0.0159,0.0140,-0.0063,92440.84,767.40,0.06,0.0221
115492,-0.52,-0.71,9.65,0.0156,0.0115,-0.0045,92440.84,767.40,0.04,0.0199
115544,-0.52,-0.72,9.65,0.0156,0.0112,-0.0048,92440.84,767.40,0.03,0.0198
115599,-0.55,-0.72,9.62,0.0159,0.0124,-0.0059,92440.84,767.40,0.02,0.0210
115651,-0.54,-0.73,9.64,0.0167,0.0133,-0.0069,92440.84,767.40,0.01,0.0224
115706,-0.53,-0.72,9.61,0.0156,0.0133,-0.0065,92440.84,767.40,0.01,0.0215
115762,-0.53,-0.76,9.63,0.0156,0.0143,-0.0083,92440.84,767.40,0.01,0.0227
115815,-0.54,-0.72,9.65,0.0176,0.0129,-0.0055,92440.84,767.40,0.00,0.0225
115869,-0.50,-0.71,9.64,0.0176,0.0119,-0.0061,92440.84,767.40,0.00,0.0221
115922,-0.52,-0.74,9.65,0.0161,0.0107,-0.0039,92440.84,767.40,0.00,0.0197
115976,-0.54,-0.73,9.60,0.0163,0.0155,-0.0049,92440.84,767.40,0.00,0.0230
116029,-0.51,-0.70,9.64,0.0176,0.0143,-0.0045,92440.84,767.40,0.00,0.0231
116083,-0.49,-0.75,9.63,0.0156,0.0155,-0.0068,92440.84,767.40,0.00,0.0230
116151,-0.49,-0.71,9.61,0.0159,0.0127,-0.0047,92440.84,767.40,0.00,0.0208
116205,-0.52,-0.71,9.64,0.0191,0.0123,-0.0055,92440.84,767.40,0.00,0.0233
116258,-0.52,-0.68,9.67,0.0161,0.0141,-0.0071,92440.84,767.40,0.00,0.0226
116312,-0.53,-0.72,9.62,0.0152,0.0125,-0.0049,92440.84,767.40,0.00,0.0203
116365,-0.51,-0.72,9.62,0.0176,0.0136,-0.0071,92440.84,767.40,0.00,0.0233
116419,-0.52,-0.71,9.62,0.0151,0.0164,-0.0051,92440.66,767.42,0.09,0.0228
116472,-0.53,-0.73,9.64,0.0181,0.0144,-0.0063,92440.66,767.42,0.06,0.0240
116530,-0.53,-0.69,9.63,0.0137,0.0144,-0.0079,92440.66,767.42,0.04,0.0214
116582,-0.51,-0.70,9.64,0.0168,0.0124,-0.0061,92440.66,767.42,0.03,0.0217
116637,-0.52,-0.70,9.64,0.0160,0.0133,-0.0057,92440.66,767.42,0.02,0.0216
116689,-0.52,-0.74,9.64,0.0135,0.0125,-0.0061,92440.66,767.42,0.01,0.0194
116744,-0.50,-0.73,9.64,0.0141,0.0171,-0.0052,92440.66,767.42,0.01,0.0227
116796,-0.50,-0.71,9.62,0.0153,0.0115,-0.0067,92440.66,767.42,0.01,0.0203
116851,-0.53,-0.74,9.62,0.0165,0.0136,-0.0053,92440.66,767.42,0.01,0.0220
116907,-0.52,-0.72,9.65,0.0172,0.0147,-0.0069,92440.66,767.42,0.00,0.0236
116960,-0.55,-0.75,9.62,0.0156,0.0132,-0.0072,92441.13,767.38,-0.23,0.0216
117014,-0.53,-0.73,9.62,0.0172,0.0148,-0.0069,92441.13,767.38,-0.16,0.0237
117067,-0.52,-0.72,9.63,0.0168,0.0119,-0.0073,92441.13,767.38,-0.11,0.0218
117121,-0.55,-0.73,9.61,0.0135,0.0135,-0.0055,92441.13,767.38,-0.08,0.0198
117174,-0.54,-0.72,9.61,0.0141,0.0133,-0.0048,92441.13,767.38,-0.06,0.0200
117232,-0.54,-0.71,9.66,0.0155,0.0097,-0.0060,92441.13,767.38,-0.04,0.0192
117284,-0.52,-0.70,9.64,0.0152,0.0145,-0.0047,92441.13,767.38,-0.03,0.0215
117344,-0.51,-0.71,9.64,0.0147,0.0127,-0.0064,92441.13,767.38,-0.02,0.0204
117396,-0.51,-0.72,9.62,0.0171,0.0124,-0.0061,92441.13,767.38,-0.01,0.0220
117451,-0.49,-0.75,9.60,0.0176,0.0143,-0.0065,92441.13,767.38,-0.01,0.0236
117503,-0.51,-0.71,9.62,0.0184,0.0133,-0.0064,92441.13,767.38,-0.01,0.0236
117558,-0.51,-0.73,9.61,0.0128,0.0121,-0.0061,92441.13,767.38,-0.00,0.0187
117614,-0.51,-0.71,9.64,0.0159,0.0107,-0.0041,92441.13,767.38,-0.00,0.0195
117667,-0.48,-0.73,9.64,0.0164,0.0133,-0.0079,92441.13,767.38,-0.00,0.0225
117721,-0.52,-0.72,9.64,0.0123,0.0136,-0.0063,92441.13,767.38,-0.00,0.0193
117774,-0.53,-0.73,9.60,0.0144,0.0127,-0.0059,92441.13,767.38,-0.00,0.0200
117828,-0.48,-0.71,9.61,0.0191,0.0131,-0.0072,92441.13,767.38,-0.00,0.0242
117881,-0.51,-0.72,9.62,0.0168,0.0143,-0.0055,92441.13,767.38,-0.00,0.0227
117935,-0.50,-0.70,9.61,0.0179,0.0125,-0.0073,92441.13,767.38,-0.00,0.0230
117991,-0.53,-0.72,9.61,0.0149,0.0136,-0.0081,92441.13,767.38,-0.00,0.0218
118046,-0.52,-0.74,9.63,0.0168,0.0140,-0.0057,92441.13,767.38,-0.00,0.0226
118098,-0.48,-0.70,9.65,0.0156,0.0149,-0.0072,92441.13,767.38,-0.00,0.0227
118153,-0.50,-0.69,9.65,0.0147,0.0119,-0.0048,92441.13,767.38,-0.00,0.0195
118205,-0.52,-0.71,9.63,0.0160,0.0108,-0.0064,92441.13,767.38,-0.00,0.0203
118260,-0.51,-0.73,9.61,0.0125,0.0149,-0.0069,92441.13,767.38,-0.00,0.0207
118312,-0.54,-0.73,9.62,0.0161,0.0144,-0.0061,92441.13,767.38,-0.00,0.0225
118370,-0.52,-0.71,9.62,0.0172,0.0137,-0.0071,92441.13,767.38,-0.00,0.0231
118424,-0.52,-0.70,9.64,0.0160,0.0125,-0.0059,92441.13,767.38,-0.00,0.0211
118477,-0.52,-0.74,9.60,0.0175,0.0123,-0.0063,92441.13,767.38,-0.00,0.0222
118531,-0.48,-0.71,9.62,0.0153,0.0136,-0.0083,92441.13,767.38,-0.00,0.0221
118584,-0.51,-0.69,9.63,0.0148,0.0148,-0.0036,92441.29,767.36,-0.08,0.0212
118638,-0.52,-0.74,9.65,0.0171,0.0145,-0.0080,92441.29,767.36,-0.06,0.0238
118694,-0.51,-0.75,9.61,0.0151,0.0111,-0.0056,92441.29,767.36,-0.04,0.0195
118749,-0.55,-0.72,9.60,0.0161,0.0160,-0.0047,92441.29,767.36,-0.03,0.0232
118801,-0.49,-0.70,9.65,0.0159,0.0124,-0.0053,92441.29,767.36,-0.02,0.0208
118856,-0.52,-0.70,9.63,0.0133,0.0123,-0.0043,92441.29,767.36,-0.01,0.0186
118908,-0.53,-0.73,9.64,0.0149,0.0129,-0.0076,92441.29,767.36,-0.01,0.0212
118963,-0.52,-0.74,9.59,0.0173,0.0109,-0.0037,92441.29,767.36,-0.01,0.0208
119015,-0.53,-0.71,9.62,0.0141,0.0115,-0.0072,92441.29,767.36,-0.00,0.0196
119084,-0.49,-0.71,9.62,0.0163,0.0129,-0.0079,92441.29,767.36,-0.00,0.0222
119136,-0.51,-0.70,9.65,0.0188,0.0151,-0.0041,92441.29,767.36,-0.00,0.0244
119191,-0.54,-0.71,9.63,0.0149,0.0132,-0.0069,92441.29,767.36,-0.00,0.0211
119243,-0.54,-0.71,9.64,0.0141,0.0151,-0.0057,92441.29,767.36,-0.00,0.0214
119298,-0.52,-0.70,9.62,0.0152,0.0124,-0.0044,92441.29,767.36,-0.00,0.0201
119355,-0.52,-0.71,9.62,0.0163,0.0132,-0.0055,92441.29,767.36,-0.00,0.0216
119410,-0.56,-0.73,9.63,0.0172,0.0136,-0.0064,92441.29,767.36,-0.00,0.0228
119466,-0.51,-0.74,9.60,0.0163,0.0148,-0.0067,92441.29,767.36,-0.00,0.0230
119519,-0.51,-0.71,9.63,0.0144,0.0141,-0.0064,92441.29,767.36,-0.00,0.0212
119573,-0.56,-0.71,9.62,0.0176,0.0115,-0.0057,92441.29,767.36,-0.00,0.0218
119626,-0.52,-0.74,9.60,0.0185,0.0140,-0.0068,92441.59,767.34,-0.15,0.0242
119680,-0.51,-0.71,9.63,0.0165,0.0143,-0.0048,92441.59,767.34,-0.11,0.0223
119733,-0.56,-0.73,9.62,0.0173,0.0105,-0.0045,92441.59,767.34,-0.08,0.0208
119787,-0.54,-0.70,9.64,0.0119,0.0125,-0.0073,92441.59,767.34,-0.05,0.0187
119843,-0.52,-0.73,9.65,0.0176,0.0135,-0.0064,92441.59,767.34,-0.04,0.0230
119898,-0.49,-0.71,9.59,0.0156,0.0139,-0.0073,92441.59,767.34,-0.03,0.0221
119950,-0.51,-0.73,9.61,0.0149,0.0153,-0.0060,92441.59,767.34,-0.02,0.0222
120005,-0.54,-0.71,9.62,0.0163,0.0143,-0.0075,92441.59,767.34,-0.01,0.0229
120057,-0.51,-0.71,9.62,0.0161,0.0152,-0.0057,92441.59,767.34,-0.01,0.0229
120112,-0.53,-0.70,9.67,0.0168,0.0127,-0.0053,92441.59,767.34,-0.01,0.0217
120168,-0.54,-0.69,9.62,0.0155,0.0160,-0.0072,92441.59,767.34,-0.00,0.0234
120221,-0.51,-0.72,9.62,0.0165,0.0141,-0.0076,92441.59,767.34,-0.00,0.0230
120275,-0.52,-0.69,9.66,0.0179,0.0121,-0.0081,92441.59,767.34,-0.00,0.0231
120328,-0.51,-0.72,9.63,0.0164,0.0155,-0.0073,92441.59,767.34,-0.00,0.0237
120382,-0.52,-0.70,9.61,0.0165,0.0135,-0.0068,92441.59,767.34,-0.00,0.0224
120435,-0.54,-0.74,9.62,0.0181,0.0121,-0.0055,92441.59,767.34,-0.00,0.0225
120489,-0.51,-0.70,9.60,0.0167,0.0129,-0.0051,92441.59,767.34,-0.00,0.0217
120545,-0.54,-0.72,9.62,0.0125,0.0143,-0.0056,92441.59,767.34,-0.00,0.0198
120600,-0.51,-0.74,9.63,0.0139,0.0137,-0.0059,92441.59,767.34,-0.00,0.0204
120652,-0.52,-0.69,9.62,0.0167,0.0136,-0.0079,92441.59,767.34,-0.00,0.0229
120707,-0.51,-0.67,9.62,0.0176,0.0107,-0.0073,92441.94,767.31,-0.17,0.0218
120759,-0.56,-0.72,9.62,0.0157,0.0145,-0.0072,92441.94,767.31,-0.12,0.0226
120814,-0.50,-0.73,9.64,0.0156,0.0131,-0.0065,92441.94,767.31,-0.08,0.0214
120866,-0.50,-0.72,9.60,0.0148,0.0137,-0.0059,92441.94,767.31,-0.06,0.0210
120924,-0.52,-0.73,9.63,0.0188,0.0156,-0.0028,92441.94,767.31,-0.04,0.0246
120978,-0.52,-0.73,9.61,0.0167,0.0135,-0.0056,92441.94,767.31,-0.03,0.0221
121031,-0.53,-0.73,9.61,0.0155,0.0155,-0.0073,92441.94,767.31,-0.02,0.0231
121085,-0.52,-0.69,9.62,0.0155,0.0139,-0.0061,92441.94,767.31,-0.01,0.0216
121138,-0.54,-0.72,9.66,0.0164,0.0149,-0.0067,92441.94,767.31,-0.01,0.0231
121192,-0.53,-0.70,9.62,0.0135,0.0148,-0.0037,92441.94,767.31,-0.01,0.0203
121245,-0.51,-0.72,9.61,0.0159,0.0141,-0.0044,92442.11,767.29,-0.09,0.0217
121303,-0.50,-0.71,9.64,0.0131,0.0141,-0.0056,92442.11,767.29,-0.06,0.0200
121360,-0.50,-0.71,9.67,0.0181,0.0140,-0.0077,92442.11,767.29,-0.04,0.0242
121415,-0.54,-0.71,9.63,0.0165,0.0116,-0.0072,92442.11,767.29,-0.03,0.0214
121467,-0.47,-0.71,9.62,0.0147,0.0127,-0.0053,92442.11,767.29,-0.02,0.0201
121522,-0.55,-0.69,9.64,0.0176,0.0135,-0.0063,92442.11,767.29,-0.02,0.0230
121574,-0.51,-0.73,9.62,0.0144,0.0152,-0.0039,92442.11,767.29,-0.01,0.0213
121632,-0.54,-0.73,9.61,0.0133,0.0132,-0.0031,92442.11,767.29,-0.01,0.0190
121686,-0.58,-0.68,9.65,0.0172,0.0128,-0.0068,92442.11,767.29,-0.01,0.0225
121739,-0.52,-0.71,9.65,0.0176,0.0144,-0.0073,92442.11,767.29,-0.00,0.0239
121793,-0.54,-0.74,9.64,0.0135,0.0152,-0.0067,92442.22,767.28,-0.06,0.0214
121846,-0.55,-0.73,9.59,0.0172,0.0139,-0.0048,92442.22,767.28,-0.04,0.0226
121900,-0.50,-0.72,9.62,0.0156,0.0148,-0.0060,92442.22,767.28,-0.03,0.0223
121953,-0.51,-0.72,9.65,0.0164,0.0136,-0.0051,92442.22,767.28,-0.02,0.0219
122021,-0.53,-0.72,9.64,0.0147,0.0127,-0.0048,92442.22,767.28,-0.01,0.0199
122074,-0.54,-0.71,9.61,0.0159,0.0153,-0.0072,92442.22,767.28,-0.01,0.0232
122128,-0.54,-0.73,9.63,0.0151,0.0124,-0.0052,92442.22,767.28,-0.01,0.0202
122181,-0.55,-0.73,9.63,0.0163,0.0113,-0.0041,92442.22,767.28,-0.00,0.0202
122235,-0.51,-0.73,9.62,0.0171,0.0159,-0.0052,92442.22,767.28,-0.00,0.0239
122288,-0.51,-0.73,9.65,0.0157,0.0123,-0.0057,92442.22,767.28,-0.00,0.0207
122342,-0.52,-0.70,9.64,0.0179,0.0136,-0.0068,92442.05,767.30,0.09,0.0234
122398,-0.53,-0.69,9.62,0.0172,0.0165,-0.0064,92442.05,767.30,0.06,0.0247
122453,-0.53,-0.70,9.61,0.0168,0.0112,-0.0057,92442.05,767.30,0.04,0.0210
122505,-0.53,-0.71,9.60,0.0183,0.0128,-0.0057,92442.05,767.30,0.03,0.0230
122560,-0.51,-0.74,9.62,0.0197,0.0131,-0.0055,92442.05,767.30,0.02,0.0243
122612,-0.49,-0.70,9.64,0.0148,0.0128,-0.0032,92442.05,767.30,0.01,0.0198
122667,-0.52,-0.74,9.65,0.0152,0.0135,-0.0033,92442.05,767.30,0.01,0.0206
122719,-0.53,-0.72,9.63,0.0167,0.0129,-0.0064,92442.05,767.30,0.01,0.0220
122777,-0.54,-0.70,9.63,0.0157,0.0141,-0.0039,92442.05,767.30,0.00,0.0215
122831,-0.50,-0.70,9.63,0.0143,0.0127,-0.0080,92442.22,767.28,-0.08,0.0207
122884,-0.51,-0.71,9.64,0.0165,0.0161,-0.0061,92442.22,767.28,-0.06,0.0239
122938,-0.49,-0.74,9.65,0.0201,0.0119,-0.0061,92442.22,767.28,-0.04,0.0241
122991,-0.50,-0.74,9.63,0.0149,0.0131,-0.0060,92442.22,767.28,-0.03,0.0207
123045,-0.51,-0.69,9.63,0.0136,0.0141,-0.0068,92442.22,767.28,-0.02,0.0207
123101,-0.54,-0.73,9.62,0.0135,0.0128,-0.0072,92442.22,767.28,-0.01,0.0199
123156,-0.51,-0.71,9.70,0.0163,0.0139,-0.0076,92442.22,767.28,-0.01,0.0227
123208,-0.50,-0.68,9.62,0.0165,0.0111,-0.0025,92442.22,767.28,-0.01,0.0200
123263,-0.53,-0.72,9.63,0.0151,0.0113,-0.0075,92442.22,767.28,-0.00,0.0203
123315,-0.52,-0.74,9.61,0.0151,0.0141,-0.0063,92442.22,767.28,-0.00,0.0216
123375,-0.53,-0.72,9.64,0.0152,0.0145,-0.0055,92442.05,767.30,0.08,0.0217
123427,-0.49,-0.74,9.61,0.0172,0.0149,-0.0060,92442.05,767.30,0.05,0.0235
123485,-0.53,-0.70,9.63,0.0167,0.0140,-0.0063,92442.05,767.30,0.04,0.0226
123539,-0.51,-0.71,9.64,0.0155,0.0128,-0.0075,92442.05,767.30,0.03,0.0214
123592,-0.50,-0.72,9.62,0.0175,0.0124,-0.0072,92442.05,767.30,0.02,0.0226
123646,-0.50,-0.68,9.62,0.0123,0.0151,-0.0067,92442.05,767.30,0.01,0.0205
123699,-0.53,-0.73,9.62,0.0181,0.0127,-0.0064,92442.05,767.30,0.01,0.0230
123753,-0.50,-0.72,9.65,0.0159,0.0167,-0.0073,92442.05,767.30,0.01,0.0241
123806,-0.52,-0.74,9.61,0.0148,0.0152,-0.0085,92442.05,767.30,0.00,0.0228
123864,-0.50,-0.71,9.64,0.0176,0.0124,-0.0073,92442.05,767.30,0.00,0.0227
123916,-0.48,-0.74,9.63,0.0164,0.0131,-0.0068,92442.19,767.28,-0.07,0.0220
123971,-0.52,-0.70,9.63,0.0179,0.0136,-0.0064,92442.19,767.28,-0.05,0.0233
124023,-0.55,-0.69,9.65,0.0165,0.0125,-0.0061,92442.19,767.28,-0.03,0.0216
124078,-0.50,-0.70,9.63,0.0175,0.0133,-0.0061,92442.19,767.28,-0.02,0.0228
124130,-0.54,-0.71,9.65,0.0153,0.0141,-0.0059,92442.19,767.28,-0.02,0.0216
124185,-0.50,-0.73,9.63,0.0128,0.0161,-0.0079,92442.19,767.28,-0.01,0.0220
124242,-0.50,-0.71,9.59,0.0168,0.0119,-0.0077,92442.19,767.28,-0.01,0.0220
124295,-0.54,-0.70,9.62,0.0172,0.0147,-0.0076,92442.19,767.28,-0.01,0.0238
124349,-0.52,-0.72,9.62,0.0137,0.0117,-0.0037,92442.19,767.28,-0.00,0.0184
124402,-0.51,-0.73,9.62,0.0145,0.0123,-0.0045,92442.19,767.28,-0.00,0.0195
124456,-0.51,-0.72,9.62,0.0177,0.0123,-0.0069,92442.19,767.28,-0.00,0.0226
124509,-0.51,-0.71,9.62,0.0149,0.0141,-0.0072,92442.19,767.28,-0.00,0.0218
124567,-0.48,-0.73,9.63,0.0147,0.0133,-0.0065,92442.19,767.28,-0.00,0.0209
124619,-0.52,-0.73,9.62,0.0145,0.0145,-0.0055,92442.19,767.28,-0.00,0.0213
124674,-0.51,-0.74,9.62,0.0147,0.0132,-0.0060,92442.19,767.28,-0.00,0.0206
124726,-0.52,-0.71,9.63,0.0195,0.0137,-0.0044,92442.19,767.28,-0.00,0.0242
124781,-0.53,-0.74,9.62,0.0164,0.0127,-0.0048,92442.19,767.28,-0.00,0.0213
124833,-0.50,-0.73,9.64,0.0160,0.0128,-0.0063,92442.19,767.28,-0.00,0.0214
124888,-0.51,-0.71,9.63,0.0152,0.0131,-0.0056,92442.19,767.28,-0.00,0.0208
124955,-0.52,-0.72,9.62,0.0144,0.0115,-0.0043,92442.19,767.28,-0.00,0.0189
125010,-0.51,-0.74,9.64,0.0161,0.0147,-0.0064,92442.53,767.25,-0.17,0.0227
125062,-0.54,-0.69,9.66,0.0167,0.0136,-0.0051,92442.53,767.25,-0.12,0.0221
125117,-0.54,-0.69,9.66,0.0131,0.0128,-0.0048,92442.53,767.25,-0.08,0.0189
125169,-0.52,-0.73,9.64,0.0152,0.0132,-0.0075,92442.53,767.25,-0.06,0.0215
125224,-0.52,-0.73,9.64,0.0175,0.0116,-0.0087,92442.53,767.25,-0.04,0.0227
125276,-0.56,-0.75,9.64,0.0191,0.0107,-0.0084,92442.53,767.25,-0.03,0.0234
125334,-0.53,-0.73,9.65,0.0143,0.0147,-0.0028,92442.53,767.25,-0.02,0.0206
125393,-0.49,-0.72,9.60,0.0168,0.0131,-0.0095,92442.53,767.25,-0.01,0.0233
125446,-0.53,-0.73,9.63,0.0152,0.0125,-0.0061,92442.53,767.25,-0.01,0.0206
125500,-0.50,-0.71,9.60,0.0173,0.0143,-0.0071,92442.30,767.27,0.11,0.0235
125553,-0.53,-0.71,9.62,0.0137,0.0137,-0.0035,92442.30,767.27,0.08,0.0197
125607,-0.52,-0.70,9.61,0.0151,0.0133,-0.0052,92442.30,767.27,0.05,0.0208
125660,-0.54,-0.70,9.64,0.0135,0.0143,-0.0059,92442.30,767.27,0.04,0.0205
125718,-0.51,-0.71,9.64,0.0165,0.0115,-0.0067,92442.30,767.27,0.03,0.0212
125770,-0.51,-0.71,9.61,0.0159,0.0145,-0.0043,92442.30,767.27,0.02,0.0219
125825,-0.52,-0.73,9.62,0.0185,0.0132,-0.0073,92442.30,767.27,0.01,0.0239
125877,-0.50,-0.72,9.66,0.0153,0.0121,-0.0049,92442.30,767.27,0.01,0.0202
125932,-0.51,-0.69,9.63,0.0165,0.0137,-0.0072,92442.30,767.27,0.01,0.0226
125984,-0.52,-0.72,9.61,0.0147,0.0135,-0.0048,92442.30,767.27,0.00,0.0205
126042,-0.52,-0.71,9.64,0.0156,0.0125,-0.0045,92442.47,767.26,-0.08,0.0205
126096,-0.49,-0.71,9.66,0.0163,0.0121,-0.0061,92442.47,767.26,-0.05,0.0212
126149,-0.53,-0.71,9.64,0.0188,0.0137,-0.0068,92442.47,767.26,-0.04,0.0242
126203,-0.52,-0.73,9.65,0.0168,0.0124,-0.0051,92442.47,767.26,-0.03,0.0215
126256,-0.51,-0.70,9.63,0.0201,0.0112,-0.0077,92442.47,767.26,-0.02,0.0243
126310,-0.49,-0.72,9.63,0.0168,0.0151,-0.0060,92442.47,767.26,-0.01,0.0233
126363,-0.51,-0.72,9.63,0.0168,0.0117,-0.0059,92442.47,767.26,-0.01,0.0213
126421,-0.54,-0.72,9.59,0.0164,0.0124,-0.0068,92442.47,767.26,-0.01,0.0216
126473,-0.52,-0.72,9.61,0.0161,0.0148,-0.0076,92442.47,767.26,-0.00,0.0232
126528,-0.54,-0.71,9.63,0.0172,0.0132,-0.0055,92442.47,767.26,-0.00,0.0223
126580,-0.51,-0.74,9.64,0.0160,0.0123,-0.0051,92442.47,767.26,-0.00,0.0208
126635,-0.53,-0.75,9.64,0.0175,0.0125,-0.0041,92442.47,767.26,-0.00,0.0219
126687,-0.53,-0.72,9.64,0.0155,0.0127,-0.0048,92442.47,767.26,-0.00,0.0205
126742,-0.52,-0.71,9.61,0.0149,0.0127,-0.0041,92442.47,767.26,-0.00,0.0200
126799,-0.51,-0.75,9.65,0.0133,0.0140,-0.0073,92442.47,767.26,-0.00,0.0207
126852,-0.54,-0.73,9.62,0.0177,0.0105,-0.0057,92442.47,767.26,-0.00,0.0214
126906,-0.48,-0.73,9.63,0.0156,0.0145,-0.0071,92442.47,767.26,-0.00,0.0224
126959,-0.55,-0.71,9.62,0.0164,0.0135,-0.0065,92442.47,767.26,-0.00,0.0222
127013,-0.49,-0.70,9.60,0.0141,0.0113,-0.0040,92442.47,767.26,-0.00,0.0185
127066,-0.49,-0.72,9.62,0.0155,0.0123,-0.0061,92442.47,767.26,-0.00,0.0207
127120,-0.50,-0.70,9.61,0.0137,0.0128,-0.0067,92442.46,767.26,0.00,0.0199
127176,-0.54,-0.73,9.61,0.0131,0.0132,-0.0044,92442.46,767.26,0.00,0.0191
127231,-0.49,-0.71,9.61,0.0137,0.0119,-0.0056,92442.46,767.26,0.00,0.0190
127283,-0.54,-0.71,9.64,0.0161,0.0156,-0.0037,92442.46,767.26,0.00,0.0227
127338,-0.52,-0.70,9.62,0.0177,0.0149,-0.0079,92442.46,767.26,0.00,0.0245
127395,-0.53,-0.73,9.65,0.0180,0.0147,-0.0041,92442.46,767.26,0.00,0.0236
127450,-0.51,-0.72,9.63,0.0136,0.0153,-0.0056,92442.46,767.26,0.00,0.0212
127502,-0.51,-0.71,9.62,0.0148,0.0136,-0.0080,92442.46,767.26,0.00,0.0216
127560,-0.49,-0.68,9.63,0.0153,0.0163,-0.0052,92442.46,767.26,0.00,0.0229
127612,-0.52,-0.72,9.64,0.0143,0.0153,-0.0059,92442.46,767.26,0.00,0.0217
127676,-0.50,-0.72,9.61,0.0171,0.0129,-0.0045,92442.44,767.26,0.01,0.0219
127744,-0.50,-0.70,9.62,0.0149,0.0147,-0.0061,92442.44,767.26,0.01,0.0218
127811,-0.49,-0.71,9.62,0.0139,0.0140,-0.0067,92442.44,767.26,0.00,0.0208
127887,-0.51,-0.74,9.66,0.0145,0.0152,-0.0076,92442.44,767.26,0.00,0.0223
128002,-0.51,-0.71,9.64,0.0143,0.0156,-0.0079,92442.44,767.26,0.00,0.0225
128087,-0.52,-0.72,9.65,0.0165,0.0140,-0.0072,92442.44,767.26,0.00,0.0228
128140,-0.54,-0.70,9.63,0.0141,0.0119,-0.0072,92442.44,767.26,0.00,0.0198
128194,-0.51,-0.69,9.64,0.0163,0.0139,-0.0076,92442.43,767.26,0.00,0.0227
128247,-0.51,-0.71,9.64,0.0165,0.0151,-0.0051,92442.43,767.26,0.00,0.0229
128301,-0.55,-0.74,9.64,0.0148,0.0124,-0.0073,92442.43,767.26,0.00,0.0206
128354,-0.50,-0.71,9.61,0.0137,0.0145,-0.0043,92442.43,767.26,0.00,0.0204
128412,-0.48,-0.70,9.64,0.0156,0.0141,-0.0055,92442.43,767.26,0.00,0.0217
128464,-0.52,-0.71,9.66,0.0185,0.0111,-0.0072,92442.43,767.26,0.00,0.0227
128519,-0.51,-0.71,9.62,0.0153,0.0109,-0.0059,92442.43,767.26,0.00,0.0197
128571,-0.50,-0.74,9.63,0.0161,0.0133,-0.0060,92442.43,767.26,0.00,0.0218
128626,-0.51,-0.75,9.64,0.0177,0.0137,-0.0057,92442.43,767.26,0.00,0.0231
128678,-0.54,-0.72,9.62,0.0188,0.0119,-0.0083,92442.43,767.26,0.00,0.0237
128733,-0.52,-0.74,9.61,0.0171,0.0111,-0.0059,92442.59,767.25,-0.08,0.0212
128790,-0.51,-0.72,9.63,0.0156,0.0161,-0.0064,92442.59,767.25,-0.06,0.0233
128843,-0.52,-0.70,9.63,0.0160,0.0129,-0.0057,92442.59,767.25,-0.04,0.0213
128897,-0.50,-0.72,9.63,0.0155,0.0149,-0.0051,92442.59,767.25,-0.03,0.0221
128950,-0.53,-0.74,9.64,0.0153,0.0127,-0.0063,92442.59,767.25,-0.02,0.0208
129004,-0.49,-0.70,9.65,0.0144,0.0141,-0.0052,92442.59,767.25,-0.01,0.0208
129057,-0.51,-0.72,9.62,0.0172,0.0135,-0.0053,92442.59,767.25,-0.01,0.0225
129111,-0.48,-0.73,9.64,0.0139,0.0131,-0.0049,92442.59,767.25,-0.01,0.0197
129167,-0.52,-0.71,9.61,0.0181,0.0127,-0.0061,92442.59,767.25,-0.00,0.0229
129222,-0.52,-0.71,9.64,0.0173,0.0141,-0.0045,92442.59,767.25,-0.00,0.0228
129274,-0.51,-0.70,9.63,0.0135,0.0127,-0.0049,92442.55,767.25,0.02,0.0191
129329,-0.51,-0.72,9.62,0.0140,0.0141,-0.0057,92442.55,767.25,0.02,0.0207
129381,-0.52,-0.72,9.63,0.0161,0.0124,-0.0057,92442.55,767.25,0.01,0.0211
129441,-0.52,-0.71,9.62,0.0185,0.0143,-0.0073,92442.55,767.25,0.01,0.0245
129493,-0.50,-0.73,9.64,0.0139,0.0141,-0.0057,92442.55,767.25,0.01,0.0206
129551,-0.52,-0.72,9.62,0.0140,0.0135,-0.0044,92442.55,767.25,0.00,0.0199
129605,-0.53,-0.71,9.64,0.0179,0.0136,-0.0056,92442.55,767.25,0.00,0.0231
129658,-0.57,-0.72,9.63,0.0165,0.0140,-0.0061,92442.55,767.25,0.00,0.0225
129712,-0.52,-0.70,9.63,0.0180,0.0128,-0.0059,92442.55,767.25,0.00,0.0228
129765,-0.51,-0.76,9.64,0.0195,0.0108,-0.0044,92442.55,767.25,0.00,0.0227
129819,-0.52,-0.71,9.60,0.0156,0.0133,-0.0036,92442.71,767.24,-0.08,0.0208
129875,-0.54,-0.69,9.65,0.0143,0.0117,-0.0057,92442.71,767.24,-0.06,0.0193
129930,-0.52,-0.71,9.65,0.0168,0.0119,-0.0057,92442.71,767.24,-0.04,0.0213
129982,-0.53,-0.68,9.59,0.0123,0.0143,-0.0029,92442.71,767.24,-0.03,0.0190
130037,-0.53,-0.74,9.67,0.0156,0.0148,-0.0063,92442.71,767.24,-0.02,0.0224
130089,-0.51,-0.72,9.66,0.0181,0.0116,-0.0057,92442.71,767.24,-0.01,0.0223
130144,-0.53,-0.71,9.65,0.0155,0.0135,-0.0043,92442.71,767.24,-0.01,0.0209
130196,-0.54,-0.69,9.66,0.0171,0.0113,-0.0065,92442.71,767.24,-0.01,0.0215
130254,-0.51,-0.73,9.59,0.0140,0.0148,-0.0053,92442.71,767.24,-0.00,0.0210
130308,-0.52,-0.70,9.65,0.0165,0.0136,-0.0057,92442.71,767.24,-0.00,0.0221
130361,-0.51,-0.69,9.63,0.0165,0.0127,-0.0060,92442.71,767.24,-0.00,0.0217
130415,-0.49,-0.69,9.56,0.0191,0.0136,-0.0064,92442.71,767.24,-0.00,0.0243
130468,-0.51,-0.72,9.63,0.0145,0.0133,-0.0085,92442.71,767.24,-0.00,0.0215
130522,-0.50,-0.70,9.62,0.0192,0.0131,-0.0064,92442.71,767.24,-0.00,0.0241
130575,-0.52,-0.74,9.62,0.0168,0.0133,-0.0067,92442.71,767.24,-0.00,0.0224
130633,-0.53,-0.71,9.60,0.0140,0.0139,-0.0080,92442.71,767.24,-0.00,0.0213
130685,-0.49,-0.71,9.60,0.0157,0.0129,-0.0049,92442.71,767.24,-0.00,0.0209
130740,-0.53,-0.73,9.62,0.0153,0.0149,-0.0039,92442.71,767.24,-0.00,0.0217
130792,-0.51,-0.72,9.62,0.0172,0.0121,-0.0069,92442.71,767.24,-0.00,0.0221
130847,-0.49,-0.70,9.61,0.0160,0.0144,-0.0079,92442.54,767.25,0.08,0.0229
130899,-0.49,-0.73,9.61,0.0141,0.0168,-0.0051,92442.54,767.25,0.06,0.0225
130954,-0.50,-0.70,9.60,0.0141,0.0107,-0.0040,92442.54,767.25,0.04,0.0181
131021,-0.54,-0.69,9.62,0.0181,0.0136,-0.0060,92442.54,767.25,0.03,0.0234
131076,-0.54,-0.72,9.61,0.0153,0.0135,-0.0056,92442.54,767.25,0.02,0.0211
131128,-0.53,-0.73,9.64,0.0140,0.0123,-0.0056,92442.54,767.25,0.01,0.0194
131183,-0.51,-0.69,9.65,0.0165,0.0141,-0.0048,92442.54,767.25,0.01,0.0223
131235,-0.51,-0.74,9.62,0.0149,0.0153,-0.0041,92442.54,767.25,0.01,0.0218
131290,-0.49,-0.72,9.63,0.0195,0.0127,-0.0067,92442.54,767.25,0.00,0.0241
131347,-0.51,-0.75,9.61,0.0165,0.0123,-0.0043,92442.54,767.25,0.00,0.0210
131400,-0.50,-0.70,9.60,0.0155,0.0152,-0.0069,92442.68,767.24,-0.07,0.0227
131459,-0.52,-0.73,9.64,0.0168,0.0160,-0.0077,92442.68,767.24,-0.05,0.0244
131512,-0.51,-0.71,9.61,0.0155,0.0115,-0.0051,92442.68,767.24,-0.03,0.0199
131566,-0.51,-0.69,9.62,0.0128,0.0125,-0.0063,92442.68,767.24,-0.02,0.0190
131619,-0.51,-0.71,9.62,0.0164,0.0121,-0.0091,92442.68,767.24,-0.02,0.0223
131673,-0.51,-0.72,9.60,0.0157,0.0135,-0.0052,92442.68,767.24,-0.01,0.0213
131729,-0.50,-0.71,9.62,0.0168,0.0109,-0.0059,92442.68,767.24,-0.01,0.0209
131784,-0.56,-0.74,9.64,0.0163,0.0104,-0.0053,92442.68,767.24,-0.01,0.0200
131836,-0.50,-0.70,9.63,0.0133,0.0164,-0.0061,92442.68,767.24,-0.00,0.0220
131891,-0.53,-0.71,9.59,0.0156,0.0141,-0.0057,92442.68,767.24,-0.00,0.0218
131943,-0.55,-0.75,9.61,0.0164,0.0111,-0.0073,92442.52,767.25,0.08,0.0211
131998,-0.52,-0.73,9.61,0.0156,0.0129,-0.0065,92442.52,767.25,0.06,0.0213
132050,-0.54,-0.68,9.61,0.0175,0.0115,-0.0060,92442.52,767.25,0.04,0.0217
132108,-0.51,-0.70,9.62,0.0161,0.0139,-0.0051,92442.52,767.25,0.03,0.0219
132162,-0.52,-0.73,9.60,0.0152,0.0124,-0.0043,92442.52,767.25,0.02,0.0201
132215,-0.53,-0.72,9.62,0.0183,0.0088,-0.0065,92442.52,767.25,0.01,0.0213
132269,-0.52,-0.72,9.62,0.0165,0.0135,-0.0061,92442.52,767.25,0.01,0.0222
132322,-0.52,-0.73,9.64,0.0151,0.0132,-0.0059,92442.52,767.25,0.01,0.0209
132376,-0.50,-0.69,9.62,0.0156,0.0121,-0.0072,92442.52,767.25,0.00,0.0210
132429,-0.50,-0.72,9.61,0.0161,0.0133,-0.0056,92442.52,767.25,0.00,0.0216
132487,-0.51,-0.72,9.62,0.0152,0.0127,-0.0060,92442.52,767.25,0.00,0.0207
132539,-0.51,-0.71,9.59,0.0149,0.0140,-0.0059,92442.52,767.25,0.00,0.0213
132594,-0.52,-0.72,9.61,0.0175,0.0139,-0.0056,92442.52,767.25,0.00,0.0230
132646,-0.53,-0.75,9.60,0.0140,0.0129,-0.0076,92442.52,767.25,0.00,0.0205
132701,-0.52,-0.73,9.60,0.0155,0.0133,-0.0069,92442.52,767.25,0.00,0.0215
132753,-0.51,-0.70,9.60,0.0152,0.0145,-0.0059,92442.52,767.25,0.00,0.0218
132808,-0.51,-0.72,9.61,0.0163,0.0164,-0.0053,92442.52,767.25,0.00,0.0237
132865,-0.50,-0.72,9.63,0.0124,0.0143,-0.0071,92442.52,767.25,0.00,0.0202
132918,-0.50,-0.73,9.58,0.0177,0.0123,-0.0061,92442.52,767.25,0.00,0.0224
132972,-0.50,-0.73,9.62,0.0171,0.0133,-0.0067,92442.52,767.25,0.00,0.0226
133025,-0.52,-0.73,9.63,0.0171,0.0119,-0.0053,92442.68,767.24,-0.08,0.0214
133079,-0.53,-0.71,9.61,0.0157,0.0159,-0.0077,92442.68,767.24,-0.06,0.0236
133132,-0.53,-0.72,9.63,0.0155,0.0152,-0.0096,92442.68,767.24,-0.04,0.0237
133190,-0.54,-0.72,9.64,0.0177,0.0127,-0.0067,92442.68,767.24,-0.03,0.0228
133242,-0.50,-0.72,9.62,0.0179,0.0133,-0.0072,92442.68,767.24,-0.02,0.0234
133297,-0.52,-0.73,9.65,0.0160,0.0137,-0.0087,92442.68,767.24,-0.01,0.0228
133349,-0.52,-0.71,9.63,0.0127,0.0119,-0.0067,92442.68,767.24,-0.01,0.0186
133404,-0.53,-0.77,9.62,0.0155,0.0111,-0.0068,92442.68,767.24,-0.01,0.0202
133461,-0.51,-0.71,9.63,0.0167,0.0119,-0.0069,92442.68,767.24,-0.00,0.0216
133516,-0.48,-0.71,9.64,0.0152,0.0113,-0.0061,92442.54,767.25,0.06,0.0199
133573,-0.51,-0.69,9.64,0.0176,0.0137,-0.0027,92442.54,767.25,0.05,0.0225
133626,-0.48,-0.73,9.63,0.0177,0.0117,-0.0052,92442.54,767.25,0.03,0.0219
133680,-0.51,-0.72,9.62,0.0149,0.0131,-0.0081,92442.54,767.25,0.02,0.0214
133733,-0.53,-0.72,9.60,0.0159,0.0153,-0.0052,92442.54,767.25,0.02,0.0227
133787,-0.52,-0.76,9.62,0.0185,0.0145,-0.0053,92442.54,767.25,0.01,0.0241
133840,-0.51,-0.71,9.61,0.0163,0.0140,-0.0044,92442.54,767.25,0.01,0.0219
133894,-0.51,-0.72,9.64,0.0152,0.0127,-0.0061,92442.54,767.25,0.01,0.0207
133963,-0.52,-0.73,9.64,0.0171,0.0144,-0.0069,92442.54,767.25,0.00,0.0234
134018,-0.53,-0.72,9.64,0.0165,0.0175,-0.0069,92442.54,767.25,0.00,0.0250
134072,-0.51,-0.68,9.63,0.0173,0.0123,-0.0052,92442.54,767.25,0.00,0.0218
134127,-0.53,-0.74,9.63,0.0145,0.0137,-0.0055,92442.54,767.25,0.00,0.0207
134181,-0.49,-0.72,9.63,0.0180,0.0141,-0.0045,92442.54,767.25,0.00,0.0233
134236,-0.50,-0.72,9.65,0.0173,0.0115,-0.0076,92442.54,767.25,0.00,0.0221
134290,-0.51,-0.71,9.62,0.0183,0.0149,-0.0069,92442.54,767.25,0.00,0.0246
134349,-0.48,-0.71,9.62,0.0153,0.0127,-0.0056,92442.54,767.25,0.00,0.0206
134401,-0.52,-0.72,9.62,0.0151,0.0128,-0.0052,92442.54,767.25,0.00,0.0204
134456,-0.51,-0.69,9.60,0.0156,0.0144,-0.0071,92442.54,767.25,0.00,0.0224
134508,-0.51,-0.70,9.62,0.0173,0.0132,-0.0051,92442.54,767.25,0.00,0.0224
134563,-0.52,-0.71,9.62,0.0171,0.0149,-0.0092,92442.54,767.25,0.00,0.0245
134615,-0.55,-0.72,9.62,0.0167,0.0132,-0.0053,92442.38,767.27,0.08,0.0219
134670,-0.51,-0.73,9.65,0.0192,0.0093,-0.0035,92442.38,767.27,0.06,0.0216
134726,-0.50,-0.69,9.60,0.0173,0.0145,-0.0079,92442.38,767.27,0.04,0.0239
134779,-0.51,-0.73,9.62,0.0157,0.0120,-0.0051,92442.38,767.27,0.03,0.0204
134833,-0.49,-0.72,9.63,0.0171,0.0136,-0.0053,92442.38,767.27,0.02,0.0224
134886,-0.56,-0.73,9.63,0.0165,0.0121,-0.0067,92442.38,767.27,0.01,0.0215
134940,-0.53,-0.70,9.63,0.0168,0.0145,-0.0031,92442.38,767.27,0.01,0.0224
134993,-0.50,-0.72,9.62,0.0183,0.0145,-0.0083,92442.38,767.27,0.01,0.0247
135051,-0.50,-0.71,9.61,0.0151,0.0147,-0.0025,92442.38,767.27,0.00,0.0212
135103,-0.52,-0.71,9.62,0.0163,0.0156,-0.0056,92442.38,767.27,0.00,0.0232
135158,-0.53,-0.70,9.62,0.0157,0.0160,-0.0053,92442.54,767.25,-0.08,0.0230
135210,-0.51,-0.71,9.61,0.0151,0.0124,-0.0055,92442.54,767.25,-0.05,0.0202
135265,-0.51,-0.70,9.60,0.0157,0.0159,-0.0055,92442.54,767.25,-0.04,0.0230
135317,-0.53,-0.70,9.62,0.0183,0.0131,-0.0067,92442.54,767.25,-0.03,0.0234
135372,-0.52,-0.73,9.64,0.0177,0.0156,-0.0053,92442.54,767.25,-0.02,0.0242
135428,-0.51,-0.73,9.61,0.0164,0.0140,-0.0023,92442.54,767.25,-0.01,0.0217
135486,-0.53,-0.72,9.63,0.0177,0.0143,-0.0061,92442.54,767.25,-0.01,0.0236
135540,-0.50,-0.68,9.63,0.0177,0.0112,-0.0073,92442.54,767.25,-0.01,0.0222
135593,-0.51,-0.74,9.63,0.0157,0.0123,-0.0064,92442.54,767.25,-0.00,0.0209
135647,-0.51,-0.70,9.61,0.0149,0.0125,-0.0047,92442.20,767.28,0.17,0.0200
135700,-0.53,-0.73,9.61,0.0143,0.0136,-0.0055,92442.20,767.28,0.12,0.0204
135754,-0.53,-0.71,9.62,0.0155,0.0153,-0.0069,92442.20,767.28,0.08,0.0228
135810,-0.49,-0.69,9.62,0.0149,0.0157,-0.0063,92442.20,767.28,0.06,0.0226
135865,-0.50,-0.71,9.62,0.0189,0.0140,-0.0075,92442.20,767.28,0.04,0.0247
135917,-0.49,-0.71,9.60,0.0151,0.0140,-0.0047,92442.20,767.28,0.03,0.0211
135972,-0.52,-0.72,9.62,0.0164,0.0128,-0.0037,92442.20,767.28,0.02,0.0211
136024,-0.49,-0.70,9.64,0.0164,0.0124,-0.0071,92442.20,767.28,0.01,0.0217
136079,-0.49,-0.69,9.65,0.0145,0.0125,-0.0041,92442.20,767.28,0.01,0.0196
136131,-0.50,-0.69,9.63,0.0135,0.0141,-0.0072,92442.20,767.28,0.01,0.0208
136189,-0.49,-0.71,9.62,0.0160,0.0140,-0.0060,92442.20,767.28,0.00,0.0221
136243,-0.53,-0.69,9.62,0.0172,0.0111,-0.0077,92442.20,767.28,0.00,0.0218
136296,-0.54,-0.74,9.63,0.0159,0.0136,-0.0051,92442.20,767.28,0.00,0.0215
136350,-0.52,-0.70,9.62,0.0149,0.0177,-0.0067,92442.20,767.28,0.00,0.0241
136403,-0.50,-0.72,9.63,0.0141,0.0125,-0.0069,92442.20,767.28,0.00,0.0201
136457,-0.52,-0.73,9.64,0.0189,0.0140,-0.0071,92442.20,767.28,0.00,0.0246
136510,-0.50,-0.71,9.63,0.0164,0.0161,-0.0073,92442.20,767.28,0.00,0.0241
136568,-0.53,-0.67,9.62,0.0164,0.0135,-0.0085,92442.20,767.28,0.00,0.0229
136620,-0.52,-0.69,9.62,0.0139,0.0141,-0.0060,92442.20,767.28,0.00,0.0207
136675,-0.52,-0.73,9.62,0.0143,0.0116,-0.0053,92442.20,767.28,0.00,0.0191
136727,-0.49,-0.71,9.62,0.0164,0.0117,-0.0061,92442.38,767.27,-0.09,0.0211
136782,-0.51,-0.67,9.62,0.0123,0.0128,-0.0056,92442.38,767.27,-0.06,0.0186
136834,-0.54,-0.73,9.63,0.0141,0.0157,-0.0055,92442.38,767.27,-0.04,0.0218
136903,-0.53,-0.72,9.61,0.0156,0.0155,-0.0073,92442.38,767.27,-0.03,0.0231
136955,-0.51,-0.71,9.63,0.0183,0.0127,-0.0071,92442.38,767.27,-0.02,0.0233
137010,-0.51,-0.71,9.63,0.0156,0.0127,-0.0052,92442.38,767.27,-0.02,0.0207
137062,-0.51,-0.73,9.63,0.0159,0.0085,-0.0051,92442.38,767.27,-0.01,0.0187
137117,-0.50,-0.69,9.62,0.0157,0.0133,-0.0060,92442.38,767.27,-0.01,0.0215
137169,-0.57,-0.71,9.63,0.0163,0.0147,-0.0056,92442.38,767.27,-0.01,0.0226
137224,-0.54,-0.68,9.62,0.0160,0.0149,-0.0076,92442.38,767.27,-0.00,0.0232
137280,-0.51,-0.72,9.64,0.0155,0.0128,-0.0075,92442.20,767.28,0.08,0.0214
137333,-0.51,-0.72,9.61,0.0152,0.0143,-0.0045,92442.20,767.28,0.06,0.0213
137387,-0.51,-0.68,9.62,0.0167,0.0165,-0.0055,92442.20,767.28,0.04,0.0241
137440,-0.53,-0.72,9.63,0.0160,0.0117,-0.0071,92442.20,767.28,0.03,0.0210
137499,-0.51,-0.72,9.60,0.0177,0.0112,-0.0036,92442.20,767.28,0.02,0.0213
137552,-0.55,-0.69,9.66,0.0168,0.0128,-0.0051,92442.20,767.28,0.01,0.0217
137606,-0.48,-0.73,9.63,0.0177,0.0139,-0.0085,92442.20,767.28,0.01,0.0241
137662,-0.49,-0.71,9.64,0.0157,0.0143,-0.0057,92442.20,767.28,0.01,0.0220
137717,-0.51,-0.70,9.62,0.0184,0.0131,-0.0065,92442.20,767.28,0.00,0.0235
137769,-0.51,-0.71,9.63,0.0136,0.0127,-0.0041,92442.20,767.28,0.00,0.0190
137824,-0.53,-0.74,9.66,0.0161,0.0147,-0.0067,92442.20,767.28,0.01,0.0228
137876,-0.51,-0.73,9.64,0.0153,0.0140,-0.0068,92442.20,767.28,0.01,0.0218
137931,-0.52,-0.72,9.63,0.0165,0.0128,-0.0053,92442.20,767.28,0.00,0.0216
137983,-0.49,-0.69,9.64,0.0167,0.0133,-0.0039,92442.20,767.28,0.00,0.0217
138041,-0.54,-0.71,9.62,0.0161,0.0104,-0.0068,92442.20,767.28,0.00,0.0203
138095,-0.52,-0.72,9.65,0.0191,0.0145,-0.0076,92442.20,767.28,0.00,0.0251
138148,-0.51,-0.69,9.64,0.0113,0.0155,-0.0072,92442.20,767.28,0.00,0.0205
138202,-0.47,-0.68,9.63,0.0168,0.0129,-0.0057,92442.20,767.28,0.00,0.0219
138255,-0.49,-0.72,9.62,0.0156,0.0127,-0.0051,92442.20,767.28,0.00,0.0207
138309,-0.50,-0.73,9.61,0.0127,0.0140,-0.0057,92442.20,767.28,0.00,0.0197
138362,-0.52,-0.71,9.65,0.0143,0.0125,-0.0045,92442.20,767.28,0.00,0.0195
138420,-0.52,-0.71,9.66,0.0149,0.0100,-0.0084,92442.20,767.28,0.00,0.0198
138472,-0.53,-0.70,9.64,0.0188,0.0149,-0.0061,92442.20,767.28,0.00,0.0248
138527,-0.54,-0.71,9.65,0.0155,0.0137,-0.0065,92442.20,767.28,0.00,0.0217
138579,-0.51,-0.70,9.64,0.0164,0.0119,-0.0065,92442.20,767.28,0.00,0.0213
138634,-0.51,-0.70,9.63,0.0175,0.0147,-0.0063,92442.20,767.28,0.00,0.0236
138686,-0.46,-0.68,9.65,0.0151,0.0113,-0.0049,92442.20,767.28,0.00,0.0195
138744,-0.50,-0.70,9.66,0.0137,0.0123,-0.0076,92442.20,767.28,0.00,0.0199
138798,-0.54,-0.72,9.64,0.0147,0.0184,-0.0067,92442.20,767.28,0.00,0.0244
138851,-0.50,-0.73,9.62,0.0140,0.0151,-0.0059,92442.00,767.30,0.10,0.0214
138905,-0.51,-0.71,9.64,0.0133,0.0127,-0.0045,92442.00,767.30,0.07,0.0189
138958,-0.52,-0.72,9.61,0.0157,0.0144,-0.0072,92442.00,767.30,0.05,0.0225
139012,-0.51,-0.69,9.63,0.0135,0.0133,-0.0071,92442.00,767.30,0.03,0.0202
139065,-0.50,-0.70,9.62,0.0175,0.0120,-0.0076,92442.00,767.30,0.02,0.0225
139123,-0.51,-0.69,9.62,0.0155,0.0139,-0.0047,92442.00,767.30,0.02,0.0213
139175,-0.50,-0.73,9.63,0.0140,0.0135,-0.0068,92442.00,767.30,0.01,0.0206
139230,-0.49,-0.70,9.63,0.0148,0.0137,-0.0040,92442.00,767.30,0.01,0.0206
139282,-0.49,-0.74,9.62,0.0123,0.0141,-0.0024,92442.00,767.30,0.01,0.0189
139337,-0.54,-0.72,9.63,0.0165,0.0141,-0.0048,92442.00,767.30,0.00,0.0223
139389,-0.50,-0.73,9.64,0.0173,0.0143,-0.0055,92442.17,767.28,-0.08,0.0231
139444,-0.53,-0.75,9.62,0.0159,0.0120,-0.0072,92442.17,767.28,-0.06,0.0211
139505,-0.48,-0.69,9.63,0.0156,0.0168,-0.0069,92442.17,767.28,-0.04,0.0239
139558,-0.51,-0.70,9.60,0.0137,0.0153,-0.0049,92442.17,767.28,-0.03,0.0212
139612,-0.51,-0.72,9.65,0.0167,0.0127,-0.0035,92442.17,767.28,-0.02,0.0212
139665,-0.53,-0.74,9.67,0.0163,0.0135,-0.0045,92442.17,767.28,-0.01,0.0216
139719,-0.49,-0.74,9.64,0.0125,0.0144,-0.0048,92442.17,767.28,-0.01,0.0197
139772,-0.51,-0.75,9.64,0.0167,0.0147,-0.0077,92442.17,767.28,-0.01,0.0235
139826,-0.53,-0.69,9.62,0.0193,0.0139,-0.0077,92442.17,767.28,-0.00,0.0250
139894,-0.52,-0.73,9.64,0.0143,0.0147,-0.0072,92442.17,767.28,-0.00,0.0217
139947,-0.53,-0.71,9.64,0.0168,0.0123,-0.0056,92442.00,767.30,0.08,0.0215
140000,-0.53,-0.72,9.63,0.0156,0.0129,-0.0044,92442.00,767.30,0.06,0.0207
140053,-0.51,-0.72,9.61,0.0160,0.0124,-0.0052,92442.00,767.30,0.04,0.0209
140106,-0.54,-0.71,9.64,0.0136,0.0135,-0.0061,92442.00,767.30,0.03,0.0201
140159,-0.51,-0.72,9.63,0.0168,0.0149,-0.0065,92442.00,767.30,0.02,0.0234
140212,-0.54,-0.70,9.63,0.0167,0.0135,-0.0056,92442.00,767.30,0.01,0.0221
140269,-0.52,-0.70,9.63,0.0165,0.0115,-0.0076,92442.00,767.30,0.01,0.0215
140321,-0.51,-0.72,9.63,0.0173,0.0112,-0.0047,92442.00,767.30,0.01,0.0211
140373,-0.53,-0.72,9.63,0.0145,0.0147,-0.0051,92442.00,767.30,0.00,0.0212
140429,-0.52,-0.70,9.63,0.0159,0.0131,-0.0065,92442.00,767.30,0.00,0.0216
140481,-0.50,-0.69,9.64,0.0151,0.0136,-0.0060,92442.00,767.30,0.00,0.0211
140532,-0.53,-0.69,9.63,0.0145,0.0144,-0.0045,92442.00,767.30,0.00,0.0209
140590,-0.52,-0.71,9.63,0.0152,0.0135,-0.0069,92442.00,767.30,0.00,0.0214
140644,-0.50,-0.71,9.65,0.0164,0.0144,-0.0055,92442.00,767.30,0.00,0.0225
140697,-0.50,-0.71,9.63,0.0175,0.0128,-0.0068,92442.00,767.30,0.00,0.0227
140751,-0.52,-0.72,9.64,0.0181,0.0133,-0.0020,92442.00,767.30,0.00,0.0226
140804,-0.49,-0.70,9.62,0.0140,0.0152,-0.0064,92442.00,767.30,0.00,0.0216
140858,-0.53,-0.73,9.64,0.0195,0.0105,-0.0052,92442.00,767.30,0.00,0.0227
140911,-0.51,-0.71,9.63,0.0161,0.0140,-0.0036,92442.00,767.30,0.00,0.0216
140969,-0.54,-0.73,9.64,0.0159,0.0148,-0.0084,92442.00,767.30,0.00,0.0232
141021,-0.47,-0.71,9.61,0.0168,0.0133,-0.0057,92442.33,767.27,-0.17,0.0222
141076,-0.51,-0.70,9.59,0.0183,0.0141,-0.0059,92442.33,767.27,-0.12,0.0238
141128,-0.54,-0.68,9.64,0.0157,0.0151,-0.0044,92442.33,767.27,-0.08,0.0222
141183,-0.51,-0.71,9.64,0.0132,0.0161,-0.0043,92442.33,767.27,-0.06,0.0213
141235,-0.49,-0.71,9.63,0.0167,0.0109,-0.0024,92442.33,767.27,-0.04,0.0201
141290,-0.53,-0.70,9.63,0.0151,0.0149,-0.0036,92442.33,767.27,-0.03,0.0215
141346,-0.52,-0.74,9.63,0.0185,0.0132,-0.0079,92442.33,767.27,-0.02,0.0241
141399,-0.52,-0.74,9.63,0.0160,0.0105,-0.0063,92442.33,767.27,-0.01,0.0201
141453,-0.51,-0.71,9.58,0.0132,0.0183,-0.0052,92442.33,767.27,-0.01,0.0231
141511,-0.47,-0.73,9.63,0.0156,0.0132,-0.0047,92442.33,767.27,-0.01,0.0209
141565,-0.50,-0.72,9.64,0.0152,0.0131,-0.0072,92442.28,767.27,0.02,0.0213
141618,-0.54,-0.71,9.60,0.0153,0.0141,-0.0055,92442.28,767.27,0.01,0.0215
141672,-0.52,-0.71,9.64,0.0168,0.0119,-0.0031,92442.28,767.27,0.01,0.0208
141728,-0.51,-0.71,9.63,0.0172,0.0128,-0.0056,92442.28,767.27,0.01,0.0221
141783,-0.54,-0.68,9.60,0.0168,0.0136,-0.0044,92442.28,767.27,0.00,0.0220
141835,-0.55,-0.76,9.61,0.0155,0.0127,-0.0053,92442.28,767.27,0.00,0.0207
141890,-0.53,-0.69,9.61,0.0168,0.0144,-0.0067,92442.28,767.27,0.00,0.0231
141942,-0.50,-0.73,9.62,0.0160,0.0156,-0.0047,92442.28,767.27,0.00,0.0228
141997,-0.50,-0.74,9.64,0.0161,0.0136,-0.0049,92442.28,767.27,0.00,0.0217
142049,-0.54,-0.72,9.63,0.0161,0.0125,-0.0073,92442.28,767.27,0.00,0.0217
142107,-0.53,-0.71,9.61,0.0155,0.0137,-0.0083,92442.63,767.24,-0.16,0.0223
142161,-0.53,-0.73,9.65,0.0167,0.0152,-0.0071,92442.63,767.24,-0.11,0.0236
142214,-0.51,-0.71,9.65,0.0149,0.0129,-0.0064,92442.63,767.24,-0.08,0.0208
142268,-0.50,-0.72,9.64,0.0132,0.0127,-0.0045,92442.63,767.24,-0.05,0.0188
142321,-0.50,-0.73,9.62,0.0167,0.0152,-0.0053,92442.63,767.24,-0.04,0.0232
142375,-0.51,-0.73,9.66,0.0159,0.0163,-0.0060,92442.63,767.24,-0.03,0.0235
142431,-0.49,-0.69,9.61,0.0165,0.0119,-0.0045,92442.63,767.24,-0.02,0.0208
142486,-0.47,-0.72,9.64,0.0132,0.0131,-0.0053,92442.63,767.24,-0.01,0.0193
142538,-0.52,-0.73,9.64,0.0135,0.0124,-0.0084,92442.63,767.24,-0.01,0.0201
142593,-0.52,-0.72,9.66,0.0157,0.0149,-0.0047,92442.62,767.24,-0.00,0.0222
142645,-0.48,-0.73,9.64,0.0149,0.0120,-0.0073,92442.62,767.24,-0.00,0.0205
142700,-0.52,-0.73,9.62,0.0168,0.0145,-0.0084,92442.62,767.24,-0.00,0.0237
142752,-0.51,-0.73,9.65,0.0168,0.0123,-0.0056,92442.62,767.24,-0.00,0.0215
142822,-0.52,-0.73,9.62,0.0167,0.0117,-0.0055,92442.62,767.24,-0.00,0.0211
142874,-0.52,-0.75,9.63,0.0133,0.0136,-0.0065,92442.62,767.24,-0.00,0.0201
142929,-0.49,-0.72,9.64,0.0165,0.0139,-0.0053,92442.62,767.24,-0.00,0.0222
142981,-0.50,-0.72,9.64,0.0148,0.0121,-0.0053,92442.62,767.24,-0.00,0.0199
143036,-0.52,-0.72,9.61,0.0149,0.0132,-0.0072,92442.62,767.24,-0.00,0.0212
143088,-0.55,-0.72,9.64,0.0125,0.0144,-0.0069,92442.62,767.24,-0.00,0.0203
143143,-0.51,-0.71,9.61,0.0123,0.0140,-0.0063,92442.44,767.26,0.09,0.0196
143199,-0.53,-0.71,9.60,0.0168,0.0136,-0.0069,92442.44,767.26,0.06,0.0227
143252,-0.52,-0.72,9.63,0.0125,0.0144,-0.0044,92442.44,767.26,0.04,0.0196
143306,-0.56,-0.72,9.60,0.0159,0.0125,-0.0040,92442.44,767.26,0.03,0.0206
143359,-0.49,-0.74,9.62,0.0185,0.0125,-0.0076,92442.44,767.26,0.02,0.0236
143413,-0.50,-0.71,9.60,0.0147,0.0123,-0.0059,92442.44,767.26,0.01,0.0200
143466,-0.52,-0.71,9.61,0.0151,0.0151,-0.0053,92442.44,767.26,0.01,0.0219
143525,-0.57,-0.68,9.66,0.0144,0.0159,-0.0068,92442.44,767.26,0.01,0.0225
143581,-0.54,-0.74,9.64,0.0125,0.0131,-0.0075,92442.44,767.26,0.00,0.0196
143636,-0.52,-0.73,9.62,0.0172,0.0159,-0.0056,92442.44,767.26,0.00,0.0240
143688,-0.50,-0.72,9.63,0.0148,0.0144,-0.0068,92442.61,767.25,-0.08,0.0217
143743,-0.52,-0.72,9.61,0.0161,0.0136,-0.0056,92442.61,767.25,-0.06,0.0218
143795,-0.53,-0.71,9.61,0.0160,0.0124,-0.0063,92442.61,767.25,-0.04,0.0212
143850,-0.52,-0.68,9.60,0.0164,0.0117,-0.0049,92442.61,767.25,-0.03,0.0207
143906,-0.50,-0.73,9.65,0.0189,0.0125,-0.0059,92442.61,767.25,-0.02,0.0234
143959,-0.54,-0.73,9.62,0.0157,0.0157,-0.0085,92442.61,767.25,-0.01,0.0238
144013,-0.54,-0.69,9.62,0.0160,0.0140,-0.0073,92442.61,767.25,-0.01,0.0225
144066,-0.52,-0.70,9.61,0.0159,0.0157,-0.0064,92442.61,767.25,-0.01,0.0232
144120,-0.49,-0.71,9.62,0.0160,0.0128,-0.0057,92442.61,767.25,-0.00,0.0213
144173,-0.51,-0.70,9.62,0.0201,0.0155,-0.0037,92442.61,767.25,-0.00,0.0256
144227,-0.53,-0.71,9.64,0.0168,0.0124,-0.0061,92442.41,767.26,0.09,0.0217
144283,-0.52,-0.71,9.61,0.0136,0.0129,-0.0049,92442.41,767.26,0.07,0.0194
144338,-0.55,-0.69,9.65,0.0163,0.0143,-0.0061,92442.41,767.26,0.05,0.0225
144390,-0.53,-0.73,9.63,0.0168,0.0141,-0.0075,92442.41,767.26,0.03,0.0232
144445,-0.51,-0.74,9.63,0.0168,0.0152,-0.0081,92442.41,767.26,0.02,0.0241
144497,-0.51,-0.71,9.61,0.0151,0.0139,-0.0065,92442.41,767.26,0.02,0.0215
144552,-0.52,-0.71,9.64,0.0165,0.0121,-0.0068,92442.41,767.26,0.01,0.0216
144604,-0.51,-0.70,9.63,0.0153,0.0135,-0.0047,92442.41,767.26,0.01,0.0209
144662,-0.51,-0.72,9.63,0.0157,0.0135,-0.0045,92442.41,767.26,0.01,0.0212
144716,-0.50,-0.70,9.62,0.0168,0.0141,-0.0063,92442.41,767.26,0.00,0.0228
144769,-0.51,-0.68,9.65,0.0168,0.0125,-0.0071,92442.24,767.28,0.09,0.0221
144823,-0.54,-0.71,9.63,0.0157,0.0148,-0.0061,92442.24,767.28,0.06,0.0224
144876,-0.51,-0.72,9.62,0.0171,0.0152,-0.0063,92442.24,767.28,0.04,0.0237
144930,-0.50,-0.71,9.66,0.0157,0.0160,-0.0071,92442.24,767.28,0.03,0.0235
144983,-0.53,-0.69,9.63,0.0109,0.0119,-0.0052,92442.24,767.28,0.02,0.0169
145041,-0.51,-0.73,9.63,0.0151,0.0131,-0.0055,92442.24,767.28,0.01,0.0207
145093,-0.49,-0.71,9.62,0.0148,0.0133,-0.0052,92442.24,767.28,0.01,0.0206
145148,-0.52,-0.71,9.60,0.0159,0.0153,-0.0061,92442.24,767.28,0.01,0.0229
145200,-0.51,-0.72,9.62,0.0197,0.0129,-0.0045,92442.24,767.28,0.01,0.0240
145255,-0.51,-0.73,9.62,0.0147,0.0135,-0.0044,92442.24,767.28,0.00,0.0204
145307,-0.54,-0.71,9.61,0.0167,0.0144,-0.0063,92442.58,767.25,-0.17,0.0229
145362,-0.53,-0.72,9.64,0.0155,0.0152,-0.0072,92442.58,767.25,-0.12,0.0228
145418,-0.50,-0.70,9.61,0.0156,0.0137,-0.0061,92442.58,767.25,-0.08,0.0217
145471,-0.50,-0.69,9.64,0.0145,0.0136,-0.0041,92442.58,767.25,-0.06,0.0203
145530,-0.51,-0.70,9.62,0.0176,0.0141,-0.0065,92442.58,767.25,-0.04,0.0235
145583,-0.51,-0.72,9.64,0.0128,0.0137,-0.0043,92442.58,767.25,-0.03,0.0192
145637,-0.52,-0.69,9.63,0.0185,0.0129,-0.0057,92442.58,767.25,-0.02,0.0233
145690,-0.53,-0.71,9.63,0.0152,0.0117,-0.0060,92442.58,767.25,-0.01,0.0201
145758,-0.53,-0.76,9.63,0.0160,0.0191,-0.0049,92442.58,767.25,-0.01,0.0254
145811,-0.52,-0.69,9.62,0.0160,0.0149,-0.0068,92442.58,767.25,-0.01,0.0229
145865,-0.52,-0.71,9.65,0.0151,0.0144,-0.0071,92442.58,767.25,-0.00,0.0220
145918,-0.49,-0.69,9.61,0.0152,0.0143,-0.0048,92442.58,767.25,-0.00,0.0214
145972,-0.56,-0.72,9.63,0.0148,0.0127,-0.0063,92442.58,767.25,-0.00,0.0204
146025,-0.51,-0.73,9.64,0.0131,0.0125,-0.0056,92442.58,767.25,-0.00,0.0189
146079,-0.53,-0.71,9.65,0.0127,0.0168,-0.0053,92442.58,767.25,-0.00,0.0217
146135,-0.55,-0.70,9.63,0.0163,0.0124,-0.0044,92442.58,767.25,-0.00,0.0209
146190,-0.51,-0.71,9.65,0.0129,0.0123,-0.0073,92442.58,767.25,-0.00,0.0193
146242,-0.53,-0.70,9.64,0.0188,0.0129,-0.0055,92442.58,767.25,-0.00,0.0234
146297,-0.51,-0.69,9.63,0.0152,0.0161,-0.0061,92442.58,767.25,-0.00,0.0230
146349,-0.50,-0.71,9.62,0.0136,0.0163,-0.0048,92442.55,767.25,0.02,0.0217
146404,-0.53,-0.70,9.65,0.0160,0.0123,-0.0071,92442.55,767.25,0.01,0.0213
146456,-0.49,-0.72,9.62,0.0165,0.0140,-0.0052,92442.55,767.25,0.01,0.0223
146514,-0.51,-0.71,9.64,0.0127,0.0143,-0.0068,92442.55,767.25,0.01,0.0202
146568,-0.53,-0.72,9.62,0.0163,0.0140,-0.0061,92442.55,767.25,0.00,0.0223
146621,-0.52,-0.70,9.62,0.0195,0.0107,-0.0059,92442.55,767.25,0.00,0.0229
146675,-0.53,-0.71,9.63,0.0168,0.0132,-0.0068,92442.55,767.25,0.00,0.0224
146728,-0.53,-0.70,9.64,0.0148,0.0137,-0.0045,92442.55,767.25,0.00,0.0207
146782,-0.52,-0.72,9.64,0.0157,0.0123,-0.0063,92442.55,767.25,0.00,0.0209
146835,-0.53,-0.70,9.64,0.0168,0.0101,-0.0057,92442.55,767.25,0.00,0.0204
146893,-0.52,-0.71,9.63,0.0157,0.0117,-0.0064,92442.52,767.25,0.01,0.0206
146945,-0.54,-0.71,9.64,0.0157,0.0168,-0.0061,92442.52,767.25,0.01,0.0238
147000,-0.53,-0.71,9.63,0.0185,0.0143,-0.0053,92442.52,767.25,0.01,0.0240
147052,-0.55,-0.72,9.62,0.0180,0.0133,-0.0076,92442.52,767.25,0.00,0.0236
147107,-0.52,-0.71,9.61,0.0145,0.0136,-0.0065,92442.52,767.25,0.00,0.0209
147159,-0.51,-0.68,9.60,0.0161,0.0155,-0.0071,92442.52,767.25,0.00,0.0234
147214,-0.53,-0.71,9.63,0.0173,0.0124,-0.0059,92442.52,767.25,0.00,0.0221
147271,-0.53,-0.71,9.64,0.0161,0.0117,-0.0048,92442.52,767.25,0.00,0.0205
147324,-0.51,-0.68,9.62,0.0153,0.0149,-0.0055,92442.52,767.25,0.00,0.0221
147378,-0.49,-0.73,9.63,0.0144,0.0159,-0.0068,92442.52,767.25,0.00,0.0225
147431,-0.48,-0.69,9.63,0.0168,0.0115,-0.0035,92442.17,767.28,0.18,0.0206
147485,-0.50,-0.70,9.63,0.0163,0.0119,-0.0045,92442.17,767.28,0.13,0.0206
147543,-0.50,-0.72,9.66,0.0173,0.0121,-0.0052,92442.17,767.28,0.09,0.0218
147601,-0.52,-0.73,9.61,0.0173,0.0127,-0.0060,92442.17,767.28,0.06,0.0223
147653,-0.55,-0.73,9.62,0.0133,0.0136,-0.0067,92442.17,767.28,0.04,0.0202
147708,-0.53,-0.73,9.60,0.0133,0.0135,-0.0029,92442.17,767.28,0.03,0.0192
147760,-0.52,-0.72,9.63,0.0160,0.0152,-0.0053,92442.17,767.28,0.02,0.0227
147815,-0.49,-0.70,9.62,0.0163,0.0111,-0.0059,92442.17,767.28,0.01,0.0205
147867,-0.53,-0.73,9.62,0.0161,0.0117,-0.0063,92442.17,767.28,0.01,0.0209
147922,-0.49,-0.73,9.64,0.0157,0.0164,-0.0064,92442.17,767.28,0.01,0.0236
147979,-0.53,-0.71,9.61,0.0176,0.0136,-0.0055,92442.17,767.28,0.01,0.0229
148032,-0.51,-0.72,9.64,0.0152,0.0143,-0.0069,92442.17,767.28,0.00,0.0220
148086,-0.50,-0.69,9.62,0.0160,0.0141,-0.0061,92442.17,767.28,0.00,0.0222
148139,-0.49,-0.71,9.62,0.0164,0.0123,-0.0040,92442.17,767.28,0.00,0.0209
148193,-0.50,-0.72,9.64,0.0160,0.0123,-0.0091,92442.17,767.28,0.00,0.0221
148246,-0.53,-0.73,9.64,0.0156,0.0131,-0.0064,92442.17,767.28,0.00,0.0213
148300,-0.53,-0.73,9.64,0.0144,0.0119,-0.0055,92442.17,767.28,0.00,0.0194
148356,-0.49,-0.70,9.64,0.0139,0.0109,-0.0077,92442.17,767.28,0.00,0.0193
148411,-0.49,-0.69,9.62,0.0167,0.0112,-0.0044,92442.17,767.28,0.00,0.0205
148463,-0.49,-0.68,9.60,0.0152,0.0137,-0.0075,92441.49,767.29,0.02,0.0218
148518,-0.52,-0.69,9.63,0.0160,0.0137,-0.0060,92442.14,767.29,0.01,0.0219
148570,-0.52,-0.71,9.64,0.0148,0.0133,-0.0065,92442.14,767.29,0.01,0.0209
148625,-0.53,-0.72,9.63,0.0145,0.0161,-0.0048,92442.14,767.29,0.01,0.0222
148677,-0.51,-0.71,9.62,0.0161,0.0104,-0.0080,92442.14,767.29,0.00,0.0208
148747,-0.53,-0.72,9.62,0.0159,0.0137,-0.0072,92442.14,767.29,0.00,0.0222
148799,-0.49,-0.74,9.62,0.0163,0.0149,-0.0072,92442.14,767.29,0.00,0.0232
148854,-0.54,-0.73,9.63,0.0187,0.0139,-0.0089,92442.14,767.29,0.00,0.0249
148906,-0.50,-0.71,9.63,0.0168,0.0152,-0.0047,92442.14,767.29,0.00,0.0231
148961,-0.53,-0.72,9.65,0.0151,0.0127,-0.0079,92442.14,767.29,0.00,0.0212
149013,-0.53,-0.72,9.60,0.0132,0.0143,-0.0049,92442.31,767.27,-0.09,0.0200
149068,-0.51,-0.70,9.63,0.0145,0.0133,-0.0060,92442.31,767.27,-0.06,0.0206
149125,-0.49,-0.65,9.63,0.0167,0.0133,-0.0044,92442.31,767.27,-0.04,0.0218
149178,-0.50,-0.74,9.65,0.0173,0.0143,-0.0080,92442.31,767.27,-0.03,0.0238
149232,-0.53,-0.72,9.61,0.0152,0.0139,-0.0056,92442.31,767.27,-0.02,0.0213
149285,-0.52,-0.72,9.63,0.0152,0.0113,-0.0053,92442.31,767.27,-0.02,0.0197
149339,-0.51,-0.75,9.63,0.0164,0.0137,-0.0079,92442.31,767.27,-0.01,0.0228
149392,-0.50,-0.69,9.62,0.0160,0.0131,-0.0065,92442.31,767.27,-0.01,0.0216
149450,-0.50,-0.72,9.62,0.0157,0.0144,-0.0067,92442.31,767.27,-0.01,0.0223
149502,-0.52,-0.70,9.62,0.0175,0.0133,-0.0075,92442.31,767.27,-0.00,0.0232
149562,-0.50,-0.73,9.64,0.0155,0.0139,-0.0031,92442.14,767.29,0.08,0.0210
149614,-0.51,-0.72,9.64,0.0140,0.0143,-0.0049,92442.14,767.29,0.05,0.0206
149669,-0.49,-0.69,9.65,0.0161,0.0121,-0.0069,92442.14,767.29,0.04,0.0213
149721,-0.50,-0.73,9.62,0.0151,0.0139,-0.0072,92442.14,767.29,0.03,0.0217
149776,-0.52,-0.73,9.62,0.0151,0.0148,-0.0055,92442.14,767.29,0.02,0.0218
149833,-0.51,-0.75,9.64,0.0159,0.0145,-0.0052,92442.14,767.29,0.01,0.0221
149886,-0.51,-0.69,9.66,0.0167,0.0136,-0.0065,92442.14,767.29,0.01,0.0225
149940,-0.53,-0.71,9.63,0.0177,0.0159,-0.0060,92442.14,767.29,0.01,0.0245
149993,-0.53,-0.69,9.62,0.0141,0.0153,-0.0055,92442.14,767.29,0.00,0.0215
150047,-0.54,-0.72,9.63,0.0140,0.0128,-0.0053,92442.14,767.29,0.00,0.0197
150100,-0.54,-0.71,9.64,0.0181,0.0124,-0.0085,92441.74,767.32,0.20,0.0235
150154,-0.52,-0.70,9.63,0.0181,0.0108,-0.0043,92441.74,767.32,0.14,0.0215
150210,-0.54,-0.73,9.65,0.0149,0.0120,-0.0071,92441.74,767.32,0.10,0.0204
150265,-0.52,-0.70,9.62,0.0159,0.0145,-0.0064,92441.74,767.32,0.07,0.0224
150317,-0.52,-0.72,9.63,0.0171,0.0143,-0.0069,92441.74,767.32,0.05,0.0233
150372,-0.56,-0.71,9.63,0.0153,0.0137,-0.0057,92441.74,767.32,0.03,0.0214
150424,-0.54,-0.69,9.61,0.0131,0.0152,-0.0055,92441.74,767.32,0.02,0.0208
150479,-0.50,-0.72,9.63,0.0165,0.0156,-0.0072,92441.74,767.32,0.02,0.0238
150531,-0.51,-0.70,9.64,0.0156,0.0111,-0.0059,92441.74,767.32,0.01,0.0200
150589,-0.50,-0.72,9.66,0.0155,0.0137,-0.0061,92441.74,767.32,0.01,0.0216
150643,-0.51,-0.70,9.64,0.0139,0.0148,-0.0059,92441.91,767.31,-0.08,0.0211
150696,-0.53,-0.73,9.62,0.0132,0.0141,-0.0061,92441.91,767.31,-0.05,0.0203
150750,-0.52,-0.72,9.61,0.0167,0.0123,-0.0059,92441.91,767.31,-0.04,0.0215
150803,-0.50,-0.73,9.62,0.0144,0.0132,-0.0049,92441.91,767.31,-0.03,0.0201
150857,-0.51,-0.71,9.62,0.0155,0.0125,-0.0064,92441.91,767.31,-0.02,0.0209
150910,-0.54,-0.71,9.64,0.0167,0.0136,-0.0059,92441.91,767.31,-0.01,0.0223
150968,-0.49,-0.72,9.62,0.0163,0.0123,-0.0059,92441.91,767.31,-0.01,0.0212
151020,-0.51,-0.74,9.61,0.0173,0.0136,-0.0055,92441.91,767.31,-0.01,0.0227
151075,-0.54,-0.70,9.63,0.0167,0.0105,-0.0060,92441.91,767.31,-0.00,0.0206
151127,-0.52,-0.70,9.62,0.0151,0.0121,-0.0068,92441.91,767.31,-0.00,0.0205
151182,-0.50,-0.68,9.64,0.0132,0.0171,-0.0060,92441.73,767.32,0.08,0.0224
151234,-0.49,-0.72,9.62,0.0171,0.0131,-0.0055,92441.73,767.32,0.06,0.0222
151292,-0.54,-0.73,9.62,0.0167,0.0124,-0.0051,92441.73,767.32,0.04,0.0214
151346,-0.50,-0.72,9.64,0.0119,0.0136,-0.0061,92441.73,767.32,0.03,0.0190
151399,-0.51,-0.70,9.64,0.0157,0.0121,-0.0043,92441.73,767.32,0.02,0.0203
151453,-0.50,-0.69,9.61,0.0135,0.0133,-0.0043,92441.73,767.32,0.01,0.0194
151506,-0.52,-0.70,9.63,0.0153,0.0119,-0.0065,92441.73,767.32,0.01,0.0204
151565,-0.53,-0.70,9.62,0.0179,0.0129,-0.0048,92441.73,767.32,0.01,0.0226
151618,-0.53,-0.70,9.62,0.0159,0.0093,-0.0052,92441.73,767.32,0.00,0.0191
151686,-0.52,-0.70,9.65,0.0161,0.0168,-0.0052,92441.70,767.33,0.02,0.0238
151740,-0.52,-0.73,9.63,0.0165,0.0115,-0.0064,92441.70,767.33,0.01,0.0211
151794,-0.50,-0.72,9.66,0.0137,0.0141,-0.0051,92441.70,767.33,0.01,0.0203
151847,-0.53,-0.70,9.62,0.0156,0.0107,-0.0068,92441.70,767.33,0.01,0.0201
151901,-0.53,-0.73,9.62,0.0172,0.0145,-0.0063,92441.70,767.33,0.00,0.0234
151954,-0.52,-0.71,9.64,0.0168,0.0132,-0.0052,92441.70,767.33,0.00,0.0220
152008,-0.53,-0.71,9.63,0.0180,0.0119,-0.0077,92441.70,767.33,0.00,0.0229
152064,-0.50,-0.72,9.64,0.0160,0.0147,-0.0057,92441.70,767.33,0.00,0.0224
152119,-0.51,-0.71,9.63,0.0153,0.0136,-0.0035,92441.70,767.33,0.00,0.0208
152171,-0.55,-0.70,9.61,0.0141,0.0145,-0.0052,92441.70,767.33,0.00,0.0209
152226,-0.52,-0.69,9.61,0.0116,0.0125,-0.0052,92442.05,767.30,-0.17,0.0178
152278,-0.53,-0.71,9.63,0.0128,0.0127,-0.0060,92442.05,767.30,-0.12,0.0190
152333,-0.52,-0.71,9.65,0.0164,0.0140,-0.0072,92442.05,767.30,-0.08,0.0227
152385,-0.50,-0.72,9.62,0.0156,0.0151,-0.0064,92442.05,767.30,-0.06,0.0226
152443,-0.51,-0.72,9.65,0.0167,0.0093,-0.0072,92442.05,767.30,-0.04,0.0204
152497,-0.50,-0.71,9.62,0.0187,0.0140,-0.0051,92442.05,767.30,-0.03,0.0239
152550,-0.52,-0.68,9.64,0.0144,0.0136,-0.0059,92442.05,767.30,-0.02,0.0206
152604,-0.49,-0.70,9.62,0.0139,0.0133,-0.0065,92442.05,767.30,-0.01,0.0203
152657,-0.51,-0.73,9.63,0.0157,0.0119,-0.0051,92442.05,767.30,-0.01,0.0203
152711,-0.51,-0.71,9.63,0.0152,0.0123,-0.0063,92442.05,767.30,-0.01,0.0205
152764,-0.55,-0.66,9.62,0.0156,0.0112,-0.0065,92441.81,767.32,0.11,0.0203
152822,-0.51,-0.70,9.62,0.0152,0.0163,-0.0079,92441.81,767.32,0.08,0.0236
152874,-0.53,-0.72,9.64,0.0160,0.0131,-0.0067,92441.81,767.32,0.05,0.0217
152929,-0.53,-0.73,9.64,0.0180,0.0128,-0.0025,92441.81,767.32,0.04,0.0222
152981,-0.49,-0.68,9.61,0.0151,0.0132,-0.0053,92441.81,767.32,0.03,0.0207
153033,-0.52,-0.71,9.60,0.0137,0.0151,-0.0060,92441.81,767.32,0.02,0.0212
153089,-0.52,-0.71,9.64,0.0151,0.0127,-0.0064,92441.81,767.32,0.01,0.0207
153144,-0.54,-0.72,9.64,0.0141,0.0152,-0.0073,92441.81,767.32,0.01,0.0220
153198,-0.49,-0.68,9.63,0.0164,0.0127,-0.0072,92441.81,767.32,0.01,0.0219
153251,-0.51,-0.70,9.64,0.0144,0.0116,-0.0072,92441.81,767.32,0.00,0.0198
153305,-0.53,-0.72,9.63,0.0157,0.0125,-0.0045,92441.98,767.30,-0.08,0.0206
153358,-0.51,-0.76,9.66,0.0187,0.0151,-0.0071,92441.98,767.30,-0.06,0.0250
153412,-0.54,-0.69,9.62,0.0148,0.0128,-0.0037,92441.98,767.30,-0.04,0.0199
153465,-0.51,-0.70,9.66,0.0164,0.0120,-0.0023,92441.98,767.30,-0.03,0.0204
153523,-0.49,-0.74,9.61,0.0160,0.0117,-0.0065,92441.98,767.30,-0.02,0.0209
153580,-0.52,-0.71,9.63,0.0151,0.0125,-0.0049,92441.98,767.30,-0.01,0.0202
153635,-0.52,-0.71,9.61,0.0165,0.0147,-0.0060,92441.98,767.30,-0.01,0.0229
153687,-0.50,-0.69,9.62,0.0161,0.0132,-0.0045,92441.98,767.30,-0.01,0.0213
153742,-0.52,-0.70,9.61,0.0184,0.0144,-0.0061,92441.98,767.30,-0.00,0.0241
153794,-0.51,-0.72,9.62,0.0156,0.0148,-0.0067,92441.98,767.30,-0.00,0.0225
153849,-0.55,-0.71,9.64,0.0163,0.0137,-0.0068,92441.64,767.33,0.17,0.0223
153906,-0.52,-0.75,9.63,0.0168,0.0131,-0.0077,92441.64,767.33,0.12,0.0226
153959,-0.55,-0.72,9.63,0.0156,0.0111,-0.0041,92441.64,767.33,0.08,0.0196
154013,-0.52,-0.73,9.64,0.0156,0.0133,-0.0045,92441.64,767.33,0.06,0.0210
154066,-0.51,-0.73,9.62,0.0152,0.0139,-0.0077,92441.64,767.33,0.04,0.0220
154120,-0.53,-0.76,9.63,0.0163,0.0136,-0.0055,92441.64,767.33,0.03,0.0219
154173,-0.49,-0.70,9.62,0.0151,0.0133,-0.0064,92441.64,767.33,0.02,0.0211
154227,-0.49,-0.70,9.62,0.0191,0.0125,-0.0061,92441.64,767.33,0.01,0.0236
154283,-0.53,-0.72,9.64,0.0175,0.0132,-0.0048,92441.64,767.33,0.01,0.0224
154338,-0.51,-0.73,9.62,0.0165,0.0151,-0.0077,92441.61,767.33,0.02,0.0236
154390,-0.53,-0.71,9.61,0.0175,0.0127,-0.0057,92441.61,767.33,0.02,0.0223
154445,-0.51,-0.72,9.62,0.0191,0.0123,-0.0044,92441.61,767.33,0.01,0.0231
154497,-0.50,-0.69,9.62,0.0164,0.0123,-0.0069,92441.61,767.33,0.01,0.0216
154552,-0.54,-0.71,9.63,0.0163,0.0109,-0.0061,92441.61,767.33,0.01,0.0205
154604,-0.53,-0.71,9.62,0.0159,0.0184,-0.0059,92441.61,767.33,0.00,0.0250
154674,-0.53,-0.70,9.62,0.0160,0.0155,-0.0073,92441.61,767.33,0.00,0.0234
154726,-0.50,-0.71,9.62,0.0145,0.0131,-0.0049,92441.61,767.33,0.00,0.0201
154781,-0.49,-0.69,9.61,0.0153,0.0148,-0.0059,92441.61,767.33,0.00,0.0221
154833,-0.53,-0.69,9.62,0.0153,0.0117,-0.0049,92441.61,767.33,0.00,0.0199
154888,-0.51,-0.70,9.62,0.0163,0.0147,-0.0056,92441.44,767.35,0.08,0.0226
154940,-0.52,-0.70,9.64,0.0144,0.0140,-0.0069,92441.44,767.35,0.06,0.0212
154998,-0.53,-0.73,9.64,0.0163,0.0164,-0.0056,92441.44,767.35,0.04,0.0237
155052,-0.53,-0.71,9.62,0.0164,0.0123,-0.0091,92441.44,767.35,0.03,0.0224
155105,-0.49,-0.73,9.64,0.0159,0.0145,-0.0047,92441.44,767.35,0.02,0.0220
155159,-0.53,-0.71,9.61,0.0175,0.0135,-0.0064,92441.44,767.35,0.01,0.0229
155212,-0.53,-0.70,9.63,0.0139,0.0119,-0.0073,92441.44,767.35,0.01,0.0197
155266,-0.53,-0.75,9.62,0.0139,0.0119,-0.0056,92441.44,767.35,0.01,0.0191
155319,-0.51,-0.71,9.62,0.0181,0.0124,-0.0045,92441.44,767.35,0.00,0.0224
155377,-0.51,-0.72,9.62,0.0147,0.0101,-0.0056,92441.44,767.35,0.00,0.0187
155429,-0.51,-0.73,9.62,0.0148,0.0119,-0.0055,92441.23,767.37,0.11,0.0197
155484,-0.54,-0.68,9.61,0.0157,0.0129,-0.0061,92441.23,767.37,0.07,0.0213
155536,-0.50,-0.69,9.62,0.0168,0.0129,-0.0061,92441.23,767.37,0.05,0.0221
155596,-0.53,-0.72,9.65,0.0184,0.0127,-0.0057,92441.23,767.37,0.04,0.0230
155648,-0.51,-0.69,9.63,0.0175,0.0129,-0.0068,92441.23,767.37,0.03,0.0228
155703,-0.52,-0.74,9.65,0.0157,0.0125,-0.0065,92441.23,767.37,0.02,0.0211
155760,-0.52,-0.73,9.61,0.0177,0.0123,-0.0067,92441.23,767.37,0.01,0.0226
155813,-0.53,-0.72,9.63,0.0184,0.0143,-0.0065,92441.23,767.37,0.01,0.0242
155867,-0.54,-0.71,9.61,0.0187,0.0131,-0.0079,92441.23,767.37,0.01,0.0241
155920,-0.50,-0.70,9.61,0.0195,0.0101,-0.0053,92441.23,767.37,0.00,0.0226
155974,-0.51,-0.71,9.62,0.0161,0.0133,-0.0057,92441.55,767.34,-0.15,0.0217
156027,-0.53,-0.71,9.60,0.0151,0.0149,-0.0052,92441.55,767.34,-0.11,0.0218
156081,-0.53,-0.72,9.64,0.0153,0.0164,-0.0059,92441.55,767.34,-0.07,0.0232
156137,-0.54,-0.69,9.66,0.0141,0.0147,-0.0063,92441.55,767.34,-0.05,0.0213
156192,-0.52,-0.71,9.63,0.0149,0.0137,-0.0039,92441.55,767.34,-0.04,0.0206
156244,-0.54,-0.68,9.63,0.0160,0.0144,-0.0049,92441.55,767.34,-0.03,0.0221
156299,-0.50,-0.73,9.62,0.0152,0.0149,-0.0041,92441.55,767.34,-0.02,0.0217
156351,-0.53,-0.72,9.61,0.0156,0.0119,-0.0043,92441.55,767.34,-0.01,0.0200
156406,-0.51,-0.70,9.63,0.0152,0.0149,-0.0061,92441.55,767.34,-0.01,0.0222
156458,-0.49,-0.71,9.63,0.0155,0.0108,-0.0055,92441.55,767.34,-0.01,0.0196
156516,-0.51,-0.69,9.61,0.0144,0.0135,-0.0061,92441.38,767.36,0.07,0.0206
156570,-0.53,-0.72,9.61,0.0153,0.0125,-0.0028,92441.38,767.36,0.05,0.0200
156623,-0.51,-0.70,9.60,0.0159,0.0132,-0.0073,92441.38,767.36,0.04,0.0219
156677,-0.49,-0.72,9.61,0.0175,0.0124,-0.0047,92441.38,767.36,0.03,0.0219
156730,-0.56,-0.72,9.62,0.0192,0.0137,-0.0069,92441.38,767.36,0.02,0.0246
156784,-0.55,-0.71,9.64,0.0148,0.0128,-0.0061,92441.38,767.36,0.01,0.0205
156840,-0.51,-0.71,9.61,0.0165,0.0123,-0.0065,92441.38,767.36,0.01,0.0216
156895,-0.55,-0.70,9.62,0.0168,0.0117,-0.0047,92441.38,767.36,0.01,0.0210
156947,-0.56,-0.71,9.62,0.0153,0.0133,-0.0076,92441.38,767.36,0.00,0.0217
157002,-0.51,-0.72,9.62,0.0155,0.0167,-0.0051,92441.38,767.36,0.00,0.0233
157054,-0.48,-0.70,9.60,0.0164,0.0148,-0.0064,92441.20,767.37,0.09,0.0230
157109,-0.51,-0.72,9.62,0.0181,0.0123,-0.0067,92441.20,767.37,0.06,0.0229
157161,-0.52,-0.72,9.61,0.0157,0.0136,-0.0043,92441.20,767.37,0.04,0.0212
157219,-0.51,-0.76,9.64,0.0164,0.0113,-0.0045,92441.20,767.37,0.03,0.0204
157273,-0.49,-0.71,9.64,0.0172,0.0155,-0.0047,92441.20,767.37,0.02,0.0236
157326,-0.51,-0.69,9.63,0.0133,0.0131,-0.0057,92441.20,767.37,0.02,0.0195
157380,-0.51,-0.70,9.63,0.0163,0.0147,-0.0061,92441.20,767.37,0.01,0.0227
157433,-0.53,-0.73,9.61,0.0151,0.0145,-0.0045,92441.20,767.37,0.01,0.0214
157487,-0.49,-0.73,9.65,0.0160,0.0155,-0.0048,92441.20,767.37,0.01,0.0227
157540,-0.52,-0.73,9.60,0.0176,0.0152,-0.0052,92441.20,767.37,0.00,0.0238
157614,-0.51,-0.71,9.62,0.0152,0.0115,-0.0039,92441.03,767.39,0.07,0.0194
157668,-0.51,-0.70,9.60,0.0132,0.0129,-0.0061,92441.03,767.39,0.05,0.0195
157723,-0.51,-0.69,9.60,0.0143,0.0100,-0.0056,92441.03,767.39,0.03,0.0183
157777,-0.51,-0.73,9.61,0.0160,0.0119,-0.0056,92441.03,767.39,0.02,0.0207
157832,-0.48,-0.71,9.61,0.0159,0.0132,-0.0083,92441.03,767.39,0.02,0.0222
157886,-0.52,-0.68,9.60,0.0161,0.0119,-0.0061,92441.03,767.39,0.01,0.0209
157941,-0.54,-0.71,9.64,0.0145,0.0125,-0.0057,92441.03,767.39,0.01,0.0200
157998,-0.50,-0.71,9.62,0.0173,0.0128,-0.0052,92441.03,767.39,0.01,0.0221
158053,-0.55,-0.69,9.61,0.0177,0.0117,-0.0061,92441.03,767.39,0.00,0.0221
158105,-0.54,-0.70,9.64,0.0172,0.0151,-0.0029,92441.20,767.37,-0.09,0.0230
158160,-0.56,-0.70,9.63,0.0140,0.0144,-0.0047,92441.20,767.37,-0.06,0.0206
158212,-0.53,-0.70,9.61,0.0177,0.0153,-0.0040,92441.20,767.37,-0.04,0.0238
158267,-0.53,-0.72,9.62,0.0177,0.0147,-0.0055,92441.20,767.37,-0.03,0.0236
158319,-0.51,-0.71,9.62,0.0181,0.0127,-0.0063,92441.20,767.37,-0.02,0.0230
158377,-0.51,-0.71,9.62,0.0168,0.0113,-0.0059,92441.20,767.37,-0.01,0.0211
158431,-0.51,-0.74,9.62,0.0152,0.0184,-0.0052,92441.20,767.37,-0.01,0.0244
158484,-0.48,-0.71,9.64,0.0181,0.0157,-0.0041,92441.20,767.37,-0.01,0.0243
158538,-0.54,-0.70,9.63,0.0159,0.0163,-0.0056,92441.20,767.37,-0.01,0.0234
158591,-0.52,-0.70,9.64,0.0144,0.0148,-0.0024,92441.20,767.37,-0.00,0.0208
158645,-0.50,-0.74,9.62,0.0168,0.0125,-0.0049,92441.03,767.39,0.08,0.0215
158701,-0.52,-0.73,9.61,0.0132,0.0136,-0.0047,92441.03,767.39,0.06,0.0195
158756,-0.53,-0.73,9.63,0.0157,0.0127,-0.0055,92441.03,767.39,0.04,0.0209
158808,-0.54,-0.69,9.64,0.0161,0.0112,-0.0061,92441.03,767.39,0.03,0.0206
158863,-0.51,-0.70,9.61,0.0153,0.0124,-0.0061,92441.03,767.39,0.02,0.0206
158915,-0.51,-0.72,9.65,0.0136,0.0121,-0.0060,92441.03,767.39,0.01,0.0192
158970,-0.53,-0.71,9.63,0.0148,0.0123,-0.0053,92441.03,767.39,0.01,0.0199
159022,-0.53,-0.72,9.63,0.0145,0.0139,-0.0057,92441.03,767.39,0.01,0.0209
159080,-0.52,-0.69,9.63,0.0148,0.0156,-0.0056,92441.03,767.39,0.00,0.0222
159134,-0.51,-0.69,9.65,0.0143,0.0139,-0.0060,92441.03,767.39,0.00,0.0208
159187,-0.53,-0.72,9.60,0.0152,0.0157,-0.0049,92441.03,767.39,0.00,0.0224
159241,-0.50,-0.72,9.61,0.0164,0.0155,-0.0071,92441.03,767.39,0.00,0.0236
159294,-0.51,-0.74,9.63,0.0133,0.0119,-0.0055,92441.03,767.39,0.00,0.0187
159348,-0.52,-0.71,9.62,0.0175,0.0168,-0.0061,92441.03,767.39,0.00,0.0250
159401,-0.53,-0.74,9.62,0.0131,0.0159,-0.0087,92441.03,767.39,0.00,0.0223
159459,-0.51,-0.70,9.61,0.0128,0.0147,-0.0077,92441.03,767.39,0.00,0.0209
159511,-0.55,-0.70,9.64,0.0173,0.0115,-0.0044,92441.03,767.39,0.00,0.0212
159566,-0.51,-0.73,9.62,0.0175,0.0121,-0.0063,92441.03,767.39,0.00,0.0222
159623,-0.49,-0.72,9.62,0.0129,0.0139,-0.0053,92441.03,767.39,0.00,0.0197
159678,-0.51,-0.72,9.63,0.0153,0.0141,-0.0043,92441.03,767.39,0.00,0.0213
159730,-0.50,-0.72,9.62,0.0187,0.0124,-0.0051,92441.03,767.39,0.00,0.0230
159785,-0.50,-0.74,9.62,0.0129,0.0147,-0.0060,92441.03,767.39,0.00,0.0204
159841,-0.50,-0.70,9.62,0.0180,0.0128,-0.0073,92441.03,767.39,0.00,0.0233
159894,-0.54,-0.73,9.64,0.0152,0.0141,-0.0073,92441.03,767.39,0.00,0.0220
159948,-0.53,-0.72,9.61,0.0153,0.0119,-0.0073,92441.03,767.39,0.00,0.0207
160001,-0.52,-0.72,9.63,0.0168,0.0135,-0.0056,92441.03,767.39,0.00,0.0222
160055,-0.53,-0.67,9.62,0.0149,0.0137,-0.0075,92441.03,767.39,0.00,0.0216
160108,-0.51,-0.70,9.60,0.0155,0.0157,-0.0059,92441.03,767.39,0.00,0.0228
160162,-0.52,-0.74,9.62,0.0176,0.0129,-0.0064,92441.03,767.39,0.00,0.0227
160218,-0.55,-0.70,9.60,0.0185,0.0140,-0.0059,92440.86,767.40,0.08,0.0239
160273,-0.50,-0.69,9.61,0.0144,0.0137,-0.0045,92440.86,767.40,0.06,0.0204
160325,-0.52,-0.72,9.64,0.0163,0.0127,-0.0060,92440.86,767.40,0.04,0.0215
160380,-0.51,-0.69,9.61,0.0196,0.0137,-0.0100,92440.86,767.40,0.03,0.0259
160432,-0.53,-0.72,9.62,0.0188,0.0137,-0.0060,92440.86,767.40,0.02,0.0240
160487,-0.52,-0.73,9.61,0.0184,0.0131,-0.0053,92440.86,767.40,0.01,0.0232
160553,-0.49,-0.71,9.61,0.0153,0.0123,-0.0063,92440.86,767.40,0.01,0.0206
160608,-0.50,-0.71,9.61,0.0141,0.0117,-0.0037,92440.86,767.40,0.01,0.0187
160660,-0.49,-0.69,9.62,0.0155,0.0127,-0.0053,92440.86,767.40,0.00,0.0207
160715,-0.53,-0.71,9.62,0.0168,0.0137,-0.0052,92440.86,767.40,0.00,0.0223
160767,-0.50,-0.70,9.60,0.0160,0.0151,-0.0067,92440.86,767.40,0.00,0.0229
160822,-0.52,-0.72,9.63,0.0148,0.0164,-0.0049,92440.86,767.40,0.00,0.0226
160874,-0.52,-0.72,9.60,0.0156,0.0108,-0.0051,92440.86,767.40,0.00,0.0196
160932,-0.49,-0.70,9.59,0.0187,0.0137,-0.0071,92440.86,767.40,0.00,0.0242
160986,-0.54,-0.73,9.62,0.0173,0.0157,-0.0055,92440.86,767.40,0.00,0.0240
161039,-0.53,-0.71,9.63,0.0173,0.0128,-0.0067,92440.86,767.40,0.00,0.0225
161093,-0.54,-0.75,9.65,0.0187,0.0119,-0.0079,92440.86,767.40,0.00,0.0235
161146,-0.51,-0.71,9.63,0.0168,0.0133,-0.0044,92440.86,767.40,0.00,0.0219
161200,-0.51,-0.74,9.61,0.0168,0.0133,-0.0065,92440.86,767.40,0.00,0.0224
161253,-0.51,-0.70,9.60,0.0196,0.0132,-0.0072,92440.86,767.40,0.00,0.0247
161311,-0.50,-0.72,9.62,0.0155,0.0108,-0.0045,92441.20,767.37,-0.16,0.0194
161363,-0.52,-0.69,9.63,0.0165,0.0129,-0.0036,92441.20,767.37,-0.11,0.0213
161418,-0.51,-0.72,9.60,0.0152,0.0143,-0.0076,92441.20,767.37,-0.08,0.0222
161470,-0.54,-0.72,9.62,0.0124,0.0143,-0.0063,92441.20,767.37,-0.06,0.0199
161525,-0.48,-0.72,9.62,0.0185,0.0117,-0.0037,92441.20,767.37,-0.04,0.0222
161577,-0.53,-0.72,9.61,0.0156,0.0152,-0.0061,92441.20,767.37,-0.03,0.0226
161637,-0.54,-0.73,9.65,0.0149,0.0136,-0.0057,92441.20,767.37,-0.02,0.0210
161693,-0.52,-0.71,9.61,0.0160,0.0112,-0.0057,92441.20,767.37,-0.01,0.0203
161746,-0.54,-0.68,9.61,0.0185,0.0133,-0.0083,92441.20,767.37,-0.01,0.0243
161800,-0.53,-0.72,9.62,0.0121,0.0125,-0.0077,92441.20,767.37,-0.01,0.0191
161853,-0.53,-0.72,9.64,0.0191,0.0144,-0.0064,92441.06,767.38,0.07,0.0247
161907,-0.51,-0.72,9.65,0.0176,0.0133,-0.0060,92441.06,767.38,0.05,0.0229
161960,-0.54,-0.73,9.61,0.0143,0.0172,-0.0059,92441.06,767.38,0.03,0.0231
162014,-0.52,-0.72,9.62,0.0171,0.0141,-0.0057,92441.06,767.38,0.02,0.0229
162070,-0.54,-0.72,9.63,0.0177,0.0140,-0.0071,92441.06,767.38,0.02,0.0237
162125,-0.49,-0.71,9.66,0.0168,0.0143,-0.0061,92441.06,767.38,0.01,0.0229
162177,-0.51,-0.68,9.64,0.0157,0.0125,-0.0052,92441.06,767.38,0.01,0.0208
162232,-0.52,-0.71,9.63,0.0159,0.0151,-0.0045,92441.06,767.38,0.01,0.0223
162284,-0.50,-0.71,9.62,0.0156,0.0163,-0.0056,92441.06,767.38,0.00,0.0232
162339,-0.54,-0.70,9.62,0.0164,0.0129,-0.0060,92441.06,767.38,0.00,0.0217
162395,-0.53,-0.73,9.63,0.0167,0.0127,-0.0056,92440.92,767.40,0.07,0.0217
162448,-0.52,-0.74,9.64,0.0140,0.0129,-0.0061,92440.92,767.40,0.05,0.0200
162502,-0.51,-0.73,9.63,0.0179,0.0128,-0.0056,92440.92,767.40,0.04,0.0227
162555,-0.51,-0.72,9.62,0.0137,0.0104,-0.0024,92440.92,767.40,0.02,0.0174
162609,-0.50,-0.72,9.60,0.0168,0.0161,-0.0073,92440.92,767.40,0.02,0.0244
162662,-0.53,-0.70,9.62,0.0159,0.0132,-0.0051,92440.92,767.40,0.01,0.0212
162716,-0.50,-0.70,9.61,0.0168,0.0141,-0.0065,92440.92,767.40,0.01,0.0229
162772,-0.51,-0.71,9.64,0.0161,0.0136,-0.0073,92440.92,767.40,0.01,0.0223
162827,-0.50,-0.72,9.63,0.0168,0.0139,-0.0088,92440.92,767.40,0.00,0.0235
162879,-0.51,-0.71,9.61,0.0184,0.0147,-0.0064,92440.92,767.40,0.00,0.0244
162934,-0.54,-0.71,9.63,0.0137,0.0131,-0.0047,92441.09,767.38,-0.08,0.0195
162986,-0.48,-0.73,9.60,0.0152,0.0129,-0.0045,92441.09,767.38,-0.06,0.0205
163041,-0.53,-0.71,9.64,0.0176,0.0123,-0.0068,92441.09,767.38,-0.04,0.0225
163093,-0.54,-0.74,9.62,0.0176,0.0152,-0.0051,92441.09,767.38,-0.03,0.0238
163151,-0.51,-0.72,9.62,0.0145,0.0143,-0.0047,92441.09,767.38,-0.02,0.0209
163205,-0.49,-0.71,9.62,0.0183,0.0119,-0.0076,92441.09,767.38,-0.01,0.0231
163258,-0.50,-0.70,9.65,0.0151,0.0136,-0.0053,92441.09,767.38,-0.01,0.0210
163312,-0.51,-0.72,9.64,0.0151,0.0124,-0.0051,92441.09,767.38,-0.01,0.0201
163365,-0.51,-0.72,9.63,0.0165,0.0137,-0.0037,92441.09,767.38,-0.00,0.0218
163419,-0.51,-0.71,9.63,0.0167,0.0159,-0.0068,92440.92,767.40,0.08,0.0240
163472,-0.50,-0.69,9.63,0.0152,0.0152,-0.0064,92440.92,767.40,0.06,0.0224
163540,-0.52,-0.66,9.62,0.0147,0.0155,-0.0047,92440.92,767.40,0.04,0.0218
163593,-0.52,-0.68,9.63,0.0161,0.0113,-0.0051,92440.92,767.40,0.03,0.0203
163652,-0.53,-0.74,9.62,0.0173,0.0141,-0.0056,92440.92,767.40,0.02,0.0230
163705,-0.52,-0.71,9.63,0.0159,0.0129,-0.0069,92440.92,767.40,0.01,0.0216
163759,-0.49,-0.71,9.65,0.0153,0.0112,-0.0068,92440.92,767.40,0.01,0.0202
163812,-0.49,-0.72,9.62,0.0147,0.0160,-0.0061,92440.92,767.40,0.01,0.0225
163866,-0.50,-0.71,9.60,0.0171,0.0156,-0.0053,92440.92,767.40,0.00,0.0237
163922,-0.52,-0.72,9.61,0.0149,0.0128,-0.0072,92440.92,767.40,0.00,0.0209
163977,-0.51,-0.72,9.62,0.0145,0.0140,-0.0061,92441.09,767.38,-0.08,0.0211
164029,-0.52,-0.72,9.63,0.0129,0.0143,-0.0073,92441.09,767.38,-0.06,0.0206
164084,-0.51,-0.73,9.61,0.0167,0.0112,-0.0063,92441.09,767.38,-0.04,0.0210
164136,-0.53,-0.70,9.64,0.0171,0.0145,-0.0055,92441.09,767.38,-0.03,0.0231
164191,-0.52,-0.71,9.64,0.0152,0.0143,-0.0075,92441.09,767.38,-0.02,0.0221
164247,-0.52,-0.70,9.65,0.0168,0.0111,-0.0048,92441.09,767.38,-0.01,0.0207
164300,-0.51,-0.68,9.63,0.0151,0.0157,-0.0073,92441.09,767.38,-0.01,0.0230
164354,-0.48,-0.72,9.63,0.0155,0.0137,-0.0057,92441.09,767.38,-0.01,0.0214
164407,-0.51,-0.74,9.64,0.0172,0.0135,-0.0040,92441.09,767.38,-0.00,0.0222
164461,-0.53,-0.73,9.65,0.0165,0.0140,-0.0049,92441.09,767.38,-0.00,0.0222
164514,-0.51,-0.72,9.61,0.0176,0.0135,-0.0051,92441.27,767.37,-0.09,0.0227
164568,-0.53,-0.73,9.62,0.0179,0.0124,-0.0061,92441.27,767.37,-0.06,0.0226
164624,-0.52,-0.73,9.62,0.0155,0.0143,-0.0069,92441.27,767.37,-0.04,0.0221
164679,-0.49,-0.74,9.63,0.0145,0.0149,-0.0037,92441.27,767.37,-0.03,0.0212
164731,-0.51,-0.71,9.64,0.0157,0.0141,-0.0049,92441.27,767.37,-0.02,0.0217
164786,-0.52,-0.69,9.62,0.0163,0.0139,-0.0069,92441.27,767.37,-0.01,0.0225
164838,-0.51,-0.69,9.65,0.0164,0.0133,-0.0061,92441.27,767.37,-0.01,0.0220
164893,-0.51,-0.68,9.62,0.0157,0.0105,-0.0067,92441.27,767.37,-0.01,0.0201
164945,-0.53,-0.72,9.65,0.0123,0.0105,-0.0052,92441.27,767.37,-0.01,0.0170
165003,-0.50,-0.70,9.65,0.0168,0.0132,-0.0045,92441.27,767.37,-0.00,0.0218
165057,-0.50,-0.72,9.65,0.0165,0.0135,-0.0052,92441.09,767.38,0.08,0.0219
165110,-0.53,-0.72,9.63,0.0153,0.0139,-0.0061,92441.09,767.38,0.06,0.0215
165164,-0.50,-0.71,9.62,0.0171,0.0136,-0.0056,92441.09,767.38,0.04,0.0225
165217,-0.52,-0.69,9.64,0.0167,0.0120,-0.0035,92441.09,767.38,0.03,0.0208
165271,-0.52,-0.73,9.65,0.0167,0.0141,-0.0072,92441.09,767.38,0.02,0.0230
165324,-0.51,-0.71,9.62,0.0141,0.0155,-0.0051,92441.09,767.38,0.01,0.0215
165382,-0.52,-0.71,9.63,0.0155,0.0116,-0.0063,92441.09,767.38,0.01,0.0203
165434,-0.54,-0.71,9.62,0.0148,0.0151,-0.0047,92441.09,767.38,0.01,0.0216
165489,-0.47,-0.69,9.61,0.0160,0.0123,-0.0059,92441.09,767.38,0.00,0.0210
165541,-0.53,-0.71,9.63,0.0168,0.0133,-0.0060,92441.09,767.38,0.00,0.0223
165595,-0.57,-0.71,9.62,0.0124,0.0096,-0.0059,92441.09,767.38,0.00,0.0167
165647,-0.51,-0.73,9.63,0.0191,0.0121,-0.0048,92441.09,767.38,0.00,0.0231
165704,-0.52,-0.70,9.65,0.0176,0.0121,-0.0075,92441.09,767.38,0.00,0.0226
165786,-0.51,-0.71,9.65,0.0147,0.0116,-0.0100,92441.09,767.38,0.00,0.0212
165853,-0.49,-0.70,9.65,0.0164,0.0132,-0.0080,92441.09,767.38,0.00,0.0225
165922,-0.49,-0.73,9.62,0.0155,0.0111,-0.0059,92441.09,767.38,0.00,0.0199
166015,-0.51,-0.69,9.63,0.0152,0.0131,-0.0029,92441.09,767.38,0.00,0.0202
166069,-0.51,-0.71,9.64,0.0161,0.0131,-0.0052,92441.09,767.38,0.00,0.0214
166122,-0.51,-0.72,9.61,0.0152,0.0111,-0.0065,92441.09,767.38,0.00,0.0199
166180,-0.51,-0.68,9.59,0.0149,0.0113,-0.0045,92441.09,767.38,0.00,0.0193
166232,-0.50,-0.72,9.64,0.0151,0.0135,-0.0053,92441.09,767.38,0.00,0.0209
166287,-0.48,-0.70,9.62,0.0164,0.0135,-0.0055,92441.09,767.38,0.00,0.0219
166339,-0.52,-0.71,9.63,0.0153,0.0135,-0.0048,92441.09,767.38,0.00,0.0209
166394,-0.50,-0.74,9.62,0.0172,0.0125,-0.0041,92441.09,767.38,0.00,0.0217
166446,-0.48,-0.74,9.62,0.0160,0.0152,-0.0063,92441.09,767.38,0.00,0.0229
166501,-0.51,-0.72,9.65,0.0164,0.0136,-0.0069,92441.09,767.38,0.00,0.0224
166567,-0.48,-0.72,9.61,0.0163,0.0115,-0.0047,92441.09,767.38,0.00,0.0204
166622,-0.50,-0.71,9.61,0.0183,0.0115,-0.0091,92441.23,767.37,-0.07,0.0234
166674,-0.53,-0.70,9.62,0.0163,0.0139,-0.0067,92441.23,767.37,-0.05,0.0224
166729,-0.51,-0.73,9.61,0.0131,0.0131,-0.0051,92441.23,767.37,-0.03,0.0191
166781,-0.52,-0.70,9.62,0.0163,0.0115,-0.0055,92441.23,767.37,-0.02,0.0206
166836,-0.52,-0.73,9.62,0.0159,0.0135,-0.0064,92441.23,767.37,-0.02,0.0218
166888,-0.49,-0.71,9.63,0.0157,0.0121,-0.0055,92441.23,767.37,-0.01,0.0206
166946,-0.52,-0.71,9.63,0.0156,0.0159,-0.0067,92441.23,767.37,-0.01,0.0232
167000,-0.53,-0.74,9.61,0.0121,0.0133,-0.0048,92441.23,767.37,-0.01,0.0186
167053,-0.50,-0.72,9.62,0.0156,0.0145,-0.0085,92441.23,767.37,-0.00,0.0229
167107,-0.52,-0.70,9.65,0.0172,0.0128,-0.0072,92441.23,767.37,-0.00,0.0226
167160,-0.50,-0.73,9.63,0.0159,0.0140,-0.0071,92441.03,767.39,0.10,0.0223
167214,-0.51,-0.71,9.63,0.0115,0.0149,-0.0055,92441.03,767.39,0.07,0.0196
167267,-0.51,-0.69,9.62,0.0121,0.0117,-0.0092,92441.03,767.39,0.05,0.0192
167325,-0.52,-0.71,9.63,0.0172,0.0136,-0.0063,92441.03,767.39,0.04,0.0228
167377,-0.50,-0.69,9.61,0.0156,0.0129,-0.0044,92441.03,767.39,0.02,0.0207
167432,-0.52,-0.73,9.62,0.0147,0.0161,-0.0067,92441.03,767.39,0.02,0.0228
167484,-0.51,-0.69,9.63,0.0176,0.0099,-0.0057,92441.03,767.39,0.01,0.0210
167539,-0.49,-0.69,9.60,0.0149,0.0129,-0.0077,92441.03,767.39,0.01,0.0212
167591,-0.52,-0.70,9.63,0.0171,0.0133,-0.0040,92441.03,767.39,0.01,0.0220
167646,-0.52,-0.72,9.63,0.0156,0.0153,-0.0060,92441.03,767.39,0.00,0.0227
167707,-0.49,-0.68,9.63,0.0168,0.0152,-0.0052,92441.38,767.36,-0.15,0.0232
167760,-0.53,-0.71,9.62,0.0151,0.0129,-0.0049,92441.38,767.36,-0.10,0.0204
167814,-0.51,-0.70,9.60,0.0160,0.0132,-0.0069,92441.38,767.36,-0.07,0.0219
167867,-0.50,-0.73,9.62,0.0173,0.0128,-0.0060,92441.38,767.36,-0.05,0.0223
167921,-0.52,-0.70,9.65,0.0141,0.0151,-0.0064,92441.38,767.36,-0.04,0.0216
167974,-0.53,-0.70,9.62,0.0164,0.0108,-0.0064,92441.38,767.36,-0.03,0.0206
168032,-0.50,-0.70,9.62,0.0175,0.0112,-0.0048,92441.38,767.36,-0.02,0.0213
168084,-0.52,-0.72,9.61,0.0153,0.0133,-0.0048,92441.38,767.36,-0.01,0.0209
168139,-0.51,-0.72,9.63,0.0157,0.0136,-0.0055,92441.38,767.36,-0.01,0.0215
168191,-0.51,-0.71,9.62,0.0163,0.0135,-0.0053,92441.38,767.36,-0.01,0.0218
168246,-0.53,-0.72,9.62,0.0163,0.0137,-0.0068,92441.20,767.37,0.08,0.0223
168298,-0.47,-0.72,9.62,0.0153,0.0144,-0.0071,92441.20,767.37,0.06,0.0222
168353,-0.52,-0.66,9.63,0.0136,0.0105,-0.0052,92441.20,767.37,0.04,0.0180
168409,-0.52,-0.69,9.62,0.0165,0.0128,-0.0064,92441.20,767.37,0.03,0.0218
168462,-0.50,-0.72,9.62,0.0135,0.0135,-0.0052,92441.20,767.37,0.02,0.0197
168516,-0.52,-0.76,9.63,0.0173,0.0149,-0.0045,92441.20,767.37,0.01,0.0233
168569,-0.51,-0.72,9.63,0.0157,0.0133,-0.0045,92441.20,767.37,0.01,0.0211
168623,-0.54,-0.75,9.63,0.0159,0.0133,-0.0071,92441.20,767.37,0.01,0.0219
168676,-0.51,-0.72,9.62,0.0168,0.0135,-0.0087,92441.20,767.37,0.00,0.0232
168730,-0.50,-0.71,9.60,0.0139,0.0144,-0.0063,92441.20,767.37,0.00,0.0209
168786,-0.52,-0.67,9.63,0.0136,0.0112,-0.0047,92441.38,767.36,-0.08,0.0182
168841,-0.53,-0.72,9.63,0.0153,0.0115,-0.0067,92441.38,767.36,-0.06,0.0203
168893,-0.52,-0.70,9.63,0.0151,0.0153,-0.0076,92441.38,767.36,-0.04,0.0228
168948,-0.54,-0.72,9.61,0.0145,0.0131,-0.0073,92441.38,767.36,-0.03,0.0209
169000,-0.52,-0.71,9.65,0.0153,0.0145,-0.0055,92441.38,767.36,-0.02,0.0218
169055,-0.51,-0.75,9.62,0.0148,0.0119,-0.0033,92441.38,767.36,-0.01,0.0192
169107,-0.52,-0.73,9.65,0.0173,0.0129,-0.0060,92441.38,767.36,-0.01,0.0224
169165,-0.53,-0.75,9.63,0.0160,0.0152,-0.0057,92441.38,767.36,-0.01,0.0228
169219,-0.52,-0.71,9.63,0.0141,0.0136,-0.0063,92441.38,767.36,-0.00,0.0206
169272,-0.52,-0.73,9.65,0.0164,0.0108,-0.0056,92441.38,767.36,-0.00,0.0204
169326,-0.54,-0.72,9.65,0.0149,0.0152,-0.0072,92441.20,767.37,0.09,0.0225
169379,-0.48,-0.72,9.64,0.0172,0.0145,-0.0072,92441.20,767.37,0.06,0.0236
169433,-0.53,-0.73,9.66,0.0156,0.0144,-0.0055,92441.20,767.37,0.04,0.0219
169501,-0.54,-0.71,9.61,0.0168,0.0148,-0.0047,92441.20,767.37,0.03,0.0229
169555,-0.50,-0.69,9.64,0.0164,0.0141,-0.0056,92441.20,767.37,0.02,0.0223
169608,-0.48,-0.70,9.61,0.0147,0.0143,-0.0052,92441.20,767.37,0.01,0.0211
169662,-0.52,-0.70,9.62,0.0168,0.0143,-0.0044,92441.20,767.37,0.01,0.0225
169720,-0.55,-0.74,9.67,0.0153,0.0101,-0.0049,92441.20,767.37,0.01,0.0190
169774,-0.53,-0.72,9.61,0.0129,0.0165,-0.0056,92441.20,767.37,0.01,0.0217
169827,-0.51,-0.71,9.62,0.0157,0.0119,-0.0039,92441.52,767.34,-0.16,0.0201
169885,-0.54,-0.70,9.62,0.0168,0.0109,-0.0068,92441.52,767.34,-0.11,0.0212
169937,-0.52,-0.72,9.64,0.0164,0.0133,-0.0060,92441.52,767.34,-0.08,0.0220
169992,-0.52,-0.70,9.61,0.0155,0.0157,-0.0051,92441.52,767.34,-0.05,0.0226
170044,-0.52,-0.72,9.64,0.0145,0.0119,-0.0065,92441.52,767.34,-0.04,0.0199
170099,-0.49,-0.69,9.60,0.0153,0.0121,-0.0073,92441.52,767.34,-0.03,0.0209
170151,-0.53,-0.71,9.62,0.0145,0.0144,-0.0076,92441.52,767.34,-0.02,0.0218
170206,-0.51,-0.71,9.64,0.0160,0.0119,-0.0055,92441.52,767.34,-0.01,0.0206
170263,-0.57,-0.74,9.62,0.0177,0.0144,-0.0056,92441.52,767.34,-0.01,0.0235
170316,-0.51,-0.74,9.63,0.0155,0.0107,-0.0043,92441.52,767.34,-0.01,0.0193
170370,-0.50,-0.71,9.64,0.0168,0.0131,-0.0056,92441.51,767.34,-0.00,0.0220
170423,-0.50,-0.69,9.64,0.0175,0.0155,-0.0071,92441.51,767.34,-0.00,0.0244
170477,-0.50,-0.70,9.61,0.0145,0.0136,-0.0041,92441.51,767.34,-0.00,0.0203
170530,-0.55,-0.70,9.62,0.0151,0.0148,-0.0059,92441.51,767.34,-0.00,0.0219
170584,-0.51,-0.72,9.64,0.0141,0.0163,-0.0060,92441.51,767.34,-0.00,0.0224
170640,-0.49,-0.73,9.66,0.0155,0.0152,-0.0053,92441.51,767.34,-0.00,0.0223
170695,-0.50,-0.72,9.62,0.0156,0.0143,-0.0045,92441.51,767.34,-0.00,0.0216
170747,-0.48,-0.72,9.63,0.0161,0.0159,-0.0051,92441.51,767.34,-0.00,0.0232
170802,-0.48,-0.70,9.67,0.0148,0.0137,-0.0044,92441.51,767.34,-0.00,0.0206
170854,-0.53,-0.70,9.66,0.0173,0.0132,-0.0055,92441.51,767.34,-0.00,0.0224
170909,-0.51,-0.71,9.59,0.0172,0.0120,-0.0069,92441.65,767.33,-0.07,0.0221
170966,-0.52,-0.72,9.64,0.0133,0.0149,-0.0063,92441.65,767.33,-0.05,0.0210
171019,-0.51,-0.71,9.64,0.0164,0.0136,-0.0068,92441.65,767.33,-0.03,0.0223
171073,-0.54,-0.73,9.62,0.0183,0.0167,-0.0063,92441.65,767.33,-0.02,0.0255
171126,-0.51,-0.72,9.65,0.0165,0.0139,-0.0063,92441.65,767.33,-0.02,0.0225
171180,-0.51,-0.73,9.66,0.0181,0.0151,-0.0063,92441.65,767.33,-0.01,0.0244
171233,-0.53,-0.69,9.62,0.0160,0.0149,-0.0048,92441.65,767.33,-0.01,0.0224
171287,-0.52,-0.72,9.65,0.0155,0.0143,-0.0056,92441.65,767.33,-0.01,0.0218
171343,-0.49,-0.71,9.63,0.0192,0.0123,-0.0044,92441.65,767.33,-0.00,0.0232
171398,-0.51,-0.74,9.65,0.0159,0.0140,-0.0040,92441.65,767.33,-0.00,0.0215
171450,-0.50,-0.72,9.64,0.0156,0.0144,-0.0063,92441.63,767.33,0.01,0.0221
171505,-0.50,-0.71,9.63,0.0156,0.0181,-0.0069,92441.63,767.33,0.01,0.0249
171557,-0.54,-0.67,9.64,0.0143,0.0139,-0.0071,92441.63,767.33,0.01,0.0211
171612,-0.52,-0.71,9.65,0.0159,0.0149,-0.0051,92441.63,767.33,0.00,0.0224
171664,-0.52,-0.68,9.63,0.0177,0.0120,-0.0077,92441.63,767.33,0.00,0.0227
171727,-0.54,-0.69,9.63,0.0133,0.0128,-0.0069,92441.63,767.33,0.00,0.0197
171781,-0.53,-0.71,9.63,0.0157,0.0108,-0.0068,92441.63,767.33,0.00,0.0202
171834,-0.50,-0.72,9.61,0.0155,0.0147,-0.0045,92441.63,767.33,0.00,0.0218
171888,-0.54,-0.72,9.61,0.0120,0.0131,-0.0052,92441.63,767.33,0.00,0.0185
171941,-0.56,-0.73,9.62,0.0171,0.0140,-0.0051,92441.63,767.33,0.00,0.0226
171995,-0.47,-0.69,9.63,0.0160,0.0121,-0.0061,92441.62,767.33,0.00,0.0210
172048,-0.52,-0.70,9.64,0.0175,0.0087,-0.0067,92441.62,767.33,0.00,0.0206
172106,-0.55,-0.72,9.61,0.0161,0.0133,-0.0072,92441.62,767.33,0.00,0.0221
172158,-0.52,-0.73,9.62,0.0179,0.0137,-0.0047,92441.62,767.33,0.00,0.0230
172213,-0.50,-0.70,9.62,0.0159,0.0128,-0.0076,92441.62,767.33,0.00,0.0217
172265,-0.56,-0.73,9.64,0.0149,0.0140,-0.0031,92441.62,767.33,0.00,0.0207
172320,-0.52,-0.72,9.65,0.0171,0.0121,-0.0039,92441.62,767.33,0.00,0.0213
172372,-0.52,-0.70,9.63,0.0164,0.0133,-0.0028,92441.62,767.33,0.00,0.0213
172427,-0.52,-0.72,9.63,0.0116,0.0119,-0.0076,92441.62,767.33,0.00,0.0182
172494,-0.54,-0.70,9.64,0.0137,0.0117,-0.0044,92441.62,767.33,0.00,0.0186
172549,-0.50,-0.74,9.62,0.0143,0.0151,-0.0055,92441.61,767.33,0.01,0.0214
172601,-0.50,-0.73,9.64,0.0119,0.0127,-0.0061,92441.61,767.33,0.00,0.0184
172656,-0.51,-0.68,9.64,0.0167,0.0156,-0.0056,92441.61,767.33,0.00,0.0235
172708,-0.51,-0.70,9.62,0.0155,0.0140,-0.0052,92441.61,767.33,0.00,0.0215
172763,-0.53,-0.72,9.65,0.0168,0.0121,-0.0052,92441.61,767.33,0.00,0.0213
172820,-0.53,-0.73,9.64,0.0157,0.0127,-0.0037,92441.61,767.33,0.00,0.0205
172873,-0.51,-0.74,9.64,0.0187,0.0120,-0.0059,92441.61,767.33,0.00,0.0229
172927,-0.53,-0.71,9.63,0.0137,0.0171,-0.0068,92441.61,767.33,0.00,0.0229
172980,-0.51,-0.71,9.61,0.0148,0.0135,-0.0063,92441.61,767.33,0.00,0.0210
173034,-0.51,-0.70,9.63,0.0164,0.0139,-0.0067,92441.75,767.32,-0.07,0.0225
173087,-0.55,-0.72,9.63,0.0177,0.0145,-0.0051,92441.75,767.32,-0.05,0.0235
173141,-0.52,-0.70,9.63,0.0159,0.0135,-0.0053,92441.75,767.32,-0.04,0.0215
173197,-0.49,-0.73,9.60,0.0147,0.0145,-0.0061,92441.75,767.32,-0.02,0.0215
173252,-0.49,-0.73,9.63,0.0151,0.0135,-0.0051,92441.75,767.32,-0.02,0.0208
173304,-0.52,-0.71,9.62,0.0133,0.0120,-0.0033,92441.75,767.32,-0.01,0.0182
173359,-0.53,-0.71,9.62,0.0147,0.0119,-0.0065,92441.75,767.32,-0.01,0.0200
173411,-0.49,-0.70,9.64,0.0165,0.0147,-0.0041,92441.75,767.32,-0.01,0.0225
173466,-0.53,-0.73,9.63,0.0156,0.0133,-0.0063,92441.75,767.32,-0.00,0.0214
173518,-0.51,-0.73,9.63,0.0171,0.0145,-0.0060,92441.75,767.32,-0.00,0.0232
173576,-0.52,-0.74,9.62,0.0168,0.0115,-0.0063,92441.75,767.32,-0.00,0.0213
173630,-0.49,-0.71,9.62,0.0136,0.0129,-0.0057,92441.75,767.32,-0.00,0.0196
173683,-0.50,-0.69,9.63,0.0183,0.0112,-0.0039,92441.75,767.32,-0.00,0.0218
173742,-0.55,-0.71,9.62,0.0192,0.0124,-0.0077,92441.75,767.32,-0.00,0.0241
173795,-0.49,-0.70,9.65,0.0160,0.0124,-0.0068,92441.75,767.32,-0.00,0.0213
173849,-0.54,-0.69,9.64,0.0141,0.0124,-0.0057,92441.75,767.32,-0.00,0.0196
173902,-0.53,-0.72,9.64,0.0159,0.0141,-0.0067,92441.75,767.32,-0.00,0.0223
173960,-0.53,-0.71,9.66,0.0157,0.0109,-0.0045,92441.75,767.32,-0.00,0.0197
174012,-0.53,-0.71,9.63,0.0127,0.0148,-0.0068,92441.75,767.32,-0.00,0.0206
174067,-0.52,-0.70,9.63,0.0155,0.0141,-0.0040,92441.75,767.32,-0.00,0.0213
174119,-0.53,-0.70,9.61,0.0133,0.0133,-0.0063,92441.55,767.34,0.11,0.0199
174174,-0.50,-0.72,9.63,0.0168,0.0144,-0.0053,92441.55,767.34,0.07,0.0227
174226,-0.55,-0.72,9.61,0.0193,0.0153,-0.0063,92441.55,767.34,0.05,0.0254
174284,-0.52,-0.72,9.64,0.0165,0.0140,-0.0056,92441.55,767.34,0.04,0.0224
174338,-0.51,-0.72,9.62,0.0139,0.0147,-0.0057,92441.55,767.34,0.03,0.0210
174391,-0.53,-0.72,9.61,0.0164,0.0119,-0.0064,92441.55,767.34,0.02,0.0212
174445,-0.53,-0.71,9.63,0.0141,0.0160,-0.0061,92441.55,767.34,0.01,0.0222
174498,-0.51,-0.69,9.61,0.0156,0.0133,-0.0061,92441.55,767.34,0.01,0.0214
174552,-0.50,-0.73,9.60,0.0164,0.0127,-0.0059,92441.55,767.34,0.01,0.0215
174605,-0.52,-0.71,9.62,0.0180,0.0125,-0.0047,92441.55,767.34,0.00,0.0224
174663,-0.51,-0.74,9.63,0.0168,0.0104,-0.0077,92441.52,767.34,0.02,0.0212
174715,-0.49,-0.69,9.62,0.0175,0.0125,-0.0055,92441.52,767.34,0.01,0.0222
174770,-0.52,-0.72,9.64,0.0184,0.0127,-0.0061,92441.52,767.34,0.01,0.0231
174822,-0.50,-0.72,9.61,0.0144,0.0123,-0.0067,92441.52,767.34,0.01,0.0200
174877,-0.49,-0.70,9.61,0.0171,0.0117,-0.0077,92441.52,767.34,0.00,0.0221
174929,-0.54,-0.70,9.64,0.0144,0.0129,-0.0068,92441.52,767.34,0.00,0.0205
174984,-0.55,-0.72,9.64,0.0143,0.0157,-0.0072,92441.52,767.34,0.00,0.0224
175041,-0.50,-0.72,9.63,0.0151,0.0139,-0.0079,92441.52,767.34,0.00,0.0219
175094,-0.51,-0.72,9.63,0.0157,0.0135,-0.0071,92441.52,767.34,0.00,0.0219
175148,-0.49,-0.72,9.65,0.0151,0.0137,-0.0045,92441.52,767.34,0.00,0.0209
175201,-0.53,-0.70,9.64,0.0164,0.0129,-0.0057,92441.69,767.33,-0.09,0.0216
175255,-0.51,-0.69,9.63,0.0157,0.0101,-0.0045,92441.69,767.33,-0.06,0.0192
175308,-0.52,-0.71,9.62,0.0153,0.0132,-0.0057,92441.69,767.33,-0.04,0.0210
175362,-0.51,-0.71,9.61,0.0147,0.0144,-0.0056,92441.69,767.33,-0.03,0.0213
175430,-0.49,-0.71,9.65,0.0176,0.0120,-0.0061,92441.69,767.33,-0.02,0.0222
175484,-0.53,-0.72,9.63,0.0171,0.0108,-0.0072,92441.69,767.33,-0.01,0.0214
175538,-0.51,-0.72,9.63,0.0148,0.0140,-0.0067,92441.69,767.33,-0.01,0.0214
175592,-0.51,-0.72,9.62,0.0128,0.0140,-0.0076,92441.69,767.33,-0.01,0.0204
175645,-0.50,-0.71,9.62,0.0145,0.0153,-0.0069,92441.69,767.33,-0.01,0.0222
175699,-0.51,-0.73,9.61,0.0161,0.0133,-0.0061,92441.69,767.42,0.51,0.0218
175757,-0.47,-0.72,9.63,0.0176,0.0129,-0.0055,92441.34,767.36,0.04,0.0225
175815,-0.52,-0.70,9.64,0.0175,0.0121,-0.0065,92441.34,767.36,0.03,0.0222
175867,-0.48,-0.68,9.64,0.0163,0.0136,-0.0068,92441.34,767.36,0.02,0.0222
175922,-0.52,-0.74,9.63,0.0167,0.0124,-0.0049,92441.34,767.36,0.01,0.0213
175974,-0.54,-0.69,9.63,0.0141,0.0136,-0.0048,92441.34,767.36,0.01,0.0202
176029,-0.52,-0.72,9.61,0.0180,0.0149,-0.0055,92441.34,767.36,0.01,0.0240
176081,-0.52,-0.69,9.64,0.0159,0.0123,-0.0037,92441.34,767.36,0.00,0.0204
176136,-0.51,-0.71,9.64,0.0160,0.0127,-0.0036,92441.34,767.36,0.00,0.0207
176186,-0.50,-0.68,9.64,0.0151,0.0125,-0.0055,92441.34,767.36,0.00,0.0203
176241,-0.53,-0.71,9.63,0.0157,0.0111,-0.0057,92441.31,767.36,0.02,0.0201
176293,-0.50,-0.73,9.63,0.0168,0.0132,-0.0061,92441.31,767.36,0.01,0.0222
176348,-0.51,-0.69,9.61,0.0173,0.0133,-0.0055,92441.31,767.36,0.01,0.0225
176400,-0.51,-0.72,9.60,0.0168,0.0116,-0.0053,92441.31,767.36,0.01,0.0211
176455,-0.52,-0.70,9.64,0.0168,0.0145,-0.0064,92441.31,767.36,0.00,0.0231
176512,-0.52,-0.72,9.62,0.0172,0.0153,-0.0068,92441.31,767.36,0.00,0.0240
176565,-0.53,-0.70,9.64,0.0165,0.0123,-0.0069,92441.31,767.36,0.00,0.0217
176619,-0.51,-0.72,9.64,0.0172,0.0157,-0.0065,92441.31,767.36,0.00,0.0242
176672,-0.52,-0.69,9.64,0.0152,0.0141,-0.0047,92441.31,767.36,0.00,0.0213
176726,-0.50,-0.73,9.62,0.0148,0.0123,-0.0055,92441.31,767.36,0.00,0.0200
176779,-0.52,-0.69,9.63,0.0177,0.0123,-0.0077,92441.45,767.35,-0.07,0.0229
176833,-0.52,-0.72,9.64,0.0163,0.0136,-0.0061,92441.45,767.35,-0.05,0.0221
176889,-0.52,-0.74,9.63,0.0165,0.0140,-0.0075,92441.45,767.35,-0.03,0.0229
176944,-0.53,-0.71,9.62,0.0141,0.0156,-0.0057,92441.45,767.35,-0.02,0.0218
176996,-0.52,-0.72,9.65,0.0152,0.0104,-0.0061,92441.45,767.35,-0.02,0.0194
177051,-0.52,-0.72,9.62,0.0148,0.0151,-0.0059,92441.45,767.35,-0.01,0.0219
177103,-0.56,-0.70,9.64,0.0155,0.0091,-0.0055,92441.45,767.35,-0.01,0.0187
177158,-0.53,-0.71,9.62,0.0183,0.0108,-0.0068,92441.45,767.35,-0.01,0.0223
177210,-0.56,-0.73,9.61,0.0173,0.0117,-0.0081,92441.45,767.35,-0.00,0.0224
177268,-0.51,-0.73,9.62,0.0152,0.0135,-0.0052,92441.45,767.35,-0.00,0.0209
177322,-0.55,-0.73,9.64,0.0141,0.0123,-0.0052,92441.42,767.35,0.01,0.0194
177375,-0.49,-0.72,9.62,0.0157,0.0160,-0.0049,92441.42,767.35,0.01,0.0230
177429,-0.54,-0.70,9.62,0.0172,0.0121,-0.0073,92441.42,767.35,0.01,0.0223
177482,-0.50,-0.68,9.59,0.0183,0.0139,-0.0063,92441.42,767.35,0.00,0.0238
177536,-0.48,-0.70,9.62,0.0148,0.0132,-0.0071,92441.42,767.35,0.00,0.0210
177589,-0.54,-0.73,9.64,0.0153,0.0157,-0.0055,92441.42,767.35,0.00,0.0226
177647,-0.50,-0.71,9.62,0.0153,0.0109,-0.0067,92441.42,767.35,0.00,0.0200
177699,-0.51,-0.71,9.61,0.0141,0.0112,-0.0067,92441.42,767.35,0.00,0.0192
177759,-0.49,-0.73,9.62,0.0140,0.0132,-0.0084,92441.42,767.35,0.00,0.0210
177811,-0.50,-0.69,9.62,0.0168,0.0148,-0.0084,92441.42,767.35,0.00,0.0239
177866,-0.52,-0.70,9.64,0.0179,0.0125,-0.0048,92441.42,767.35,0.00,0.0223
177918,-0.49,-0.70,9.61,0.0149,0.0148,-0.0059,92441.42,767.35,0.00,0.0218
177973,-0.53,-0.74,9.62,0.0151,0.0168,-0.0053,92441.42,767.35,0.00,0.0232
178023,-0.51,-0.71,9.65,0.0145,0.0149,-0.0043,92441.42,767.35,0.00,0.0213
178078,-0.51,-0.73,9.61,0.0136,0.0148,-0.0052,92441.42,767.35,0.00,0.0207
178130,-0.50,-0.71,9.62,0.0148,0.0132,-0.0076,92441.42,767.35,0.00,0.0212
178185,-0.50,-0.70,9.60,0.0172,0.0099,-0.0056,92441.42,767.35,0.00,0.0206
178237,-0.51,-0.71,9.60,0.0155,0.0144,-0.0084,92441.42,767.35,0.00,0.0227
178292,-0.51,-0.70,9.63,0.0153,0.0141,-0.0060,92441.42,767.35,0.00,0.0217
178358,-0.50,-0.73,9.63,0.0175,0.0121,-0.0069,92441.42,767.35,0.00,0.0224
178410,-0.51,-0.71,9.62,0.0139,0.0136,-0.0061,92441.25,767.37,0.09,0.0204
178466,-0.47,-0.73,9.63,0.0161,0.0137,-0.0067,92441.25,767.37,0.06,0.0222
178518,-0.51,-0.71,9.63,0.0172,0.0135,-0.0061,92441.25,767.37,0.04,0.0227
178570,-0.51,-0.71,9.63,0.0156,0.0141,-0.0060,92441.25,767.37,0.03,0.0219
178625,-0.56,-0.74,9.61,0.0161,0.0129,-0.0035,92441.25,767.37,0.02,0.0209
178677,-0.54,-0.71,9.62,0.0167,0.0131,-0.0073,92441.25,767.37,0.02,0.0224
178735,-0.45,-0.67,9.62,0.0161,0.0149,-0.0052,92441.25,767.37,0.01,0.0226
178789,-0.53,-0.74,9.61,0.0153,0.0096,-0.0047,92441.25,767.37,0.01,0.0187
178842,-0.52,-0.71,9.62,0.0137,0.0140,-0.0052,92441.25,767.37,0.01,0.0203
178896,-0.54,-0.72,9.61,0.0149,0.0156,-0.0067,92441.25,767.37,0.00,0.0226
178949,-0.53,-0.74,9.63,0.0173,0.0120,-0.0036,92441.55,767.34,-0.15,0.0214
179003,-0.50,-0.72,9.62,0.0165,0.0105,-0.0083,92441.55,767.34,-0.11,0.0213
179056,-0.50,-0.72,9.61,0.0144,0.0148,-0.0075,92441.55,767.34,-0.07,0.0219
179114,-0.53,-0.69,9.64,0.0157,0.0156,-0.0079,92441.55,767.34,-0.05,0.0235
179166,-0.51,-0.71,9.62,0.0171,0.0089,-0.0060,92441.55,767.34,-0.04,0.0202
179221,-0.52,-0.71,9.62,0.0155,0.0136,-0.0059,92441.55,767.34,-0.03,0.0214
179273,-0.51,-0.70,9.62,0.0147,0.0149,-0.0040,92441.55,767.34,-0.02,0.0213
179328,-0.51,-0.73,9.63,0.0156,0.0120,-0.0045,92441.55,767.34,-0.01,0.0202
179380,-0.54,-0.70,9.65,0.0148,0.0119,-0.0068,92441.55,767.34,-0.01,0.0201
179435,-0.50,-0.71,9.62,0.0155,0.0121,-0.0056,92441.55,767.34,-0.01,0.0204
179492,-0.52,-0.72,9.65,0.0177,0.0148,-0.0045,92441.55,767.34,-0.00,0.0235
179545,-0.55,-0.71,9.63,0.0153,0.0133,-0.0052,92441.55,767.34,-0.00,0.0210
179599,-0.53,-0.72,9.62,0.0153,0.0140,-0.0047,92441.55,767.34,-0.00,0.0213
179652,-0.51,-0.71,9.62,0.0149,0.0123,-0.0041,92441.55,767.34,-0.00,0.0197
179706,-0.54,-0.70,9.63,0.0156,0.0140,-0.0055,92441.55,767.34,-0.00,0.0216
179764,-0.51,-0.68,9.62,0.0157,0.0167,-0.0071,92441.55,767.34,-0.00,0.0240
179822,-0.49,-0.68,9.62,0.0183,0.0141,-0.0056,92441.55,767.34,-0.00,0.0237
179874,-0.52,-0.73,9.63,0.0159,0.0128,-0.0059,92441.55,767.34,-0.00,0.0212
179929,-0.54,-0.71,9.64,0.0168,0.0143,-0.0056,92441.55,767.34,-0.00,0.0227
179981,-0.50,-0.70,9.61,0.0172,0.0129,-0.0075,92441.69,767.33,-0.08,0.0228
180036,-0.48,-0.72,9.62,0.0141,0.0144,-0.0064,92441.69,767.33,-0.05,0.0212
180088,-0.50,-0.71,9.62,0.0136,0.0149,-0.0068,92441.69,767.33,-0.04,0.0213
180143,-0.51,-0.68,9.63,0.0172,0.0109,-0.0051,92441.69,767.33,-0.03,0.0210
180200,-0.52,-0.68,9.62,0.0157,0.0111,-0.0071,92441.69,767.33,-0.02,0.0205
180253,-0.48,-0.72,9.64,0.0161,0.0133,-0.0057,92441.69,767.33,-0.01,0.0217
180307,-0.50,-0.74,9.61,0.0160,0.0141,-0.0063,92441.69,767.33,-0.01,0.0222
180360,-0.49,-0.70,9.63,0.0159,0.0116,-0.0060,92441.69,767.33,-0.01,0.0205
180414,-0.50,-0.69,9.61,0.0124,0.0124,-0.0069,92441.69,767.33,-0.00,0.0188
180467,-0.54,-0.74,9.61,0.0147,0.0135,-0.0047,92441.69,767.33,-0.00,0.0204
180521,-0.56,-0.71,9.62,0.0148,0.0127,-0.0059,92441.83,767.31,-0.07,0.0203
180577,-0.49,-0.71,9.62,0.0153,0.0152,-0.0067,92441.83,767.31,-0.05,0.0226
180632,-0.54,-0.70,9.63,0.0172,0.0127,-0.0059,92441.83,767.31,-0.03,0.0221
180684,-0.51,-0.71,9.63,0.0147,0.0124,-0.0047,92441.83,767.31,-0.02,0.0197
180739,-0.54,-0.70,9.67,0.0181,0.0117,-0.0076,92441.83,767.31,-0.02,0.0229
180791,-0.50,-0.69,9.62,0.0164,0.0151,-0.0067,92441.83,767.31,-0.01,0.0232
180846,-0.51,-0.72,9.64,0.0177,0.0179,-0.0087,92441.83,767.31,-0.01,0.0266
180898,-0.49,-0.71,9.64,0.0129,0.0129,-0.0061,92441.83,767.31,-0.01,0.0193
180956,-0.54,-0.72,9.64,0.0189,0.0139,-0.0041,92441.83,767.31,-0.00,0.0238
181010,-0.54,-0.71,9.63,0.0160,0.0115,-0.0055,92441.83,767.31,-0.00,0.0204
181063,-0.51,-0.69,9.60,0.0175,0.0157,-0.0056,92441.66,767.33,0.08,0.0241
181117,-0.51,-0.69,9.62,0.0159,0.0133,-0.0068,92441.66,767.33,0.06,0.0218
181170,-0.54,-0.71,9.62,0.0139,0.0133,-0.0072,92441.66,767.33,0.04,0.0205
181224,-0.52,-0.71,9.62,0.0168,0.0140,-0.0041,92441.66,767.33,0.03,0.0222
181293,-0.49,-0.69,9.61,0.0160,0.0149,-0.0067,92441.66,767.33,0.02,0.0229
181348,-0.51,-0.69,9.65,0.0177,0.0156,-0.0056,92441.66,767.33,0.01,0.0243
181402,-0.51,-0.73,9.62,0.0171,0.0141,-0.0052,92441.66,767.33,0.01,0.0227
181457,-0.52,-0.71,9.60,0.0151,0.0131,-0.0048,92441.66,767.33,0.01,0.0205
181511,-0.53,-0.69,9.60,0.0144,0.0131,-0.0051,92441.66,767.33,0.00,0.0201
181566,-0.52,-0.71,9.63,0.0152,0.0125,-0.0065,92441.66,767.33,0.00,0.0207
181620,-0.52,-0.71,9.62,0.0163,0.0152,-0.0068,92441.83,767.31,-0.08,0.0233
181679,-0.51,-0.71,9.61,0.0149,0.0131,-0.0073,92441.83,767.31,-0.06,0.0211
181731,-0.53,-0.69,9.62,0.0171,0.0111,-0.0067,92441.83,767.31,-0.04,0.0214
181791,-0.51,-0.70,9.63,0.0163,0.0124,-0.0064,92441.83,767.31,-0.03,0.0214
181843,-0.51,-0.67,9.62,0.0119,0.0140,-0.0041,92441.83,767.31,-0.02,0.0188
181898,-0.48,-0.69,9.60,0.0160,0.0125,-0.0072,92441.83,767.31,-0.01,0.0215
181950,-0.51,-0.69,9.64,0.0168,0.0132,-0.0055,92441.83,767.31,-0.01,0.0220
182005,-0.53,-0.72,9.62,0.0171,0.0155,-0.0045,92441.83,767.31,-0.01,0.0235
182061,-0.52,-0.70,9.62,0.0156,0.0139,-0.0055,92441.83,767.31,-0.00,0.0216
182114,-0.51,-0.72,9.61,0.0152,0.0137,-0.0055,92441.63,767.33,0.10,0.0212
182168,-0.49,-0.71,9.63,0.0147,0.0144,-0.0065,92441.63,767.33,0.07,0.0216
182221,-0.48,-0.71,9.63,0.0161,0.0167,-0.0073,92441.63,767.33,0.05,0.0243
182275,-0.51,-0.70,9.61,0.0187,0.0144,-0.0072,92441.63,767.33,0.03,0.0246
182328,-0.53,-0.72,9.59,0.0181,0.0143,-0.0064,92441.63,767.33,0.02,0.0239
182382,-0.53,-0.74,9.61,0.0148,0.0151,-0.0056,92441.63,767.33,0.02,0.0218
182438,-0.51,-0.69,9.62,0.0156,0.0107,-0.0061,92441.63,767.33,0.01,0.0199
182493,-0.51,-0.71,9.59,0.0168,0.0125,-0.0044,92441.63,767.33,0.01,0.0214
182545,-0.49,-0.71,9.60,0.0156,0.0129,-0.0057,92441.63,767.33,0.01,0.0210
182600,-0.48,-0.74,9.61,0.0181,0.0141,-0.0088,92441.63,767.33,0.00,0.0246
182652,-0.52,-0.71,9.61,0.0168,0.0155,-0.0049,92441.96,767.30,-0.17,0.0233
182707,-0.53,-0.69,9.60,0.0171,0.0148,-0.0076,92441.96,767.30,-0.12,0.0238
182759,-0.53,-0.75,9.63,0.0161,0.0149,-0.0037,92441.96,767.30,-0.08,0.0223
182817,-0.54,-0.69,9.62,0.0135,0.0147,-0.0060,92441.96,767.30,-0.06,0.0208
182871,-0.52,-0.70,9.62,0.0173,0.0127,-0.0057,92441.96,767.30,-0.04,0.0222
182924,-0.50,-0.68,9.62,0.0168,0.0133,-0.0084,92441.96,767.30,-0.03,0.0230
182978,-0.53,-0.72,9.64,0.0179,0.0131,-0.0071,92441.96,767.30,-0.02,0.0232
183031,-0.50,-0.68,9.60,0.0168,0.0111,-0.0071,92441.96,767.30,-0.01,0.0213
183085,-0.51,-0.70,9.62,0.0135,0.0145,-0.0048,92441.96,767.30,-0.01,0.0204
183141,-0.53,-0.71,9.61,0.0136,0.0168,-0.0040,92441.96,767.30,-0.01,0.0220
183196,-0.49,-0.71,9.59,0.0161,0.0112,-0.0049,92441.80,767.32,0.08,0.0202
183248,-0.51,-0.70,9.62,0.0161,0.0137,-0.0053,92441.80,767.32,0.05,0.0218
183303,-0.51,-0.72,9.61,0.0165,0.0131,-0.0069,92441.80,767.32,0.04,0.0222
183355,-0.51,-0.71,9.63,0.0143,0.0139,-0.0056,92441.80,767.32,0.03,0.0207
183410,-0.50,-0.76,9.61,0.0168,0.0151,-0.0059,92441.80,767.32,0.02,0.0233
183462,-0.53,-0.72,9.62,0.0168,0.0145,-0.0069,92441.80,767.32,0.01,0.0233
183520,-0.48,-0.72,9.63,0.0163,0.0132,-0.0051,92441.80,767.32,0.01,0.0215
183574,-0.49,-0.69,9.62,0.0163,0.0149,-0.0063,92441.80,767.32,0.01,0.0229
183627,-0.50,-0.70,9.60,0.0157,0.0159,-0.0056,92441.80,767.32,0.00,0.0230
183681,-0.51,-0.70,9.62,0.0153,0.0121,-0.0064,92441.80,767.32,0.00,0.0206
183734,-0.52,-0.74,9.62,0.0167,0.0147,-0.0065,92441.77,767.32,0.02,0.0231
183793,-0.53,-0.71,9.62,0.0172,0.0155,-0.0076,92441.77,767.32,0.01,0.0243
183846,-0.53,-0.73,9.62,0.0171,0.0145,-0.0073,92441.77,767.32,0.01,0.0236
183904,-0.51,-0.71,9.59,0.0163,0.0116,-0.0071,92441.77,767.32,0.01,0.0212
183956,-0.51,-0.71,9.64,0.0151,0.0145,-0.0049,92441.77,767.32,0.00,0.0215
184011,-0.51,-0.70,9.62,0.0135,0.0119,-0.0043,92441.77,767.32,0.00,0.0184
184063,-0.50,-0.68,9.61,0.0181,0.0124,-0.0033,92441.77,767.32,0.00,0.0222
184118,-0.52,-0.71,9.63,0.0164,0.0136,-0.0069,92441.77,767.32,0.00,0.0224
184170,-0.53,-0.70,9.62,0.0164,0.0144,-0.0047,92441.77,767.32,0.00,0.0223
184225,-0.49,-0.72,9.61,0.0159,0.0141,-0.0041,92441.77,767.32,0.00,0.0216
184291,-0.51,-0.69,9.62,0.0161,0.0143,-0.0053,92441.94,767.31,-0.07,0.0222
184346,-0.53,-0.74,9.61,0.0147,0.0147,-0.0071,92441.94,767.31,-0.05,0.0219
184398,-0.48,-0.72,9.61,0.0135,0.0140,-0.0071,92441.94,767.31,-0.03,0.0207
184453,-0.48,-0.69,9.60,0.0161,0.0145,-0.0088,92441.94,767.31,-0.02,0.0234
184505,-0.52,-0.69,9.59,0.0175,0.0141,-0.0045,92441.94,767.31,-0.02,0.0229
184560,-0.49,-0.70,9.62,0.0181,0.0141,-0.0075,92441.94,767.31,-0.01,0.0242
184612,-0.54,-0.71,9.62,0.0159,0.0117,-0.0057,92441.94,767.31,-0.01,0.0205
184670,-0.50,-0.72,9.60,0.0155,0.0156,-0.0064,92441.94,767.31,-0.01,0.0229
184724,-0.49,-0.70,9.62,0.0133,0.0113,-0.0065,92441.94,767.31,-0.00,0.0187
184777,-0.52,-0.72,9.61,0.0173,0.0141,-0.0075,92441.94,767.31,-0.00,0.0236
184831,-0.50,-0.72,9.62,0.0149,0.0127,-0.0060,92441.94,767.31,-0.00,0.0205
184884,-0.52,-0.67,9.60,0.0108,0.0159,-0.0065,92441.94,767.31,-0.00,0.0203
184938,-0.52,-0.69,9.62,0.0165,0.0144,-0.0061,92441.94,767.31,-0.00,0.0227
184994,-0.50,-0.75,9.60,0.0136,0.0155,-0.0051,92441.94,767.31,-0.00,0.0212
185049,-0.54,-0.69,9.61,0.0156,0.0121,-0.0081,92441.94,767.31,-0.00,0.0214
185101,-0.52,-0.71,9.63,0.0171,0.0140,-0.0060,92441.94,767.31,-0.00,0.0229
185156,-0.53,-0.69,9.61,0.0167,0.0141,-0.0052,92441.94,767.31,-0.00,0.0224
185208,-0.51,-0.71,9.60,0.0149,0.0172,-0.0072,92441.94,767.31,-0.00,0.0239
185263,-0.52,-0.73,9.62,0.0164,0.0124,-0.0060,92441.94,767.31,-0.00,0.0214
185315,-0.54,-0.72,9.59,0.0176,0.0101,-0.0067,92441.94,767.31,-0.00,0.0214
185373,-0.53,-0.74,9.60,0.0140,0.0139,-0.0048,92441.94,767.31,-0.00,0.0203
185427,-0.53,-0.73,9.63,0.0159,0.0119,-0.0071,92441.94,767.31,-0.00,0.0210
185480,-0.52,-0.70,9.63,0.0168,0.0117,-0.0063,92441.94,767.31,-0.00,0.0214
185534,-0.51,-0.72,9.63,0.0159,0.0131,-0.0063,92441.94,767.31,-0.00,0.0215
185587,-0.52,-0.72,9.62,0.0175,0.0133,-0.0057,92441.94,767.31,-0.00,0.0227
185641,-0.51,-0.72,9.64,0.0171,0.0132,-0.0041,92441.94,767.31,-0.00,0.0220
185694,-0.48,-0.73,9.62,0.0168,0.0148,-0.0064,92441.94,767.31,-0.00,0.0233
185752,-0.50,-0.72,9.61,0.0163,0.0123,-0.0057,92441.94,767.31,-0.00,0.0211
185809,-0.51,-0.72,9.62,0.0148,0.0149,-0.0071,92441.94,767.31,-0.00,0.0222
185864,-0.56,-0.71,9.63,0.0161,0.0129,-0.0083,92441.94,767.31,-0.00,0.0223
185916,-0.51,-0.74,9.62,0.0177,0.0129,-0.0061,92441.94,767.31,-0.00,0.0228
185971,-0.51,-0.73,9.62,0.0160,0.0116,-0.0059,92441.94,767.31,-0.00,0.0206
186023,-0.51,-0.69,9.63,0.0155,0.0144,-0.0063,92441.94,767.31,-0.00,0.0220
186081,-0.51,-0.69,9.63,0.0152,0.0127,-0.0064,92441.94,767.31,-0.00,0.0208
186135,-0.53,-0.72,9.60,0.0149,0.0165,-0.0061,92441.94,767.31,-0.00,0.0231
186188,-0.54,-0.70,9.63,0.0141,0.0137,-0.0067,92441.94,767.31,-0.00,0.0208
186242,-0.52,-0.69,9.62,0.0180,0.0143,-0.0055,92441.94,767.31,-0.00,0.0236
186295,-0.49,-0.70,9.63,0.0189,0.0133,-0.0055,92441.94,767.31,-0.00,0.0238
186349,-0.52,-0.72,9.65,0.0140,0.0137,-0.0051,92441.94,767.31,-0.00,0.0202
186402,-0.51,-0.72,9.62,0.0165,0.0135,-0.0043,92441.94,767.31,-0.00,0.0217
186460,-0.49,-0.69,9.62,0.0165,0.0109,-0.0047,92441.94,767.31,-0.00,0.0203
186512,-0.54,-0.75,9.63,0.0181,0.0123,-0.0048,92441.94,767.31,-0.00,0.0224
186567,-0.54,-0.70,9.59,0.0181,0.0151,-0.0072,92441.94,767.31,-0.00,0.0246
186619,-0.50,-0.71,9.60,0.0163,0.0135,-0.0071,92441.94,767.31,-0.00,0.0223
186674,-0.54,-0.72,9.64,0.0164,0.0143,-0.0075,92441.94,767.31,-0.00,0.0230
186726,-0.52,-0.71,9.62,0.0180,0.0161,-0.0028,92441.94,767.31,-0.00,0.0243
186781,-0.51,-0.72,9.63,0.0145,0.0143,-0.0049,92441.94,767.31,-0.00,0.0209
186837,-0.53,-0.71,9.63,0.0157,0.0153,-0.0064,92441.94,767.31,-0.00,0.0229
186890,-0.50,-0.73,9.62,0.0145,0.0113,-0.0047,92441.94,767.31,-0.00,0.0190
186944,-0.52,-0.71,9.65,0.0177,0.0135,-0.0072,92442.11,767.29,-0.08,0.0234
186997,-0.52,-0.70,9.60,0.0175,0.0151,-0.0056,92442.11,767.29,-0.06,0.0237
187051,-0.51,-0.72,9.63,0.0164,0.0132,-0.0047,92442.11,767.29,-0.04,0.0215
187104,-0.53,-0.74,9.64,0.0140,0.0131,-0.0057,92442.11,767.29,-0.03,0.0200
187158,-0.50,-0.74,9.62,0.0177,0.0131,-0.0041,92442.11,767.29,-0.02,0.0224
187226,-0.51,-0.69,9.62,0.0140,0.0140,-0.0088,92442.11,767.29,-0.01,0.0216
187280,-0.52,-0.70,9.61,0.0159,0.0156,-0.0056,92442.11,767.29,-0.01,0.0229
187333,-0.46,-0.69,9.62,0.0147,0.0161,-0.0053,92442.11,767.29,-0.01,0.0224
187387,-0.54,-0.72,9.62,0.0148,0.0156,-0.0045,92442.11,767.29,-0.00,0.0220
187440,-0.49,-0.71,9.59,0.0161,0.0137,-0.0071,92442.11,767.29,-0.00,0.0223
187494,-0.49,-0.70,9.62,0.0155,0.0140,-0.0056,92442.11,767.29,-0.00,0.0216
187550,-0.52,-0.74,9.62,0.0143,0.0133,-0.0060,92442.11,767.29,-0.00,0.0204
187605,-0.50,-0.71,9.62,0.0155,0.0125,-0.0048,92442.11,767.29,-0.00,0.0205
187657,-0.52,-0.74,9.62,0.0161,0.0132,-0.0061,92442.11,767.29,-0.00,0.0217
187712,-0.52,-0.75,9.63,0.0155,0.0151,-0.0052,92442.11,767.29,-0.00,0.0222
187764,-0.54,-0.69,9.63,0.0131,0.0140,-0.0067,92442.11,767.29,-0.00,0.0203
187824,-0.53,-0.72,9.62,0.0163,0.0140,-0.0044,92442.11,767.29,-0.00,0.0219
187876,-0.50,-0.72,9.61,0.0165,0.0105,-0.0052,92442.11,767.29,-0.00,0.0203
187934,-0.49,-0.70,9.62,0.0161,0.0155,-0.0056,92442.11,767.29,-0.00,0.0230
187988,-0.51,-0.67,9.64,0.0163,0.0135,-0.0059,92442.28,767.27,-0.09,0.0219
188041,-0.53,-0.70,9.63,0.0151,0.0113,-0.0039,92442.28,767.27,-0.06,0.0192
188095,-0.55,-0.70,9.61,0.0163,0.0121,-0.0047,92442.28,767.27,-0.04,0.0208
188148,-0.53,-0.71,9.60,0.0191,0.0131,-0.0055,92442.28,767.27,-0.03,0.0237
188202,-0.52,-0.71,9.62,0.0161,0.0131,-0.0047,92442.28,767.27,-0.02,0.0213
188255,-0.52,-0.71,9.62,0.0136,0.0151,-0.0071,92442.28,767.27,-0.01,0.0215
188313,-0.48,-0.72,9.63,0.0123,0.0127,-0.0043,92442.28,767.27,-0.01,0.0181
188365,-0.52,-0.70,9.63,0.0165,0.0136,-0.0069,92442.28,767.27,-0.01,0.0225
188420,-0.50,-0.69,9.63,0.0171,0.0131,-0.0063,92442.28,767.27,-0.01,0.0224
188472,-0.53,-0.70,9.61,0.0163,0.0128,-0.0056,92442.28,767.27,-0.00,0.0214
188527,-0.50,-0.74,9.62,0.0171,0.0140,-0.0059,92442.25,767.28,0.01,0.0228
188579,-0.52,-0.71,9.63,0.0168,0.0127,-0.0057,92442.25,767.28,0.01,0.0218
188634,-0.51,-0.70,9.62,0.0153,0.0157,-0.0029,92442.25,767.28,0.01,0.0221
188690,-0.49,-0.72,9.62,0.0164,0.0097,-0.0057,92442.25,767.28,0.00,0.0199
188743,-0.50,-0.72,9.62,0.0152,0.0119,-0.0069,92442.25,767.28,0.00,0.0205
188797,-0.52,-0.73,9.62,0.0153,0.0145,-0.0063,92442.25,767.28,0.00,0.0220
188850,-0.52,-0.73,9.61,0.0163,0.0113,-0.0068,92442.25,767.28,0.00,0.0209
188904,-0.51,-0.71,9.61,0.0153,0.0120,-0.0073,92442.25,767.28,0.00,0.0208
188957,-0.53,-0.71,9.61,0.0168,0.0168,-0.0063,92442.25,767.28,0.00,0.0246
189015,-0.51,-0.71,9.60,0.0177,0.0135,-0.0045,92442.25,767.28,0.00,0.0227
189067,-0.53,-0.73,9.62,0.0176,0.0139,-0.0075,92441.91,767.31,0.18,0.0236
189122,-0.53,-0.70,9.61,0.0163,0.0153,-0.0044,92441.91,767.31,0.12,0.0228
189174,-0.56,-0.69,9.62,0.0167,0.0129,-0.0059,92441.91,767.31,0.09,0.0219
189229,-0.51,-0.71,9.62,0.0143,0.0159,-0.0060,92441.91,767.31,0.06,0.0221
189281,-0.52,-0.71,9.60,0.0128,0.0143,-0.0048,92441.91,767.31,0.04,0.0197
189336,-0.52,-0.73,9.62,0.0167,0.0139,-0.0069,92441.91,767.31,0.03,0.0227
189392,-0.52,-0.70,9.61,0.0145,0.0125,-0.0071,92441.91,767.31,0.02,0.0204
189445,-0.52,-0.72,9.63,0.0153,0.0113,-0.0043,92441.91,767.31,0.01,0.0195
189499,-0.54,-0.69,9.62,0.0153,0.0131,-0.0075,92441.91,767.31,0.01,0.0215
189552,-0.50,-0.70,9.63,0.0156,0.0127,-0.0051,92441.91,767.31,0.01,0.0207
189606,-0.52,-0.69,9.64,0.0168,0.0129,-0.0079,92442.08,767.29,-0.08,0.0226
189659,-0.53,-0.72,9.63,0.0168,0.0135,-0.0072,92442.08,767.29,-0.06,0.0227
189713,-0.52,-0.72,9.64,0.0165,0.0131,-0.0063,92442.08,767.29,-0.04,0.0220
189769,-0.55,-0.71,9.63,0.0159,0.0136,-0.0076,92442.08,767.29,-0.03,0.0222
189829,-0.51,-0.69,9.61,0.0141,0.0109,-0.0061,92442.08,767.29,-0.02,0.0189
189881,-0.48,-0.70,9.63,0.0147,0.0145,-0.0053,92442.08,767.29,-0.01,0.0213
189936,-0.52,-0.72,9.62,0.0135,0.0120,-0.0060,92442.08,767.29,-0.01,0.0190
189988,-0.51,-0.73,9.62,0.0137,0.0151,-0.0076,92442.08,767.29,-0.01,0.0217
190043,-0.54,-0.73,9.63,0.0141,0.0145,-0.0031,92442.08,767.29,-0.00,0.0205
190095,-0.54,-0.69,9.62,0.0151,0.0147,-0.0048,92442.08,767.29,-0.00,0.0216
190165,-0.51,-0.68,9.63,0.0144,0.0125,-0.0079,92442.07,767.29,0.00,0.0206
190217,-0.53,-0.72,9.62,0.0183,0.0132,-0.0053,92442.07,767.29,0.00,0.0231
190272,-0.51,-0.70,9.61,0.0167,0.0119,-0.0044,92442.07,767.29,0.00,0.0209
190324,-0.51,-0.70,9.65,0.0152,0.0132,-0.0067,92442.07,767.29,0.00,0.0212
190379,-0.54,-0.68,9.65,0.0139,0.0140,-0.0060,92442.07,767.29,0.00,0.0206
190431,-0.55,-0.73,9.62,0.0152,0.0131,-0.0081,92442.07,767.29,0.00,0.0216
190486,-0.51,-0.69,9.66,0.0159,0.0129,-0.0084,92442.07,767.29,0.00,0.0221
190542,-0.50,-0.71,9.62,0.0161,0.0153,-0.0065,92442.07,767.29,0.00,0.0232
190595,-0.53,-0.73,9.62,0.0139,0.0136,-0.0064,92442.07,767.29,0.00,0.0204
190649,-0.53,-0.70,9.62,0.0168,0.0120,-0.0067,92442.07,767.29,0.00,0.0217
190702,-0.49,-0.72,9.63,0.0152,0.0153,-0.0063,92441.91,767.31,0.08,0.0225
190756,-0.53,-0.72,9.62,0.0176,0.0139,-0.0061,92441.91,767.31,0.06,0.0232
190809,-0.51,-0.71,9.62,0.0147,0.0140,-0.0059,92441.91,767.31,0.04,0.0211
190867,-0.51,-0.71,9.61,0.0168,0.0127,-0.0059,92441.91,767.31,0.03,0.0218
190919,-0.53,-0.74,9.59,0.0155,0.0129,-0.0051,92441.91,767.31,0.02,0.0208
190973,-0.50,-0.71,9.62,0.0165,0.0129,-0.0069,92441.91,767.31,0.01,0.0221
191025,-0.57,-0.72,9.63,0.0153,0.0115,-0.0072,92441.91,767.31,0.01,0.0204
191077,-0.51,-0.71,9.64,0.0159,0.0137,-0.0045,92441.91,767.31,0.01,0.0215
191148,-0.54,-0.69,9.60,0.0156,0.0156,-0.0061,92441.91,767.31,0.00,0.0229
191216,-0.52,-0.72,9.63,0.0171,0.0119,-0.0044,92442.41,767.26,-0.19,0.0212
191321,-0.51,-0.71,9.62,0.0173,0.0127,-0.0037,92442.41,767.26,-0.14,0.0218
191374,-0.52,-0.70,9.61,0.0155,0.0132,-0.0076,92442.41,767.26,-0.10,0.0217
191428,-0.51,-0.67,9.59,0.0151,0.0135,-0.0065,92442.41,767.26,-0.07,0.0212
191481,-0.52,-0.68,9.64,0.0143,0.0156,-0.0071,92442.41,767.26,-0.05,0.0223
191535,-0.53,-0.70,9.59,0.0160,0.0109,-0.0053,92442.41,767.26,-0.03,0.0201
191588,-0.53,-0.71,9.64,0.0155,0.0133,-0.0051,92442.41,767.26,-0.02,0.0210
191642,-0.51,-0.68,9.62,0.0145,0.0145,-0.0057,92442.41,767.26,-0.02,0.0213
191698,-0.48,-0.74,9.59,0.0163,0.0131,-0.0060,92442.41,767.26,-0.01,0.0217
191753,-0.51,-0.71,9.60,0.0145,0.0139,-0.0063,92442.21,767.28,0.09,0.0210
191805,-0.52,-0.70,9.62,0.0155,0.0132,-0.0061,92442.21,767.28,0.06,0.0212
191865,-0.55,-0.73,9.58,0.0161,0.0143,-0.0071,92442.21,767.28,0.04,0.0226
191917,-0.54,-0.66,9.58,0.0165,0.0139,-0.0073,92442.21,767.28,0.03,0.0228
191972,-0.53,-0.68,9.63,0.0131,0.0112,-0.0056,92442.21,767.28,0.02,0.0181
192024,-0.50,-0.71,9.63,0.0157,0.0136,-0.0059,92442.21,767.28,0.01,0.0216
192082,-0.49,-0.73,9.64,0.0120,0.0128,-0.0057,92442.21,767.28,0.01,0.0184
192136,-0.51,-0.74,9.62,0.0141,0.0109,-0.0065,92442.21,767.28,0.01,0.0190
192189,-0.51,-0.73,9.62,0.0147,0.0147,-0.0048,92442.21,767.28,0.00,0.0213
192243,-0.50,-0.73,9.62,0.0173,0.0129,-0.0053,92442.21,767.28,0.00,0.0223
192296,-0.51,-0.73,9.63,0.0161,0.0129,-0.0033,92442.20,767.28,0.01,0.0209
192350,-0.52,-0.71,9.62,0.0168,0.0119,-0.0053,92442.20,767.28,0.01,0.0212
192403,-0.52,-0.69,9.61,0.0145,0.0117,-0.0075,92442.20,767.28,0.00,0.0201
192461,-0.51,-0.70,9.62,0.0147,0.0129,-0.0032,92442.20,767.28,0.00,0.0198
192513,-0.52,-0.71,9.60,0.0144,0.0123,-0.0021,92442.20,767.28,0.00,0.0190
192568,-0.53,-0.72,9.62,0.0140,0.0119,-0.0071,92442.20,767.28,0.00,0.0197
192620,-0.48,-0.71,9.63,0.0157,0.0120,-0.0067,92442.20,767.28,0.00,0.0209
192675,-0.50,-0.75,9.63,0.0164,0.0145,-0.0079,92442.20,767.28,0.00,0.0233
192727,-0.53,-0.70,9.63,0.0163,0.0149,-0.0064,92442.20,767.28,0.00,0.0230
192782,-0.51,-0.71,9.62,0.0128,0.0124,-0.0069,92442.20,767.28,0.00,0.0191
192832,-0.52,-0.71,9.63,0.0179,0.0119,-0.0091,92442.03,767.30,0.09,0.0233
192887,-0.54,-0.69,9.62,0.0177,0.0111,-0.0040,92442.03,767.30,0.07,0.0213
192939,-0.51,-0.72,9.61,0.0144,0.0136,-0.0051,92442.03,767.30,0.05,0.0204
192994,-0.51,-0.71,9.61,0.0163,0.0137,-0.0043,92442.03,767.30,0.03,0.0217
193046,-0.52,-0.72,9.62,0.0157,0.0121,-0.0060,92442.03,767.30,0.02,0.0207
193101,-0.50,-0.68,9.60,0.0171,0.0135,-0.0064,92442.03,767.30,0.02,0.0226
193167,-0.51,-0.71,9.63,0.0145,0.0139,-0.0056,92442.03,767.30,0.01,0.0208
193222,-0.52,-0.74,9.64,0.0157,0.0139,-0.0039,92442.03,767.30,0.01,0.0213
193274,-0.52,-0.71,9.61,0.0179,0.0120,-0.0076,92442.03,767.30,0.01,0.0228
193329,-0.51,-0.72,9.63,0.0143,0.0144,-0.0059,92441.87,767.31,0.08,0.0211
193381,-0.47,-0.71,9.62,0.0153,0.0124,-0.0065,92441.87,767.31,0.06,0.0208
193436,-0.51,-0.71,9.62,0.0168,0.0133,-0.0040,92441.87,767.31,0.04,0.0218
193488,-0.51,-0.71,9.62,0.0153,0.0120,-0.0052,92441.87,767.31,0.03,0.0201
193546,-0.49,-0.70,9.64,0.0155,0.0117,-0.0080,92441.87,767.31,0.02,0.0210
193600,-0.52,-0.69,9.63,0.0160,0.0116,-0.0039,92441.87,767.31,0.01,0.0201
193653,-0.48,-0.71,9.60,0.0141,0.0121,-0.0056,92441.87,767.31,0.01,0.0194
193707,-0.51,-0.72,9.61,0.0184,0.0129,-0.0063,92441.87,767.31,0.01,0.0233
193760,-0.53,-0.73,9.61,0.0172,0.0121,-0.0056,92441.87,767.31,0.00,0.0218
193814,-0.52,-0.69,9.64,0.0187,0.0125,-0.0075,92441.87,767.31,0.00,0.0237
193872,-0.50,-0.71,9.64,0.0171,0.0109,-0.0064,92442.17,767.28,-0.14,0.0212
193930,-0.54,-0.70,9.62,0.0172,0.0120,-0.0021,92442.17,767.28,-0.09,0.0211
193982,-0.51,-0.72,9.61,0.0140,0.0161,-0.0032,92442.17,767.28,-0.07,0.0216
194037,-0.51,-0.68,9.60,0.0145,0.0147,-0.0052,92442.17,767.28,-0.05,0.0213
194089,-0.54,-0.72,9.62,0.0160,0.0131,-0.0047,92442.17,767.28,-0.03,0.0212
194144,-0.53,-0.72,9.60,0.0157,0.0143,-0.0064,92442.17,767.28,-0.02,0.0222
194196,-0.52,-0.71,9.61,0.0155,0.0123,-0.0055,92442.17,767.28,-0.02,0.0205
194251,-0.50,-0.70,9.61,0.0183,0.0125,-0.0067,92442.17,767.28,-0.01,0.0231
194308,-0.48,-0.70,9.63,0.0168,0.0152,-0.0061,92442.17,767.28,-0.01,0.0235
194361,-0.51,-0.74,9.62,0.0155,0.0127,-0.0053,92442.17,767.28,-0.01,0.0207
194415,-0.52,-0.73,9.62,0.0144,0.0151,-0.0064,92442.34,767.27,-0.09,0.0218
194468,-0.50,-0.70,9.61,0.0157,0.0140,-0.0069,92442.34,767.27,-0.07,0.0222
194522,-0.53,-0.69,9.62,0.0145,0.0135,-0.0064,92442.34,767.27,-0.05,0.0208
194575,-0.52,-0.72,9.60,0.0184,0.0147,-0.0060,92442.34,767.27,-0.03,0.0243
194633,-0.53,-0.71,9.61,0.0156,0.0148,-0.0061,92442.34,767.27,-0.02,0.0223
194685,-0.52,-0.73,9.62,0.0152,0.0137,-0.0059,92442.34,767.27,-0.02,0.0213
194740,-0.52,-0.71,9.62,0.0168,0.0124,-0.0048,92442.34,767.27,-0.01,0.0214
194792,-0.51,-0.72,9.62,0.0139,0.0140,-0.0041,92442.34,767.27,-0.01,0.0201
194847,-0.53,-0.73,9.61,0.0151,0.0140,-0.0071,92442.34,767.27,-0.01,0.0217
194899,-0.54,-0.71,9.64,0.0173,0.0137,-0.0064,92442.34,767.27,-0.00,0.0230
194954,-0.51,-0.71,9.62,0.0141,0.0141,-0.0049,92442.31,767.27,0.01,0.0206
195011,-0.51,-0.71,9.63,0.0152,0.0137,-0.0067,92442.31,767.27,0.01,0.0215
195064,-0.52,-0.71,9.64,0.0173,0.0140,-0.0061,92442.31,767.27,0.01,0.0231
195118,-0.50,-0.73,9.62,0.0164,0.0143,-0.0085,92442.31,767.27,0.01,0.0233
195171,-0.52,-0.71,9.62,0.0152,0.0148,-0.0049,92442.31,767.27,0.00,0.0218
195225,-0.49,-0.71,9.60,0.0175,0.0139,-0.0048,92442.31,767.27,0.00,0.0228
195278,-0.55,-0.70,9.63,0.0181,0.0133,-0.0061,92442.31,767.27,0.00,0.0233
195332,-0.51,-0.71,9.61,0.0139,0.0124,-0.0047,92442.31,767.27,0.00,0.0192
195388,-0.53,-0.69,9.63,0.0173,0.0104,-0.0080,92442.31,767.27,0.00,0.0217
195443,-0.51,-0.73,9.60,0.0157,0.0141,-0.0045,92442.31,767.27,0.00,0.0216
195495,-0.51,-0.69,9.61,0.0167,0.0137,-0.0049,92442.14,767.29,0.09,0.0221
195550,-0.50,-0.70,9.63,0.0163,0.0140,-0.0061,92442.14,767.29,0.06,0.0223
195602,-0.51,-0.71,9.62,0.0156,0.0131,-0.0056,92442.14,767.29,0.04,0.0211
195657,-0.52,-0.68,9.62,0.0164,0.0121,-0.0047,92442.14,767.29,0.03,0.0209
195709,-0.53,-0.70,9.61,0.0189,0.0139,-0.0039,92442.14,767.29,0.02,0.0238
195767,-0.55,-0.71,9.63,0.0173,0.0120,-0.0065,92442.14,767.29,0.02,0.0221
195821,-0.53,-0.70,9.64,0.0152,0.0124,-0.0060,92442.14,767.29,0.01,0.0205
195879,-0.52,-0.68,9.62,0.0175,0.0115,-0.0060,92442.14,767.29,0.01,0.0217
195933,-0.50,-0.72,9.61,0.0173,0.0111,-0.0065,92442.14,767.29,0.01,0.0216
195986,-0.52,-0.70,9.62,0.0148,0.0140,-0.0065,92442.14,767.29,0.00,0.0214
196040,-0.53,-0.68,9.61,0.0185,0.0151,-0.0044,92441.97,767.30,0.09,0.0243
196093,-0.50,-0.73,9.63,0.0171,0.0120,-0.0053,92441.97,767.30,0.06,0.0215
196162,-0.52,-0.72,9.61,0.0153,0.0147,-0.0033,92441.97,767.30,0.04,0.0215
196215,-0.49,-0.70,9.62,0.0183,0.0139,-0.0049,92441.97,767.30,0.03,0.0234
196269,-0.51,-0.71,9.62,0.0135,0.0135,-0.0051,92441.97,767.30,0.02,0.0197
196322,-0.53,-0.72,9.63,0.0167,0.0127,-0.0068,92441.97,767.30,0.01,0.0220
196376,-0.51,-0.75,9.63,0.0184,0.0151,-0.0076,92441.97,767.30,0.01,0.0249
196429,-0.51,-0.70,9.63,0.0155,0.0145,-0.0060,92441.97,767.30,0.01,0.0220
196483,-0.49,-0.71,9.64,0.0140,0.0127,-0.0069,92441.97,767.30,0.01,0.0201
196535,-0.52,-0.73,9.64,0.0153,0.0156,-0.0067,92441.80,767.32,0.09,0.0228
196589,-0.52,-0.71,9.62,0.0173,0.0124,-0.0073,92441.80,767.32,0.06,0.0225
196642,-0.52,-0.70,9.61,0.0180,0.0148,-0.0068,92441.80,767.32,0.04,0.0243
196696,-0.50,-0.72,9.64,0.0164,0.0141,-0.0052,92441.80,767.32,0.03,0.0222
196749,-0.53,-0.69,9.62,0.0165,0.0132,-0.0072,92441.80,767.32,0.02,0.0223
196803,-0.57,-0.70,9.61,0.0168,0.0148,-0.0047,92441.80,767.32,0.02,0.0229
196859,-0.52,-0.72,9.62,0.0155,0.0123,-0.0056,92441.80,767.32,0.01,0.0205
196914,-0.50,-0.72,9.62,0.0179,0.0123,-0.0039,92441.80,767.32,0.01,0.0220
196966,-0.52,-0.71,9.60,0.0171,0.0140,-0.0041,92441.80,767.32,0.01,0.0224
197021,-0.51,-0.68,9.62,0.0163,0.0160,-0.0049,92441.80,767.32,0.00,0.0233
197073,-0.52,-0.69,9.60,0.0161,0.0135,-0.0056,92441.97,767.30,-0.08,0.0217
197128,-0.52,-0.72,9.62,0.0177,0.0147,-0.0060,92441.97,767.30,-0.06,0.0238
197180,-0.53,-0.69,9.63,0.0148,0.0136,-0.0071,92441.97,767.30,-0.04,0.0213
197238,-0.52,-0.71,9.61,0.0137,0.0133,-0.0069,92441.97,767.30,-0.03,0.0203
197292,-0.52,-0.70,9.62,0.0173,0.0144,-0.0075,92441.97,767.30,-0.02,0.0237
197345,-0.52,-0.71,9.63,0.0143,0.0148,-0.0075,92441.97,767.30,-0.01,0.0219
197399,-0.54,-0.70,9.64,0.0164,0.0145,-0.0069,92441.97,767.30,-0.01,0.0230
197452,-0.50,-0.72,9.64,0.0157,0.0131,-0.0056,92441.97,767.30,-0.01,0.0212
197506,-0.51,-0.72,9.61,0.0203,0.0128,-0.0035,92441.97,767.30,-0.00,0.0242
197559,-0.51,-0.72,9.59,0.0164,0.0115,-0.0068,92441.97,767.30,-0.00,0.0211
197617,-0.48,-0.68,9.65,0.0167,0.0121,-0.0069,92442.11,767.29,-0.07,0.0217
197669,-0.54,-0.72,9.62,0.0151,0.0121,-0.0059,92442.11,767.29,-0.05,0.0202
197724,-0.47,-0.70,9.62,0.0181,0.0117,-0.0067,92442.11,767.29,-0.03,0.0226
197776,-0.48,-0.73,9.63,0.0151,0.0144,-0.0049,92442.11,767.29,-0.02,0.0214
197831,-0.50,-0.70,9.63,0.0175,0.0103,-0.0068,92442.11,767.29,-0.02,0.0214
197888,-0.52,-0.72,9.60,0.0164,0.0116,-0.0047,92442.11,767.29,-0.01,0.0206
197943,-0.50,-0.72,9.64,0.0161,0.0127,-0.0024,92442.11,767.29,-0.01,0.0206
198000,-0.49,-0.72,9.63,0.0168,0.0137,-0.0076,92442.11,767.29,-0.01,0.0230
198053,-0.49,-0.69,9.60,0.0124,0.0119,-0.0052,92442.11,767.29,-0.00,0.0179
198107,-0.49,-0.70,9.62,0.0155,0.0128,-0.0063,92442.11,767.29,-0.00,0.0210
198160,-0.49,-0.70,9.60,0.0163,0.0100,-0.0055,92441.94,767.31,0.08,0.0198
198214,-0.51,-0.69,9.64,0.0176,0.0120,-0.0048,92441.94,767.31,0.06,0.0218
198267,-0.53,-0.71,9.63,0.0185,0.0117,-0.0047,92441.94,767.31,0.04,0.0224
198325,-0.53,-0.70,9.64,0.0164,0.0129,-0.0068,92441.94,767.31,0.03,0.0219
198377,-0.50,-0.72,9.61,0.0149,0.0131,-0.0051,92441.94,767.31,0.02,0.0205
198432,-0.50,-0.72,9.62,0.0176,0.0113,-0.0040,92441.94,767.31,0.01,0.0213
198484,-0.51,-0.70,9.63,0.0176,0.0131,-0.0063,92441.94,767.31,0.01,0.0228
198539,-0.54,-0.72,9.63,0.0183,0.0137,-0.0023,92441.94,767.31,0.01,0.0229
198591,-0.51,-0.72,9.62,0.0168,0.0132,-0.0052,92441.94,767.31,0.00,0.0220
198646,-0.50,-0.73,9.61,0.0180,0.0112,-0.0056,92441.94,767.31,0.00,0.0219
198703,-0.51,-0.71,9.64,0.0149,0.0129,-0.0048,92442.08,767.29,-0.06,0.0203
198756,-0.53,-0.71,9.64,0.0157,0.0119,-0.0053,92442.08,767.29,-0.04,0.0204
198810,-0.51,-0.70,9.60,0.0151,0.0128,-0.0087,92442.08,767.29,-0.03,0.0216
198863,-0.52,-0.72,9.60,0.0129,0.0153,-0.0081,92442.08,767.29,-0.02,0.0216
198917,-0.54,-0.71,9.62,0.0173,0.0149,-0.0031,92442.08,767.29,-0.02,0.0231
198971,-0.50,-0.73,9.62,0.0205,0.0153,-0.0079,92442.08,767.29,-0.01,0.0268
199025,-0.53,-0.69,9.61,0.0157,0.0151,-0.0056,92442.08,767.29,-0.01,0.0225
199093,-0.48,-0.71,9.63,0.0152,0.0145,-0.0067,92442.08,767.29,-0.01,0.0220
199147,-0.48,-0.72,9.63,0.0155,0.0148,-0.0087,92442.08,767.29,-0.00,0.0231
199201,-0.50,-0.71,9.63,0.0164,0.0148,-0.0061,92442.05,767.30,0.01,0.0229
199255,-0.52,-0.71,9.63,0.0144,0.0123,-0.0055,92442.05,767.30,0.01,0.0197
199308,-0.49,-0.70,9.62,0.0164,0.0141,-0.0061,92442.05,767.30,0.01,0.0225
199362,-0.49,-0.72,9.62,0.0171,0.0116,-0.0037,92442.05,767.30,0.00,0.0210
199415,-0.51,-0.71,9.62,0.0160,0.0139,-0.0059,92442.05,767.30,0.00,0.0220
199473,-0.51,-0.73,9.63,0.0145,0.0125,-0.0052,92442.05,767.30,0.00,0.0199
199525,-0.51,-0.69,9.63,0.0155,0.0128,-0.0065,92442.05,767.30,0.00,0.0211
199580,-0.53,-0.74,9.62,0.0184,0.0135,-0.0075,92442.05,767.30,0.00,0.0240
199632,-0.51,-0.70,9.60,0.0152,0.0144,-0.0043,92442.05,767.30,0.00,0.0214
199687,-0.52,-0.70,9.63,0.0148,0.0151,-0.0044,92442.05,767.30,0.00,0.0216
199739,-0.53,-0.72,9.61,0.0149,0.0147,-0.0047,92442.22,767.28,-0.09,0.0214
199794,-0.49,-0.71,9.60,0.0147,0.0139,-0.0087,92442.22,767.28,-0.06,0.0219
199851,-0.50,-0.72,9.63,0.0175,0.0152,-0.0065,92442.22,767.28,-0.04,0.0240
199909,-0.51,-0.70,9.62,0.0167,0.0151,-0.0075,92442.22,767.28,-0.03,0.0237
199963,-0.53,-0.73,9.63,0.0161,0.0132,-0.0053,92442.22,767.28,-0.02,0.0215
200016,-0.49,-0.70,9.63,0.0165,0.0133,-0.0055,92442.22,767.28,-0.02,0.0219
200070,-0.49,-0.73,9.62,0.0156,0.0136,-0.0048,92442.22,767.28,-0.01,0.0212
200123,-0.54,-0.69,9.61,0.0152,0.0141,-0.0071,92442.22,767.28,-0.01,0.0219
200181,-0.51,-0.70,9.64,0.0157,0.0121,-0.0069,92442.22,767.28,-0.01,0.0210
200233,-0.53,-0.71,9.63,0.0143,0.0129,-0.0044,92442.22,767.28,-0.00,0.0197
200288,-0.47,-0.68,9.62,0.0136,0.0133,-0.0068,92442.05,767.30,0.08,0.0202
200340,-0.52,-0.71,9.64,0.0176,0.0141,-0.0068,92442.05,767.30,0.06,0.0236
200395,-0.48,-0.73,9.62,0.0160,0.0133,-0.0072,92442.05,767.30,0.04,0.0220
200447,-0.47,-0.71,9.62,0.0135,0.0127,-0.0056,92442.05,767.30,0.03,0.0193
200502,-0.51,-0.72,9.64,0.0149,0.0139,-0.0072,92442.05,767.30,0.02,0.0216
200559,-0.55,-0.69,9.62,0.0175,0.0121,-0.0053,92442.05,767.30,0.01,0.0219
200612,-0.49,-0.75,9.65,0.0141,0.0136,-0.0047,92442.05,767.30,0.01,0.0201
200666,-0.50,-0.70,9.60,0.0148,0.0125,-0.0056,92442.05,767.30,0.01,0.0202
200719,-0.51,-0.69,9.63,0.0179,0.0101,-0.0053,92442.05,767.30,0.00,0.0212
200773,-0.51,-0.73,9.63,0.0139,0.0143,-0.0048,92442.05,767.30,0.00,0.0205
200826,-0.50,-0.73,9.63,0.0128,0.0119,-0.0069,92442.20,767.28,-0.08,0.0188
200880,-0.51,-0.71,9.64,0.0175,0.0155,-0.0048,92442.20,767.28,-0.05,0.0238
200936,-0.52,-0.74,9.62,0.0164,0.0155,-0.0061,92442.20,767.28,-0.04,0.0233
200991,-0.47,-0.70,9.63,0.0135,0.0140,-0.0020,92442.20,767.28,-0.03,0.0195
201043,-0.54,-0.71,9.61,0.0168,0.0123,-0.0045,92442.20,767.28,-0.02,0.0213
201098,-0.52,-0.73,9.63,0.0151,0.0108,-0.0077,92442.20,767.28,-0.01,0.0201
201150,-0.52,-0.69,9.64,0.0191,0.0109,-0.0077,92442.20,767.28,-0.01,0.0233
201205,-0.55,-0.70,9.62,0.0173,0.0125,-0.0049,92442.20,767.28,-0.01,0.0219
201257,-0.53,-0.73,9.63,0.0164,0.0151,-0.0068,92442.20,767.28,-0.00,0.0233
201315,-0.51,-0.70,9.61,0.0179,0.0132,-0.0049,92442.20,767.28,-0.00,0.0227
201369,-0.51,-0.72,9.62,0.0177,0.0132,-0.0076,92442.18,767.28,0.01,0.0234
201422,-0.48,-0.70,9.62,0.0163,0.0135,-0.0065,92442.18,767.28,0.01,0.0221
201476,-0.53,-0.70,9.63,0.0175,0.0133,-0.0064,92442.18,767.28,0.00,0.0229
201529,-0.51,-0.71,9.62,0.0177,0.0137,-0.0063,92442.18,767.28,0.00,0.0233
201583,-0.50,-0.70,9.61,0.0152,0.0107,-0.0040,92442.18,767.28,0.00,0.0190
201639,-0.50,-0.71,9.63,0.0167,0.0125,-0.0053,92442.18,767.28,0.00,0.0215
201694,-0.51,-0.69,9.61,0.0159,0.0135,-0.0039,92442.18,767.28,0.00,0.0212
201746,-0.53,-0.70,9.62,0.0177,0.0141,-0.0063,92442.18,767.28,0.00,0.0235
201801,-0.49,-0.71,9.62,0.0148,0.0144,-0.0057,92442.18,767.28,0.00,0.0214
201853,-0.50,-0.72,9.60,0.0165,0.0164,-0.0065,92442.18,767.28,0.00,0.0242
201913,-0.54,-0.73,9.62,0.0163,0.0100,-0.0044,92442.16,767.29,0.01,0.0196
201965,-0.51,-0.71,9.63,0.0180,0.0120,-0.0040,92442.16,767.29,0.01,0.0220
202035,-0.52,-0.71,9.61,0.0149,0.0136,-0.0047,92442.16,767.29,0.01,0.0207
202087,-0.51,-0.69,9.62,0.0156,0.0140,-0.0057,92442.16,767.29,0.00,0.0217
202142,-0.51,-0.69,9.62,0.0124,0.0161,-0.0061,92442.16,767.29,0.00,0.0212
202194,-0.51,-0.70,9.61,0.0168,0.0143,-0.0081,92442.16,767.29,0.00,0.0235
202249,-0.49,-0.69,9.62,0.0156,0.0132,-0.0052,92442.16,767.29,0.00,0.0211
202301,-0.52,-0.70,9.62,0.0139,0.0124,-0.0081,92442.16,767.29,0.00,0.0203
202356,-0.49,-0.71,9.63,0.0139,0.0149,-0.0052,92442.16,767.29,0.00,0.0210
202413,-0.54,-0.69,9.64,0.0143,0.0176,-0.0067,92442.15,767.29,0.00,0.0236
202466,-0.56,-0.70,9.64,0.0153,0.0113,-0.0063,92442.15,767.29,0.00,0.0201
202520,-0.49,-0.68,9.62,0.0168,0.0139,-0.0075,92442.15,767.29,0.00,0.0230
202573,-0.48,-0.73,9.64,0.0157,0.0153,-0.0067,92442.15,767.29,0.00,0.0229
202627,-0.49,-0.73,9.60,0.0161,0.0136,-0.0072,92442.15,767.29,0.00,0.0223
202680,-0.49,-0.71,9.63,0.0159,0.0157,-0.0052,92442.15,767.29,0.00,0.0229
202734,-0.51,-0.71,9.65,0.0175,0.0113,-0.0048,92442.15,767.29,0.00,0.0214
202790,-0.51,-0.70,9.62,0.0143,0.0123,-0.0064,92442.15,767.29,0.00,0.0199
202845,-0.51,-0.69,9.62,0.0131,0.0131,-0.0080,92442.15,767.29,0.00,0.0201
202897,-0.49,-0.68,9.64,0.0157,0.0153,-0.0075,92442.15,767.29,0.00,0.0232
202952,-0.51,-0.73,9.62,0.0163,0.0168,-0.0089,92442.12,767.29,0.02,0.0250
203004,-0.51,-0.69,9.63,0.0180,0.0107,-0.0071,92442.12,767.29,0.01,0.0221
203059,-0.51,-0.72,9.63,0.0171,0.0123,-0.0064,92442.12,767.29,0.01,0.0220
203111,-0.51,-0.71,9.63,0.0164,0.0103,-0.0052,92442.12,767.29,0.01,0.0200
203169,-0.51,-0.72,9.62,0.0185,0.0148,-0.0053,92442.12,767.29,0.00,0.0243
203223,-0.50,-0.69,9.62,0.0188,0.0147,-0.0073,92442.12,767.29,0.00,0.0249
203276,-0.50,-0.74,9.62,0.0177,0.0141,-0.0052,92442.12,767.29,0.00,0.0232
203330,-0.53,-0.71,9.63,0.0167,0.0125,-0.0069,92442.12,767.29,0.00,0.0220
203383,-0.49,-0.71,9.62,0.0149,0.0133,-0.0048,92442.12,767.29,0.00,0.0206
203437,-0.45,-0.68,9.63,0.0161,0.0127,-0.0039,92442.12,767.29,0.00,0.0209
203490,-0.51,-0.70,9.61,0.0176,0.0144,-0.0069,92442.12,767.29,0.00,0.0238
203548,-0.52,-0.70,9.64,0.0176,0.0128,-0.0056,92442.12,767.29,0.00,0.0225
203600,-0.53,-0.67,9.65,0.0143,0.0151,-0.0071,92442.12,767.29,0.00,0.0219
203655,-0.54,-0.70,9.61,0.0183,0.0148,-0.0063,92442.12,767.29,0.00,0.0243
203707,-0.52,-0.71,9.62,0.0163,0.0144,-0.0064,92442.12,767.29,0.00,0.0226
203762,-0.51,-0.68,9.63,0.0159,0.0143,-0.0057,92442.12,767.29,0.00,0.0221
203814,-0.51,-0.71,9.61,0.0167,0.0125,-0.0048,92442.12,767.29,0.00,0.0214
203873,-0.51,-0.71,9.64,0.0161,0.0127,-0.0088,92442.12,767.29,0.00,0.0223
203930,-0.51,-0.72,9.63,0.0161,0.0137,-0.0036,92442.12,767.29,0.00,0.0215
203982,-0.51,-0.73,9.60,0.0209,0.0135,-0.0069,92442.12,767.29,0.00,0.0258
204036,-0.52,-0.69,9.63,0.0180,0.0124,-0.0081,92442.11,767.29,0.00,0.0233
204089,-0.51,-0.69,9.64,0.0145,0.0133,-0.0061,92442.11,767.29,0.00,0.0206
204143,-0.48,-0.71,9.60,0.0143,0.0125,-0.0061,92442.11,767.29,0.00,0.0199
204196,-0.50,-0.71,9.60,0.0167,0.0143,-0.0079,92442.11,767.29,0.00,0.0233
204254,-0.54,-0.72,9.63,0.0155,0.0131,-0.0079,92442.11,767.29,0.00,0.0217
204306,-0.49,-0.71,9.61,0.0148,0.0131,-0.0052,92442.11,767.29,0.00,0.0204
204361,-0.51,-0.73,9.62,0.0160,0.0120,-0.0051,92442.11,767.29,0.00,0.0206
204413,-0.54,-0.70,9.59,0.0137,0.0149,-0.0073,92442.11,767.29,0.00,0.0216
204468,-0.50,-0.72,9.64,0.0153,0.0135,-0.0084,92442.11,767.29,0.00,0.0221
204520,-0.55,-0.74,9.61,0.0168,0.0144,-0.0069,92442.11,767.29,0.00,0.0232
204575,-0.54,-0.70,9.61,0.0135,0.0131,-0.0073,92442.11,767.29,0.00,0.0201
204632,-0.47,-0.70,9.60,0.0148,0.0137,-0.0044,92442.11,767.29,0.00,0.0206
204685,-0.47,-0.69,9.63,0.0168,0.0109,-0.0061,92442.11,767.29,0.00,0.0209
204739,-0.53,-0.73,9.61,0.0165,0.0128,-0.0067,92442.11,767.29,0.00,0.0219
204792,-0.50,-0.71,9.61,0.0152,0.0117,-0.0041,92442.11,767.29,0.00,0.0196
204846,-0.52,-0.70,9.61,0.0152,0.0131,-0.0031,92442.11,767.29,0.00,0.0203
204899,-0.52,-0.74,9.63,0.0147,0.0136,-0.0057,92442.11,767.29,0.00,0.0208
204953,-0.48,-0.67,9.63,0.0141,0.0117,-0.0032,92442.11,767.29,0.00,0.0186
205022,-0.52,-0.72,9.64,0.0171,0.0152,-0.0063,92442.11,767.29,0.00,0.0237
205077,-0.55,-0.71,9.60,0.0132,0.0159,-0.0056,92441.88,767.31,0.11,0.0214
205131,-0.54,-0.73,9.61,0.0187,0.0095,-0.0072,92441.88,767.31,0.08,0.0221
205186,-0.50,-0.71,9.62,0.0181,0.0119,-0.0065,92441.88,767.31,0.05,0.0226
205240,-0.53,-0.74,9.64,0.0155,0.0149,-0.0061,92441.88,767.31,0.04,0.0223
205295,-0.50,-0.71,9.63,0.0175,0.0149,-0.0081,92441.88,767.31,0.03,0.0244
205349,-0.53,-0.71,9.62,0.0164,0.0124,-0.0064,92441.88,767.31,0.02,0.0215
205408,-0.53,-0.74,9.62,0.0171,0.0128,-0.0079,92441.88,767.31,0.01,0.0227
205460,-0.53,-0.71,9.62,0.0155,0.0124,-0.0028,92441.88,767.31,0.01,0.0200
205515,-0.49,-0.74,9.62,0.0147,0.0123,-0.0047,92441.88,767.31,0.01,0.0197
205567,-0.53,-0.71,9.63,0.0135,0.0137,-0.0057,92441.88,767.31,0.00,0.0201
205622,-0.53,-0.70,9.62,0.0155,0.0136,-0.0061,92441.88,767.31,0.00,0.0215
205674,-0.52,-0.70,9.60,0.0168,0.0148,-0.0056,92441.88,767.31,0.00,0.0231
205729,-0.51,-0.73,9.62,0.0160,0.0127,-0.0063,92441.88,767.31,0.00,0.0213
205785,-0.50,-0.70,9.62,0.0155,0.0133,-0.0049,92441.88,767.31,0.00,0.0210
205838,-0.51,-0.69,9.61,0.0176,0.0141,-0.0055,92441.88,767.31,0.00,0.0232
205892,-0.55,-0.71,9.62,0.0137,0.0127,-0.0071,92441.88,767.31,0.00,0.0200
205950,-0.51,-0.66,9.62,0.0164,0.0119,-0.0052,92441.88,767.31,0.00,0.0209
206004,-0.49,-0.69,9.63,0.0177,0.0132,-0.0056,92441.88,767.31,0.00,0.0228
206057,-0.49,-0.72,9.62,0.0163,0.0137,-0.0061,92441.88,767.31,0.00,0.0221
206115,-0.50,-0.73,9.63,0.0136,0.0121,-0.0045,92441.88,767.31,0.00,0.0188
206167,-0.51,-0.73,9.64,0.0184,0.0140,-0.0069,92442.02,767.30,-0.07,0.0241
206222,-0.50,-0.70,9.61,0.0168,0.0121,-0.0065,92442.02,767.30,-0.05,0.0217
206274,-0.54,-0.72,9.58,0.0164,0.0143,-0.0057,92442.02,767.30,-0.04,0.0225
206329,-0.51,-0.71,9.63,0.0185,0.0133,-0.0060,92442.02,767.30,-0.02,0.0236
206381,-0.52,-0.73,9.63,0.0140,0.0100,-0.0045,92442.02,767.30,-0.02,0.0178
206436,-0.50,-0.71,9.61,0.0159,0.0121,-0.0052,92442.02,767.30,-0.01,0.0206
206492,-0.48,-0.70,9.63,0.0147,0.0100,-0.0071,92442.02,767.30,-0.01,0.0191
206545,-0.49,-0.70,9.62,0.0163,0.0124,-0.0063,92442.02,767.30,-0.01,0.0214
206599,-0.51,-0.69,9.62,0.0159,0.0121,-0.0048,92442.02,767.30,-0.00,0.0205
206652,-0.51,-0.70,9.64,0.0184,0.0112,-0.0072,92442.02,767.30,-0.00,0.0227
206706,-0.51,-0.71,9.64,0.0181,0.0141,-0.0092,92442.19,767.28,-0.09,0.0247
206759,-0.48,-0.71,9.62,0.0140,0.0132,-0.0063,92442.19,767.28,-0.06,0.0202
206813,-0.52,-0.71,9.63,0.0168,0.0149,-0.0076,92442.19,767.28,-0.04,0.0237
206869,-0.52,-0.72,9.62,0.0164,0.0140,-0.0064,92442.19,767.28,-0.03,0.0225
206924,-0.48,-0.70,9.62,0.0157,0.0140,-0.0055,92442.19,767.28,-0.02,0.0217
206976,-0.53,-0.71,9.63,0.0196,0.0124,-0.0048,92442.19,767.28,-0.01,0.0237
207031,-0.51,-0.69,9.62,0.0149,0.0151,-0.0040,92442.19,767.28,-0.01,0.0216
207083,-0.51,-0.72,9.64,0.0161,0.0147,-0.0049,92442.19,767.28,-0.01,0.0223
207138,-0.53,-0.72,9.62,0.0156,0.0124,-0.0051,92442.19,767.28,-0.00,0.0205
207190,-0.52,-0.70,9.62,0.0180,0.0144,-0.0063,92442.19,767.28,-0.00,0.0239
207248,-0.51,-0.70,9.63,0.0173,0.0115,-0.0041,92442.18,767.28,0.00,0.0212
207302,-0.50,-0.72,9.62,0.0129,0.0129,-0.0075,92442.18,767.28,0.00,0.0197
207355,-0.49,-0.70,9.65,0.0168,0.0141,-0.0053,92442.18,767.28,0.00,0.0226
207409,-0.51,-0.73,9.64,0.0184,0.0123,-0.0060,92442.18,767.28,0.00,0.0229
207462,-0.53,-0.69,9.61,0.0159,0.0120,-0.0052,92442.18,767.28,0.00,0.0205
207516,-0.51,-0.73,9.62,0.0152,0.0147,-0.0060,92442.18,767.28,0.00,0.0219
207572,-0.50,-0.69,9.63,0.0129,0.0112,-0.0040,92442.18,767.28,0.00,0.0176
207627,-0.51,-0.73,9.65,0.0175,0.0108,-0.0045,92442.18,767.28,0.00,0.0210
207679,-0.53,-0.70,9.63,0.0151,0.0153,-0.0068,92442.18,767.28,0.00,0.0225
207734,-0.54,-0.70,9.62,0.0187,0.0104,-0.0065,92442.18,767.28,0.00,0.0223
207786,-0.54,-0.70,9.62,0.0187,0.0111,-0.0043,92441.83,767.31,0.18,0.0221
207841,-0.54,-0.68,9.60,0.0171,0.0136,-0.0053,92441.83,767.31,0.13,0.0224
207893,-0.54,-0.72,9.62,0.0164,0.0131,-0.0053,92441.83,767.31,0.09,0.0216
207968,-0.49,-0.69,9.63,0.0161,0.0147,-0.0048,92441.83,767.31,0.06,0.0223
208020,-0.49,-0.69,9.62,0.0141,0.0136,-0.0061,92441.83,767.31,0.04,0.0205
208075,-0.55,-0.72,9.61,0.0172,0.0117,-0.0064,92441.83,767.31,0.03,0.0218
208127,-0.49,-0.72,9.62,0.0160,0.0128,-0.0059,92441.83,767.31,0.02,0.0213
208182,-0.48,-0.68,9.62,0.0155,0.0141,-0.0055,92441.83,767.31,0.01,0.0216
208234,-0.52,-0.71,9.61,0.0163,0.0125,-0.0069,92441.83,767.31,0.01,0.0217
208289,-0.54,-0.72,9.63,0.0163,0.0168,-0.0057,92442.31,767.27,-0.23,0.0241
208345,-0.49,-0.71,9.61,0.0173,0.0136,-0.0048,92442.31,767.27,-0.16,0.0225
208398,-0.51,-0.70,9.60,0.0157,0.0131,-0.0044,92442.31,767.27,-0.11,0.0209
208452,-0.51,-0.70,9.63,0.0171,0.0123,-0.0060,92442.31,767.27,-0.08,0.0218
208505,-0.54,-0.69,9.62,0.0152,0.0117,-0.0053,92442.31,767.27,-0.05,0.0199
208559,-0.53,-0.72,9.60,0.0168,0.0136,-0.0059,92442.31,767.27,-0.04,0.0224
208612,-0.50,-0.71,9.59,0.0147,0.0129,-0.0069,92442.31,767.27,-0.03,0.0207
208666,-0.50,-0.72,9.59,0.0141,0.0128,-0.0051,92442.31,767.27,-0.02,0.0197
208722,-0.51,-0.72,9.61,0.0147,0.0132,-0.0052,92442.31,767.27,-0.01,0.0204
208777,-0.52,-0.70,9.62,0.0168,0.0136,-0.0056,92442.31,767.27,-0.01,0.0223
208829,-0.53,-0.73,9.60,0.0159,0.0135,-0.0063,92441.97,767.30,0.17,0.0217
208884,-0.56,-0.72,9.60,0.0167,0.0120,-0.0045,92441.97,767.30,0.12,0.0210
208936,-0.52,-0.72,9.63,0.0144,0.0121,-0.0044,92441.97,767.30,0.08,0.0193
208991,-0.51,-0.73,9.61,0.0177,0.0133,-0.0072,92441.97,767.30,0.06,0.0233
209043,-0.52,-0.70,9.63,0.0179,0.0131,-0.0041,92441.97,767.30,0.04,0.0225
209101,-0.52,-0.70,9.62,0.0184,0.0124,-0.0059,92441.97,767.30,0.03,0.0229
209155,-0.50,-0.71,9.59,0.0111,0.0116,-0.0053,92441.97,767.30,0.02,0.0169
209208,-0.53,-0.72,9.63,0.0168,0.0111,-0.0048,92441.97,767.30,0.01,0.0207
209262,-0.52,-0.75,9.59,0.0161,0.0133,-0.0056,92441.97,767.30,0.01,0.0216
209315,-0.47,-0.73,9.65,0.0168,0.0132,-0.0061,92441.97,767.30,0.01,0.0222
209369,-0.50,-0.68,9.61,0.0153,0.0128,-0.0069,92442.14,767.29,-0.08,0.0211
209425,-0.52,-0.73,9.61,0.0157,0.0117,-0.0053,92442.14,767.29,-0.06,0.0203
209480,-0.52,-0.72,9.60,0.0160,0.0112,-0.0057,92442.14,767.29,-0.04,0.0203
209532,-0.53,-0.71,9.64,0.0139,0.0125,-0.0061,92442.14,767.29,-0.03,0.0197
209587,-0.54,-0.72,9.61,0.0172,0.0131,-0.0063,92442.14,767.29,-0.02,0.0225
209639,-0.51,-0.70,9.63,0.0153,0.0100,-0.0061,92442.14,767.29,-0.01,0.0193
209694,-0.51,-0.73,9.62,0.0165,0.0133,-0.0079,92442.14,767.29,-0.01,0.0226
209746,-0.51,-0.70,9.63,0.0161,0.0139,-0.0063,92442.14,767.29,-0.01,0.0222
209804,-0.52,-0.68,9.62,0.0168,0.0127,-0.0052,92442.14,767.29,-0.00,0.0217
209858,-0.54,-0.71,9.60,0.0167,0.0136,-0.0064,92442.14,767.29,-0.00,0.0224
209911,-0.54,-0.72,9.64,0.0177,0.0140,-0.0064,92441.97,767.30,0.08,0.0235
209970,-0.51,-0.69,9.65,0.0191,0.0135,-0.0063,92441.97,767.30,0.06,0.0242
210023,-0.52,-0.71,9.60,0.0176,0.0152,-0.0067,92441.97,767.30,0.04,0.0242
210077,-0.52,-0.69,9.61,0.0163,0.0125,-0.0056,92441.97,767.30,0.03,0.0213
210130,-0.50,-0.68,9.59,0.0159,0.0143,-0.0060,92441.97,767.30,0.02,0.0221
210188,-0.50,-0.69,9.61,0.0164,0.0132,-0.0044,92441.97,767.30,0.01,0.0215
210240,-0.47,-0.72,9.60,0.0176,0.0148,-0.0056,92441.97,767.30,0.01,0.0236
210295,-0.51,-0.70,9.60,0.0159,0.0127,-0.0052,92441.97,767.30,0.01,0.0209
210347,-0.50,-0.69,9.60,0.0180,0.0123,-0.0063,92441.97,767.30,0.00,0.0226
210402,-0.49,-0.69,9.61,0.0171,0.0124,-0.0052,92441.97,767.30,0.00,0.0217
210454,-0.50,-0.69,9.63,0.0183,0.0139,-0.0071,92441.97,767.30,0.00,0.0240
210509,-0.49,-0.71,9.62,0.0168,0.0131,-0.0073,92441.97,767.30,0.00,0.0225
210565,-0.53,-0.71,9.61,0.0165,0.0149,-0.0059,92441.97,767.30,0.00,0.0230
210618,-0.51,-0.73,9.60,0.0143,0.0131,-0.0064,92441.97,767.30,0.00,0.0204
210672,-0.49,-0.74,9.62,0.0192,0.0135,-0.0075,92441.97,767.30,0.00,0.0246
210725,-0.51,-0.70,9.63,0.0172,0.0140,-0.0051,92441.97,767.30,0.00,0.0227
210779,-0.53,-0.70,9.60,0.0148,0.0156,-0.0047,92441.97,767.30,0.00,0.0220
210832,-0.52,-0.70,9.61,0.0176,0.0125,-0.0076,92441.97,767.30,0.00,0.0229
210886,-0.50,-0.69,9.61,0.0156,0.0143,-0.0048,92441.97,767.30,0.00,0.0217
210954,-0.51,-0.66,9.62,0.0167,0.0115,-0.0052,92441.97,767.30,0.00,0.0209
211008,-0.46,-0.68,9.63,0.0145,0.0121,-0.0071,92441.97,767.30,0.00,0.0202
211061,-0.50,-0.70,9.62,0.0157,0.0117,-0.0055,92441.97,767.30,0.00,0.0204
211115,-0.54,-0.72,9.62,0.0189,0.0144,-0.0027,92441.97,767.30,0.00,0.0239
211168,-0.48,-0.72,9.62,0.0156,0.0147,-0.0067,92441.97,767.30,0.00,0.0224
211222,-0.52,-0.69,9.64,0.0152,0.0112,-0.0069,92441.97,767.30,0.00,0.0201
211278,-0.51,-0.71,9.63,0.0192,0.0129,-0.0029,92441.97,767.30,0.00,0.0233
211333,-0.52,-0.70,9.59,0.0216,0.0117,-0.0073,92441.97,767.30,0.00,0.0256
211385,-0.52,-0.73,9.63,0.0143,0.0136,-0.0072,92441.97,767.30,0.00,0.0210
211440,-0.53,-0.70,9.61,0.0181,0.0116,-0.0044,92441.97,767.30,0.00,0.0220
211492,-0.51,-0.71,9.65,0.0165,0.0133,-0.0061,92442.14,767.29,-0.09,0.0221
211547,-0.51,-0.71,9.63,0.0156,0.0137,-0.0063,92442.14,767.29,-0.06,0.0217
211599,-0.51,-0.72,9.62,0.0145,0.0127,-0.0051,92442.14,767.29,-0.04,0.0199
211657,-0.51,-0.69,9.61,0.0163,0.0147,-0.0080,92442.14,767.29,-0.03,0.0233
211711,-0.53,-0.72,9.61,0.0147,0.0125,-0.0043,92442.14,767.29,-0.02,0.0197
211764,-0.49,-0.70,9.64,0.0185,0.0141,-0.0053,92442.14,767.29,-0.01,0.0239
211818,-0.52,-0.72,9.65,0.0153,0.0115,-0.0051,92442.14,767.29,-0.01,0.0198
211871,-0.50,-0.70,9.64,0.0157,0.0139,-0.0063,92442.14,767.29,-0.01,0.0219
211925,-0.48,-0.71,9.64,0.0185,0.0149,-0.0063,92442.14,767.29,-0.01,0.0246
211983,-0.49,-0.72,9.63,0.0155,0.0129,-0.0060,92442.14,767.29,-0.00,0.0210
212041,-0.54,-0.70,9.64,0.0145,0.0143,-0.0060,92442.29,767.27,-0.08,0.0212
212093,-0.50,-0.69,9.62,0.0160,0.0144,-0.0084,92442.29,767.27,-0.05,0.0231
212148,-0.53,-0.73,9.63,0.0161,0.0125,-0.0051,92442.29,767.27,-0.04,0.0210
212200,-0.54,-0.69,9.62,0.0171,0.0153,-0.0047,92442.29,767.27,-0.03,0.0234
212255,-0.51,-0.69,9.62,0.0172,0.0129,-0.0059,92442.29,767.27,-0.02,0.0223
212307,-0.51,-0.70,9.61,0.0140,0.0124,-0.0052,92442.29,767.27,-0.01,0.0194
212362,-0.52,-0.73,9.63,0.0157,0.0112,-0.0065,92442.29,767.27,-0.01,0.0204
212418,-0.50,-0.69,9.62,0.0157,0.0124,-0.0067,92442.29,767.27,-0.01,0.0211
212471,-0.56,-0.69,9.59,0.0152,0.0127,-0.0039,92442.29,767.27,-0.00,0.0201
212525,-0.54,-0.70,9.64,0.0144,0.0125,-0.0071,92442.29,767.27,-0.00,0.0203
212578,-0.52,-0.70,9.62,0.0196,0.0149,-0.0037,92441.95,767.30,0.18,0.0249
212632,-0.51,-0.71,9.67,0.0141,0.0128,-0.0071,92441.95,767.30,0.12,0.0203
212685,-0.54,-0.69,9.61,0.0183,0.0133,-0.0044,92441.95,767.30,0.09,0.0230
212743,-0.51,-0.69,9.64,0.0151,0.0136,-0.0052,92441.95,767.30,0.06,0.0209
212795,-0.53,-0.70,9.61,0.0173,0.0121,-0.0051,92441.95,767.30,0.04,0.0217
212850,-0.53,-0.69,9.63,0.0164,0.0157,-0.0083,92441.95,767.30,0.03,0.0242
212902,-0.49,-0.68,9.62,0.0155,0.0132,-0.0061,92441.95,767.30,0.02,0.0212
212957,-0.52,-0.69,9.63,0.0184,0.0145,-0.0064,92441.95,767.30,0.01,0.0243
213009,-0.52,-0.72,9.61,0.0160,0.0163,-0.0061,92441.95,767.30,0.01,0.0236
213064,-0.51,-0.73,9.62,0.0156,0.0125,-0.0065,92441.95,767.30,0.01,0.0210
213120,-0.51,-0.69,9.60,0.0188,0.0111,-0.0061,92441.95,767.30,0.00,0.0226
213173,-0.48,-0.72,9.65,0.0168,0.0119,-0.0049,92441.95,767.30,0.00,0.0211
213227,-0.55,-0.70,9.62,0.0151,0.0153,-0.0051,92441.95,767.30,0.00,0.0221
213280,-0.50,-0.70,9.64,0.0168,0.0128,-0.0043,92441.95,767.30,0.00,0.0215
213334,-0.53,-0.69,9.62,0.0157,0.0124,-0.0041,92441.95,767.30,0.00,0.0204
213387,-0.52,-0.69,9.60,0.0176,0.0131,-0.0064,92441.95,767.30,0.00,0.0228
213441,-0.52,-0.72,9.62,0.0156,0.0124,-0.0068,92441.95,767.30,0.00,0.0210
213497,-0.51,-0.72,9.62,0.0151,0.0119,-0.0056,92441.95,767.30,0.00,0.0200
213552,-0.51,-0.68,9.60,0.0155,0.0152,-0.0055,92441.95,767.30,0.00,0.0223
213604,-0.48,-0.71,9.63,0.0187,0.0115,-0.0036,92441.95,767.30,0.00,0.0222
213659,-0.48,-0.73,9.61,0.0167,0.0140,-0.0057,92441.94,767.31,0.00,0.0225
213711,-0.52,-0.70,9.64,0.0159,0.0123,-0.0069,92441.94,767.31,0.00,0.0212
213766,-0.51,-0.70,9.61,0.0160,0.0157,-0.0055,92441.94,767.31,0.00,0.0231
213818,-0.50,-0.72,9.62,0.0168,0.0161,-0.0072,92441.94,767.31,0.00,0.0244
213888,-0.52,-0.70,9.63,0.0168,0.0125,-0.0060,92441.94,767.31,0.00,0.0218
213940,-0.52,-0.72,9.62,0.0143,0.0147,-0.0028,92441.94,767.31,0.00,0.0206
214000,-0.55,-0.71,9.60,0.0141,0.0128,-0.0063,92441.94,767.31,0.00,0.0201
214052,-0.50,-0.70,9.60,0.0168,0.0139,-0.0052,92441.94,767.31,0.00,0.0224
214107,-0.53,-0.72,9.63,0.0161,0.0124,-0.0039,92441.94,767.31,0.00,0.0207
214159,-0.52,-0.68,9.63,0.0161,0.0123,-0.0052,92441.94,767.31,0.00,0.0209
214214,-0.49,-0.71,9.62,0.0155,0.0147,-0.0075,92441.94,767.31,0.00,0.0226
214270,-0.54,-0.74,9.62,0.0164,0.0137,-0.0052,92441.94,767.31,0.00,0.0220
214323,-0.52,-0.69,9.63,0.0145,0.0131,-0.0064,92441.94,767.31,0.00,0.0205
214377,-0.52,-0.74,9.63,0.0179,0.0145,-0.0059,92441.94,767.31,0.00,0.0237
214430,-0.51,-0.69,9.64,0.0185,0.0151,-0.0061,92441.94,767.31,0.00,0.0246
214484,-0.52,-0.69,9.60,0.0172,0.0132,-0.0065,92441.94,767.31,0.00,0.0226
214537,-0.49,-0.71,9.61,0.0153,0.0137,-0.0068,92441.94,767.31,0.00,0.0217
214591,-0.52,-0.70,9.65,0.0145,0.0137,-0.0059,92441.94,767.31,0.00,0.0208
214647,-0.51,-0.71,9.60,0.0163,0.0117,-0.0059,92441.94,767.31,0.00,0.0209
214702,-0.50,-0.70,9.61,0.0164,0.0117,-0.0065,92442.08,767.29,-0.07,0.0212
214754,-0.51,-0.72,9.62,0.0152,0.0155,-0.0044,92442.08,767.29,-0.05,0.0221
214809,-0.46,-0.71,9.63,0.0159,0.0125,-0.0055,92442.08,767.29,-0.03,0.0209
214861,-0.49,-0.70,9.62,0.0161,0.0116,-0.0041,92442.08,767.29,-0.02,0.0203
214916,-0.53,-0.73,9.62,0.0168,0.0181,-0.0071,92442.08,767.29,-0.02,0.0257
214972,-0.50,-0.70,9.62,0.0135,0.0141,-0.0051,92442.08,767.29,-0.01,0.0202
215025,-0.54,-0.69,9.63,0.0151,0.0160,-0.0059,92442.08,767.29,-0.01,0.0227
215079,-0.54,-0.71,9.64,0.0163,0.0132,-0.0048,92442.08,767.29,-0.01,0.0215
215132,-0.49,-0.71,9.66,0.0135,0.0133,-0.0069,92442.08,767.29,-0.00,0.0202
215186,-0.50,-0.68,9.62,0.0168,0.0127,-0.0068,92442.08,767.29,-0.00,0.0221
215239,-0.51,-0.73,9.59,0.0179,0.0128,-0.0048,92442.08,767.29,-0.00,0.0225
215293,-0.48,-0.70,9.62,0.0181,0.0152,-0.0064,92442.08,767.29,-0.00,0.0245
215349,-0.47,-0.68,9.61,0.0172,0.0149,-0.0049,92442.08,767.29,-0.00,0.0233
215404,-0.53,-0.73,9.62,0.0159,0.0159,-0.0056,92442.08,767.29,-0.00,0.0231
215456,-0.52,-0.72,9.61,0.0177,0.0121,-0.0065,92442.08,767.29,-0.00,0.0224
215511,-0.51,-0.70,9.60,0.0140,0.0120,-0.0076,92442.08,767.29,-0.00,0.0199
215563,-0.49,-0.71,9.63,0.0139,0.0140,-0.0056,92442.08,767.29,-0.00,0.0205
215618,-0.51,-0.71,9.62,0.0187,0.0155,-0.0068,92442.08,767.29,-0.00,0.0252
215670,-0.49,-0.72,9.64,0.0160,0.0119,-0.0055,92442.08,767.29,-0.00,0.0206
215728,-0.50,-0.73,9.63,0.0176,0.0123,-0.0053,92442.08,767.29,-0.00,0.0221
215782,-0.51,-0.69,9.62,0.0133,0.0161,-0.0041,92442.25,767.28,-0.09,0.0213
215835,-0.52,-0.72,9.60,0.0155,0.0144,-0.0048,92442.25,767.28,-0.06,0.0217
215889,-0.52,-0.70,9.61,0.0145,0.0136,-0.0068,92442.25,767.28,-0.04,0.0210
215942,-0.51,-0.68,9.63,0.0179,0.0133,-0.0073,92442.25,767.28,-0.03,0.0235
216001,-0.47,-0.73,9.59,0.0156,0.0148,-0.0047,92442.25,767.28,-0.02,0.0220
216054,-0.53,-0.71,9.61,0.0164,0.0155,-0.0056,92442.25,767.28,-0.01,0.0232
216112,-0.52,-0.70,9.62,0.0151,0.0164,-0.0051,92442.25,767.28,-0.01,0.0228
216164,-0.53,-0.73,9.62,0.0168,0.0141,-0.0052,92442.25,767.28,-0.01,0.0225
216219,-0.51,-0.71,9.62,0.0184,0.0140,-0.0092,92442.25,767.28,-0.01,0.0249
216271,-0.48,-0.71,9.59,0.0168,0.0143,-0.0056,92442.25,767.28,-0.00,0.0227
216326,-0.51,-0.71,9.63,0.0175,0.0123,-0.0068,92442.25,767.28,-0.00,0.0224
216378,-0.55,-0.70,9.64,0.0165,0.0108,-0.0051,92442.25,767.28,-0.00,0.0204
216435,-0.51,-0.71,9.62,0.0139,0.0145,-0.0073,92442.25,767.28,-0.00,0.0214
216487,-0.53,-0.73,9.62,0.0180,0.0123,-0.0076,92442.25,767.28,-0.00,0.0231
216551,-0.52,-0.70,9.66,0.0167,0.0143,-0.0067,92442.25,767.28,-0.00,0.0229
216619,-0.50,-0.71,9.63,0.0124,0.0128,-0.0043,92442.25,767.28,-0.00,0.0183
216686,-0.52,-0.68,9.62,0.0165,0.0139,-0.0071,92442.25,767.28,-0.00,0.0227
216769,-0.50,-0.70,9.61,0.0175,0.0131,-0.0045,92442.25,767.28,-0.00,0.0223
216822,-0.55,-0.70,9.61,0.0167,0.0117,-0.0048,92442.25,767.28,-0.00,0.0209
216890,-0.50,-0.70,9.62,0.0145,0.0151,-0.0049,92442.25,767.28,-0.00,0.0215
216943,-0.52,-0.71,9.62,0.0149,0.0133,-0.0067,92442.25,767.28,-0.00,0.0211
216997,-0.52,-0.71,9.62,0.0151,0.0115,-0.0079,92442.25,767.28,-0.00,0.0205
217050,-0.52,-0.72,9.60,0.0141,0.0129,-0.0053,92442.25,767.28,-0.00,0.0199
217104,-0.51,-0.70,9.63,0.0156,0.0137,-0.0056,92442.25,767.28,-0.00,0.0215
217157,-0.54,-0.71,9.63,0.0167,0.0111,-0.0061,92442.25,767.28,-0.00,0.0209
217211,-0.52,-0.69,9.62,0.0157,0.0137,-0.0045,92442.25,767.28,-0.00,0.0214
217267,-0.48,-0.72,9.61,0.0164,0.0148,-0.0051,92442.25,767.28,-0.00,0.0226
217322,-0.51,-0.69,9.62,0.0163,0.0141,-0.0067,92442.25,767.28,-0.00,0.0225
217374,-0.51,-0.68,9.60,0.0163,0.0132,-0.0065,92442.56,767.25,-0.16,0.0219
217429,-0.53,-0.69,9.62,0.0140,0.0148,-0.0068,92442.56,767.25,-0.11,0.0215
217481,-0.52,-0.69,9.62,0.0164,0.0136,-0.0035,92442.56,767.25,-0.08,0.0216
217536,-0.47,-0.72,9.62,0.0147,0.0164,-0.0067,92442.56,767.25,-0.05,0.0230
217593,-0.49,-0.74,9.63,0.0155,0.0141,-0.0036,92442.56,767.25,-0.04,0.0212
217646,-0.52,-0.70,9.59,0.0148,0.0143,-0.0059,92442.56,767.25,-0.03,0.0214
217700,-0.51,-0.74,9.62,0.0161,0.0137,-0.0071,92442.56,767.25,-0.02,0.0223
217753,-0.49,-0.70,9.64,0.0156,0.0121,-0.0029,92442.56,767.25,-0.01,0.0200
217807,-0.50,-0.69,9.64,0.0171,0.0129,-0.0068,92442.56,767.25,-0.01,0.0225
217860,-0.52,-0.71,9.63,0.0160,0.0117,-0.0068,92442.56,767.25,-0.01,0.0210
217914,-0.52,-0.70,9.62,0.0156,0.0135,-0.0056,92442.56,767.25,-0.00,0.0213
217970,-0.47,-0.73,9.59,0.0164,0.0129,-0.0059,92442.56,767.25,-0.00,0.0217
218030,-0.49,-0.69,9.62,0.0164,0.0125,-0.0079,92442.56,767.25,-0.00,0.0221
218082,-0.50,-0.70,9.64,0.0168,0.0128,-0.0061,92442.56,767.25,-0.00,0.0220
218137,-0.52,-0.70,9.61,0.0175,0.0149,-0.0048,92442.56,767.25,-0.00,0.0235
218189,-0.50,-0.72,9.63,0.0159,0.0135,-0.0059,92442.56,767.25,-0.00,0.0216
218244,-0.48,-0.68,9.60,0.0168,0.0144,-0.0076,92442.56,767.25,-0.00,0.0234
218296,-0.50,-0.70,9.63,0.0153,0.0116,-0.0053,92442.56,767.25,-0.00,0.0199
218354,-0.53,-0.70,9.58,0.0173,0.0152,-0.0103,92442.56,767.25,-0.00,0.0252
218408,-0.52,-0.71,9.64,0.0165,0.0124,-0.0084,92442.56,767.25,-0.00,0.0223
218461,-0.49,-0.68,9.60,0.0140,0.0148,-0.0053,92442.53,767.25,0.02,0.0210
218515,-0.49,-0.71,9.62,0.0171,0.0121,-0.0081,92442.53,767.25,0.01,0.0224
218568,-0.51,-0.70,9.62,0.0141,0.0153,-0.0076,92442.53,767.25,0.01,0.0222
218622,-0.49,-0.68,9.60,0.0179,0.0119,-0.0037,92442.53,767.25,0.01,0.0218
218675,-0.51,-0.73,9.63,0.0168,0.0128,-0.0052,92442.53,767.25,0.00,0.0217
218733,-0.50,-0.72,9.61,0.0179,0.0141,-0.0059,92442.53,767.25,0.00,0.0235
218785,-0.52,-0.70,9.61,0.0161,0.0115,-0.0041,92442.53,767.25,0.00,0.0202
218840,-0.53,-0.71,9.62,0.0172,0.0131,-0.0052,92442.53,767.25,0.00,0.0222
218892,-0.50,-0.71,9.62,0.0156,0.0137,-0.0069,92442.53,767.25,0.00,0.0219
218947,-0.50,-0.69,9.63,0.0159,0.0129,-0.0065,92442.19,767.22,-0.17,0.0215
218999,-0.50,-0.71,9.62,0.0171,0.0124,-0.0077,92442.88,767.22,-0.12,0.0225
219054,-0.52,-0.71,9.63,0.0153,0.0109,-0.0064,92442.88,767.22,-0.08,0.0199
219111,-0.48,-0.72,9.61,0.0148,0.0135,-0.0043,92442.88,767.22,-0.06,0.0204
219164,-0.50,-0.67,9.61,0.0164,0.0139,-0.0045,92442.88,767.22,-0.04,0.0219
219218,-0.48,-0.70,9.65,0.0157,0.0129,-0.0049,92442.88,767.22,-0.03,0.0209
219271,-0.51,-0.70,9.62,0.0161,0.0133,-0.0048,92442.88,767.22,-0.02,0.0215
219325,-0.50,-0.71,9.62,0.0176,0.0092,-0.0057,92442.88,767.22,-0.01,0.0207
219378,-0.52,-0.70,9.59,0.0159,0.0141,-0.0043,92442.88,767.22,-0.01,0.0217
219436,-0.54,-0.69,9.61,0.0156,0.0111,-0.0077,92442.88,767.22,-0.01,0.0206
219488,-0.53,-0.72,9.62,0.0161,0.0095,-0.0068,92442.70,767.24,0.09,0.0199
219543,-0.51,-0.72,9.59,0.0175,0.0148,-0.0061,92442.70,767.24,0.06,0.0237
219595,-0.51,-0.67,9.61,0.0136,0.0120,-0.0033,92442.70,767.24,0.05,0.0184
219650,-0.51,-0.70,9.63,0.0161,0.0152,-0.0052,92442.70,767.24,0.03,0.0228
219702,-0.50,-0.72,9.62,0.0175,0.0157,-0.0067,92442.70,767.24,0.02,0.0244
219757,-0.52,-0.67,9.61,0.0155,0.0157,-0.0072,92442.70,767.24,0.02,0.0232
219824,-0.52,-0.70,9.59,0.0163,0.0112,-0.0051,92442.70,767.24,0.01,0.0204
219879,-0.55,-0.73,9.62,0.0176,0.0108,-0.0056,92442.70,767.24,0.01,0.0214
219931,-0.50,-0.71,9.62,0.0164,0.0132,-0.0071,92442.70,767.24,0.01,0.0222
219986,-0.48,-0.68,9.58,0.0164,0.0141,-0.0041,92442.70,767.24,0.00,0.0220
220043,-0.52,-0.72,9.60,0.0165,0.0125,-0.0053,92442.87,767.22,-0.08,0.0214
220098,-0.53,-0.71,9.61,0.0165,0.0123,-0.0049,92442.87,767.22,-0.06,0.0212
220150,-0.55,-0.74,9.60,0.0168,0.0113,-0.0087,92442.87,767.22,-0.04,0.0220
220208,-0.51,-0.71,9.63,0.0180,0.0140,-0.0052,92442.87,767.22,-0.03,0.0234
220262,-0.51,-0.69,9.58,0.0137,0.0131,-0.0076,92442.87,767.22,-0.02,0.0204
220315,-0.46,-0.72,9.61,0.0156,0.0112,-0.0092,92442.87,767.22,-0.01,0.0213
220369,-0.53,-0.67,9.60,0.0157,0.0153,-0.0056,92442.87,767.22,-0.01,0.0227
220422,-0.51,-0.70,9.59,0.0151,0.0141,-0.0069,92442.87,767.22,-0.01,0.0218
220476,-0.53,-0.70,9.59,0.0199,0.0125,-0.0048,92442.87,767.22,-0.00,0.0240
220529,-0.53,-0.71,9.62,0.0176,0.0129,-0.0063,92442.87,767.22,-0.00,0.0227
220587,-0.50,-0.74,9.58,0.0164,0.0116,-0.0075,92442.70,767.24,0.08,0.0214
220639,-0.50,-0.70,9.63,0.0176,0.0131,-0.0048,92442.70,767.24,0.06,0.0224
220694,-0.52,-0.71,9.62,0.0155,0.0127,-0.0064,92442.70,767.24,0.04,0.0210
220746,-0.51,-0.69,9.62,0.0157,0.0156,-0.0053,92442.70,767.24,0.03,0.0228
220801,-0.50,-0.72,9.62,0.0147,0.0115,-0.0051,92442.70,767.24,0.02,0.0193
220853,-0.51,-0.72,9.63,0.0156,0.0135,-0.0053,92442.70,767.24,0.01,0.0213
220911,-0.50,-0.71,9.64,0.0164,0.0123,-0.0060,92442.70,767.24,0.01,0.0213
220965,-0.50,-0.71,9.64,0.0151,0.0103,-0.0060,92442.70,767.24,0.01,0.0192
221018,-0.51,-0.70,9.61,0.0161,0.0116,-0.0053,92442.70,767.24,0.00,0.0206
221072,-0.52,-0.71,9.61,0.0163,0.0135,-0.0051,92442.70,767.24,0.00,0.0217
221125,-0.52,-0.70,9.63,0.0127,0.0151,-0.0087,92442.87,767.22,-0.09,0.0215
221179,-0.48,-0.70,9.62,0.0153,0.0136,-0.0080,92442.87,767.22,-0.06,0.0220
221232,-0.51,-0.67,9.61,0.0180,0.0127,-0.0067,92442.87,767.22,-0.04,0.0230
221290,-0.50,-0.68,9.61,0.0165,0.0151,-0.0065,92442.87,767.22,-0.03,0.0233
221342,-0.53,-0.70,9.60,0.0171,0.0148,-0.0081,92442.87,767.22,-0.02,0.0240
221397,-0.50,-0.73,9.62,0.0191,0.0120,-0.0047,92442.87,767.22,-0.01,0.0230
221449,-0.52,-0.70,9.60,0.0136,0.0121,-0.0072,92442.87,767.22,-0.01,0.0196
221504,-0.47,-0.68,9.61,0.0181,0.0120,-0.0045,92442.87,767.22,-0.01,0.0222
221556,-0.52,-0.72,9.60,0.0163,0.0137,-0.0067,92442.87,767.22,-0.01,0.0223
221611,-0.47,-0.72,9.62,0.0165,0.0143,-0.0052,92442.87,767.22,-0.00,0.0224
221668,-0.49,-0.74,9.62,0.0149,0.0137,-0.0069,92442.84,767.22,0.01,0.0214
221721,-0.51,-0.71,9.64,0.0168,0.0135,-0.0075,92442.84,767.22,0.01,0.0228
221775,-0.53,-0.74,9.61,0.0152,0.0120,-0.0033,92442.84,767.22,0.01,0.0196
221828,-0.51,-0.71,9.62,0.0168,0.0115,-0.0049,92442.84,767.22,0.00,0.0209
221882,-0.52,-0.71,9.63,0.0159,0.0125,-0.0073,92442.84,767.22,0.00,0.0215
221935,-0.50,-0.70,9.61,0.0157,0.0115,-0.0053,92442.84,767.22,0.00,0.0202
221989,-0.53,-0.71,9.64,0.0147,0.0145,-0.0048,92442.84,767.22,0.00,0.0212
222050,-0.49,-0.71,9.61,0.0132,0.0137,-0.0061,92442.84,767.22,0.00,0.0200
222105,-0.48,-0.73,9.62,0.0159,0.0129,-0.0061,92442.84,767.22,0.00,0.0214
222157,-0.50,-0.72,9.62,0.0153,0.0120,-0.0071,92443.01,767.21,-0.09,0.0207
222212,-0.46,-0.74,9.61,0.0153,0.0139,-0.0051,92443.01,767.21,-0.06,0.0213
222264,-0.51,-0.68,9.65,0.0164,0.0128,-0.0065,92443.01,767.21,-0.04,0.0218
222319,-0.53,-0.73,9.62,0.0163,0.0131,-0.0067,92443.01,767.21,-0.03,0.0219
222371,-0.53,-0.68,9.62,0.0153,0.0117,-0.0061,92443.01,767.21,-0.02,0.0202
222429,-0.51,-0.70,9.64,0.0148,0.0115,-0.0056,92443.01,767.21,-0.01,0.0195
222483,-0.49,-0.70,9.63,0.0156,0.0136,-0.0059,92443.01,767.21,-0.01,0.0215
222536,-0.49,-0.69,9.62,0.0133,0.0133,-0.0047,92443.01,767.21,-0.01,0.0194
222590,-0.51,-0.68,9.61,0.0135,0.0137,-0.0057,92443.01,767.21,-0.01,0.0201
222643,-0.51,-0.71,9.61,0.0159,0.0143,-0.0059,92443.01,767.21,-0.00,0.0221
222697,-0.55,-0.71,9.62,0.0159,0.0132,-0.0047,92442.83,767.23,0.09,0.0211
222765,-0.52,-0.71,9.62,0.0157,0.0156,-0.0045,92442.83,767.23,0.06,0.0226
222819,-0.51,-0.69,9.65,0.0187,0.0121,-0.0067,92442.83,767.23,0.04,0.0232
222872,-0.53,-0.68,9.59,0.0171,0.0140,-0.0031,92442.83,767.23,0.03,0.0223
222926,-0.51,-0.67,9.61,0.0159,0.0149,-0.0032,92442.83,767.23,0.02,0.0220
222979,-0.52,-0.68,9.59,0.0179,0.0123,-0.0029,92442.83,767.23,0.01,0.0219
223033,-0.52,-0.69,9.63,0.0171,0.0125,-0.0032,92442.83,767.23,0.01,0.0214
223086,-0.51,-0.71,9.63,0.0153,0.0135,-0.0071,92442.83,767.23,0.01,0.0216
223144,-0.52,-0.71,9.62,0.0151,0.0160,-0.0047,92442.83,767.23,0.00,0.0225
223196,-0.51,-0.71,9.63,0.0147,0.0129,-0.0064,92442.83,767.23,0.00,0.0206
223251,-0.51,-0.69,9.62,0.0175,0.0161,-0.0064,92443.00,767.21,-0.08,0.0246
223303,-0.52,-0.71,9.61,0.0157,0.0116,-0.0041,92443.00,767.21,-0.06,0.0200
223358,-0.52,-0.71,9.64,0.0155,0.0163,-0.0071,92443.00,767.21,-0.04,0.0235
223410,-0.52,-0.71,9.64,0.0153,0.0145,-0.0053,92443.00,767.21,-0.03,0.0218
223465,-0.50,-0.72,9.63,0.0157,0.0120,-0.0075,92443.00,767.21,-0.02,0.0211
223522,-0.53,-0.71,9.63,0.0171,0.0132,-0.0068,92443.00,767.21,-0.01,0.0226
223575,-0.55,-0.69,9.61,0.0168,0.0135,-0.0051,92443.00,767.21,-0.01,0.0221
223629,-0.48,-0.70,9.61,0.0173,0.0119,-0.0056,92443.00,767.21,-0.01,0.0217
223682,-0.51,-0.74,9.63,0.0183,0.0140,-0.0055,92443.00,767.21,-0.00,0.0236
223736,-0.55,-0.74,9.63,0.0179,0.0137,-0.0049,92443.00,767.21,-0.00,0.0231
223789,-0.54,-0.73,9.60,0.0168,0.0133,-0.0081,92443.00,767.21,-0.00,0.0229
223843,-0.51,-0.68,9.61,0.0156,0.0155,-0.0056,92443.00,767.21,-0.00,0.0227
223899,-0.52,-0.70,9.63,0.0156,0.0151,-0.0072,92443.00,767.21,-0.00,0.0228
223954,-0.50,-0.71,9.62,0.0160,0.0119,-0.0057,92443.00,767.21,-0.00,0.0207
224006,-0.51,-0.72,9.63,0.0151,0.0133,-0.0060,92443.00,767.21,-0.00,0.0210
224066,-0.51,-0.72,9.64,0.0171,0.0128,-0.0056,92443.00,767.21,-0.00,0.0220
224118,-0.50,-0.69,9.58,0.0164,0.0156,-0.0055,92443.00,767.21,-0.00,0.0233
224173,-0.50,-0.68,9.61,0.0164,0.0128,-0.0053,92443.00,767.21,-0.00,0.0215
224230,-0.54,-0.72,9.62,0.0137,0.0140,-0.0059,92443.00,767.21,-0.00,0.0205
224283,-0.51,-0.70,9.63,0.0173,0.0147,-0.0088,92443.00,767.21,-0.00,0.0243
224337,-0.52,-0.72,9.63,0.0168,0.0133,-0.0055,92443.14,767.20,-0.07,0.0221
224390,-0.51,-0.69,9.62,0.0159,0.0129,-0.0059,92443.14,767.20,-0.05,0.0213
224444,-0.48,-0.71,9.62,0.0136,0.0119,-0.0068,92443.14,767.20,-0.03,0.0193
224497,-0.51,-0.73,9.63,0.0153,0.0140,-0.0065,92443.14,767.20,-0.02,0.0218
224551,-0.52,-0.72,9.62,0.0173,0.0112,-0.0056,92443.14,767.20,-0.02,0.0214
224607,-0.51,-0.69,9.64,0.0127,0.0159,-0.0057,92443.14,767.20,-0.01,0.0211
224662,-0.54,-0.71,9.61,0.0181,0.0121,-0.0048,92443.14,767.20,-0.01,0.0223
224714,-0.48,-0.73,9.65,0.0164,0.0127,-0.0068,92443.14,767.20,-0.01,0.0218
224769,-0.51,-0.72,9.62,0.0165,0.0143,-0.0047,92443.14,767.20,-0.00,0.0223
224821,-0.53,-0.74,9.60,0.0164,0.0143,-0.0079,92443.11,767.20,0.01,0.0231
224876,-0.50,-0.72,9.61,0.0163,0.0143,-0.0053,92443.11,767.20,0.01,0.0223
224928,-0.53,-0.72,9.63,0.0147,0.0149,-0.0076,92443.11,767.20,0.01,0.0223
224986,-0.53,-0.69,9.61,0.0159,0.0163,-0.0060,92443.11,767.20,0.00,0.0235
225040,-0.51,-0.71,9.63,0.0163,0.0127,-0.0061,92443.11,767.20,0.00,0.0215
225093,-0.51,-0.69,9.60,0.0163,0.0141,-0.0052,92443.11,767.20,0.00,0.0222
225147,-0.53,-0.68,9.64,0.0159,0.0136,-0.0065,92443.11,767.20,0.00,0.0219
225200,-0.50,-0.69,9.62,0.0164,0.0120,-0.0067,92443.11,767.20,0.00,0.0214
225254,-0.53,-0.68,9.63,0.0160,0.0152,-0.0059,92443.11,767.20,0.00,0.0228
225308,-0.52,-0.71,9.61,0.0149,0.0129,-0.0029,92443.11,767.20,0.00,0.0200
225366,-0.51,-0.69,9.64,0.0152,0.0107,-0.0073,92443.28,767.18,-0.08,0.0199
225418,-0.50,-0.68,9.62,0.0168,0.0139,-0.0068,92443.28,767.18,-0.05,0.0228
225473,-0.52,-0.71,9.61,0.0180,0.0135,-0.0069,92443.28,767.18,-0.04,0.0235
225525,-0.55,-0.71,9.63,0.0168,0.0137,-0.0043,92443.28,767.18,-0.03,0.0221
225580,-0.52,-0.71,9.60,0.0153,0.0141,-0.0057,92443.28,767.18,-0.02,0.0216
225632,-0.52,-0.71,9.62,0.0148,0.0117,-0.0063,92443.28,767.18,-0.01,0.0199
225702,-0.53,-0.74,9.62,0.0157,0.0161,-0.0040,92443.28,767.18,-0.01,0.0229
225754,-0.54,-0.71,9.60,0.0143,0.0151,-0.0051,92443.28,767.18,-0.01,0.0213
225809,-0.51,-0.72,9.62,0.0163,0.0148,-0.0063,92443.28,767.18,-0.00,0.0228
225861,-0.49,-0.72,9.59,0.0153,0.0121,-0.0051,92443.28,767.18,-0.00,0.0202
225916,-0.52,-0.69,9.61,0.0167,0.0120,-0.0041,92443.11,767.20,0.08,0.0209
225968,-0.49,-0.73,9.61,0.0168,0.0132,-0.0069,92443.11,767.20,0.06,0.0224
226023,-0.50,-0.70,9.62,0.0145,0.0120,-0.0083,92443.11,767.20,0.04,0.0206
226085,-0.51,-0.66,9.60,0.0173,0.0149,-0.0075,92443.11,767.20,0.03,0.0240
226138,-0.50,-0.74,9.63,0.0152,0.0117,-0.0075,92443.11,767.20,0.02,0.0206
226192,-0.50,-0.73,9.59,0.0148,0.0124,-0.0084,92443.11,767.20,0.01,0.0210
226245,-0.53,-0.74,9.62,0.0175,0.0143,-0.0057,92443.11,767.20,0.01,0.0233
226299,-0.49,-0.74,9.62,0.0156,0.0119,-0.0064,92443.11,767.20,0.01,0.0206
226352,-0.50,-0.74,9.63,0.0197,0.0133,-0.0053,92443.11,767.20,0.00,0.0244
226406,-0.48,-0.71,9.63,0.0173,0.0144,-0.0056,92443.11,767.20,0.00,0.0232
226462,-0.51,-0.72,9.60,0.0177,0.0140,-0.0071,92443.28,767.18,-0.08,0.0237
226517,-0.54,-0.71,9.64,0.0139,0.0111,-0.0041,92443.28,767.18,-0.06,0.0182
226569,-0.50,-0.69,9.61,0.0163,0.0125,-0.0052,92443.28,767.18,-0.04,0.0212
226624,-0.50,-0.73,9.63,0.0153,0.0137,-0.0045,92443.28,767.18,-0.03,0.0211
226676,-0.47,-0.71,9.65,0.0164,0.0163,-0.0056,92443.28,767.18,-0.02,0.0237
226731,-0.52,-0.72,9.62,0.0160,0.0136,-0.0057,92443.28,767.18,-0.01,0.0218
226783,-0.50,-0.70,9.62,0.0153,0.0133,-0.0051,92443.28,767.18,-0.01,0.0209
226841,-0.52,-0.71,9.63,0.0157,0.0127,-0.0040,92443.28,767.18,-0.01,0.0206
226895,-0.53,-0.69,9.59,0.0152,0.0144,-0.0064,92443.28,767.18,-0.00,0.0219
226948,-0.49,-0.71,9.65,0.0149,0.0167,-0.0059,92443.28,767.18,-0.00,0.0231
227002,-0.50,-0.70,9.60,0.0153,0.0145,-0.0057,92443.42,767.17,-0.07,0.0219
227055,-0.51,-0.68,9.64,0.0165,0.0145,-0.0068,92443.42,767.17,-0.05,0.0230
227109,-0.51,-0.72,9.63,0.0149,0.0136,-0.0071,92443.42,767.17,-0.04,0.0214
227162,-0.50,-0.69,9.62,0.0176,0.0151,-0.0029,92443.42,767.17,-0.03,0.0233
227220,-0.50,-0.69,9.63,0.0141,0.0113,-0.0083,92443.42,767.17,-0.02,0.0199
227272,-0.53,-0.70,9.63,0.0161,0.0135,-0.0047,92443.42,767.17,-0.01,0.0215
227327,-0.52,-0.71,9.64,0.0157,0.0132,-0.0053,92443.42,767.17,-0.01,0.0212
227379,-0.51,-0.73,9.62,0.0156,0.0113,-0.0045,92443.42,767.17,-0.01,0.0198
227434,-0.53,-0.72,9.64,0.0167,0.0137,-0.0053,92443.42,767.17,-0.00,0.0222
227486,-0.53,-0.68,9.60,0.0183,0.0145,-0.0077,92443.42,767.17,-0.00,0.0246
227544,-0.51,-0.70,9.62,0.0168,0.0115,-0.0037,92443.07,767.20,0.16,0.0207
227598,-0.56,-0.72,9.62,0.0160,0.0123,-0.0045,92443.07,767.20,0.11,0.0206
227651,-0.50,-0.70,9.62,0.0149,0.0143,-0.0072,92443.07,767.20,0.08,0.0219
227705,-0.51,-0.69,9.62,0.0152,0.0116,-0.0067,92443.07,767.20,0.06,0.0202
227758,-0.54,-0.70,9.62,0.0165,0.0135,-0.0048,92443.07,767.20,0.04,0.0218
227812,-0.51,-0.69,9.62,0.0145,0.0152,-0.0035,92443.07,767.20,0.03,0.0213
227865,-0.51,-0.71,9.64,0.0165,0.0103,-0.0067,92443.07,767.20,0.02,0.0206
227923,-0.48,-0.71,9.64,0.0189,0.0123,-0.0067,92443.07,767.20,0.01,0.0235
227975,-0.54,-0.71,9.66,0.0175,0.0143,-0.0069,92443.07,767.20,0.01,0.0236
228030,-0.48,-0.71,9.62,0.0193,0.0103,-0.0072,92443.06,767.20,0.01,0.0230
228087,-0.49,-0.68,9.64,0.0160,0.0145,-0.0064,92443.06,767.20,0.01,0.0225
228142,-0.49,-0.72,9.59,0.0173,0.0131,-0.0064,92443.06,767.20,0.01,0.0226
228194,-0.54,-0.70,9.63,0.0160,0.0135,-0.0043,92443.06,767.20,0.00,0.0213
228249,-0.51,-0.73,9.62,0.0163,0.0131,-0.0060,92443.06,767.20,0.00,0.0217
228305,-0.51,-0.71,9.62,0.0167,0.0148,-0.0055,92443.06,767.20,0.00,0.0229
228358,-0.51,-0.72,9.66,0.0155,0.0147,-0.0085,92443.06,767.20,0.00,0.0229
228412,-0.50,-0.68,9.62,0.0151,0.0133,-0.0051,92443.06,767.20,0.00,0.0207
228465,-0.53,-0.70,9.62,0.0164,0.0148,-0.0079,92443.06,767.20,0.00,0.0234
228519,-0.55,-0.72,9.63,0.0184,0.0141,-0.0045,92443.06,767.20,0.00,0.0236
228572,-0.51,-0.72,9.63,0.0164,0.0105,-0.0053,92443.02,767.21,0.02,0.0202
228626,-0.52,-0.70,9.62,0.0156,0.0163,-0.0072,92443.02,767.21,0.02,0.0236
228695,-0.50,-0.73,9.66,0.0176,0.0105,-0.0079,92443.02,767.21,0.01,0.0220
228750,-0.54,-0.72,9.60,0.0147,0.0127,-0.0057,92443.02,767.21,0.01,0.0202
228804,-0.52,-0.74,9.61,0.0156,0.0125,-0.0083,92443.02,767.21,0.01,0.0216
228859,-0.51,-0.74,9.59,0.0168,0.0143,-0.0067,92443.02,767.21,0.00,0.0230
228913,-0.49,-0.73,9.62,0.0176,0.0136,-0.0053,92443.02,767.21,0.00,0.0229
228968,-0.52,-0.68,9.59,0.0168,0.0107,-0.0036,92443.02,767.21,0.00,0.0202
229022,-0.53,-0.72,9.59,0.0144,0.0141,-0.0052,92443.02,767.21,0.00,0.0208
229080,-0.54,-0.70,9.64,0.0172,0.0116,-0.0071,92443.02,767.21,0.00,0.0219
229132,-0.53,-0.71,9.62,0.0176,0.0120,-0.0047,92442.84,767.22,0.09,0.0218
229184,-0.52,-0.67,9.62,0.0145,0.0119,-0.0047,92442.84,767.22,0.06,0.0193
229240,-0.50,-0.70,9.61,0.0168,0.0131,-0.0060,92442.84,767.22,0.04,0.0221
229292,-0.50,-0.72,9.59,0.0136,0.0148,-0.0055,92442.84,767.22,0.03,0.0208
229344,-0.50,-0.71,9.61,0.0163,0.0147,-0.0068,92442.84,767.22,0.02,0.0229
229402,-0.53,-0.67,9.61,0.0119,0.0140,-0.0080,92442.84,767.22,0.01,0.0200
229456,-0.50,-0.71,9.62,0.0175,0.0140,-0.0051,92442.84,767.22,0.01,0.0229
229509,-0.53,-0.72,9.63,0.0159,0.0137,-0.0073,92442.84,767.22,0.01,0.0222
229563,-0.51,-0.70,9.63,0.0161,0.0147,-0.0043,92442.84,767.22,0.01,0.0222
229616,-0.55,-0.70,9.67,0.0161,0.0128,-0.0039,92442.84,767.22,0.00,0.0209
229670,-0.52,-0.69,9.62,0.0156,0.0144,-0.0056,92442.84,767.22,0.01,0.0219
229723,-0.52,-0.69,9.61,0.0129,0.0129,-0.0057,92442.84,767.22,0.01,0.0192
229781,-0.49,-0.69,9.58,0.0175,0.0131,-0.0051,92442.84,767.22,0.00,0.0224
229833,-0.52,-0.70,9.63,0.0149,0.0131,-0.0076,92442.84,767.22,0.00,0.0212
229888,-0.49,-0.70,9.64,0.0168,0.0120,-0.0053,92442.84,767.22,0.00,0.0213
229940,-0.48,-0.70,9.62,0.0168,0.0125,-0.0051,92442.84,767.22,0.00,0.0215
229995,-0.49,-0.72,9.60,0.0159,0.0139,-0.0056,92442.84,767.22,0.00,0.0218
230047,-0.51,-0.72,9.61,0.0165,0.0131,-0.0057,92442.84,767.22,0.00,0.0218
230107,-0.51,-0.68,9.63,0.0152,0.0149,-0.0061,92442.84,767.22,0.00,0.0222
230163,-0.52,-0.70,9.59,0.0131,0.0108,-0.0061,92442.66,767.24,0.08,0.0180
230216,-0.54,-0.72,9.62,0.0165,0.0124,-0.0071,92442.66,767.24,0.06,0.0218
230270,-0.50,-0.72,9.62,0.0140,0.0128,-0.0061,92442.66,767.24,0.04,0.0199
230323,-0.55,-0.70,9.60,0.0149,0.0117,-0.0053,92442.66,767.24,0.03,0.0197
230377,-0.53,-0.69,9.60,0.0133,0.0135,-0.0065,92442.66,767.24,0.02,0.0200
230430,-0.53,-0.71,9.63,0.0191,0.0112,-0.0065,92442.66,767.24,0.01,0.0230
230484,-0.51,-0.73,9.62,0.0184,0.0128,-0.0075,92442.66,767.24,0.01,0.0236
230540,-0.51,-0.69,9.61,0.0181,0.0123,-0.0063,92442.66,767.24,0.01,0.0228
230595,-0.53,-0.71,9.62,0.0175,0.0119,-0.0055,92442.66,767.24,0.00,0.0218
230647,-0.51,-0.69,9.61,0.0145,0.0125,-0.0068,92442.66,767.24,0.00,0.0203
230702,-0.51,-0.71,9.61,0.0133,0.0167,-0.0068,92442.83,767.23,-0.08,0.0224
230754,-0.51,-0.71,9.59,0.0148,0.0133,-0.0059,92442.83,767.23,-0.06,0.0208
230809,-0.53,-0.70,9.62,0.0163,0.0145,-0.0056,92442.83,767.23,-0.04,0.0225
230861,-0.50,-0.71,9.60,0.0168,0.0140,-0.0033,92442.83,767.23,-0.03,0.0221
230919,-0.49,-0.69,9.61,0.0173,0.0140,-0.0051,92442.83,767.23,-0.02,0.0228
230973,-0.53,-0.73,9.62,0.0191,0.0120,-0.0064,92442.83,767.23,-0.01,0.0234
231026,-0.51,-0.72,9.62,0.0171,0.0145,-0.0053,92442.83,767.23,-0.01,0.0230
231080,-0.50,-0.70,9.62,0.0164,0.0139,-0.0044,92442.83,767.23,-0.01,0.0219
231133,-0.51,-0.69,9.63,0.0152,0.0148,-0.0051,92442.83,767.23,-0.00,0.0218
231187,-0.51,-0.71,9.61,0.0173,0.0139,-0.0041,92442.83,767.23,-0.00,0.0226
231243,-0.46,-0.71,9.62,0.0163,0.0143,-0.0076,92442.83,767.23,-0.00,0.0229
231298,-0.49,-0.74,9.62,0.0184,0.0104,-0.0036,92442.83,767.23,-0.00,0.0214
231350,-0.50,-0.71,9.61,0.0156,0.0149,-0.0055,92442.83,767.23,-0.00,0.0223
231405,-0.52,-0.72,9.60,0.0167,0.0127,-0.0045,92442.83,767.23,-0.00,0.0214
231457,-0.53,-0.68,9.62,0.0173,0.0143,-0.0063,92442.83,767.23,-0.00,0.0233
231512,-0.51,-0.71,9.64,0.0165,0.0137,-0.0068,92442.83,767.23,-0.00,0.0225
231564,-0.53,-0.72,9.60,0.0173,0.0125,-0.0084,92442.83,767.23,-0.00,0.0230
231634,-0.52,-0.74,9.62,0.0152,0.0133,-0.0053,92442.83,767.23,-0.00,0.0209
231686,-0.55,-0.69,9.60,0.0167,0.0127,-0.0060,92442.83,767.23,-0.00,0.0218
231741,-0.51,-0.69,9.63,0.0168,0.0124,-0.0047,92442.83,767.23,-0.00,0.0214
231793,-0.53,-0.71,9.57,0.0171,0.0125,-0.0051,92442.66,767.24,0.09,0.0218
231848,-0.51,-0.72,9.58,0.0177,0.0117,-0.0067,92442.66,767.24,0.06,0.0223
231900,-0.53,-0.71,9.60,0.0161,0.0129,-0.0056,92442.66,767.24,0.04,0.0214
231955,-0.53,-0.72,9.60,0.0147,0.0131,-0.0048,92442.66,767.24,0.03,0.0202
232011,-0.53,-0.69,9.60,0.0191,0.0129,-0.0063,92442.66,767.24,0.02,0.0239
232064,-0.50,-0.70,9.62,0.0157,0.0132,-0.0056,92442.66,767.24,0.01,0.0213
232123,-0.51,-0.74,9.61,0.0136,0.0129,-0.0069,92442.66,767.24,0.01,0.0200
232176,-0.54,-0.69,9.61,0.0171,0.0113,-0.0048,92442.66,767.24,0.01,0.0210
232230,-0.47,-0.72,9.62,0.0161,0.0147,-0.0059,92442.66,767.24,0.01,0.0226
232283,-0.52,-0.69,9.61,0.0196,0.0135,-0.0057,92442.66,767.24,0.00,0.0244
232337,-0.52,-0.70,9.62,0.0160,0.0133,-0.0061,92442.66,767.24,0.00,0.0217
232393,-0.50,-0.73,9.64,0.0153,0.0137,-0.0048,92442.66,767.24,0.00,0.0211
232448,-0.54,-0.71,9.65,0.0139,0.0135,-0.0045,92442.66,767.24,0.00,0.0198
232500,-0.51,-0.71,9.63,0.0177,0.0121,-0.0044,92442.66,767.24,0.00,0.0219
232555,-0.49,-0.71,9.64,0.0179,0.0135,-0.0073,92442.66,767.24,0.00,0.0235
232607,-0.50,-0.70,9.59,0.0167,0.0117,-0.0057,92442.66,767.24,0.00,0.0212
232662,-0.55,-0.72,9.60,0.0152,0.0135,-0.0061,92442.66,767.24,0.00,0.0212
232714,-0.54,-0.69,9.61,0.0201,0.0137,-0.0069,92442.66,767.24,0.00,0.0253
232772,-0.52,-0.68,9.60,0.0155,0.0147,-0.0061,92442.66,767.24,0.00,0.0222
232826,-0.52,-0.70,9.62,0.0181,0.0136,-0.0059,92442.66,767.24,0.00,0.0234
232879,-0.50,-0.70,9.63,0.0147,0.0121,-0.0052,92442.66,767.24,0.00,0.0197
232933,-0.53,-0.70,9.62,0.0179,0.0133,-0.0068,92442.66,767.24,0.00,0.0233
232986,-0.53,-0.71,9.61,0.0163,0.0117,-0.0056,92442.66,767.24,0.00,0.0208
233040,-0.54,-0.70,9.62,0.0173,0.0141,-0.0048,92442.66,767.24,0.00,0.0229
233096,-0.50,-0.73,9.62,0.0152,0.0119,-0.0079,92442.66,767.24,0.00,0.0208
233151,-0.51,-0.70,9.60,0.0159,0.0121,-0.0068,92442.66,767.24,0.00,0.0211
233203,-0.52,-0.71,9.63,0.0140,0.0117,-0.0060,92442.66,767.24,0.00,0.0192
233258,-0.52,-0.71,9.63,0.0140,0.0132,-0.0071,92442.66,767.24,0.00,0.0205
233310,-0.53,-0.72,9.61,0.0143,0.0141,-0.0076,92442.66,767.24,0.00,0.0215
233365,-0.51,-0.66,9.59,0.0165,0.0123,-0.0057,92442.83,767.23,-0.08,0.0214
233417,-0.50,-0.73,9.60,0.0157,0.0140,-0.0031,92442.83,767.23,-0.06,0.0213
233475,-0.48,-0.68,9.59,0.0139,0.0144,-0.0069,92442.83,767.23,-0.04,0.0211
233529,-0.47,-0.72,9.61,0.0152,0.0121,-0.0047,92442.83,767.23,-0.03,0.0200
233582,-0.52,-0.67,9.59,0.0168,0.0125,-0.0041,92442.83,767.23,-0.02,0.0213
233636,-0.51,-0.72,9.60,0.0159,0.0129,-0.0068,92442.83,767.23,-0.01,0.0216
233689,-0.48,-0.70,9.62,0.0155,0.0132,-0.0073,92442.83,767.23,-0.01,0.0216
233743,-0.53,-0.71,9.62,0.0153,0.0115,-0.0080,92442.83,767.23,-0.01,0.0207
233796,-0.51,-0.69,9.62,0.0159,0.0125,-0.0045,92442.83,767.23,-0.00,0.0207
233854,-0.50,-0.70,9.62,0.0148,0.0136,-0.0081,92442.83,767.23,-0.00,0.0217
233906,-0.51,-0.70,9.60,0.0145,0.0104,-0.0064,92442.84,767.22,-0.01,0.0190
233961,-0.53,-0.69,9.61,0.0136,0.0159,-0.0064,92442.84,767.22,-0.00,0.0218
234013,-0.52,-0.73,9.60,0.0148,0.0109,-0.0065,92442.84,767.22,-0.00,0.0195
234068,-0.50,-0.71,9.58,0.0172,0.0141,-0.0049,92442.84,767.22,-0.00,0.0228
234125,-0.50,-0.70,9.58,0.0167,0.0124,-0.0055,92442.84,767.22,-0.00,0.0215
234180,-0.52,-0.71,9.60,0.0180,0.0119,-0.0080,92442.84,767.22,-0.00,0.0230
234236,-0.54,-0.70,9.61,0.0160,0.0112,-0.0055,92442.84,767.22,-0.00,0.0203
234289,-0.51,-0.68,9.62,0.0145,0.0143,-0.0067,92442.84,767.22,-0.00,0.0214
234343,-0.53,-0.71,9.62,0.0179,0.0125,-0.0044,92442.84,767.22,-0.00,0.0222
234396,-0.49,-0.71,9.60,0.0180,0.0107,-0.0077,92442.84,767.22,-0.00,0.0223
234450,-0.47,-0.72,9.61,0.0156,0.0139,-0.0052,92442.50,767.25,0.17,0.0215
234503,-0.51,-0.67,9.64,0.0132,0.0121,-0.0053,92442.50,767.25,0.12,0.0187
234571,-0.53,-0.70,9.63,0.0172,0.0123,-0.0065,92442.50,767.25,0.08,0.0221
234624,-0.51,-0.71,9.59,0.0172,0.0147,-0.0051,92442.50,767.25,0.06,0.0231
234678,-0.52,-0.69,9.59,0.0180,0.0127,-0.0051,92442.50,767.25,0.04,0.0226
234731,-0.54,-0.69,9.63,0.0176,0.0135,-0.0027,92442.50,767.25,0.03,0.0223
234785,-0.49,-0.71,9.62,0.0160,0.0159,-0.0059,92442.50,767.25,0.02,0.0233
234838,-0.53,-0.68,9.61,0.0148,0.0148,-0.0063,92442.50,767.25,0.01,0.0218
234892,-0.50,-0.71,9.65,0.0153,0.0147,-0.0065,92442.50,767.25,0.01,0.0222
234948,-0.51,-0.70,9.63,0.0183,0.0148,-0.0063,92442.50,767.25,0.01,0.0243
235003,-0.52,-0.69,9.65,0.0179,0.0133,-0.0059,92442.67,767.24,-0.08,0.0230
235055,-0.53,-0.70,9.63,0.0183,0.0109,-0.0041,92442.67,767.24,-0.05,0.0217
235110,-0.52,-0.71,9.63,0.0155,0.0128,-0.0068,92442.67,767.24,-0.04,0.0212
235162,-0.52,-0.71,9.62,0.0156,0.0140,-0.0053,92442.67,767.24,-0.03,0.0216
235217,-0.53,-0.70,9.59,0.0124,0.0128,-0.0077,92442.67,767.24,-0.02,0.0194
235269,-0.51,-0.67,9.61,0.0151,0.0139,-0.0059,92442.67,767.24,-0.01,0.0213
235327,-0.50,-0.69,9.60,0.0128,0.0133,-0.0072,92442.67,767.24,-0.01,0.0198
235381,-0.49,-0.72,9.61,0.0135,0.0144,-0.0047,92442.67,767.24,-0.01,0.0202
235434,-0.52,-0.72,9.65,0.0175,0.0108,-0.0059,92442.67,767.24,-0.00,0.0213
235488,-0.51,-0.68,9.67,0.0131,0.0157,-0.0053,92442.67,767.24,-0.00,0.0211
235541,-0.53,-0.70,9.63,0.0151,0.0132,-0.0052,92442.55,767.25,0.06,0.0207
235595,-0.57,-0.76,9.67,0.0204,0.0100,-0.0068,92442.55,767.25,0.04,0.0237
235648,-0.47,-0.71,9.61,0.0164,0.0159,-0.0085,92442.55,767.25,0.03,0.0243
235706,-0.53,-0.74,9.66,0.0147,0.0148,-0.0049,92442.55,767.25,0.02,0.0214
235758,-0.51,-0.71,9.64,0.0133,0.0137,-0.0064,92442.55,767.25,0.01,0.0202
235813,-0.51,-0.72,9.70,0.0153,0.0141,-0.0095,92442.55,767.25,0.01,0.0229
235865,-0.45,-0.73,9.60,0.0129,0.0124,-0.0071,92442.55,767.25,0.01,0.0192
235920,-0.49,-0.69,9.61,0.0171,0.0123,-0.0049,92442.55,767.25,0.00,0.0216
235972,-0.52,-0.70,9.62,0.0163,0.0121,-0.0053,92442.55,767.25,0.00,0.0210
236027,-0.51,-0.73,9.60,0.0141,0.0132,-0.0041,92442.55,767.25,0.00,0.0198
236083,-0.49,-0.71,9.62,0.0157,0.0128,-0.0056,92442.73,767.23,-0.08,0.0210
236141,-0.50,-0.71,9.59,0.0149,0.0133,-0.0049,92442.73,767.23,-0.06,0.0206
236195,-0.53,-0.73,9.61,0.0148,0.0164,-0.0052,92442.73,767.23,-0.04,0.0227
236248,-0.52,-0.69,9.61,0.0153,0.0159,-0.0033,92442.73,767.23,-0.03,0.0223
236302,-0.51,-0.73,9.63,0.0161,0.0117,-0.0055,92442.73,767.23,-0.02,0.0207
236355,-0.52,-0.72,9.60,0.0168,0.0116,-0.0060,92442.73,767.23,-0.01,0.0213
236413,-0.52,-0.69,9.62,0.0177,0.0119,-0.0037,92442.73,767.23,-0.01,0.0216
236465,-0.51,-0.74,9.64,0.0179,0.0135,-0.0051,92442.73,767.23,-0.01,0.0229
236520,-0.51,-0.69,9.61,0.0140,0.0145,-0.0064,92442.73,767.23,-0.00,0.0212
236572,-0.51,-0.71,9.61,0.0164,0.0141,-0.0053,92442.56,767.25,0.08,0.0223
236627,-0.52,-0.72,9.64,0.0156,0.0135,-0.0065,92442.56,767.25,0.06,0.0216
236679,-0.49,-0.70,9.60,0.0152,0.0151,-0.0051,92442.56,767.25,0.04,0.0220
236734,-0.49,-0.69,9.62,0.0144,0.0131,-0.0053,92442.56,767.25,0.03,0.0201
236790,-0.50,-0.71,9.65,0.0173,0.0129,-0.0072,92442.56,767.25,0.02,0.0228
236843,-0.53,-0.72,9.62,0.0140,0.0135,-0.0040,92442.56,767.25,0.01,0.0198
236897,-0.52,-0.70,9.64,0.0160,0.0111,-0.0063,92442.56,767.25,0.01,0.0204
236950,-0.56,-0.72,9.64,0.0161,0.0137,-0.0047,92442.56,767.25,0.01,0.0217
237004,-0.52,-0.71,9.59,0.0156,0.0144,-0.0069,92442.56,767.25,0.00,0.0223
237057,-0.49,-0.71,9.62,0.0176,0.0145,-0.0051,92442.56,767.25,0.00,0.0234
237111,-0.53,-0.72,9.62,0.0176,0.0144,-0.0075,92442.56,767.25,0.00,0.0239
237167,-0.51,-0.70,9.62,0.0152,0.0129,-0.0069,92442.56,767.25,0.00,0.0211
237222,-0.51,-0.71,9.62,0.0153,0.0124,-0.0049,92442.56,767.25,0.00,0.0203
237274,-0.51,-0.70,9.62,0.0145,0.0147,-0.0036,92442.56,767.25,0.00,0.0209
237329,-0.54,-0.70,9.63,0.0172,0.0145,-0.0023,92442.56,767.25,0.00,0.0226
237381,-0.52,-0.70,9.61,0.0160,0.0145,-0.0069,92442.56,767.25,0.00,0.0227
237436,-0.49,-0.69,9.63,0.0165,0.0132,-0.0061,92442.56,767.25,0.00,0.0220
237488,-0.51,-0.72,9.62,0.0180,0.0116,-0.0059,92442.56,767.25,0.00,0.0222
237558,-0.49,-0.69,9.63,0.0175,0.0129,-0.0057,92442.56,767.25,0.00,0.0225
237610,-0.48,-0.69,9.62,0.0149,0.0140,-0.0067,92442.56,767.25,0.00,0.0215
237665,-0.50,-0.72,9.62,0.0152,0.0143,-0.0045,92442.42,767.26,0.07,0.0213
237717,-0.46,-0.71,9.62,0.0159,0.0117,-0.0059,92442.42,767.26,0.05,0.0206
237772,-0.51,-0.70,9.61,0.0144,0.0147,-0.0067,92442.42,767.26,0.03,0.0216
237824,-0.52,-0.70,9.63,0.0179,0.0136,-0.0063,92442.42,767.26,0.02,0.0233
237879,-0.53,-0.73,9.65,0.0144,0.0151,-0.0055,92442.42,767.26,0.02,0.0215
237935,-0.50,-0.68,9.59,0.0165,0.0144,-0.0068,92442.42,767.26,0.01,0.0229
237988,-0.51,-0.70,9.63,0.0156,0.0125,-0.0045,92442.42,767.26,0.01,0.0205
238042,-0.52,-0.68,9.63,0.0171,0.0116,-0.0073,92442.42,767.26,0.01,0.0219
238095,-0.51,-0.70,9.62,0.0172,0.0099,-0.0065,92442.42,767.26,0.00,0.0209
238154,-0.53,-0.72,9.62,0.0179,0.0112,-0.0072,92442.42,767.26,0.00,0.0223
238207,-0.50,-0.70,9.63,0.0163,0.0147,-0.0048,92442.25,767.28,0.09,0.0224
238265,-0.50,-0.71,9.60,0.0137,0.0133,-0.0051,92442.25,767.28,0.06,0.0198
238317,-0.51,-0.71,9.63,0.0184,0.0159,-0.0055,92442.25,767.28,0.04,0.0249
238372,-0.51,-0.69,9.62,0.0163,0.0104,-0.0056,92442.25,767.28,0.03,0.0201
238424,-0.48,-0.70,9.63,0.0155,0.0140,-0.0076,92442.25,767.28,0.02,0.0222
238479,-0.53,-0.71,9.63,0.0163,0.0132,-0.0060,92442.25,767.28,0.01,0.0218
238531,-0.49,-0.70,9.63,0.0175,0.0101,-0.0069,92442.25,767.28,0.01,0.0213
238586,-0.48,-0.71,9.62,0.0156,0.0129,-0.0045,92442.25,767.28,0.01,0.0207
238642,-0.53,-0.71,9.61,0.0157,0.0127,-0.0061,92442.25,767.28,0.01,0.0211
238695,-0.51,-0.69,9.65,0.0168,0.0113,-0.0067,92442.25,767.28,0.00,0.0213
238749,-0.52,-0.71,9.64,0.0151,0.0137,-0.0055,92442.25,767.28,0.00,0.0211
238802,-0.52,-0.70,9.63,0.0157,0.0128,-0.0033,92442.25,767.28,0.00,0.0205
238856,-0.51,-0.74,9.62,0.0133,0.0159,-0.0064,92442.25,767.28,0.00,0.0217
238909,-0.48,-0.71,9.63,0.0156,0.0149,-0.0071,92442.25,767.28,0.00,0.0227
238963,-0.49,-0.73,9.62,0.0144,0.0113,-0.0063,92442.25,767.28,0.00,0.0194
239019,-0.52,-0.71,9.64,0.0145,0.0147,-0.0065,92442.25,767.28,0.00,0.0216
239074,-0.51,-0.70,9.63,0.0191,0.0137,-0.0061,92442.25,767.28,0.00,0.0243
239126,-0.55,-0.70,9.61,0.0160,0.0135,-0.0068,92442.25,767.28,0.00,0.0220
239181,-0.52,-0.72,9.63,0.0185,0.0149,-0.0067,92442.25,767.28,0.00,0.0247
239233,-0.50,-0.71,9.61,0.0171,0.0128,-0.0048,92442.08,767.29,0.09,0.0218
239288,-0.49,-0.71,9.63,0.0168,0.0119,-0.0059,92442.08,767.29,0.06,0.0214
239340,-0.54,-0.71,9.62,0.0160,0.0123,-0.0061,92442.08,767.29,0.04,0.0211
239398,-0.51,-0.71,9.62,0.0145,0.0155,-0.0075,92442.08,767.29,0.03,0.0225
239452,-0.52,-0.72,9.64,0.0155,0.0121,-0.0064,92442.08,767.29,0.02,0.0207
239505,-0.50,-0.71,9.61,0.0168,0.0147,-0.0056,92442.08,767.29,0.02,0.0230
239559,-0.49,-0.69,9.60,0.0135,0.0145,-0.0049,92442.08,767.29,0.01,0.0204
239612,-0.52,-0.72,9.62,0.0159,0.0128,-0.0071,92442.08,767.29,0.01,0.0216
239666,-0.51,-0.71,9.61,0.0159,0.0137,-0.0064,92442.08,767.29,0.01,0.0219
239719,-0.51,-0.72,9.60,0.0164,0.0116,-0.0069,92442.08,767.29,0.00,0.0212
239777,-0.52,-0.69,9.63,0.0135,0.0115,-0.0065,92442.25,767.28,-0.08,0.0188
239829,-0.52,-0.67,9.63,0.0168,0.0127,-0.0053,92442.25,767.28,-0.06,0.0217
239884,-0.51,-0.70,9.62,0.0167,0.0149,-0.0059,92442.25,767.28,-0.04,0.0231
239936,-0.52,-0.73,9.62,0.0153,0.0147,-0.0052,92442.25,767.28,-0.03,0.0218
239991,-0.51,-0.72,9.63,0.0160,0.0120,-0.0063,92442.25,767.28,-0.02,0.0209
240043,-0.48,-0.69,9.60,0.0163,0.0151,-0.0052,92442.25,767.28,-0.01,0.0228
240098,-0.49,-0.69,9.64,0.0159,0.0140,-0.0065,92442.25,767.28,-0.01,0.0221
240148,-0.52,-0.71,9.62,0.0151,0.0111,-0.0053,92442.25,767.28,-0.01,0.0194
240208,-0.50,-0.69,9.63,0.0171,0.0121,-0.0067,92442.25,767.28,-0.00,0.0220
240260,-0.53,-0.68,9.60,0.0176,0.0123,-0.0067,92442.25,767.28,-0.00,0.0224
240315,-0.50,-0.72,9.63,0.0145,0.0144,-0.0045,92442.08,767.29,0.08,0.0209
240367,-0.50,-0.69,9.62,0.0157,0.0159,-0.0040,92442.08,767.29,0.06,0.0227
240422,-0.52,-0.68,9.64,0.0181,0.0127,-0.0044,92442.08,767.29,0.04,0.0225
240488,-0.50,-0.70,9.63,0.0161,0.0156,-0.0051,92442.08,767.29,0.03,0.0230
240543,-0.52,-0.68,9.62,0.0153,0.0145,-0.0057,92442.08,767.29,0.02,0.0219
240595,-0.51,-0.73,9.63,0.0189,0.0121,-0.0063,92442.08,767.29,0.01,0.0233
240650,-0.52,-0.69,9.63,0.0143,0.0132,-0.0051,92442.08,767.29,0.01,0.0201
240702,-0.51,-0.71,9.62,0.0160,0.0156,-0.0068,92442.08,767.29,0.01,0.0233
240757,-0.52,-0.71,9.62,0.0155,0.0116,-0.0040,92442.08,767.29,0.00,0.0197
240809,-0.54,-0.73,9.65,0.0184,0.0135,-0.0061,92442.08,767.29,0.00,0.0236
240867,-0.54,-0.69,9.64,0.0179,0.0108,-0.0061,92442.05,767.30,0.02,0.0217
240921,-0.52,-0.74,9.60,0.0145,0.0123,-0.0052,92442.05,767.30,0.01,0.0197
240974,-0.52,-0.71,9.65,0.0165,0.0117,-0.0072,92442.05,767.30,0.01,0.0215
241028,-0.54,-0.68,9.61,0.0149,0.0132,-0.0036,92442.05,767.30,0.01,0.0202
241081,-0.52,-0.69,9.61,0.0151,0.0120,-0.0055,92442.05,767.30,0.00,0.0200
241135,-0.53,-0.69,9.64,0.0168,0.0140,-0.0069,92442.05,767.30,0.00,0.0229
241188,-0.52,-0.72,9.65,0.0173,0.0124,-0.0081,92442.05,767.30,0.00,0.0228
241246,-0.53,-0.70,9.58,0.0172,0.0145,-0.0080,92442.05,767.30,0.00,0.0239
241298,-0.52,-0.71,9.62,0.0160,0.0117,-0.0068,92442.05,767.30,0.00,0.0210
241353,-0.52,-0.73,9.64,0.0161,0.0136,-0.0064,92442.05,767.30,0.00,0.0220
241405,-0.53,-0.69,9.62,0.0160,0.0137,-0.0060,92441.70,767.33,0.18,0.0219
241460,-0.50,-0.70,9.64,0.0157,0.0120,-0.0043,92441.70,767.33,0.12,0.0202
241512,-0.52,-0.69,9.61,0.0168,0.0121,-0.0073,92441.70,767.33,0.09,0.0220
241567,-0.52,-0.69,9.64,0.0176,0.0131,-0.0044,92441.70,767.33,0.06,0.0223
241623,-0.54,-0.72,9.61,0.0148,0.0120,-0.0035,92441.70,767.33,0.04,0.0194
241676,-0.52,-0.72,9.65,0.0160,0.0136,-0.0051,92441.70,767.33,0.03,0.0216
241729,-0.54,-0.68,9.62,0.0168,0.0125,-0.0052,92441.70,767.33,0.02,0.0216
241782,-0.56,-0.70,9.58,0.0176,0.0100,-0.0072,92441.70,767.33,0.01,0.0215
241834,-0.48,-0.70,9.63,0.0171,0.0127,-0.0060,92441.70,767.33,0.01,0.0221
241898,-0.51,-0.70,9.63,0.0172,0.0121,-0.0041,92441.70,767.33,0.01,0.0214
241966,-0.52,-0.67,9.62,0.0173,0.0127,-0.0059,92442.05,767.30,-0.13,0.0222
242044,-0.51,-0.74,9.59,0.0175,0.0112,-0.0053,92442.05,767.30,-0.09,0.0214
242115,-0.54,-0.72,9.64,0.0171,0.0137,-0.0084,92442.05,767.30,-0.06,0.0234
242183,-0.52,-0.71,9.62,0.0197,0.0123,-0.0049,92442.05,767.30,-0.04,0.0237
242283,-0.50,-0.71,9.66,0.0173,0.0092,-0.0085,92442.05,767.30,-0.03,0.0214
242335,-0.48,-0.71,9.64,0.0156,0.0116,-0.0048,92442.05,767.30,-0.02,0.0200
242390,-0.50,-0.70,9.63,0.0171,0.0153,-0.0072,92442.05,767.30,-0.02,0.0240
242447,-0.53,-0.68,9.59,0.0164,0.0115,-0.0065,92442.05,767.30,-0.01,0.0210
242500,-0.51,-0.71,9.63,0.0135,0.0144,-0.0060,92442.05,767.30,-0.01,0.0206
242554,-0.51,-0.69,9.61,0.0161,0.0129,-0.0061,92442.05,767.30,-0.01,0.0216
242607,-0.52,-0.71,9.63,0.0136,0.0123,-0.0052,92442.05,767.30,-0.00,0.0190
242661,-0.50,-0.70,9.67,0.0185,0.0131,-0.0061,92442.05,767.30,-0.00,0.0235
242714,-0.51,-0.68,9.61,0.0155,0.0136,-0.0083,92442.05,767.30,-0.00,0.0222
242768,-0.52,-0.71,9.65,0.0157,0.0152,-0.0052,92442.05,767.30,-0.00,0.0225
242824,-0.54,-0.73,9.63,0.0172,0.0111,-0.0069,92442.05,767.30,-0.00,0.0216
242879,-0.51,-0.71,9.62,0.0171,0.0144,-0.0061,92442.05,767.30,-0.00,0.0231
242931,-0.50,-0.69,9.65,0.0157,0.0147,-0.0055,92442.05,767.30,-0.00,0.0222
242986,-0.51,-0.70,9.62,0.0185,0.0149,-0.0072,92442.05,767.30,-0.00,0.0248
243038,-0.49,-0.68,9.61,0.0145,0.0136,-0.0049,92442.05,767.30,-0.00,0.0205
243093,-0.54,-0.70,9.63,0.0167,0.0123,-0.0075,92442.05,767.30,-0.00,0.0220
243145,-0.54,-0.70,9.64,0.0161,0.0127,-0.0052,92442.05,767.30,-0.00,0.0211
243203,-0.50,-0.73,9.62,0.0155,0.0140,-0.0055,92442.05,767.30,-0.00,0.0215
243257,-0.53,-0.72,9.63,0.0168,0.0145,-0.0069,92442.05,767.30,-0.00,0.0233
243310,-0.50,-0.70,9.62,0.0159,0.0136,-0.0056,92442.05,767.30,-0.00,0.0216
243364,-0.51,-0.71,9.65,0.0152,0.0119,-0.0067,92442.05,767.30,-0.00,0.0204
243417,-0.50,-0.71,9.63,0.0164,0.0144,-0.0048,92442.05,767.30,-0.00,0.0223
243471,-0.54,-0.69,9.61,0.0139,0.0164,-0.0067,92442.05,767.30,-0.00,0.0225
243524,-0.49,-0.73,9.65,0.0172,0.0140,-0.0072,92442.38,767.27,-0.17,0.0233
243593,-0.51,-0.70,9.64,0.0128,0.0143,-0.0065,92442.38,767.27,-0.12,0.0202
243646,-0.54,-0.68,9.65,0.0172,0.0123,-0.0044,92442.38,767.27,-0.08,0.0216
243700,-0.55,-0.74,9.60,0.0181,0.0119,-0.0063,92442.38,767.27,-0.06,0.0225
243753,-0.50,-0.72,9.65,0.0147,0.0145,-0.0060,92442.38,767.27,-0.04,0.0215
243807,-0.53,-0.67,9.61,0.0156,0.0136,-0.0063,92442.38,767.27,-0.03,0.0216
243860,-0.53,-0.73,9.63,0.0164,0.0136,-0.0048,92442.38,767.27,-0.02,0.0218
243918,-0.52,-0.72,9.64,0.0152,0.0143,-0.0052,92442.38,767.27,-0.01,0.0215
243970,-0.50,-0.70,9.65,0.0168,0.0143,-0.0067,92442.38,767.27,-0.01,0.0230
244025,-0.53,-0.72,9.63,0.0156,0.0144,-0.0059,92442.38,767.27,-0.01,0.0220
244077,-0.51,-0.70,9.60,0.0148,0.0140,-0.0068,92441.98,767.30,0.20,0.0215
244132,-0.52,-0.68,9.63,0.0184,0.0128,-0.0045,92441.98,767.30,0.14,0.0229
244184,-0.52,-0.71,9.60,0.0132,0.0136,-0.0068,92441.98,767.30,0.10,0.0201
244239,-0.50,-0.70,9.59,0.0165,0.0140,-0.0076,92441.98,767.30,0.07,0.0229
244301,-0.51,-0.69,9.66,0.0157,0.0129,-0.0069,92441.98,767.30,0.05,0.0215
244354,-0.48,-0.73,9.67,0.0159,0.0113,-0.0061,92441.98,767.30,0.03,0.0204
244408,-0.53,-0.71,9.63,0.0175,0.0144,-0.0049,92441.98,767.30,0.02,0.0232
244461,-0.53,-0.71,9.62,0.0176,0.0121,-0.0067,92441.98,767.30,0.02,0.0224
244515,-0.52,-0.71,9.64,0.0196,0.0129,-0.0055,92441.98,767.30,0.01,0.0241
244568,-0.51,-0.66,9.58,0.0133,0.0152,-0.0047,92441.98,767.30,0.01,0.0207
244622,-0.53,-0.71,9.62,0.0144,0.0117,-0.0057,92441.98,767.30,0.01,0.0194
244678,-0.52,-0.71,9.62,0.0172,0.0100,-0.0071,92441.98,767.30,0.00,0.0211
244733,-0.56,-0.68,9.64,0.0160,0.0157,-0.0052,92441.98,767.30,0.00,0.0230
244785,-0.49,-0.71,9.59,0.0163,0.0123,-0.0072,92441.98,767.30,0.00,0.0216
244840,-0.52,-0.71,9.60,0.0180,0.0125,-0.0056,92441.98,767.30,0.00,0.0226
244892,-0.50,-0.72,9.63,0.0149,0.0145,-0.0055,92441.98,767.30,0.00,0.0215
244947,-0.49,-0.72,9.62,0.0161,0.0136,-0.0065,92441.98,767.30,0.00,0.0221
244999,-0.51,-0.72,9.62,0.0163,0.0157,-0.0049,92441.98,767.30,0.00,0.0231
245057,-0.54,-0.71,9.64,0.0161,0.0121,-0.0044,92441.98,767.30,0.00,0.0206
245111,-0.51,-0.71,9.64,0.0159,0.0149,-0.0061,92441.81,767.32,0.08,0.0226
245164,-0.52,-0.71,9.62,0.0155,0.0155,-0.0041,92441.81,767.32,0.06,0.0222
245218,-0.50,-0.72,9.61,0.0157,0.0137,-0.0067,92441.81,767.32,0.04,0.0219
245271,-0.50,-0.69,9.59,0.0168,0.0171,-0.0039,92441.81,767.32,0.03,0.0242
245325,-0.48,-0.71,9.64,0.0157,0.0147,-0.0061,92441.81,767.32,0.02,0.0223
245378,-0.51,-0.71,9.64,0.0156,0.0149,-0.0060,92441.81,767.32,0.01,0.0224
245436,-0.51,-0.67,9.58,0.0127,0.0137,-0.0055,92441.81,767.32,0.01,0.0195
245488,-0.51,-0.75,9.61,0.0163,0.0124,-0.0067,92441.81,767.32,0.01,0.0215
245543,-0.52,-0.69,9.61,0.0149,0.0132,-0.0040,92441.81,767.32,0.00,0.0203
245595,-0.51,-0.68,9.62,0.0144,0.0152,-0.0040,92441.81,767.32,0.00,0.0213
245650,-0.47,-0.68,9.64,0.0161,0.0153,-0.0071,92441.46,767.35,0.18,0.0233
245702,-0.50,-0.70,9.60,0.0160,0.0128,-0.0045,92441.46,767.35,0.12,0.0210
245760,-0.48,-0.70,9.62,0.0149,0.0148,-0.0053,92441.46,767.35,0.09,0.0217
245814,-0.50,-0.69,9.61,0.0144,0.0136,-0.0028,92441.46,767.35,0.06,0.0200
245867,-0.51,-0.71,9.61,0.0152,0.0136,-0.0044,92441.46,767.35,0.04,0.0208
245921,-0.53,-0.69,9.60,0.0168,0.0159,-0.0071,92441.46,767.35,0.03,0.0241
245974,-0.52,-0.72,9.65,0.0168,0.0112,-0.0071,92441.46,767.35,0.02,0.0214
246028,-0.51,-0.70,9.62,0.0161,0.0128,-0.0085,92441.46,767.35,0.01,0.0223
246081,-0.51,-0.71,9.61,0.0159,0.0136,-0.0079,92441.46,767.35,0.01,0.0223
246139,-0.52,-0.72,9.63,0.0195,0.0140,-0.0060,92441.46,767.35,0.01,0.0247
246191,-0.51,-0.70,9.60,0.0189,0.0125,-0.0052,92441.78,767.32,-0.16,0.0233
246246,-0.50,-0.72,9.62,0.0144,0.0172,-0.0037,92441.78,767.32,-0.11,0.0227
246303,-0.48,-0.72,9.62,0.0171,0.0131,-0.0048,92441.78,767.32,-0.08,0.0220
246358,-0.51,-0.70,9.61,0.0152,0.0115,-0.0076,92441.78,767.32,-0.06,0.0205
246410,-0.53,-0.69,9.61,0.0151,0.0143,-0.0067,92441.78,767.32,-0.04,0.0218
246465,-0.51,-0.67,9.60,0.0163,0.0129,-0.0065,92441.78,767.32,-0.03,0.0218
246532,-0.51,-0.67,9.63,0.0161,0.0113,-0.0060,92441.78,767.32,-0.02,0.0206
246587,-0.49,-0.73,9.63,0.0160,0.0120,-0.0044,92441.78,767.32,-0.01,0.0205
246639,-0.52,-0.69,9.62,0.0161,0.0132,-0.0059,92441.78,767.32,-0.01,0.0216
246694,-0.53,-0.72,9.63,0.0116,0.0148,-0.0048,92441.78,767.32,-0.01,0.0194
246746,-0.50,-0.71,9.62,0.0171,0.0143,-0.0077,92441.77,767.32,-0.00,0.0235
246801,-0.49,-0.71,9.59,0.0171,0.0141,-0.0071,92441.77,767.32,-0.00,0.0232
246853,-0.55,-0.70,9.62,0.0179,0.0140,-0.0056,92441.77,767.32,-0.00,0.0234
246911,-0.51,-0.73,9.59,0.0168,0.0137,-0.0072,92441.77,767.32,-0.00,0.0228
246965,-0.51,-0.71,9.61,0.0185,0.0120,-0.0084,92441.77,767.32,-0.00,0.0236
247018,-0.52,-0.72,9.62,0.0164,0.0136,-0.0049,92441.77,767.32,-0.00,0.0219
247072,-0.51,-0.75,9.62,0.0175,0.0117,-0.0072,92441.77,767.32,-0.00,0.0222
247125,-0.53,-0.73,9.61,0.0164,0.0121,-0.0081,92441.77,767.32,-0.00,0.0219
247179,-0.53,-0.69,9.61,0.0172,0.0117,-0.0064,92441.77,767.32,-0.00,0.0218
247235,-0.48,-0.73,9.62,0.0165,0.0148,-0.0073,92441.77,767.32,-0.00,0.0234
247290,-0.52,-0.70,9.61,0.0153,0.0141,-0.0036,92442.11,767.29,-0.16,0.0211
247342,-0.50,-0.68,9.62,0.0149,0.0124,-0.0045,92442.11,767.29,-0.11,0.0199
247397,-0.51,-0.67,9.64,0.0165,0.0124,-0.0037,92442.11,767.29,-0.08,0.0210
247449,-0.49,-0.70,9.62,0.0168,0.0141,-0.0059,92442.11,767.29,-0.06,0.0227
247504,-0.51,-0.67,9.60,0.0155,0.0109,-0.0047,92442.11,767.29,-0.04,0.0195
247556,-0.54,-0.71,9.61,0.0171,0.0132,-0.0053,92442.11,767.29,-0.03,0.0222
247614,-0.51,-0.70,9.64,0.0153,0.0147,-0.0047,92442.11,767.29,-0.02,0.0217
247668,-0.50,-0.73,9.59,0.0155,0.0145,-0.0041,92442.11,767.29,-0.01,0.0216
247721,-0.51,-0.68,9.62,0.0151,0.0156,-0.0063,92442.11,767.29,-0.01,0.0226
247775,-0.50,-0.74,9.64,0.0184,0.0168,-0.0041,92441.94,767.31,0.08,0.0252
247828,-0.47,-0.69,9.62,0.0147,0.0129,-0.0049,92441.94,767.31,0.05,0.0202
247882,-0.51,-0.72,9.63,0.0175,0.0143,-0.0072,92441.94,767.31,0.04,0.0237
247935,-0.53,-0.67,9.30,0.0028,0.0137,-0.0085,92441.94,767.31,0.03,0.0164
247993,-0.45,-0.64,9.40,0.0060,0.0203,-0.0084,92441.94,767.31,0.02,0.0227
248045,-0.44,-0.64,9.50,0.0135,0.0161,-0.0021,92441.94,767.31,0.01,0.0211
248100,-0.51,-0.75,9.56,0.0217,0.0091,-0.0083,92441.94,767.31,0.01,0.0249
248152,-0.52,-0.64,9.54,0.0144,0.0139,0.0051,92441.94,767.31,0.01,0.0206
248207,-0.56,-0.71,9.58,0.0179,0.0095,-0.0016,92441.94,767.31,0.00,0.0203
248259,-0.45,-0.60,9.50,-0.0013,0.0245,-0.0095,92441.94,767.31,0.00,0.0263
248319,-0.51,-0.63,9.59,0.0226,0.0117,-0.0045,92442.08,767.29,-0.06,0.0259
248376,-0.51,-0.72,9.59,0.0149,0.0129,-0.0036,92442.08,767.29,-0.04,0.0201
248429,-0.52,-0.72,9.61,0.0211,0.0079,-0.0063,92442.08,767.29,-0.03,0.0233
248483,-0.52,-0.75,9.62,0.0164,0.0120,-0.0027,92442.08,767.29,-0.02,0.0205
248536,-0.50,-0.68,9.63,0.0137,0.0132,-0.0008,92442.08,767.29,-0.01,0.0191
248590,-0.52,-0.70,9.60,0.0152,0.0115,-0.0080,92442.08,767.29,-0.01,0.0206
248643,-0.53,-0.74,9.63,0.0160,0.0124,-0.0069,92442.08,767.29,-0.01,0.0214
248701,-0.54,-0.74,9.63,0.0191,0.0128,-0.0023,92442.08,767.29,-0.00,0.0231
248753,-0.52,-0.71,9.62,0.0179,0.0136,-0.0053,92442.08,767.29,-0.00,0.0231
248808,-0.53,-0.69,9.58,0.0136,0.0123,-0.0032,92442.08,767.29,-0.00,0.0186
248860,-0.51,-0.71,9.58,0.0173,0.0168,-0.0087,92442.05,767.30,0.01,0.0256
248915,-0.53,-0.69,9.57,0.0123,0.0131,-0.0071,92442.05,767.30,0.01,0.0193
248967,-0.54,-0.71,9.59,0.0144,0.0151,-0.0072,92442.05,767.30,0.01,0.0220
249022,-0.50,-0.74,9.61,0.0132,0.0172,-0.0088,92442.05,767.30,0.00,0.0234
249079,-0.48,-0.68,9.64,0.0177,0.0097,-0.0037,92442.05,767.30,0.00,0.0206
249132,-0.56,-0.73,9.65,0.0171,0.0144,-0.0012,92442.05,767.30,0.00,0.0223
249186,-0.47,-0.68,9.58,0.0100,0.0183,-0.0024,92442.05,767.30,0.00,0.0209
249239,-0.52,-0.64,9.54,0.0063,0.0173,-0.0071,92442.05,767.30,0.00,0.0197
249293,-0.50,-0.69,9.56,0.0144,0.0163,-0.0096,92442.05,767.30,0.00,0.0237
249347,-0.52,-0.71,9.57,0.0137,0.0156,-0.0080,92442.05,767.30,0.00,0.0223
249401,-0.52,-0.68,9.57,0.0148,0.0144,-0.0068,92442.05,767.30,0.00,0.0217
249469,-0.49,-0.63,9.60,0.0084,0.0211,-0.0040,92442.05,767.30,0.00,0.0230
249523,-0.46,-0.68,9.61,0.0173,0.0141,-0.0071,92442.05,767.30,0.00,0.0234
249577,-0.51,-0.71,9.62,0.0123,0.0121,-0.0065,92442.05,767.30,0.00,0.0184
249631,-0.53,-0.74,9.62,0.0172,0.0120,-0.0063,92442.05,767.30,0.00,0.0219
249685,-0.52,-0.72,9.65,0.0167,0.0115,-0.0005,92442.05,767.30,0.00,0.0202
249739,-0.48,-0.77,9.84,0.0317,0.0067,0.0019,92442.05,767.30,0.00,0.0325
249792,-0.47,-0.68,9.72,0.0212,0.0087,-0.0077,92442.05,767.30,0.00,0.0242
249850,-0.52,-0.70,9.68,0.0127,0.0136,-0.0044,92442.05,767.30,0.00,0.0191
249902,-0.49,-0.69,9.65,0.0128,0.0157,-0.0081,92442.05,767.30,0.00,0.0218
249957,-0.51,-0.69,9.64,0.0147,0.0144,-0.0105,92442.05,767.30,0.00,0.0231
250009,-0.51,-0.69,9.62,0.0156,0.0104,-0.0067,92442.05,767.30,0.00,0.0199
250064,-0.57,-0.74,9.72,0.0171,0.0116,-0.0081,92442.05,767.30,0.00,0.0222
250116,-0.46,-0.72,9.57,0.0109,0.0180,-0.0103,92442.05,767.30,0.00,0.0234
250171,-0.52,-0.68,9.62,0.0113,0.0167,-0.0124,92442.05,767.30,0.00,0.0236
250228,-0.53,-0.73,9.61,0.0209,0.0093,-0.0067,92442.05,767.30,0.00,0.0239
250281,-0.49,-0.72,9.58,0.0160,0.0129,-0.0076,92442.05,767.30,0.00,0.0219
250340,-0.54,-0.68,9.61,0.0140,0.0127,-0.0061,92442.05,767.30,0.00,0.0198
250393,-0.51,-0.74,9.62,0.0168,0.0139,-0.0057,92442.05,767.30,0.00,0.0225
250447,-0.52,-0.69,9.61,0.0165,0.0124,-0.0032,92442.02,767.30,0.02,0.0209
250500,-0.44,-0.68,9.52,0.0167,0.0139,-0.0065,92442.02,767.30,0.01,0.0226
250554,-0.53,-0.68,9.56,0.0196,0.0124,-0.0083,92442.02,767.30,0.01,0.0246
250610,-0.50,-0.75,9.58,0.0225,0.0105,-0.0087,92442.02,767.30,0.01,0.0263
250665,-0.51,-0.67,9.60,0.0132,0.0145,-0.0024,92442.02,767.30,0.00,0.0198
250717,-0.37,-0.57,9.37,-0.0136,0.0274,-0.0132,92442.02,767.30,0.00,0.0333
250772,-0.48,-0.67,9.46,0.0099,0.0184,-0.0092,92442.02,767.30,0.00,0.0228
250824,-0.54,-0.73,9.62,0.0109,0.0096,0.0007,92442.02,767.30,0.00,0.0146
250879,-0.54,-0.73,9.57,0.0184,0.0113,-0.0027,92442.02,767.30,0.00,0.0218
250936,-0.52,-0.68,9.62,0.0185,0.0109,-0.0047,92442.02,767.30,0.00,0.0220
250989,-0.51,-0.70,9.58,0.0152,0.0128,-0.0045,92442.02,767.30,0.00,0.0204
251043,-0.50,-0.70,9.59,0.0156,0.0111,-0.0044,92442.02,767.30,0.00,0.0196
251096,-0.54,-0.71,9.64,0.0177,0.0132,-0.0004,92442.02,767.30,0.00,0.0221
251150,-0.51,-0.71,9.62,0.0181,0.0123,-0.0049,92442.02,767.30,0.00,0.0224
251203,-0.51,-0.68,9.61,0.0141,0.0133,-0.0053,92442.02,767.30,0.00,0.0201
251257,-0.52,-0.68,9.63,0.0159,0.0120,-0.0065,92442.02,767.30,0.00,0.0209
251313,-0.47,-0.70,9.64,0.0165,0.0129,-0.0051,92442.02,767.30,0.00,0.0216
251368,-0.51,-0.71,9.63,0.0177,0.0125,-0.0075,92442.02,767.30,0.00,0.0229
251420,-0.52,-0.70,9.61,0.0155,0.0153,-0.0065,92442.02,767.30,0.00,0.0227
251475,-0.51,-0.69,9.66,0.0168,0.0121,-0.0049,92442.02,767.30,0.00,0.0213
251527,-0.56,-0.74,9.65,0.0168,0.0137,-0.0052,92441.81,767.32,0.10,0.0223
251582,-0.48,-0.70,9.63,0.0155,0.0128,-0.0055,92441.81,767.32,0.07,0.0208
251634,-0.51,-0.71,9.66,0.0152,0.0117,-0.0064,92441.81,767.32,0.05,0.0202
251692,-0.53,-0.72,9.64,0.0165,0.0119,-0.0056,92441.81,767.32,0.04,0.0211
251746,-0.46,-0.69,9.62,0.0144,0.0153,-0.0073,92441.81,767.32,0.02,0.0223
251799,-0.51,-0.70,9.65,0.0175,0.0140,-0.0080,92441.81,767.32,0.02,0.0238
251853,-0.50,-0.70,9.65,0.0144,0.0144,-0.0060,92441.81,767.32,0.01,0.0212
251906,-0.51,-0.68,9.63,0.0159,0.0121,-0.0056,92441.81,767.32,0.01,0.0207
251960,-0.50,-0.71,9.64,0.0143,0.0144,-0.0064,92441.81,767.32,0.01,0.0212
252013,-0.54,-0.68,9.61,0.0144,0.0100,-0.0079,92441.81,767.32,0.00,0.0192
252071,-0.51,-0.72,9.59,0.0149,0.0167,-0.0049,92441.61,767.33,0.10,0.0229
252123,-0.53,-0.70,9.61,0.0192,0.0155,-0.0072,92441.61,767.33,0.07,0.0257
252178,-0.51,-0.72,9.63,0.0188,0.0136,-0.0052,92441.61,767.33,0.05,0.0238
252230,-0.54,-0.70,9.63,0.0179,0.0163,-0.0084,92441.61,767.33,0.03,0.0256
252285,-0.53,-0.72,9.60,0.0184,0.0127,-0.0065,92441.61,767.33,0.02,0.0233
252342,-0.50,-0.73,9.62,0.0156,0.0132,-0.0071,92441.61,767.33,0.02,0.0216
252397,-0.51,-0.70,9.60,0.0151,0.0155,-0.0051,92441.61,767.33,0.01,0.0222
252465,-0.51,-0.71,9.60,0.0153,0.0156,-0.0049,92441.61,767.33,0.01,0.0224
252521,-0.52,-0.72,9.63,0.0160,0.0140,-0.0076,92441.61,767.33,0.01,0.0226
252574,-0.53,-0.72,9.62,0.0148,0.0140,-0.0041,92441.61,767.33,0.00,0.0208
252630,-0.52,-0.72,9.62,0.0168,0.0141,-0.0060,92441.77,767.32,-0.08,0.0227
252683,-0.49,-0.73,9.62,0.0163,0.0123,-0.0053,92441.77,767.32,-0.05,0.0210
252739,-0.56,-0.70,9.62,0.0155,0.0129,-0.0048,92441.77,767.32,-0.04,0.0207
252792,-0.50,-0.68,9.63,0.0161,0.0116,-0.0044,92441.77,767.32,-0.03,0.0203
252851,-0.52,-0.73,9.63,0.0185,0.0141,-0.0087,92441.77,767.32,-0.02,0.0248
252905,-0.53,-0.69,9.61,0.0180,0.0136,-0.0085,92441.77,767.32,-0.01,0.0241
252958,-0.52,-0.71,9.63,0.0151,0.0135,-0.0057,92441.77,767.32,-0.01,0.0210
253012,-0.52,-0.69,9.60,0.0173,0.0120,-0.0071,92441.77,767.32,-0.01,0.0222
253065,-0.54,-0.72,9.60,0.0151,0.0129,-0.0043,92441.77,767.32,-0.00,0.0203
253119,-0.48,-0.69,9.61,0.0163,0.0117,-0.0063,92441.94,767.31,-0.08,0.0210
253175,-0.49,-0.72,9.60,0.0176,0.0131,-0.0060,92441.94,767.31,-0.06,0.0227
253230,-0.51,-0.71,9.63,0.0159,0.0157,-0.0059,92441.94,767.31,-0.04,0.0231
253282,-0.52,-0.72,9.62,0.0171,0.0113,-0.0051,92441.94,767.31,-0.03,0.0211
253337,-0.51,-0.71,9.61,0.0161,0.0131,-0.0053,92441.94,767.31,-0.02,0.0214
253389,-0.51,-0.68,9.61,0.0165,0.0149,-0.0077,92441.94,767.31,-0.01,0.0236
253444,-0.54,-0.69,9.61,0.0132,0.0147,-0.0071,92441.94,767.31,-0.01,0.0209
253496,-0.50,-0.69,9.61,0.0165,0.0149,-0.0033,92441.94,767.31,-0.01,0.0225
253554,-0.55,-0.72,9.61,0.0157,0.0152,-0.0067,92441.94,767.31,-0.00,0.0229
253608,-0.52,-0.72,9.65,0.0191,0.0112,-0.0043,92441.94,767.31,-0.00,0.0225
253661,-0.54,-0.73,9.63,0.0157,0.0129,-0.0061,92441.91,767.31,0.01,0.0213
253715,-0.52,-0.73,9.64,0.0128,0.0156,-0.0064,92441.91,767.31,0.01,0.0212
253768,-0.50,-0.70,9.64,0.0156,0.0121,-0.0052,92441.91,767.31,0.01,0.0204
253822,-0.48,-0.70,9.63,0.0177,0.0135,-0.0075,92441.91,767.31,0.00,0.0235
253875,-0.51,-0.73,9.61,0.0163,0.0143,-0.0059,92441.91,767.31,0.00,0.0224
253933,-0.53,-0.69,9.62,0.0184,0.0120,-0.0060,92441.91,767.31,0.00,0.0228
253985,-0.55,-0.70,9.59,0.0172,0.0145,-0.0069,92441.91,767.31,0.00,0.0235
254040,-0.47,-0.71,9.63,0.0149,0.0137,-0.0055,92441.91,767.31,0.00,0.0210
254092,-0.51,-0.69,9.62,0.0181,0.0141,-0.0067,92441.91,767.31,0.00,0.0239
254147,-0.52,-0.71,9.60,0.0168,0.0096,-0.0059,92441.91,767.31,0.00,0.0202
254199,-0.49,-0.72,9.65,0.0147,0.0156,-0.0052,92441.91,767.31,0.00,0.0220
254254,-0.54,-0.68,9.61,0.0196,0.0136,-0.0068,92441.91,767.31,0.00,0.0248
254310,-0.50,-0.71,9.63,0.0172,0.0109,-0.0053,92441.91,767.31,0.00,0.0211
254368,-0.51,-0.71,9.64,0.0153,0.0103,-0.0071,92441.91,767.31,0.00,0.0197
254422,-0.53,-0.70,9.62,0.0168,0.0136,-0.0069,92441.91,767.31,0.00,0.0227
254475,-0.48,-0.71,9.59,0.0139,0.0167,-0.0059,92441.91,767.31,0.00,0.0224
254528,-0.53,-0.73,9.63,0.0163,0.0148,-0.0073,92441.91,767.31,0.00,0.0232
254581,-0.53,-0.70,9.61,0.0155,0.0113,-0.0053,92441.91,767.31,0.00,0.0199
254636,-0.51,-0.67,9.61,0.0149,0.0123,-0.0033,92441.91,767.31,0.00,0.0196
254728,-0.50,-0.71,9.63,0.0160,0.0155,-0.0076,92441.91,767.31,0.00,0.0235
254780,-0.50,-0.71,9.60,0.0173,0.0131,-0.0057,92441.91,767.31,0.00,0.0224
254832,-0.52,-0.71,9.63,0.0157,0.0095,-0.0048,92441.91,767.31,0.00,0.0190
254887,-0.51,-0.73,9.64,0.0144,0.0131,-0.0056,92441.91,767.31,0.00,0.0202
254939,-0.52,-0.69,9.61,0.0151,0.0141,-0.0048,92441.91,767.31,0.00,0.0212
254994,-0.51,-0.70,9.63,0.0141,0.0117,-0.0039,92441.91,767.31,0.00,0.0188
255050,-0.49,-0.67,9.60,0.0153,0.0139,-0.0061,92441.91,767.31,0.00,0.0215
255103,-0.53,-0.68,9.64,0.0173,0.0115,-0.0061,92441.91,767.31,0.00,0.0217
255157,-0.50,-0.70,9.63,0.0184,0.0149,-0.0076,92441.91,767.31,0.00,0.0249
255210,-0.51,-0.72,9.63,0.0164,0.0129,-0.0049,92441.91,767.31,0.00,0.0214
255264,-0.50,-0.68,9.61,0.0176,0.0127,-0.0059,92442.19,767.28,-0.14,0.0224
255317,-0.52,-0.70,9.62,0.0133,0.0147,-0.0063,92442.19,767.28,-0.10,0.0208
255371,-0.46,-0.70,9.60,0.0125,0.0141,-0.0044,92442.19,767.28,-0.07,0.0194
255439,-0.48,-0.71,9.62,0.0131,0.0128,-0.0061,92442.19,767.28,-0.05,0.0193
255493,-0.51,-0.72,9.62,0.0176,0.0108,-0.0052,92442.19,767.28,-0.03,0.0213
255546,-0.52,-0.65,9.62,0.0143,0.0139,-0.0056,92442.19,767.28,-0.02,0.0207
255600,-0.50,-0.70,9.59,0.0148,0.0163,-0.0077,92442.19,767.28,-0.02,0.0233
255653,-0.49,-0.65,9.62,0.0160,0.0136,-0.0085,92442.19,767.28,-0.01,0.0226
255707,-0.49,-0.71,9.64,0.0175,0.0108,-0.0067,92442.19,767.28,-0.01,0.0216
255760,-0.51,-0.70,9.60,0.0176,0.0141,-0.0045,92442.19,767.28,-0.01,0.0230
255818,-0.50,-0.69,9.62,0.0167,0.0135,-0.0064,92442.02,767.30,0.07,0.0223
255870,-0.50,-0.71,9.62,0.0152,0.0139,-0.0068,92442.02,767.30,0.05,0.0217
255925,-0.49,-0.70,9.61,0.0139,0.0168,-0.0080,92442.02,767.30,0.04,0.0232
255977,-0.51,-0.69,9.63,0.0153,0.0155,-0.0059,92442.02,767.30,0.03,0.0225
256032,-0.50,-0.71,9.63,0.0153,0.0148,-0.0059,92442.02,767.30,0.02,0.0221
256084,-0.52,-0.71,9.62,0.0175,0.0145,-0.0065,92442.02,767.30,0.01,0.0236
256139,-0.53,-0.66,9.63,0.0175,0.0129,-0.0045,92442.02,767.30,0.01,0.0222
256195,-0.50,-0.71,9.60,0.0160,0.0129,-0.0044,92442.02,767.30,0.01,0.0210
256248,-0.54,-0.70,9.61,0.0185,0.0104,-0.0073,92442.02,767.30,0.00,0.0225
256302,-0.50,-0.68,9.62,0.0189,0.0128,-0.0080,92442.02,767.30,0.00,0.0242
256355,-0.51,-0.71,9.62,0.0139,0.0133,-0.0073,92442.01,767.30,0.00,0.0206
256414,-0.51,-0.73,9.62,0.0141,0.0141,-0.0053,92442.01,767.30,0.00,0.0207
256467,-0.48,-0.72,9.63,0.0173,0.0144,-0.0072,92442.01,767.30,0.00,0.0236
256525,-0.50,-0.70,9.63,0.0139,0.0111,-0.0055,92442.01,767.30,0.00,0.0186
256577,-0.53,-0.71,9.63,0.0140,0.0136,-0.0061,92442.01,767.30,0.00,0.0204
256632,-0.53,-0.71,9.61,0.0171,0.0111,-0.0076,92442.01,767.30,0.00,0.0217
256684,-0.51,-0.73,9.62,0.0168,0.0139,-0.0043,92442.01,767.30,0.00,0.0222
256739,-0.51,-0.70,9.59,0.0153,0.0128,-0.0069,92442.01,767.30,0.00,0.0211
256791,-0.52,-0.72,9.62,0.0163,0.0149,-0.0071,92442.01,767.30,0.00,0.0232
256846,-0.51,-0.71,9.62,0.0171,0.0124,-0.0060,92442.01,767.29,-0.07,0.0219
256903,-0.53,-0.70,9.61,0.0124,0.0160,-0.0056,92442.15,767.29,-0.05,0.0210
256956,-0.49,-0.67,9.64,0.0124,0.0133,-0.0049,92442.15,767.29,-0.03,0.0189
257010,-0.52,-0.69,9.62,0.0164,0.0117,-0.0056,92442.15,767.29,-0.02,0.0209
257063,-0.56,-0.70,9.60,0.0163,0.0144,-0.0079,92442.15,767.29,-0.02,0.0231
257117,-0.51,-0.71,9.64,0.0149,0.0132,-0.0051,92442.15,767.29,-0.01,0.0205
257170,-0.53,-0.70,9.58,0.0203,0.0105,-0.0052,92442.15,767.29,-0.01,0.0234
257224,-0.54,-0.71,9.61,0.0159,0.0144,-0.0069,92442.15,767.29,-0.01,0.0225
257280,-0.52,-0.72,9.60,0.0184,0.0139,-0.0057,92442.15,767.29,-0.00,0.0237
257335,-0.52,-0.68,9.60,0.0147,0.0144,-0.0027,92442.15,767.29,-0.00,0.0207
257387,-0.52,-0.70,9.62,0.0116,0.0144,-0.0056,92441.97,767.30,0.09,0.0193
257442,-0.55,-0.71,9.60,0.0165,0.0133,-0.0028,92441.97,767.30,0.06,0.0214
257494,-0.52,-0.71,9.61,0.0180,0.0140,-0.0052,92441.97,767.30,0.05,0.0234
257549,-0.49,-0.73,9.62,0.0184,0.0136,-0.0027,92441.97,767.30,0.03,0.0230
257601,-0.52,-0.71,9.61,0.0163,0.0133,-0.0055,92441.97,767.30,0.02,0.0217
257659,-0.50,-0.69,9.63,0.0141,0.0129,-0.0045,92441.97,767.30,0.02,0.0197
257713,-0.48,-0.70,9.63,0.0152,0.0153,-0.0085,92441.97,767.30,0.01,0.0232
257766,-0.53,-0.70,9.59,0.0160,0.0147,-0.0071,92441.97,767.30,0.01,0.0228
257820,-0.52,-0.67,9.62,0.0168,0.0129,-0.0061,92441.97,767.30,0.01,0.0221
257873,-0.50,-0.72,9.62,0.0156,0.0121,-0.0061,92441.97,767.30,0.00,0.0207
257927,-0.54,-0.72,9.61,0.0165,0.0127,-0.0068,92441.94,767.31,0.02,0.0219
257980,-0.52,-0.70,9.60,0.0173,0.0087,-0.0057,92441.94,767.31,0.01,0.0202
258038,-0.51,-0.70,9.59,0.0173,0.0116,-0.0068,92441.94,767.31,0.01,0.0219
258090,-0.48,-0.72,9.62,0.0156,0.0116,-0.0052,92441.94,767.31,0.01,0.0201
258145,-0.53,-0.72,9.63,0.0143,0.0149,-0.0072,92441.94,767.31,0.00,0.0219
258197,-0.52,-0.72,9.63,0.0159,0.0113,-0.0073,92441.94,767.31,0.00,0.0208
258252,-0.49,-0.74,9.61,0.0171,0.0149,-0.0052,92441.94,767.31,0.00,0.0232
258304,-0.50,-0.68,9.61,0.0148,0.0125,-0.0075,92441.94,767.31,0.00,0.0208
258373,-0.52,-0.72,9.64,0.0137,0.0133,-0.0064,92441.94,767.31,0.00,0.0202
258430,-0.50,-0.67,9.60,0.0155,0.0147,-0.0052,92441.94,767.31,0.00,0.0219
258485,-0.51,-0.73,9.61,0.0172,0.0129,-0.0064,92441.91,767.31,0.02,0.0224
258537,-0.51,-0.71,9.62,0.0171,0.0125,-0.0032,92441.91,767.31,0.01,0.0214
258592,-0.52,-0.72,9.62,0.0184,0.0128,-0.0044,92441.91,767.31,0.01,0.0228
258644,-0.50,-0.69,9.62,0.0157,0.0148,-0.0069,92441.91,767.31,0.01,0.0227
258699,-0.50,-0.72,9.63,0.0156,0.0127,-0.0049,92441.91,767.31,0.00,0.0207
258755,-0.52,-0.72,9.59,0.0177,0.0112,-0.0065,92441.91,767.31,0.00,0.0220
258808,-0.53,-0.74,9.62,0.0177,0.0132,-0.0060,92441.91,767.31,0.00,0.0229
258862,-0.52,-0.71,9.62,0.0160,0.0129,-0.0048,92441.91,767.31,0.00,0.0211
258915,-0.52,-0.70,9.63,0.0147,0.0165,-0.0056,92441.91,767.31,0.00,0.0228
258969,-0.51,-0.68,9.62,0.0179,0.0128,-0.0061,92441.91,767.31,0.00,0.0228
259022,-0.51,-0.70,9.61,0.0141,0.0152,-0.0049,92442.08,767.29,-0.09,0.0213
259076,-0.50,-0.70,9.60,0.0161,0.0105,-0.0036,92442.08,767.29,-0.06,0.0196
259132,-0.48,-0.70,9.61,0.0181,0.0163,-0.0069,92442.08,767.29,-0.04,0.0253
259187,-0.49,-0.72,9.61,0.0156,0.0120,-0.0067,92442.08,767.29,-0.03,0.0208
259239,-0.51,-0.69,9.64,0.0157,0.0140,-0.0079,92442.08,767.29,-0.02,0.0225
259294,-0.51,-0.70,9.64,0.0157,0.0143,-0.0052,92442.08,767.29,-0.01,0.0218
259346,-0.50,-0.68,9.64,0.0137,0.0135,-0.0069,92442.08,767.29,-0.01,0.0204
259401,-0.51,-0.69,9.64,0.0167,0.0144,-0.0059,92442.08,767.29,-0.01,0.0228
259453,-0.49,-0.71,9.63,0.0156,0.0155,-0.0064,92442.08,767.29,-0.00,0.0229
259511,-0.52,-0.72,9.63,0.0164,0.0141,-0.0083,92442.08,767.29,-0.00,0.0232
259565,-0.53,-0.70,9.62,0.0148,0.0141,-0.0060,92442.08,767.29,-0.00,0.0213
259618,-0.50,-0.69,9.63,0.0187,0.0097,-0.0029,92442.08,767.29,-0.00,0.0212
259672,-0.52,-0.68,9.58,0.0160,0.0144,-0.0049,92442.08,767.29,-0.00,0.0221
259725,-0.51,-0.70,9.62,0.0164,0.0161,-0.0076,92442.08,767.29,-0.00,0.0242
259779,-0.56,-0.71,9.62,0.0155,0.0137,-0.0068,92442.08,767.29,-0.00,0.0218
259832,-0.53,-0.70,9.61,0.0167,0.0148,-0.0068,92442.08,767.29,-0.00,0.0233
259890,-0.53,-0.71,9.62,0.0185,0.0115,-0.0075,92442.08,767.29,-0.00,0.0230
259942,-0.49,-0.72,9.61,0.0179,0.0131,-0.0085,92442.08,767.29,-0.00,0.0237
259997,-0.49,-0.69,9.60,0.0144,0.0116,-0.0068,92442.08,767.29,-0.00,0.0197
260049,-0.51,-0.71,9.60,0.0183,0.0129,-0.0067,92442.08,767.29,-0.00,0.0233
260104,-0.51,-0.68,9.60,0.0149,0.0123,-0.0056,92442.08,767.29,-0.00,0.0201
260156,-0.50,-0.70,9.60,0.0149,0.0145,-0.0059,92442.08,767.29,-0.00,0.0216
260214,-0.50,-0.69,9.61,0.0168,0.0128,-0.0079,92442.08,767.29,-0.00,0.0225
260268,-0.53,-0.68,9.59,0.0176,0.0119,-0.0059,92442.08,767.29,-0.00,0.0220
260321,-0.50,-0.69,9.58,0.0149,0.0133,-0.0047,92442.08,767.29,-0.00,0.0205
260375,-0.49,-0.75,9.62,0.0155,0.0131,-0.0076,92442.08,767.29,-0.00,0.0216
260433,-0.52,-0.70,9.63,0.0164,0.0144,-0.0073,92442.08,767.29,-0.00,0.0230
260487,-0.52,-0.72,9.61,0.0172,0.0127,-0.0068,92442.08,767.29,-0.00,0.0224
260540,-0.51,-0.68,9.61,0.0179,0.0123,-0.0068,92442.08,767.29,-0.00,0.0227
260598,-0.51,-0.73,9.60,0.0165,0.0141,-0.0057,92442.25,767.28,-0.08,0.0225
260650,-0.52,-0.71,9.61,0.0184,0.0121,-0.0047,92442.25,767.28,-0.06,0.0225
260705,-0.51,-0.71,9.62,0.0189,0.0137,-0.0052,92442.25,767.28,-0.04,0.0239
260757,-0.54,-0.69,9.58,0.0136,0.0128,-0.0069,92442.25,767.28,-0.03,0.0199
260812,-0.53,-0.74,9.61,0.0179,0.0139,-0.0047,92442.25,767.28,-0.02,0.0231
260864,-0.53,-0.74,9.60,0.0175,0.0124,-0.0053,92442.25,767.28,-0.01,0.0221
260919,-0.46,-0.69,9.61,0.0173,0.0132,-0.0056,92442.25,767.28,-0.01,0.0225
260976,-0.50,-0.68,9.61,0.0163,0.0136,-0.0067,92442.25,767.28,-0.01,0.0222
261029,-0.49,-0.73,9.62,0.0152,0.0139,-0.0059,92442.25,767.28,-0.00,0.0214
261083,-0.50,-0.70,9.61,0.0131,0.0144,-0.0047,92442.25,767.28,-0.00,0.0200
261136,-0.51,-0.70,9.60,0.0136,0.0153,-0.0055,92442.25,767.28,-0.00,0.0212
261190,-0.53,-0.70,9.62,0.0173,0.0131,-0.0061,92442.25,767.28,-0.00,0.0225
261243,-0.51,-0.71,9.61,0.0171,0.0136,-0.0076,92442.25,767.28,-0.00,0.0231
261311,-0.52,-0.70,9.61,0.0155,0.0141,-0.0073,92442.25,767.28,-0.00,0.0222
261364,-0.52,-0.70,9.63,0.0192,0.0123,-0.0064,92442.25,767.28,-0.00,0.0236
261418,-0.52,-0.72,9.60,0.0157,0.0144,-0.0057,92442.25,767.28,-0.00,0.0221
261471,-0.53,-0.71,9.57,0.0160,0.0139,-0.0079,92442.25,767.28,-0.00,0.0226
261525,-0.50,-0.74,9.60,0.0177,0.0119,-0.0065,92442.25,767.28,-0.00,0.0223
261578,-0.49,-0.70,9.59,0.0161,0.0156,-0.0056,92442.25,767.28,-0.00,0.0231
261632,-0.51,-0.71,9.61,0.0167,0.0144,-0.0047,92442.25,767.28,-0.00,0.0225
261688,-0.50,-0.70,9.61,0.0195,0.0121,-0.0071,92442.25,767.28,-0.00,0.0240
261743,-0.49,-0.68,9.63,0.0185,0.0128,-0.0083,92442.25,767.28,-0.00,0.0240
261795,-0.53,-0.70,9.61,0.0165,0.0125,-0.0053,92442.25,767.28,-0.00,0.0214
261850,-0.52,-0.75,9.58,0.0139,0.0111,-0.0048,92442.25,767.28,-0.00,0.0184
261902,-0.52,-0.71,9.61,0.0164,0.0128,-0.0065,92442.25,767.28,-0.00,0.0218
261957,-0.52,-0.70,9.62,0.0168,0.0149,-0.0056,92442.25,767.28,-0.00,0.0231
262009,-0.52,-0.69,9.57,0.0132,0.0108,-0.0053,92442.25,767.28,-0.00,0.0179
262067,-0.52,-0.70,9.63,0.0149,0.0124,-0.0073,92442.25,767.28,-0.00,0.0207
262121,-0.50,-0.70,9.61,0.0165,0.0117,-0.0040,92442.25,767.28,-0.00,0.0206
262174,-0.51,-0.70,9.62,0.0151,0.0121,-0.0061,92442.25,767.28,-0.00,0.0203
262228,-0.50,-0.74,9.63,0.0143,0.0145,-0.0067,92442.07,767.29,0.09,0.0214
262281,-0.52,-0.71,9.62,0.0173,0.0117,-0.0068,92442.07,767.29,0.06,0.0220
262335,-0.53,-0.72,9.61,0.0165,0.0139,-0.0060,92442.07,767.29,0.04,0.0224
262388,-0.49,-0.68,9.60,0.0185,0.0112,-0.0043,92442.07,767.29,0.03,0.0221
262451,-0.50,-0.69,9.59,0.0161,0.0132,-0.0076,92442.07,767.29,0.02,0.0222
262503,-0.52,-0.73,9.63,0.0147,0.0140,-0.0064,92442.07,767.29,0.02,0.0212
262558,-0.51,-0.71,9.61,0.0139,0.0160,-0.0067,92442.07,767.29,0.01,0.0222
262610,-0.53,-0.71,9.63,0.0149,0.0141,-0.0064,92442.07,767.29,0.01,0.0215
262665,-0.49,-0.68,9.61,0.0180,0.0159,-0.0057,92442.07,767.29,0.01,0.0247
262717,-0.52,-0.70,9.64,0.0196,0.0160,-0.0089,92442.07,767.28,-0.07,0.0268
262772,-0.48,-0.73,9.60,0.0173,0.0121,-0.0060,92442.22,767.28,-0.05,0.0220
262828,-0.50,-0.70,9.60,0.0173,0.0124,-0.0063,92442.22,767.28,-0.04,0.0222
262881,-0.51,-0.72,9.61,0.0179,0.0156,-0.0053,92442.22,767.28,-0.03,0.0243
262935,-0.53,-0.72,9.61,0.0184,0.0112,-0.0060,92442.22,767.28,-0.02,0.0223
262988,-0.52,-0.70,9.60,0.0159,0.0145,-0.0073,92442.22,767.28,-0.01,0.0227
263042,-0.52,-0.72,9.58,0.0179,0.0127,-0.0041,92442.22,767.28,-0.01,0.0223
263095,-0.50,-0.73,9.59,0.0181,0.0139,-0.0051,92442.22,767.28,-0.01,0.0234
263153,-0.53,-0.70,9.60,0.0156,0.0144,-0.0063,92442.22,767.28,-0.00,0.0221
263205,-0.46,-0.72,9.64,0.0149,0.0128,-0.0056,92442.22,767.28,-0.00,0.0204
263260,-0.51,-0.72,9.62,0.0164,0.0112,-0.0061,92442.22,767.28,-0.00,0.0208
263312,-0.51,-0.71,9.60,0.0147,0.0157,-0.0072,92442.22,767.28,-0.00,0.0227
263367,-0.49,-0.71,9.61,0.0152,0.0139,-0.0057,92442.22,767.28,-0.00,0.0213
263419,-0.53,-0.70,9.62,0.0189,0.0123,-0.0079,92442.22,767.28,-0.00,0.0239
263474,-0.53,-0.69,9.61,0.0168,0.0153,-0.0055,92442.22,767.28,-0.00,0.0234
263530,-0.50,-0.72,9.63,0.0183,0.0112,-0.0071,92442.22,767.28,-0.00,0.0225
263583,-0.49,-0.69,9.63,0.0161,0.0135,-0.0056,92442.22,767.28,-0.00,0.0217
263637,-0.53,-0.71,9.63,0.0148,0.0133,-0.0055,92442.22,767.28,-0.00,0.0206
263690,-0.52,-0.70,9.60,0.0167,0.0119,-0.0051,92442.22,767.28,-0.00,0.0211
263744,-0.50,-0.73,9.62,0.0164,0.0135,-0.0052,92442.22,767.28,-0.00,0.0218
263797,-0.53,-0.68,9.61,0.0153,0.0123,-0.0067,92442.39,767.26,-0.09,0.0207
263851,-0.51,-0.70,9.61,0.0153,0.0135,-0.0039,92442.39,767.26,-0.06,0.0208
263907,-0.53,-0.70,9.61,0.0139,0.0125,-0.0068,92442.39,767.26,-0.04,0.0199
263962,-0.49,-0.69,9.63,0.0168,0.0125,-0.0096,92442.39,767.26,-0.03,0.0230
264014,-0.52,-0.72,9.64,0.0191,0.0116,-0.0056,92442.39,767.26,-0.02,0.0230
264069,-0.53,-0.69,9.63,0.0168,0.0133,-0.0061,92442.39,767.26,-0.01,0.0223
264121,-0.52,-0.69,9.61,0.0175,0.0129,-0.0064,92442.39,767.26,-0.01,0.0226
264176,-0.50,-0.68,9.59,0.0159,0.0153,-0.0047,92442.39,767.26,-0.01,0.0225
264228,-0.50,-0.71,9.61,0.0151,0.0161,-0.0039,92442.39,767.26,-0.00,0.0224
264292,-0.56,-0.70,9.64,0.0177,0.0147,-0.0072,92442.39,767.26,-0.00,0.0241
264346,-0.52,-0.73,9.62,0.0160,0.0140,-0.0064,92442.05,767.30,0.17,0.0222
264400,-0.52,-0.70,9.61,0.0165,0.0131,-0.0051,92442.05,767.30,0.12,0.0217
264458,-0.51,-0.70,9.62,0.0143,0.0132,-0.0051,92442.05,767.30,0.08,0.0201
264512,-0.54,-0.70,9.61,0.0172,0.0140,-0.0040,92442.05,767.30,0.06,0.0225
264565,-0.50,-0.73,9.59,0.0184,0.0147,-0.0095,92442.05,767.30,0.04,0.0253
264623,-0.56,-0.71,9.63,0.0159,0.0112,-0.0051,92442.05,767.30,0.03,0.0201
264675,-0.49,-0.72,9.62,0.0167,0.0124,-0.0051,92442.05,767.30,0.02,0.0214
264730,-0.51,-0.70,9.62,0.0171,0.0151,-0.0053,92442.05,767.30,0.01,0.0234
264782,-0.48,-0.71,9.63,0.0149,0.0124,-0.0083,92442.05,767.30,0.01,0.0211
264837,-0.50,-0.71,9.62,0.0156,0.0135,-0.0075,92442.05,767.30,0.01,0.0219
264889,-0.51,-0.69,9.60,0.0141,0.0143,-0.0081,92442.38,767.27,-0.17,0.0216
264944,-0.52,-0.72,9.60,0.0173,0.0123,-0.0069,92442.38,767.27,-0.12,0.0223
265001,-0.51,-0.72,9.62,0.0156,0.0135,-0.0047,92442.38,767.27,-0.08,0.0211
265054,-0.49,-0.69,9.59,0.0184,0.0135,-0.0047,92442.38,767.27,-0.06,0.0233
265108,-0.52,-0.70,9.62,0.0171,0.0144,-0.0035,92442.38,767.27,-0.04,0.0226
265162,-0.52,-0.71,9.60,0.0164,0.0099,-0.0059,92442.38,767.27,-0.03,0.0200
265216,-0.52,-0.70,9.60,0.0152,0.0113,-0.0040,92442.38,767.27,-0.02,0.0194
265269,-0.50,-0.68,9.62,0.0187,0.0113,-0.0063,92442.38,767.27,-0.01,0.0227
265323,-0.51,-0.68,9.61,0.0149,0.0157,-0.0057,92442.38,767.27,-0.01,0.0224
265379,-0.47,-0.68,9.60,0.0123,0.0180,-0.0084,92442.38,767.27,-0.01,0.0233
265434,-0.53,-0.71,9.62,0.0168,0.0131,-0.0075,92441.87,767.31,0.25,0.0225
265486,-0.53,-0.72,9.61,0.0153,0.0109,-0.0069,92441.87,767.31,0.17,0.0201
265541,-0.51,-0.73,9.63,0.0161,0.0152,-0.0049,92441.87,767.31,0.12,0.0227
265593,-0.51,-0.70,9.59,0.0141,0.0157,-0.0035,92441.87,767.31,0.08,0.0214
265648,-0.53,-0.73,9.62,0.0183,0.0137,-0.0048,92441.87,767.31,0.06,0.0233
265700,-0.51,-0.71,9.63,0.0147,0.0145,-0.0077,92441.87,767.31,0.04,0.0220
265758,-0.52,-0.70,9.64,0.0173,0.0116,-0.0081,92441.87,767.31,0.03,0.0224
265812,-0.52,-0.75,9.64,0.0184,0.0120,-0.0088,92441.87,767.31,0.02,0.0236
265865,-0.53,-0.70,9.67,0.0181,0.0159,-0.0052,92441.87,767.31,0.01,0.0246
265919,-0.48,-0.72,9.60,0.0183,0.0125,-0.0067,92441.87,767.30,-0.06,0.0231
265972,-0.51,-0.72,9.60,0.0161,0.0135,-0.0065,92442.01,767.30,-0.04,0.0220
266026,-0.52,-0.70,9.58,0.0148,0.0156,-0.0053,92442.01,767.30,-0.03,0.0221
266082,-0.53,-0.68,9.57,0.0176,0.0137,-0.0061,92442.01,767.30,-0.02,0.0231
266137,-0.49,-0.74,9.58,0.0165,0.0135,-0.0047,92442.01,767.30,-0.01,0.0218
266189,-0.52,-0.69,9.59,0.0157,0.0129,-0.0061,92442.01,767.30,-0.01,0.0213
266244,-0.51,-0.69,9.62,0.0163,0.0136,-0.0069,92442.01,767.30,-0.01,0.0223
266296,-0.51,-0.69,9.63,0.0153,0.0141,-0.0069,92442.01,767.30,-0.00,0.0220
266351,-2.61,-1.40,9.47,-0.0189,0.0093,0.2294,92442.01,767.30,-0.00,0.2304
266403,1.68,0.04,9.61,0.0401,-0.0729,0.0714,92442.01,767.30,-0.00,0.1096
266466,0.50,0.26,9.81,0.0585,-0.0113,-0.0553,92441.81,767.32,0.08,0.0813
266520,-0.52,-0.64,9.58,0.0131,0.0765,-0.0345,92441.81,767.32,0.06,0.0849
266573,-0.70,-1.04,9.62,0.0341,-0.0024,-0.0342,92441.81,767.32,0.04,0.0484
266627,-0.50,-0.63,9.63,0.0172,-0.0493,-0.0177,92441.81,767.32,0.03,0.0551
266680,-0.55,-0.81,9.68,0.0171,-0.0681,-0.0226,92441.81,767.32,0.02,0.0737
266734,-0.34,-0.67,9.62,0.0116,-0.0758,0.0000,92441.81,767.32,0.01,0.0767
266787,-0.41,-0.63,9.45,0.0139,-0.1210,-0.0518,92441.81,767.32,0.01,0.1323
266845,-0.55,-0.66,9.56,0.0430,0.0453,-0.0572,92441.81,767.32,0.01,0.0847
266897,-0.43,-0.71,9.58,0.0045,0.0381,-0.0288,92441.81,767.32,0.00,0.0480
266952,-0.88,-0.93,10.01,0.0179,0.1537,-0.0818,92441.81,767.32,0.00,0.1751
267004,0.35,-1.69,6.39,0.0377,0.0827,-0.7677,92441.80,767.32,0.01,0.7730
267059,-2.56,1.69,-6.70,-0.8940,-0.1348,-1.6687,92441.80,767.32,0.01,1.8979
267111,2.48,-1.78,4.56,-0.0490,0.0256,-2.3481,92441.80,767.32,0.00,2.3487
267166,0.08,-2.36,18.13,0.8198,-0.4315,-1.4999,92441.80,767.32,0.00,1.7630
267233,1.83,3.89,-2.90,-0.5890,-0.2637,-1.5244,92441.80,767.32,0.00,1.6554
267285,-1.79,-2.03,15.39,-0.0346,0.0616,-0.2220,92441.80,767.32,0.00,0.2329
267341,-0.03,-0.35,9.68,0.0560,-0.0389,-0.0057,92441.80,767.32,0.00,0.0684
267393,-0.16,-0.39,9.62,0.0192,0.0159,-0.0039,92441.80,767.32,0.00,0.0252
267445,-0.15,-0.41,9.60,0.0113,0.0217,-0.0052,92441.80,767.32,0.00,0.0250
267500,-0.17,-0.38,9.84,0.0199,0.0047,-0.0103,92441.80,767.32,0.00,0.0228
267552,-2.48,-0.95,19.46,0.9346,-0.2289,-0.6415,92441.97,767.30,-0.08,1.1565
267610,0.06,-0.34,9.53,0.0384,-0.0177,0.0281,92441.97,767.30,-0.06,0.0508
267664,-0.04,-0.48,9.70,0.0147,0.0124,-0.0059,92441.97,767.30,-0.04,0.0201
267717,3.49,-0.65,9.60,-0.0340,0.1653,-0.3130,92441.97,767.30,-0.03,0.3556
267771,4.09,-4.38,11.61,0.1653,0.1761,-0.6047,92441.97,767.30,-0.02,0.6512
267825,13.24,19.46,16.83,0.3880,-0.8958,0.3210,92441.97,767.30,-0.01,1.0277
267879,0.21,0.61,8.93,0.2617,-0.2046,-0.5645,92441.97,767.30,-0.01,0.6550
267935,0.14,0.76,9.28,0.1284,-0.1446,-1.9541,92441.97,767.30,-0.01,1.9636
267990,0.93,1.09,13.72,1.0664,-3.1352,-2.1516,92441.97,767.30,-0.00,3.9492
268042,2.52,0.27,11.11,2.1049,-4.3657,-2.5354,92441.97,767.30,-0.00,5.4698
268097,0.61,-2.95,11.13,-1.8406,2.9860,0.8968,92441.80,767.32,0.08,3.6205
268149,0.89,0.06,13.21,1.6659,-1.5719,-1.7982,92441.80,767.32,0.06,2.9120
268204,4.27,2.83,10.84,1.7968,-1.8951,0.7504,92441.80,767.32,0.04,2.7171
268256,1.66,2.64,9.65,0.7249,-4.3625,0.5861,92441.80,767.32,0.03,4.4610
268314,5.25,0.52,7.89,-0.8603,-1.1796,0.7460,92441.80,767.32,0.02,1.6395
268368,6.79,1.91,8.63,-0.5982,-0.6406,0.9710,92441.80,767.32,0.01,1.3081
268421,6.47,3.43,5.69,0.0438,-4.3657,0.4580,92441.80,767.32,0.01,4.3899
268480,6.63,-2.01,3.87,-1.2381,1.2530,0.1096,92441.80,767.32,0.01,1.7650
268533,5.80,1.68,-1.22,0.0470,1.8295,-0.1968,92441.80,767.32,0.00,1.8407
268587,4.14,-0.66,4.41,-0.7433,-3.1975,0.3511,92441.80,767.38,0.34,3.3015
268640,7.01,0.74,3.03,-0.7817,-0.4351,-0.3844,92441.45,767.35,0.07,0.9737
268698,5.56,1.52,5.01,0.2261,-0.6892,0.7192,92441.45,767.35,0.05,1.0214
268750,10.00,0.57,2.08,-1.2458,-2.7932,-0.6279,92441.45,767.35,0.03,3.1222
268805,11.46,-0.91,0.69,-1.2649,-0.3969,-0.3456,92441.45,767.35,0.02,1.3700
268857,10.33,0.45,1.40,-0.2951,1.0329,0.3227,92441.45,767.35,0.02,1.1217
268912,9.90,0.62,1.61,0.8949,2.8906,0.4707,92441.45,767.35,0.01,3.0623
268964,6.23,-1.55,2.69,1.0267,2.4910,0.0349,92441.45,767.35,0.01,2.6945
269019,11.07,0.22,4.29,0.3977,3.6624,-0.4193,92441.45,767.35,0.01,3.7077
269076,5.32,0.75,8.28,0.9903,3.5613,-1.2429,92441.45,767.35,0.00,3.8998
269129,6.67,1.01,10.19,0.5311,2.1730,0.1308,92441.45,767.35,0.00,2.2408
269183,1.94,0.38,10.38,0.2322,2.2850,-1.4190,92441.45,767.35,0.00,2.6998
269236,2.36,1.80,10.61,0.0386,1.3359,-1.0969,92441.45,767.35,0.00,1.7290
269290,0.87,0.71,9.65,0.1848,0.7843,-1.0476,92441.45,767.35,0.00,1.3217
269343,3.86,2.41,9.93,0.2498,-0.1623,-0.4823,92441.45,767.35,0.00,0.5669
269397,-1.47,1.19,8.16,-0.0157,-0.2146,-0.4702,92441.45,767.35,0.00,0.5171
269453,1.22,0.72,8.34,-0.3090,0.6550,0.5167,92441.45,767.35,0.00,0.8896
269508,1.39,2.27,10.00,0.6021,-0.4439,-0.3309,92441.45,767.35,0.00,0.8180
269560,3.34,2.22,10.19,0.1104,0.4218,-0.4021,92441.45,767.35,0.00,0.5931
269615,2.13,2.96,9.61,0.3199,0.9958,-0.1069,92441.45,767.35,0.00,1.0513
269667,1.83,3.05,9.51,0.1059,0.2518,0.2807,92441.42,767.35,0.02,0.3917
269722,0.45,2.56,9.17,0.0695,0.5709,-0.1864,92441.42,767.35,0.01,0.6046
269774,0.83,2.23,9.20,-0.0264,0.1591,0.7178,92441.42,767.35,0.01,0.7357
269832,0.00,2.68,9.03,0.3247,-0.3840,-0.7845,92441.42,767.35,0.01,0.9318
269886,3.26,3.07,9.66,-0.0051,0.1430,-0.1174,92441.42,767.35,0.00,0.1850
269939,-1.31,2.23,9.03,0.0131,0.8100,-0.0376,92441.42,767.35,0.00,0.8110
269993,2.22,0.35,8.98,0.4638,0.2902,0.1852,92441.42,767.35,0.00,0.5776
270046,-0.45,2.75,9.42,0.0885,0.3726,0.1295,92441.42,767.35,0.00,0.4043
270100,0.66,0.05,8.36,-0.4940,0.3539,1.0260,92441.42,767.35,0.00,1.1925
270153,-1.31,2.26,8.93,0.2073,0.0580,0.5348,92441.42,767.35,0.00,0.5765
270222,0.91,1.89,9.74,0.1596,0.6775,0.6749,92441.42,767.35,0.00,0.9695
270276,-0.83,2.32,9.23,0.1119,-0.6368,1.1313,92441.42,767.35,0.00,1.3030
270330,2.22,4.68,10.12,0.4105,0.6444,-0.2514,92441.42,767.35,0.00,0.8044
270383,-0.07,1.37,8.74,0.2851,0.8632,-0.1214,92441.42,767.35,0.00,0.9171
270437,0.94,4.11,10.15,0.8544,0.7071,-0.8668,92441.42,767.35,0.00,1.4076
270495,0.63,3.70,9.92,-0.4017,0.5144,-0.1747,92441.42,767.35,0.00,0.6756
270549,0.13,5.47,9.86,0.1134,0.6587,-0.2013,92441.42,767.35,0.00,0.6980
270605,-0.76,3.05,8.55,-1.2113,0.4294,0.3006,92441.42,767.35,0.00,1.3199
270660,-1.30,1.76,8.90,-0.5124,0.0835,0.4005,92441.42,767.35,0.00,0.6557
270712,-0.17,3.65,9.58,-0.1684,-0.3645,0.4022,92441.42,767.35,0.00,0.5683
270767,-0.83,1.58,9.56,-0.7981,-1.0096,0.2045,92441.42,767.35,0.00,1.3031
270819,1.69,3.73,8.68,1.3891,-0.3339,1.0054,92441.42,767.35,0.00,1.7469
270874,0.15,2.29,9.70,1.0913,0.7408,-0.5313,92441.42,767.35,0.00,1.4220
270926,2.54,3.30,8.30,-0.2858,-0.9511,3.0507,92441.42,767.35,0.00,3.2083
270984,-0.46,1.06,10.38,-0.0540,-0.0798,1.2232,92441.42,767.35,0.00,1.2270
271038,-1.52,2.25,8.37,0.2814,0.0982,1.2742,92441.42,767.35,0.00,1.3086
271091,2.61,1.30,8.86,0.2122,1.3194,1.6242,92441.42,767.35,0.00,2.1033
271145,-2.01,-0.11,5.67,0.0843,0.2687,1.6040,92441.42,767.35,0.00,1.6285
271198,2.52,5.50,6.05,-2.3422,1.4250,1.1708,92441.42,767.35,0.00,2.9812
271252,-0.13,0.42,12.11,-2.9359,0.2064,1.1418,92441.42,767.35,0.00,3.1568
271305,0.94,2.03,11.12,0.3356,-0.2510,1.3238,92441.39,767.35,0.02,1.3885
271363,-1.58,0.80,8.45,-0.4413,0.1366,1.2052,92441.39,767.35,0.01,1.2907
271415,1.44,-1.11,8.40,1.2839,-0.7328,0.4521,92441.39,767.35,0.01,1.5459
271470,0.14,0.00,9.69,1.5039,2.6689,-0.8665,92441.39,767.35,0.01,3.1836
271522,-0.76,-0.55,8.95,0.4253,1.6602,0.7849,92441.39,767.35,0.00,1.8850
271577,1.43,5.30,11.75,0.0857,-0.7674,0.4699,92441.39,767.35,0.00,0.9039
271629,-2.14,2.03,9.34,0.9399,-1.0008,0.2241,92441.39,767.35,0.00,1.3912
271684,0.60,7.13,10.32,-0.1230,-0.3172,0.9168,92441.39,767.35,0.00,0.9779
271741,0.34,1.43,9.03,0.3573,0.4414,0.8729,92441.39,767.35,0.00,1.0414
271794,0.77,3.75,8.91,-0.3645,0.1360,0.6424,92441.22,767.37,0.09,0.7511
271848,-0.64,2.60,8.29,-0.1548,1.3304,0.2522,92441.22,767.37,0.06,1.3630
271901,0.05,1.11,9.46,0.0557,-0.3691,-0.9458,92441.22,767.37,0.04,1.0168
271955,-0.07,2.04,8.92,0.3994,1.5268,0.2317,92441.22,767.37,0.03,1.5951
272008,-0.81,4.95,10.54,0.2129,0.1033,0.3548,92441.22,767.37,0.02,0.4265
272062,-0.24,2.24,8.98,-0.3412,0.6199,-0.2097,92441.22,767.37,0.01,0.7380
272118,-1.62,3.04,8.74,-0.0806,0.3984,-0.4704,92441.22,767.37,0.01,0.6217
272173,-1.97,3.67,7.72,-1.0098,1.0222,0.3713,92441.22,767.37,0.01,1.4840
272225,-2.72,2.28,3.54,-2.1774,-0.9265,1.8130,92441.22,767.37,0.01,2.9810
272280,0.56,-2.01,16.38,-1.0100,0.0420,-0.5339,92441.22,767.37,0.00,1.1432
272332,-0.79,-0.81,9.24,-0.9494,0.6316,1.1740,92441.05,767.39,0.09,1.6367
272387,4.23,2.25,14.39,0.0144,0.1378,0.5333,92441.05,767.39,0.07,0.5510
272444,1.43,-0.30,6.28,-1.7174,0.1455,1.8433,92441.05,767.39,0.05,2.5235
272502,-2.42,-9.56,19.46,3.3388,-2.0422,0.2789,92441.05,767.39,0.03,3.9237
272556,0.79,-2.22,13.84,0.3126,-0.1684,0.2062,92441.05,767.39,0.02,0.4106
272609,0.30,-0.83,10.36,0.1673,-0.2467,-0.0040,92441.05,767.39,0.02,0.2982
272663,0.59,-1.23,12.16,0.1548,-0.1641,-0.1407,92441.05,767.39,0.01,0.2659
272716,0.39,-0.97,10.13,0.1751,-0.1283,-0.4334,92441.05,767.39,0.01,0.4847
272770,0.00,-0.14,9.06,0.3460,-0.1115,-0.5376,92441.05,767.39,0.01,0.6490
272826,-0.00,0.04,9.32,0.2934,-0.0089,-0.1958,92441.05,767.39,0.00,0.3529
272881,0.68,0.12,9.23,0.2759,-0.1150,-0.2477,92441.36,767.36,-0.15,0.3882
272933,1.01,0.54,9.19,0.3824,-0.0791,-0.1940,92441.36,767.36,-0.11,0.4360
272988,1.55,0.09,5.46,0.2962,2.2463,-0.4338,92441.36,767.36,-0.07,2.3069
273040,0.81,0.04,8.33,0.6039,0.0212,-0.3652,92441.36,767.36,-0.05,0.7061
273095,-0.80,0.36,8.76,0.4175,0.0492,-0.0352,92441.36,767.36,-0.04,0.4219
273147,0.30,0.52,9.90,0.3232,0.1803,-0.2483,92441.36,767.36,-0.03,0.4457
273217,1.60,1.33,10.32,1.0116,0.2189,-0.7432,92441.36,767.36,-0.02,1.2742
273269,-1.38,0.91,8.68,0.4442,-0.0063,0.1992,92441.36,767.36,-0.01,0.4868
273324,-0.28,0.10,8.92,0.2519,-0.3251,0.1311,92441.36,767.36,-0.01,0.4317
273376,0.62,1.12,9.99,0.0879,-0.0039,-0.1358,92441.36,767.36,-0.01,0.1618
273431,-0.33,1.24,9.17,0.0504,0.0020,-0.0076,92441.19,767.37,0.08,0.0510
273483,0.13,1.21,8.11,-0.5640,-0.1816,0.3075,92441.19,767.37,0.05,0.6675
273538,1.25,1.37,9.04,-0.5797,-0.2935,-0.7754,92441.19,767.37,0.04,1.0117
273595,0.46,0.81,10.28,-0.2144,-0.0634,0.1428,92441.19,767.37,0.03,0.2653
273648,1.33,0.52,9.99,-0.3385,-0.1945,-0.2513,92441.19,767.37,0.02,0.4643
273702,0.46,0.35,9.39,0.0564,-0.1311,-0.0441,92441.19,767.37,0.01,0.1494
273755,0.76,0.39,5.23,-0.6033,0.4210,-0.8648,92441.19,767.37,0.01,1.1354
273809,0.41,-0.00,9.55,-0.0092,0.0532,-0.6872,92441.19,767.37,0.01,0.6893
273862,-0.28,-0.26,9.63,0.0021,-0.0278,-0.2318,92441.19,767.37,0.00,0.2335
273916,-0.75,-0.15,9.75,0.0521,-0.0268,0.0326,92441.19,767.37,0.00,0.0671
273972,0.41,0.52,9.97,-0.0053,0.0735,-0.1720,92441.34,767.36,-0.07,0.1871
274027,0.29,-0.01,9.63,0.0136,0.0107,-0.0679,92441.34,767.36,-0.05,0.0701
274079,0.36,0.03,9.67,0.0140,0.0139,-0.0622,92441.34,767.36,-0.04,0.0653
274134,0.31,-0.00,9.66,0.0141,0.0076,-0.0612,92441.34,767.36,-0.03,0.0632
274186,0.30,0.03,9.63,0.0137,0.0133,-0.0402,92441.34,767.36,-0.02,0.0446
274241,0.33,-0.03,9.66,0.0181,0.0145,-0.0245,92441.34,767.36,-0.01,0.0338
274293,0.24,-0.10,9.72,0.0177,0.0055,-0.0230,92441.34,767.36,-0.01,0.0296
274351,0.27,0.08,9.63,0.0172,0.0067,-0.0337,92441.34,767.36,-0.01,0.0384
274405,0.27,-0.00,9.68,0.0384,-0.0159,-0.0356,92441.34,767.36,-0.00,0.0547
274458,0.23,-0.02,9.67,0.0381,-0.0213,-0.0088,92441.34,767.39,0.17,0.0445
274517,0.29,0.00,9.68,0.0204,0.0025,-0.0205,92441.66,767.33,-0.18,0.0290
274570,0.32,0.03,9.64,0.0177,0.0113,-0.0304,92441.66,767.33,-0.13,0.0369
274624,0.33,0.01,9.70,0.0175,0.0097,-0.0229,92441.66,767.33,-0.09,0.0304
274680,0.22,0.01,9.67,0.0200,0.0096,-0.0132,92441.66,767.33,-0.06,0.0258
274735,0.27,-0.02,9.67,0.0326,-0.0105,-0.0152,92441.66,767.33,-0.04,0.0375
274787,0.33,0.01,9.68,0.0264,0.0063,-0.0332,92441.66,767.33,-0.03,0.0428
274842,0.27,-0.03,9.65,0.0281,-0.0064,-0.0115,92441.66,767.33,-0.02,0.0310
274894,0.31,0.04,9.67,0.0028,0.0296,-0.0229,92441.66,767.33,-0.02,0.0375
274949,0.32,0.02,9.66,0.0152,0.0129,-0.0105,92441.66,767.33,-0.01,0.0225
275001,0.29,-0.02,9.69,0.0147,0.0173,-0.0047,92441.49,767.35,0.08,0.0232
275059,0.31,0.02,9.64,0.0248,0.0023,-0.0195,92441.49,767.35,0.06,0.0316
275113,0.28,-0.00,9.65,0.0147,0.0132,-0.0196,92441.49,767.35,0.04,0.0278
275167,0.31,0.00,9.64,0.0153,0.0156,-0.0095,92441.49,767.35,0.03,0.0238
275221,0.28,-0.00,9.62,0.0087,0.0302,-0.0221,92441.49,767.35,0.02,0.0385
275275,0.30,0.01,9.67,0.0188,0.0137,-0.0116,92441.49,767.35,0.01,0.0260
275329,0.32,0.03,9.66,0.0147,0.0248,-0.0296,92441.49,767.35,0.01,0.0413
275382,0.28,-0.03,9.65,0.0258,0.0019,-0.0069,92441.49,767.35,0.01,0.0268
275440,0.28,0.00,9.66,0.0160,0.0111,-0.0115,92441.49,767.35,0.00,0.0226
275492,0.29,-0.00,9.66,0.0131,0.0191,-0.0289,92441.49,767.35,0.00,0.0370
275547,0.32,-0.01,9.65,0.0124,0.0218,-0.0089,92441.45,767.35,0.02,0.0267
275599,0.33,-0.03,9.64,0.0135,0.0205,-0.0071,92441.45,767.35,0.01,0.0255
275654,0.34,-0.00,9.66,0.0180,0.0145,-0.0065,92441.45,767.35,0.01,0.0240
275706,0.33,0.01,9.65,0.0211,0.0012,-0.0104,92441.45,767.35,0.01,0.0235
275761,0.30,0.01,9.65,0.0177,0.0060,-0.0168,92441.45,767.35,0.00,0.0251
275818,0.31,-0.00,9.66,0.0107,0.0157,-0.0169,92441.45,767.35,0.00,0.0254
275871,0.30,-0.01,9.65,0.0108,0.0177,-0.0173,92441.45,767.35,0.00,0.0270
275925,0.30,0.00,9.66,0.0119,0.0160,-0.0083,92441.45,767.35,0.00,0.0216
275978,0.30,0.03,9.65,0.0175,0.0104,-0.0085,92441.45,767.35,0.00,0.0220
276032,0.31,0.03,9.67,0.0177,0.0105,-0.0149,92441.45,767.35,0.00,0.0254
276085,0.29,0.02,9.67,0.0208,0.0045,-0.0148,92441.45,767.35,0.00,0.0259
276139,0.31,-0.01,9.65,0.0109,0.0199,-0.0197,92441.45,767.35,0.00,0.0300
276208,0.32,0.04,9.62,0.0185,0.0111,-0.0068,92441.45,767.35,0.00,0.0226
276263,0.30,0.01,9.67,0.0136,0.0148,-0.0104,92441.45,767.35,0.00,0.0226
276317,0.31,0.05,9.65,0.0103,0.0217,-0.0116,92441.45,767.35,0.00,0.0267
276372,0.29,0.01,9.64,0.0144,0.0139,-0.0097,92441.45,767.35,0.00,0.0222
276426,0.30,0.02,9.63,0.0143,0.0153,-0.0135,92441.45,767.35,0.00,0.0249
276481,0.28,0.03,9.63,0.0193,0.0076,-0.0132,92441.45,767.35,0.00,0.0246
276540,0.31,0.02,9.66,0.0200,0.0063,-0.0127,92441.45,767.35,0.00,0.0245
276599,0.26,-0.04,9.66,0.0171,0.0076,-0.0115,92441.42,767.35,0.01,0.0219
276651,0.29,-0.01,9.63,0.0151,0.0153,-0.0119,92441.42,767.35,0.01,0.0245
276706,0.29,0.00,9.63,0.0128,0.0217,-0.0100,92441.42,767.35,0.01,0.0271
276758,0.28,-0.01,9.66,0.0143,0.0145,-0.0095,92441.42,767.35,0.00,0.0224
276813,0.33,-0.03,9.65,0.0175,0.0079,-0.0081,92441.42,767.35,0.00,0.0208
276865,0.28,-0.00,9.65,0.0222,0.0057,-0.0071,92441.42,767.35,0.00,0.0240
276920,0.28,0.04,9.66,0.0189,0.0092,-0.0149,92441.42,767.35,0.00,0.0258
276976,0.29,-0.01,9.66,0.0156,0.0168,-0.0068,92441.42,767.35,0.00,0.0239
277029,0.31,0.01,9.66,0.0145,0.0149,-0.0061,92441.42,767.35,0.00,0.0217
277083,0.31,-0.01,9.64,0.0180,0.0124,-0.0079,92441.42,767.35,0.00,0.0232
277136,0.32,-0.02,9.64,0.0177,0.0131,-0.0093,92441.42,767.35,0.00,0.0239
277190,0.32,-0.01,9.67,0.0187,0.0128,-0.0081,92441.42,767.35,0.00,0.0240
277243,0.30,0.00,9.65,0.0168,0.0127,-0.0064,92441.42,767.35,0.00,0.0220
277297,0.33,-0.00,9.66,0.0149,0.0111,-0.0064,92441.42,767.35,0.00,0.0196
277353,0.29,0.02,9.64,0.0153,0.0141,-0.0084,92441.42,767.35,0.00,0.0225
277408,0.31,0.01,9.63,0.0171,0.0101,-0.0064,92441.42,767.35,0.00,0.0208
277460,0.34,-0.02,9.64,0.0144,0.0113,-0.0065,92441.42,767.35,0.00,0.0194
277515,0.30,-0.00,9.66,0.0168,0.0171,-0.0092,92441.42,767.35,0.00,0.0256
277567,0.31,0.02,9.67,0.0175,0.0140,-0.0088,92441.42,767.35,0.00,0.0240
277622,0.29,0.04,9.66,0.0168,0.0115,-0.0095,92441.42,767.35,0.00,0.0224
277674,0.30,-0.01,9.62,0.0164,0.0132,-0.0091,92441.41,767.35,0.01,0.0229
277732,0.29,0.03,9.65,0.0171,0.0107,-0.0109,92441.41,767.35,0.00,0.0229
277786,0.32,-0.00,9.63,0.0131,0.0163,-0.0084,92441.41,767.35,0.00,0.0225
277839,0.32,0.01,9.62,0.0135,0.0160,-0.0107,92441.41,767.35,0.00,0.0235
277893,0.28,0.01,9.64,0.0163,0.0139,-0.0131,92441.41,767.35,0.00,0.0250
277946,0.29,-0.00,9.65,0.0155,0.0131,-0.0103,92441.41,767.35,0.00,0.0227
278000,0.29,0.01,9.70,0.0161,0.0147,-0.0127,92441.41,767.35,0.00,0.0252
278053,0.28,-0.01,9.65,0.0137,0.0176,-0.0037,92441.41,767.35,0.00,0.0226
278111,0.27,-0.02,9.67,0.0165,0.0112,-0.0100,92441.41,767.35,0.00,0.0223
278163,0.29,-0.02,9.64,0.0144,0.0156,-0.0088,92441.41,767.35,0.00,0.0230
278218,0.30,-0.01,9.64,0.0156,0.0136,-0.0105,92441.55,767.34,-0.07,0.0232
278270,0.28,-0.01,9.64,0.0144,0.0173,-0.0089,92441.55,767.34,-0.05,0.0242
278325,0.32,0.02,9.66,0.0165,0.0132,-0.0097,92441.55,767.34,-0.03,0.0233
278377,0.30,0.01,9.68,0.0161,0.0143,-0.0079,92441.55,767.34,-0.02,0.0229
278432,0.29,-0.00,9.67,0.0193,0.0148,-0.0069,92441.55,767.34,-0.02,0.0253
278488,0.29,0.02,9.66,0.0160,0.0144,-0.0080,92441.55,767.34,-0.01,0.0229
278546,0.32,0.02,9.67,0.0160,0.0143,-0.0100,92441.55,767.34,-0.01,0.0236
278600,0.30,0.01,9.68,0.0148,0.0132,-0.0072,92441.55,767.34,-0.01,0.0211
278653,0.32,0.03,9.68,0.0168,0.0135,-0.0092,92441.55,767.34,-0.00,0.0234
278707,0.29,0.03,9.67,0.0152,0.0148,-0.0097,92441.55,767.34,-0.00,0.0233
278760,0.31,0.02,9.66,0.0129,0.0133,-0.0092,92441.20,767.37,0.17,0.0207
278814,0.30,0.00,9.65,0.0159,0.0127,-0.0076,92441.20,767.37,0.12,0.0217
278870,0.32,-0.02,9.66,0.0148,0.0141,-0.0088,92441.20,767.37,0.08,0.0223
278925,0.30,-0.02,9.68,0.0185,0.0137,-0.0081,92441.20,767.37,0.06,0.0244
278977,0.30,0.04,9.65,0.0157,0.0131,-0.0101,92441.20,767.37,0.04,0.0228
279032,0.32,0.03,9.64,0.0175,0.0124,-0.0080,92441.20,767.37,0.03,0.0228
279084,0.32,0.02,9.65,0.0157,0.0152,-0.0059,92441.20,767.37,0.02,0.0226
279139,0.30,0.02,9.65,0.0180,0.0113,-0.0085,92441.20,767.37,0.01,0.0229
279191,0.31,0.01,9.65,0.0156,0.0141,-0.0117,92441.20,767.37,0.01,0.0241
279261,0.31,0.04,9.64,0.0153,0.0097,-0.0103,92441.20,767.36,-0.05,0.0208
279313,0.30,0.03,9.64,0.0160,0.0108,-0.0096,92441.34,767.36,-0.03,0.0215
279368,0.30,0.02,9.63,0.0177,0.0136,-0.0096,92441.34,767.36,-0.02,0.0243
279420,0.30,-0.02,9.65,0.0153,0.0125,-0.0112,92441.34,767.36,-0.02,0.0227
279475,0.31,0.02,9.65,0.0168,0.0133,-0.0117,92441.34,767.36,-0.01,0.0244
279527,0.30,0.04,9.65,0.0156,0.0125,-0.0069,92441.34,767.36,-0.01,0.0212
279582,0.33,0.00,9.63,0.0165,0.0129,-0.0063,92441.34,767.36,-0.01,0.0219
279638,0.30,0.02,9.67,0.0185,0.0128,-0.0061,92441.34,767.36,-0.00,0.0233
279691,0.32,-0.01,9.66,0.0160,0.0159,-0.0087,92441.34,767.36,-0.00,0.0241
279745,0.30,0.01,9.66,0.0157,0.0156,-0.0100,92441.34,767.36,-0.00,0.0243
279798,0.33,0.03,9.64,0.0153,0.0152,-0.0081,92441.31,767.36,0.01,0.0231
279851,0.31,0.01,9.64,0.0152,0.0103,-0.0076,92441.31,767.36,0.01,0.0198
279904,0.29,0.03,9.65,0.0175,0.0124,-0.0048,92441.31,767.36,0.01,0.0219
279956,0.31,0.02,9.67,0.0173,0.0144,-0.0044,92441.31,767.36,0.00,0.0229
280030,0.31,-0.02,9.65,0.0159,0.0144,-0.0081,92441.31,767.36,0.00,0.0229
280098,0.30,0.03,9.64,0.0145,0.0132,-0.0076,92441.31,767.36,0.00,0.0210
280165,0.29,0.02,9.65,0.0151,0.0140,-0.0093,92441.31,767.36,0.00,0.0226
280236,0.29,0.02,9.64,0.0157,0.0125,-0.0068,92441.31,767.36,0.00,0.0212
280303,0.31,0.02,9.61,0.0143,0.0135,-0.0085,92441.31,767.36,0.00,0.0214
280374,0.32,0.00,9.63,0.0173,0.0116,-0.0068,92441.31,767.36,0.00,0.0219
280466,0.34,0.02,9.66,0.0160,0.0137,-0.0117,92441.31,767.36,0.00,0.0241
280524,0.30,0.04,9.64,0.0151,0.0132,-0.0047,92441.31,767.36,0.00,0.0206
280583,0.31,0.03,9.64,0.0159,0.0163,-0.0101,92441.31,767.36,0.00,0.0249
280636,0.32,0.01,9.64,0.0164,0.0117,-0.0079,92441.31,767.36,0.00,0.0216
280690,0.31,0.01,9.66,0.0153,0.0136,-0.0052,92441.31,767.36,0.00,0.0211
280743,0.30,-0.02,9.67,0.0156,0.0123,-0.0039,92441.31,767.36,0.00,0.0202
280797,0.32,0.00,9.63,0.0171,0.0131,-0.0075,92441.31,767.36,0.00,0.0227
280850,0.28,-0.01,9.65,0.0173,0.0124,-0.0053,92441.31,767.36,0.00,0.0220
280908,0.33,0.00,9.64,0.0151,0.0135,-0.0072,92441.65,767.33,-0.16,0.0214
280960,0.29,0.02,9.62,0.0144,0.0136,-0.0072,92441.65,767.33,-0.11,0.0211
281015,0.30,0.00,9.63,0.0148,0.0111,-0.0065,92441.65,767.33,-0.08,0.0196
281067,0.31,0.04,9.64,0.0200,0.0111,-0.0065,92441.65,767.33,-0.05,0.0238
281122,0.35,0.04,9.65,0.0157,0.0124,-0.0060,92441.65,767.33,-0.04,0.0209
281174,0.29,0.01,9.65,0.0179,0.0120,-0.0049,92441.65,767.33,-0.03,0.0221
281229,0.32,0.00,9.63,0.0153,0.0129,-0.0077,92441.65,767.33,-0.02,0.0215
281286,0.30,0.00,9.65,0.0152,0.0161,-0.0081,92441.65,767.33,-0.01,0.0236
281339,0.32,0.00,9.64,0.0160,0.0136,-0.0059,92441.65,767.33,-0.01,0.0218
281393,0.31,0.03,9.63,0.0188,0.0128,-0.0076,92441.65,767.33,-0.01,0.0240
281446,0.31,0.01,9.65,0.0155,0.0141,-0.0061,92441.79,767.32,-0.07,0.0218
281500,0.34,0.01,9.64,0.0157,0.0112,-0.0060,92441.79,767.32,-0.05,0.0202
281553,0.31,0.04,9.66,0.0181,0.0128,-0.0100,92441.79,767.32,-0.04,0.0243
281607,0.31,-0.01,9.63,0.0161,0.0148,-0.0052,92441.79,767.32,-0.03,0.0225
281663,0.30,0.03,9.62,0.0160,0.0140,-0.0063,92441.79,767.32,-0.02,0.0221
281718,0.31,0.00,9.63,0.0177,0.0131,-0.0048,92441.79,767.32,-0.01,0.0225
281770,0.31,0.03,9.65,0.0193,0.0109,-0.0064,92441.79,767.32,-0.01,0.0231
281825,0.30,0.01,9.64,0.0179,0.0139,-0.0087,92441.79,767.32,-0.01,0.0242
281877,0.32,0.02,9.70,0.0175,0.0119,-0.0063,92441.79,767.32,-0.00,0.0220
281932,0.29,0.02,9.65,0.0159,0.0116,-0.0041,92441.93,767.31,-0.07,0.0201
281989,0.31,0.02,9.63,0.0157,0.0104,-0.0091,92441.93,767.31,-0.05,0.0209
282042,0.30,-0.00,9.68,0.0157,0.0145,-0.0040,92441.93,767.31,-0.03,0.0218
282096,0.31,0.00,9.66,0.0179,0.0112,-0.0051,92441.93,767.31,-0.02,0.0217
282149,0.29,0.01,9.64,0.0167,0.0140,-0.0081,92441.93,767.31,-0.02,0.0232
282203,0.30,0.01,9.67,0.0181,0.0136,-0.0049,92441.93,767.31,-0.01,0.0232
282256,0.32,0.02,9.66,0.0177,0.0119,-0.0067,92441.93,767.31,-0.01,0.0223
282310,0.30,0.02,9.65,0.0140,0.0111,-0.0067,92441.93,767.31,-0.01,0.0190
282378,0.31,0.03,9.63,0.0163,0.0147,-0.0072,92441.93,767.31,-0.00,0.0230
282432,0.31,-0.01,9.63,0.0159,0.0141,-0.0073,92441.93,767.31,-0.00,0.0225
282485,0.30,0.03,9.65,0.0156,0.0135,-0.0051,92442.09,767.29,-0.08,0.0212
282539,0.32,0.00,9.65,0.0161,0.0125,-0.0075,92442.09,767.29,-0.06,0.0217
282597,0.30,0.02,9.65,0.0155,0.0136,-0.0073,92442.09,767.29,-0.04,0.0218
282651,0.33,0.00,9.67,0.0160,0.0125,-0.0065,92442.09,767.29,-0.03,0.0213
282704,0.34,0.01,9.64,0.0168,0.0116,-0.0057,92442.09,767.29,-0.02,0.0212
282762,0.25,-0.01,9.64,0.0147,0.0123,-0.0056,92442.09,767.29,-0.01,0.0199
282814,0.32,0.00,9.65,0.0164,0.0123,-0.0063,92442.09,767.29,-0.01,0.0214
282869,0.27,0.00,9.65,0.0160,0.0135,-0.0068,92442.09,767.29,-0.01,0.0220
282921,0.28,-0.01,9.67,0.0155,0.0153,-0.0139,92442.09,767.29,-0.00,0.0258
282976,0.31,0.03,9.68,0.0173,0.0124,-0.0057,92442.09,767.29,-0.00,0.0221
283028,0.34,0.02,9.64,0.0196,0.0127,-0.0092,92441.90,767.31,0.10,0.0251
283083,0.30,0.01,9.66,0.0147,0.0151,-0.0073,92441.90,767.31,0.07,0.0223
283140,0.30,-0.02,9.62,0.0157,0.0156,-0.0081,92441.90,767.31,0.05,0.0236
283193,0.29,-0.00,9.66,0.0180,0.0157,-0.0052,92441.90,767.31,0.03,0.0244
283247,0.34,0.05,9.66,0.0173,0.0131,-0.0045,92441.90,767.31,0.02,0.0222
283300,0.29,-0.00,9.62,0.0156,0.0141,-0.0048,92441.90,767.31,0.02,0.0216
283354,0.32,0.02,9.65,0.0139,0.0156,-0.0064,92441.90,767.31,0.01,0.0218
283407,0.31,0.01,9.64,0.0173,0.0127,-0.0064,92441.90,767.31,0.01,0.0224
283461,0.33,0.01,9.64,0.0164,0.0156,-0.0055,92441.90,767.31,0.01,0.0233
283517,0.27,0.05,9.64,0.0177,0.0131,-0.0069,92441.90,767.31,0.00,0.0231
283572,0.31,0.00,9.62,0.0145,0.0163,-0.0052,92442.23,767.28,-0.16,0.0224
283624,0.28,-0.03,9.66,0.0135,0.0137,-0.0068,92442.23,767.28,-0.11,0.0204
283679,0.32,0.01,9.66,0.0139,0.0161,-0.0051,92442.23,767.28,-0.08,0.0219
283731,0.30,0.02,9.64,0.0183,0.0152,-0.0075,92442.23,767.28,-0.06,0.0249
283786,0.31,-0.01,9.64,0.0184,0.0140,-0.0095,92442.23,767.28,-0.04,0.0250
283838,0.29,0.03,9.63,0.0183,0.0129,-0.0087,92442.23,767.28,-0.03,0.0240
283896,0.30,0.00,9.66,0.0137,0.0119,-0.0051,92442.23,767.28,-0.02,0.0188
283950,0.27,0.01,9.64,0.0183,0.0133,-0.0076,92442.23,767.28,-0.01,0.0238
284003,0.31,0.00,9.64,0.0152,0.0157,-0.0068,92442.23,767.28,-0.01,0.0229
284057,0.34,-0.01,9.67,0.0188,0.0135,-0.0073,92442.23,767.28,-0.01,0.0242
284110,0.34,0.01,9.63,0.0157,0.0128,-0.0088,92442.23,767.28,0.00,0.0221
284164,0.29,0.01,9.65,0.0148,0.0135,-0.0071,92442.23,767.28,0.00,0.0212
284217,0.30,0.02,9.67,0.0151,0.0133,-0.0065,92442.23,767.28,0.00,0.0211
284275,0.32,0.03,9.64,0.0155,0.0119,-0.0051,92442.23,767.28,0.00,0.0201
284327,0.34,0.00,9.65,0.0175,0.0153,-0.0069,92442.23,767.28,0.00,0.0242
284382,0.32,0.01,9.65,0.0161,0.0155,-0.0060,92442.23,767.28,0.00,0.0231
284434,0.31,0.02,9.67,0.0176,0.0139,-0.0067,92442.23,767.28,0.00,0.0234
284489,0.33,0.02,9.67,0.0168,0.0129,-0.0085,92442.23,767.28,0.00,0.0228
284541,0.29,0.01,9.66,0.0179,0.0129,-0.0073,92442.23,767.28,0.00,0.0232
284601,0.32,-0.02,9.65,0.0168,0.0113,-0.0053,92442.20,767.28,0.02,0.0209
284658,0.30,0.01,9.66,0.0171,0.0111,-0.0039,92442.20,767.28,0.01,0.0207
284711,0.31,-0.00,9.63,0.0180,0.0119,-0.0073,92442.20,767.28,0.01,0.0228
284765,0.33,0.00,9.66,0.0164,0.0140,-0.0052,92442.20,767.28,0.01,0.0222
284818,0.31,0.02,9.67,0.0181,0.0085,-0.0064,92442.20,767.28,0.00,0.0210
284872,0.34,0.03,9.65,0.0183,0.0136,-0.0084,92442.20,767.28,0.00,0.0243
284925,0.31,0.01,9.65,0.0157,0.0132,-0.0065,92442.20,767.28,0.00,0.0215
284979,0.30,0.00,9.63,0.0147,0.0133,-0.0067,92442.20,767.28,0.00,0.0209
285035,0.32,0.00,9.65,0.0136,0.0132,-0.0095,92442.20,767.28,0.00,0.0212
285090,0.34,0.02,9.66,0.0179,0.0128,-0.0079,92442.20,767.28,0.00,0.0233
285142,0.31,0.00,9.65,0.0177,0.0155,-0.0077,92442.67,767.24,-0.25,0.0247
285197,0.33,0.03,9.63,0.0168,0.0129,-0.0052,92442.67,767.24,-0.17,0.0218
285249,0.31,0.01,9.64,0.0172,0.0139,-0.0061,92442.67,767.24,-0.12,0.0229
285304,0.27,0.03,9.61,0.0165,0.0132,-0.0083,92442.67,767.24,-0.08,0.0227
285356,0.27,0.00,9.62,0.0147,0.0151,-0.0055,92442.67,767.24,-0.06,0.0217
285426,0.28,0.01,9.65,0.0168,0.0147,-0.0064,92442.67,767.24,-0.04,0.0232
285478,0.31,0.02,9.64,0.0157,0.0139,-0.0049,92442.67,767.24,-0.03,0.0215
285533,0.31,-0.01,9.65,0.0168,0.0123,-0.0048,92442.67,767.24,-0.02,0.0213
285585,0.31,-0.01,9.63,0.0175,0.0109,-0.0081,92442.67,767.24,-0.01,0.0221
285640,0.37,0.03,9.67,0.0180,0.0123,-0.0075,92442.67,767.24,-0.01,0.0230
285692,0.31,0.01,9.64,0.0148,0.0159,-0.0075,92442.81,767.23,-0.08,0.0229
285747,0.32,0.00,9.64,0.0193,0.0131,-0.0081,92442.81,767.23,-0.06,0.0247
285804,0.32,0.03,9.67,0.0157,0.0128,-0.0076,92442.81,767.23,-0.04,0.0216
285857,0.30,-0.03,9.67,0.0152,0.0151,-0.0073,92442.81,767.23,-0.03,0.0226
285911,0.34,0.01,9.67,0.0188,0.0145,-0.0069,92442.81,767.23,-0.02,0.0247
285964,0.29,0.02,9.64,0.0153,0.0145,-0.0068,92442.81,767.23,-0.01,0.0222
286018,0.30,0.02,9.62,0.0173,0.0131,-0.0064,92442.81,767.23,-0.01,0.0226
286071,0.32,0.01,9.64,0.0167,0.0127,-0.0069,92442.81,767.23,-0.01,0.0220
286125,0.33,0.01,9.65,0.0168,0.0167,-0.0091,92442.81,767.23,-0.00,0.0253
286181,0.32,-0.01,9.61,0.0157,0.0116,-0.0053,92442.81,767.23,-0.00,0.0202
286236,0.31,0.02,9.62,0.0180,0.0152,-0.0049,92442.98,767.21,-0.09,0.0241
286288,0.33,0.01,9.64,0.0167,0.0152,-0.0056,92442.98,767.21,-0.06,0.0232
286343,0.34,0.00,9.64,0.0163,0.0145,-0.0088,92442.98,767.21,-0.04,0.0235
286395,0.30,0.04,9.62,0.0164,0.0136,-0.0087,92442.98,767.21,-0.03,0.0230
286450,0.29,0.01,9.60,0.0165,0.0125,-0.0053,92442.98,767.21,-0.02,0.0214
286502,0.29,0.01,9.64,0.0172,0.0123,-0.0072,92442.98,767.21,-0.01,0.0223
286560,0.32,-0.01,9.64,0.0163,0.0140,-0.0049,92442.98,767.21,-0.01,0.0220
286619,0.32,0.01,9.63,0.0167,0.0141,-0.0071,92442.98,767.21,-0.01,0.0229
286672,0.33,0.03,9.64,0.0164,0.0180,-0.0088,92442.98,767.21,-0.01,0.0259
286726,0.31,-0.01,9.66,0.0143,0.0129,-0.0088,92442.98,767.21,-0.00,0.0212
286779,0.33,-0.01,9.65,0.0171,0.0117,-0.0081,92442.98,767.21,-0.00,0.0222
286833,0.31,0.00,9.66,0.0157,0.0125,-0.0065,92442.98,767.21,-0.00,0.0211
286886,0.29,-0.00,9.63,0.0144,0.0132,-0.0083,92442.98,767.21,-0.00,0.0212
286944,0.32,0.02,9.62,0.0153,0.0131,-0.0064,92442.98,767.21,-0.00,0.0211
286996,0.29,-0.01,9.65,0.0163,0.0131,-0.0064,92442.98,767.21,-0.00,0.0218
287051,0.30,0.00,9.64,0.0185,0.0112,-0.0056,92442.98,767.21,-0.00,0.0223
287103,0.32,0.01,9.61,0.0157,0.0135,-0.0071,92442.98,767.21,-0.00,0.0219
287158,0.30,-0.00,9.66,0.0153,0.0125,-0.0052,92442.98,767.21,-0.00,0.0205
287210,0.29,0.00,9.65,0.0155,0.0109,-0.0073,92442.98,767.21,-0.00,0.0203
287268,0.32,0.01,9.65,0.0168,0.0123,-0.0069,92443.15,767.20,-0.07,0.0219
287322,0.32,0.00,9.67,0.0155,0.0139,-0.0076,92443.15,767.20,-0.05,0.0221
287375,0.32,0.03,9.67,0.0163,0.0132,-0.0055,92443.15,767.20,-0.04,0.0216
287429,0.30,0.02,9.66,0.0168,0.0131,-0.0048,92443.15,767.20,-0.03,0.0218
287482,0.29,-0.02,9.64,0.0179,0.0156,-0.0104,92443.15,767.20,-0.02,0.0259
287536,0.31,0.01,9.64,0.0179,0.0115,-0.0053,92443.15,767.20,-0.01,0.0219
287589,0.30,0.05,9.67,0.0155,0.0149,-0.0083,92443.15,767.20,-0.01,0.0230
287647,0.30,0.00,9.61,0.0156,0.0144,-0.0041,92443.15,767.20,-0.01,0.0216
287699,0.33,0.01,9.60,0.0151,0.0115,-0.0045,92443.15,767.20,-0.00,0.0195
287754,0.30,0.04,9.64,0.0168,0.0128,-0.0067,92443.15,767.20,-0.00,0.0221
287806,0.30,0.01,9.63,0.0153,0.0147,-0.0035,92443.09,767.20,0.03,0.0215
287861,0.33,0.00,9.66,0.0176,0.0123,-0.0059,92443.09,767.20,0.02,0.0222
287913,0.29,0.01,9.63,0.0180,0.0132,-0.0040,92443.09,767.20,0.01,0.0227
287968,0.31,0.03,9.64,0.0163,0.0137,-0.0027,92443.09,767.20,0.01,0.0214
288025,0.30,-0.01,9.64,0.0175,0.0131,-0.0067,92443.09,767.20,0.01,0.0228
288078,0.29,0.02,9.67,0.0129,0.0140,-0.0045,92443.09,767.20,0.00,0.0196
288132,0.31,0.02,9.66,0.0135,0.0107,-0.0073,92443.09,767.20,0.00,0.0187
288185,0.29,0.03,9.66,0.0155,0.0143,-0.0061,92443.09,767.20,0.00,0.0219
288239,0.32,-0.00,9.63,0.0148,0.0129,-0.0069,92443.09,767.20,0.00,0.0208
288292,0.33,0.00,9.64,0.0141,0.0156,-0.0067,92443.09,767.20,0.00,0.0221
288346,0.31,-0.00,9.67,0.0165,0.0135,-0.0064,92443.09,767.20,0.00,0.0222
288414,0.29,0.00,9.62,0.0192,0.0143,-0.0052,92443.09,767.20,0.00,0.0245
288468,0.31,-0.01,9.61,0.0160,0.0133,-0.0061,92443.09,767.20,0.00,0.0217
288522,0.31,0.03,9.60,0.0145,0.0123,-0.0043,92443.09,767.20,0.00,0.0195
288576,0.28,0.00,9.59,0.0172,0.0145,-0.0071,92443.09,767.20,0.00,0.0236
288634,0.34,-0.01,9.67,0.0163,0.0147,-0.0077,92443.09,767.20,0.00,0.0232
288688,0.31,-0.01,9.64,0.0141,0.0132,-0.0072,92443.09,767.20,0.00,0.0206
288742,0.30,0.00,9.67,0.0157,0.0131,-0.0061,92443.09,767.20,0.00,0.0213
288800,0.31,0.01,9.63,0.0160,0.0133,-0.0052,92443.09,767.20,0.00,0.0215
288852,0.31,0.02,9.66,0.0163,0.0139,-0.0055,92443.09,767.20,0.00,0.0220
288907,0.31,-0.00,9.67,0.0163,0.0137,-0.0061,92443.08,767.20,0.00,0.0221
288959,0.37,0.04,9.64,0.0168,0.0104,-0.0081,92443.08,767.20,0.00,0.0214
289014,0.31,-0.01,9.66,0.0152,0.0127,-0.0064,92443.08,767.20,0.00,0.0208
289066,0.27,0.00,9.64,0.0132,0.0139,-0.0060,92443.08,767.20,0.00,0.0200
289121,0.31,0.00,9.60,0.0168,0.0160,-0.0097,92443.08,767.20,0.00,0.0251
289178,0.34,0.02,9.62,0.0141,0.0125,-0.0043,92443.08,767.20,0.00,0.0194
289232,0.32,0.02,9.65,0.0143,0.0144,-0.0053,92443.08,767.20,0.00,0.0209
289286,0.30,0.03,9.66,0.0179,0.0139,-0.0053,92443.08,767.20,0.00,0.0232
289340,0.31,0.03,9.64,0.0136,0.0139,-0.0053,92443.08,767.20,0.00,0.0201
289394,0.31,-0.00,9.65,0.0163,0.0135,-0.0073,92443.08,767.20,0.00,0.0223
289447,0.32,-0.00,9.65,0.0171,0.0113,-0.0072,92443.39,767.17,-0.16,0.0217
289501,0.31,0.01,9.64,0.0155,0.0115,-0.0081,92443.39,767.17,-0.11,0.0209
289557,0.31,0.02,9.67,0.0165,0.0128,-0.0057,92443.39,767.17,-0.08,0.0217
289612,0.31,-0.02,9.66,0.0177,0.0125,-0.0076,92443.39,767.17,-0.05,0.0230
289664,0.32,0.01,9.64,0.0167,0.0131,-0.0064,92443.39,767.17,-0.04,0.0221
289719,0.30,-0.01,9.67,0.0172,0.0132,-0.0063,92443.39,767.17,-0.03,0.0226
289771,0.32,0.01,9.65,0.0151,0.0129,-0.0071,92443.39,767.17,-0.02,0.0211
289826,0.30,0.01,9.64,0.0161,0.0141,-0.0087,92443.39,767.17,-0.01,0.0231
289878,0.30,-0.01,9.63,0.0148,0.0124,-0.0073,92443.39,767.17,-0.01,0.0206
289936,0.31,0.03,9.64,0.0175,0.0128,-0.0056,92443.22,767.19,0.08,0.0223
289990,0.31,0.02,9.62,0.0168,0.0124,-0.0053,92443.22,767.19,0.05,0.0215
290043,0.32,0.02,9.63,0.0179,0.0120,-0.0071,92443.22,767.19,0.04,0.0226
290097,0.33,0.02,9.65,0.0188,0.0129,-0.0065,92443.22,767.19,0.03,0.0237
290150,0.32,0.02,9.61,0.0177,0.0144,-0.0067,92443.22,767.19,0.02,0.0238
290204,0.29,0.00,9.64,0.0191,0.0163,-0.0071,92443.22,767.19,0.01,0.0260
290257,0.33,-0.00,9.66,0.0177,0.0131,-0.0072,92443.22,767.19,0.01,0.0232
290315,0.32,0.01,9.66,0.0180,0.0115,-0.0083,92443.22,767.19,0.01,0.0229
290367,0.29,0.01,9.64,0.0184,0.0133,-0.0069,92443.22,767.19,0.00,0.0237
290422,0.33,-0.00,9.63,0.0165,0.0153,-0.0057,92443.22,767.19,0.00,0.0232
290474,0.33,-0.00,9.65,0.0165,0.0127,-0.0052,92443.39,767.17,-0.09,0.0215
290529,0.33,0.04,9.61,0.0175,0.0139,-0.0048,92443.39,767.17,-0.06,0.0228
290581,0.29,-0.01,9.62,0.0167,0.0141,-0.0060,92443.39,767.17,-0.04,0.0226
290641,0.30,0.01,9.66,0.0168,0.0116,-0.0081,92443.39,767.17,-0.03,0.0220
290698,0.34,0.03,9.62,0.0153,0.0131,-0.0052,92443.39,767.17,-0.02,0.0208
290751,0.30,0.02,9.65,0.0196,0.0139,-0.0080,92443.39,767.17,-0.01,0.0253
290805,0.31,-0.00,9.63,0.0156,0.0121,-0.0076,92443.39,767.17,-0.01,0.0212
290858,0.32,-0.01,9.64,0.0156,0.0144,-0.0052,92443.39,767.17,-0.01,0.0218
290912,0.29,0.02,9.64,0.0164,0.0144,-0.0060,92443.39,767.17,-0.01,0.0226
290965,0.31,0.00,9.63,0.0156,0.0155,-0.0077,92443.39,767.17,-0.00,0.0233
291019,0.33,-0.02,9.65,0.0152,0.0141,-0.0059,92443.55,767.16,-0.08,0.0216
291075,0.29,0.02,9.67,0.0153,0.0128,-0.0077,92443.55,767.16,-0.06,0.0214
291130,0.32,0.01,9.64,0.0175,0.0132,-0.0043,92443.55,767.16,-0.04,0.0223
291182,0.31,0.00,9.64,0.0132,0.0131,-0.0064,92443.55,767.16,-0.03,0.0196
291237,0.29,0.02,9.62,0.0160,0.0124,-0.0087,92443.55,767.16,-0.02,0.0220
291289,0.28,0.00,9.67,0.0160,0.0144,-0.0060,92443.55,767.16,-0.01,0.0223
291344,0.27,-0.02,9.64,0.0173,0.0144,-0.0056,92443.55,767.16,-0.01,0.0232
291396,0.31,0.02,9.64,0.0172,0.0125,-0.0073,92443.55,767.16,-0.01,0.0225
291466,0.29,0.03,9.60,0.0157,0.0117,-0.0061,92443.55,767.16,-0.00,0.0205
291518,0.31,-0.00,9.62,0.0181,0.0124,-0.0044,92443.55,767.16,-0.00,0.0224
291573,0.26,0.01,9.67,0.0156,0.0127,-0.0047,92443.16,767.20,0.19,0.0206
291625,0.34,0.01,9.64,0.0163,0.0132,-0.0071,92443.16,767.20,0.13,0.0221
291680,0.32,0.01,9.65,0.0172,0.0129,-0.0091,92443.16,767.20,0.09,0.0233
291732,0.33,0.01,9.66,0.0140,0.0125,-0.0076,92443.16,767.20,0.07,0.0203
291787,0.34,0.02,9.70,0.0168,0.0105,-0.0069,92443.16,767.20,0.05,0.0210
291844,0.31,-0.01,9.63,0.0157,0.0125,-0.0076,92443.16,767.20,0.03,0.0215
291897,0.31,0.02,9.61,0.0167,0.0116,-0.0053,92443.16,767.20,0.02,0.0210
291951,0.31,-0.01,9.66,0.0181,0.0151,-0.0076,92443.16,767.20,0.02,0.0248
292004,0.32,-0.02,9.65,0.0160,0.0117,-0.0068,92443.16,767.20,0.01,0.0210
292058,0.31,0.00,9.69,0.0168,0.0109,-0.0079,92443.16,767.20,0.01,0.0215
292111,0.28,0.02,9.63,0.0165,0.0136,-0.0091,92443.16,767.20,0.01,0.0232
292165,0.30,0.02,9.66,0.0161,0.0123,-0.0088,92443.16,767.20,0.00,0.0221
292221,0.32,0.02,9.67,0.0160,0.0173,-0.0079,92443.16,767.20,0.00,0.0248
292276,0.30,0.02,9.66,0.0177,0.0152,-0.0096,92443.16,767.20,0.00,0.0252
292328,0.29,0.02,9.63,0.0168,0.0141,-0.0080,92443.16,767.20,0.00,0.0233
292383,0.29,-0.01,9.66,0.0160,0.0152,-0.0075,92443.16,767.20,0.00,0.0233
292435,0.31,-0.02,9.64,0.0161,0.0116,-0.0075,92443.16,767.20,0.00,0.0212
292490,0.32,0.03,9.65,0.0155,0.0117,-0.0085,92443.16,767.20,0.00,0.0212
292542,0.30,-0.00,9.67,0.0183,0.0132,-0.0103,92443.16,767.20,0.00,0.0247
292600,0.29,-0.01,9.65,0.0161,0.0115,-0.0087,92443.16,767.21,0.09,0.0216
292658,0.29,-0.00,9.63,0.0192,0.0145,-0.0093,92442.97,767.21,0.06,0.0258
292711,0.32,0.00,9.62,0.0184,0.0143,-0.0061,92442.97,767.21,0.04,0.0241
292763,0.33,0.01,9.60,0.0155,0.0137,-0.0069,92442.97,767.21,0.03,0.0218
292819,0.32,0.01,9.65,0.0179,0.0151,-0.0104,92442.97,767.21,0.02,0.0256
292871,0.31,0.00,9.64,0.0164,0.0135,-0.0105,92442.97,767.21,0.01,0.0237
292923,0.31,0.02,9.63,0.0172,0.0147,-0.0073,92442.97,767.21,0.01,0.0237
292981,0.34,0.02,9.63,0.0136,0.0145,-0.0071,92442.97,767.21,0.01,0.0211
293033,0.28,0.02,9.63,0.0153,0.0147,-0.0087,92442.97,767.21,0.01,0.0229
293088,0.29,0.00,9.65,0.0159,0.0152,-0.0073,92442.97,767.21,0.00,0.0231
293140,0.33,0.03,9.61,0.0151,0.0137,-0.0071,92442.95,767.21,0.01,0.0216
293195,0.29,-0.01,9.66,0.0149,0.0127,-0.0079,92442.95,767.21,0.01,0.0211
293247,0.29,0.01,9.65,0.0160,0.0139,-0.0064,92442.95,767.21,0.01,0.0221
293302,0.31,0.04,9.66,0.0185,0.0144,-0.0061,92442.95,767.21,0.01,0.0242
293359,0.34,0.01,9.65,0.0133,0.0140,-0.0053,92442.95,767.21,0.00,0.0200
293412,0.29,-0.00,9.65,0.0157,0.0133,-0.0073,92442.95,767.21,0.00,0.0219
293466,0.28,0.02,9.62,0.0159,0.0125,-0.0075,92442.95,767.21,0.00,0.0215
293519,0.32,0.01,9.64,0.0151,0.0129,-0.0103,92442.95,767.21,0.00,0.0223
293573,0.28,-0.00,9.68,0.0160,0.0105,-0.0093,92442.95,767.21,0.00,0.0213
293626,0.30,0.04,9.61,0.0141,0.0167,-0.0088,92442.95,767.21,0.00,0.0235
293680,0.27,0.00,9.64,0.0141,0.0128,-0.0085,92443.28,767.18,-0.17,0.0209
293736,0.31,-0.04,9.65,0.0163,0.0140,-0.0079,92443.28,767.18,-0.12,0.0228
293791,0.32,0.04,9.65,0.0185,0.0119,-0.0081,92443.28,767.18,-0.08,0.0234
293843,0.28,-0.01,9.64,0.0168,0.0105,-0.0080,92443.28,767.18,-0.06,0.0214
293898,0.31,0.02,9.67,0.0151,0.0135,-0.0095,92443.28,767.18,-0.04,0.0223
293950,0.26,0.02,9.64,0.0164,0.0149,-0.0056,92443.28,767.18,-0.03,0.0229
294005,0.29,0.02,9.64,0.0176,0.0132,-0.0085,92443.28,767.18,-0.02,0.0236
294057,0.32,0.02,9.63,0.0171,0.0153,-0.0157,92443.28,767.18,-0.01,0.0278
294115,0.30,0.05,9.64,0.0168,0.0121,-0.0055,92443.28,767.18,-0.01,0.0214
294169,0.33,0.02,9.67,0.0141,0.0155,-0.0088,92443.28,767.18,-0.01,0.0227
294222,0.31,0.04,9.64,0.0157,0.0128,-0.0081,92443.28,767.18,-0.00,0.0218
294276,0.33,-0.01,9.65,0.0161,0.0144,-0.0079,92443.28,767.18,-0.00,0.0230
294329,0.32,0.03,9.66,0.0135,0.0159,-0.0153,92443.28,767.18,-0.00,0.0258
294383,0.32,-0.02,9.63,0.0164,0.0141,-0.0061,92443.28,767.18,-0.00,0.0225
294451,0.30,-0.01,9.66,0.0176,0.0145,-0.0092,92443.28,767.18,-0.00,0.0246
294505,0.28,-0.01,9.55,0.0177,0.0148,-0.0111,92443.28,767.18,-0.00,0.0256
294559,0.30,0.01,9.59,0.0121,0.0172,-0.0148,92443.28,767.18,-0.00,0.0257
294613,1.47,1.04,9.72,-0.3425,0.5477,-0.1468,92443.28,767.18,-0.00,0.6625
294671,2.21,-1.10,4.41,-1.0928,0.3483,0.1572,92443.28,767.18,-0.00,1.1576
294725,-1.41,-3.33,9.60,-0.4679,-0.6875,3.1212,92443.28,767.18,-0.00,3.2301
294778,0.57,-0.80,18.75,0.9228,-2.0179,1.3486,92443.22,767.19,0.03,2.5966
294836,-0.85,-0.66,19.46,2.6665,0.4879,1.0944,92443.22,767.19,0.02,2.9233
294888,0.61,-0.09,14.50,3.4528,0.1688,0.0526,92443.22,767.19,0.02,3.4573
294943,3.65,2.41,7.34,2.1134,1.6699,-0.8821,92443.22,767.19,0.01,2.8343
294995,2.12,2.77,3.31,1.6602,1.1289,0.2126,92443.22,767.19,0.01,2.0189
295050,0.94,1.98,-0.03,1.2232,1.1992,-0.6876,92443.22,767.19,0.01,1.8458
295102,-0.56,2.43,-2.39,-0.5841,-0.3962,0.8017,92443.22,767.19,0.00,1.0681
295157,-0.70,-0.47,-6.53,-1.5687,-0.4511,0.3800,92443.22,767.19,0.00,1.6759
295214,0.69,-1.37,0.38,-4.3657,-0.5846,-0.0073,92443.22,767.19,0.00,4.4047
295267,2.65,-0.23,12.04,-3.7803,-0.8359,-1.0264,92443.22,767.24,0.26,4.0054
295321,-0.56,-3.94,19.09,-3.4370,-0.3440,-0.9896,92443.05,767.21,0.01,3.5931
295374,-0.55,-4.01,19.46,-1.1658,-1.2213,-1.0417,92443.05,767.21,0.01,1.9839
295428,-4.87,-6.13,19.46,0.8438,-0.4919,0.8354,92443.05,767.21,0.01,1.2852
295481,0.45,-5.33,19.45,2.7881,0.5249,0.9599,92443.05,767.21,0.00,2.9951
295535,1.37,-1.84,12.18,2.2400,1.6118,0.4643,92443.05,767.21,0.00,2.7984
295591,2.83,0.40,5.32,2.3659,1.5525,0.4848,92443.05,767.21,0.00,2.8711
295646,2.61,1.18,-0.34,2.7063,0.6584,0.1460,92443.05,767.21,0.00,2.7891
295698,-0.64,-1.27,-9.48,0.9743,0.7376,0.1292,92443.05,767.21,0.00,1.2288
295753,2.05,0.32,-10.88,-1.6022,-0.6678,-0.1214,92443.05,767.21,0.00,1.7401
295805,3.17,-1.18,-1.74,-3.9881,-2.0712,-0.4345,92443.22,767.19,-0.09,4.5149
295860,3.11,-3.54,15.43,-4.3657,-2.3351,-0.9479,92443.22,767.19,-0.06,5.0409
295912,-5.06,-12.60,19.46,-3.1766,-1.0255,-1.1478,92443.22,767.19,-0.04,3.5299
295970,-7.42,-9.60,19.46,1.3227,-0.0151,1.0248,92443.22,767.19,-0.03,1.6733
296024,-0.14,-9.73,17.85,3.4210,2.2364,1.1151,92443.22,767.19,-0.02,4.2365
296077,4.84,-2.21,9.72,3.5330,2.4071,1.6931,92443.22,767.19,-0.01,4.5981
296131,2.59,-1.37,-6.26,3.1854,1.1414,0.5718,92443.22,767.19,-0.01,3.4317
296184,3.84,1.58,-13.62,0.6952,0.9838,0.3288,92443.22,767.19,-0.01,1.2487
296238,4.29,1.42,-13.65,-0.8312,-2.1480,-0.3170,92443.22,767.19,-0.01,2.3249
296294,8.37,-1.92,-0.81,-4.3657,-2.3113,-1.6077,92443.22,767.19,-0.00,5.1948
296349,1.80,-10.67,19.46,-4.3657,-2.9238,-2.1591,92442.70,767.24,0.25,5.6807
296401,-5.40,-14.96,19.46,-2.6722,-0.5219,-0.6270,92442.70,767.24,0.18,2.7940
296456,-5.08,-12.60,19.46,2.9234,1.3820,1.5047,92442.70,767.24,0.12,3.5665
296508,2.86,-7.74,17.34,4.3315,3.1395,1.1744,92442.70,767.24,0.09,5.4770
296563,8.67,-2.28,0.80,4.3315,1.9576,1.6710,92442.70,767.24,0.06,5.0385
296615,5.56,-4.78,-13.16,4.3315,1.7324,0.4215,92442.70,767.24,0.04,4.6841
296678,4.24,1.58,-19.61,-0.4784,-1.4394,0.0814,92442.70,767.24,0.03,1.5190
296732,7.52,-2.53,-10.20,-4.3657,-2.2783,-1.4623,92442.70,767.24,0.02,5.1370
296785,1.78,-7.98,19.46,-4.3657,-3.0221,-2.0102,92442.70,767.24,0.01,5.6774
296839,-6.39,-11.82,19.46,-2.6334,-1.1519,-0.6175,92442.70,767.24,0.01,2.9399
296892,-6.96,-9.19,19.46,2.0546,1.6017,0.8363,92442.88,767.22,-0.08,2.7361
296946,3.96,-7.81,19.46,4.3315,2.9573,0.8699,92442.88,767.22,-0.06,5.3164
296999,5.60,-4.25,11.66,4.3315,4.3218,2.0199,92442.88,767.22,-0.04,6.4436
297057,9.80,-4.31,-19.61,3.9855,1.1639,0.3207,92442.88,767.22,-0.03,4.1643
297109,4.18,-0.07,-19.61,-1.9529,-0.3224,-0.1282,92442.88,767.22,-0.02,1.9835
297164,6.62,-3.58,-13.77,-4.3657,-3.7521,-1.1543,92442.88,767.22,-0.01,5.8711
297216,6.82,-10.22,12.78,-4.3657,-3.1912,-2.3260,92442.88,767.22,-0.01,5.8867
297271,-6.53,-14.03,19.46,-4.3657,-1.6345,-1.0697,92442.88,767.22,-0.01,4.7828
297323,-9.71,-12.72,19.46,1.1330,0.5540,0.6442,92442.88,767.22,-0.00,1.4162
297393,3.21,-7.23,17.95,4.3315,3.4278,1.2966,92442.88,767.22,-0.00,5.6738
297445,7.85,-3.87,8.30,4.3315,4.1097,2.9940,92443.39,767.17,-0.27,6.6794
297500,4.33,-4.36,-4.95,4.3315,1.7471,0.5945,92443.39,767.17,-0.19,4.7082
297552,3.75,-9.57,-19.61,2.2300,2.6168,2.8134,92443.39,767.17,-0.13,4.4425
297607,9.47,-9.96,-18.56,-4.3657,-1.8981,-2.7701,92443.39,767.17,-0.09,5.5078
297659,14.37,-16.03,8.34,-4.3657,-4.3657,-4.3657,92443.39,767.17,-0.06,7.5617
297714,-18.32,-12.63,19.46,-4.3657,-2.5555,-2.0737,92443.39,767.17,-0.05,5.4672
297771,-13.88,-6.70,19.46,1.5480,-0.3906,0.5749,92443.39,767.17,-0.03,1.6969
297824,-4.34,-9.34,16.75,4.3315,1.8359,2.1362,92443.39,767.17,-0.02,5.1668
297878,0.76,-3.96,10.80,4.3315,3.0955,2.2291,92443.39,767.17,-0.02,5.7717
297931,-6.02,-7.00,-1.16,4.3315,3.1030,4.3315,92443.39,767.17,-0.01,6.8667
297985,19.46,1.32,-2.89,-1.4365,4.3315,1.8049,92443.11,767.20,0.13,4.9074
298038,3.97,5.01,-4.16,-2.9308,4.3315,-3.0900,92443.11,767.20,0.09,6.0745
298092,-2.06,3.18,-6.32,-1.7926,4.3315,-4.3657,92443.11,767.20,0.07,6.4058
298148,-1.92,-3.52,-2.77,-0.4610,-4.3525,-4.3657,92443.11,767.20,0.05,6.1820
298203,-10.61,-19.61,9.66,2.2755,-4.3657,-4.3657,92443.11,767.20,0.03,6.5800
298255,-12.04,-6.61,19.46,4.3315,-4.3657,2.6509,92443.11,767.20,0.02,6.6969
298310,-2.61,-8.68,14.39,4.3315,-4.3657,-1.0988,92443.11,767.20,0.02,6.2473
298362,1.45,-0.44,11.07,4.3315,-4.3657,-1.7742,92443.11,767.20,0.01,6.4007
298417,-11.05,-5.61,7.56,4.3315,4.3315,1.6282,92443.11,767.20,0.01,6.3383
298474,12.82,-9.98,3.90,-3.9353,4.3315,-0.5817,92442.80,767.23,0.15,5.8810
298527,9.97,11.75,19.46,-4.3657,4.3315,-0.6805,92442.80,767.23,0.11,6.1874
298581,-0.94,1.98,-1.59,-4.3657,4.3315,-3.8574,92442.80,767.23,0.07,7.2596
298634,4.11,-2.59,4.79,0.4269,-3.8161,-4.3657,92442.80,767.23,0.05,5.8142
298693,-6.86,-11.55,19.46,3.6276,-4.3657,-4.3657,92442.80,767.23,0.04,7.1609
298746,6.37,-8.30,19.46,4.3315,-4.3657,-3.8748,92442.80,767.23,0.03,7.2688
298800,4.78,-5.59,18.73,4.3315,-4.3657,-4.3657,92442.80,767.23,0.02,7.5419
298856,-1.66,1.77,19.46,3.6294,0.0895,-2.0639,92442.80,767.23,0.01,4.1761
298911,-5.03,-5.70,1.32,0.9838,4.3315,2.8695,92442.80,767.23,0.01,5.2881
298963,3.00,-13.82,9.35,-2.3675,4.3315,4.3315,92442.80,767.23,0.01,6.5672
299018,13.83,2.46,19.46,-4.3657,4.3315,1.7483,92442.81,767.23,-0.00,6.3936
299070,7.61,-1.64,7.67,-3.1549,1.2369,-0.0537,92442.81,767.23,-0.00,3.3892
299125,-0.38,-8.17,7.07,-1.5765,2.2355,-4.3657,92442.81,767.23,-0.00,5.1519
299177,-0.96,-10.51,19.46,4.3315,-4.3657,-4.3657,92442.81,767.23,-0.00,7.5419
299235,0.81,-13.13,19.46,4.3315,-4.3657,-4.3657,92442.81,767.23,-0.00,7.5419
299289,-4.40,-15.95,12.27,4.3315,-1.2764,-4.3657,92442.81,767.23,-0.00,6.2810
299342,-2.04,-2.54,5.82,4.3315,0.9473,-0.7032,92442.81,767.23,-0.00,4.4893
299396,-0.82,-8.11,-10.62,0.4198,3.8089,3.7984,92442.81,767.23,-0.00,5.3956
299449,6.01,3.43,14.87,-4.3657,4.3315,1.6025,92442.81,767.23,-0.00,6.3553
299503,4.17,1.23,10.10,-2.2775,0.5558,-0.0751,92442.81,767.23,-0.00,2.3455
299559,1.46,1.31,14.74,-1.4750,2.0587,-0.5103,92442.70,767.24,0.06,2.5835
299614,-1.92,-2.21,9.84,0.9417,-0.8737,-0.7320,92442.70,767.24,0.04,1.4785
299666,-1.04,-1.91,9.84,-0.4943,0.6917,-0.1160,92442.70,767.24,0.03,0.8581
299721,-1.30,-1.62,9.98,0.6011,-0.4788,-0.0771,92442.70,767.24,0.02,0.7724
299773,0.31,-0.63,10.09,-0.0955,0.4497,-0.0310,92442.70,767.24,0.01,0.4607
299828,-0.31,-1.50,8.99,0.6490,-0.4724,-0.1308,92442.70,767.24,0.01,0.8133
299880,0.03,-0.38,9.85,-0.1015,-0.0461,-0.0565,92442.70,767.24,0.01,0.1250
299938,0.45,-1.03,9.04,0.1488,0.0469,0.1741,92442.70,767.24,0.00,0.2338
299992,0.54,-0.31,9.42,-0.0318,0.0802,-0.1311,92442.70,767.24,0.00,0.1570
300045,-0.26,-0.72,10.04,0.0552,0.0196,0.0180,92442.70,767.24,0.00,0.0612
300099,0.56,-0.64,9.23,0.0838,-0.0269,-0.0065,92442.37,767.27,0.17,0.0883
300152,-0.10,-0.91,9.47,0.2994,-0.1379,-0.0249,92442.37,767.27,0.12,0.3305
300206,-0.21,-0.78,9.67,-0.0416,0.0558,0.0889,92442.37,767.27,0.08,0.1129
300259,0.26,-0.43,9.90,0.0946,-0.1351,0.0257,92442.37,767.27,0.06,0.1669
300329,0.84,-0.13,10.26,-0.1187,0.1815,-0.0561,92442.37,767.27,0.04,0.2240
300384,-0.20,-0.65,9.36,0.2053,-0.0196,-0.0041,92442.37,767.27,0.03,0.2063
300439,0.21,-0.55,9.90,-0.0532,0.0935,-0.0993,92442.37,767.27,0.02,0.1464
300493,-0.22,-0.68,9.88,0.0240,-0.0289,0.0221,92442.37,767.27,0.01,0.0436
300548,0.28,-0.60,9.39,0.0276,-0.2314,0.0586,92442.37,767.27,0.01,0.2403
300602,0.47,-0.81,8.34,-0.0060,-1.1249,0.1581,92442.37,767.27,0.01,1.1359
300657,2.81,-0.81,6.54,-0.0233,-3.1950,-0.1749,92442.40,767.26,-0.01,3.1999
300719,5.63,-0.64,7.58,-0.1537,-4.3657,-0.6430,92442.40,767.26,-0.01,4.4155
300774,10.35,-0.45,4.25,-0.4559,-4.3657,-0.9118,92442.40,767.26,-0.01,4.4832
300826,10.77,-0.30,6.11,-1.2665,-3.5004,0.4490,92442.40,767.26,-0.00,3.7494
300881,11.34,0.82,0.25,-0.6655,-1.2764,-0.1929,92442.40,767.26,-0.00,1.4523
300933,9.02,-1.32,0.71,-0.1563,-0.2475,-0.0185,92442.40,767.26,-0.00,0.2933
300988,10.46,-0.06,-0.35,0.0955,0.1705,0.0596,92442.40,767.26,-0.00,0.2043
301040,9.81,-0.70,-0.85,0.1055,-0.0602,-0.1148,92442.40,767.26,-0.00,0.1672
301098,10.14,-0.25,-0.17,-0.0518,-0.2188,0.0040,92442.40,767.26,-0.00,0.2249
301152,9.19,-1.10,0.31,0.1563,0.3583,-0.0111,92442.23,767.28,0.08,0.3910
301205,9.94,-0.04,-0.14,0.0761,0.2372,0.0485,92442.23,767.28,0.06,0.2537
301259,9.86,-0.17,1.98,0.1248,1.8914,0.2821,92442.23,767.28,0.04,1.9163
301312,11.44,-0.23,6.06,0.6181,4.3315,0.4481,92442.23,767.28,0.03,4.3982
301366,7.24,-1.76,1.63,-0.4052,4.3315,0.5625,92442.23,767.28,0.02,4.3866
301422,1.70,-2.52,10.70,-0.5705,4.3315,1.2473,92442.23,767.28,0.01,4.5435
301477,1.91,-1.54,7.19,-1.4554,4.3315,1.2445,92442.23,767.28,0.01,4.7359
301529,-6.24,-1.55,13.70,-0.2202,4.2109,0.5263,92442.23,767.28,0.01,4.2494
301584,-2.67,-4.47,10.44,-0.8769,4.3315,1.8766,92442.23,767.28,0.00,4.8013
301636,-8.16,-2.11,3.80,-0.6261,4.3315,1.4081,92442.23,767.28,0.00,4.5974
301691,-5.10,-1.25,4.33,-0.3616,4.3315,0.8472,92442.46,767.26,-0.11,4.4283
301743,-6.83,0.20,-4.95,0.3050,4.3100,1.3447,92442.46,767.26,-0.07,4.5252
301801,-10.20,0.46,-4.00,0.5279,-0.4987,0.4366,92442.46,767.26,-0.05,0.8473
301855,-9.07,-0.01,-5.39,-0.5698,-0.0153,0.7590,92442.46,767.26,-0.04,0.9492
301908,-11.51,0.04,-1.58,0.3750,-1.7973,0.6332,92442.46,767.26,-0.03,1.9421
301962,-8.09,0.87,-3.32,0.3035,-3.5140,0.1116,92442.46,767.26,-0.02,3.5288
302015,-11.19,0.02,-0.55,2.0206,-4.3657,-0.7408,92442.46,767.26,-0.01,4.8673
302069,-2.46,-0.43,5.08,2.6608,-4.3657,0.5508,92442.46,767.26,-0.01,5.1422
302122,0.85,1.48,9.68,1.1743,-4.3657,0.0089,92442.46,767.26,-0.01,4.5209
302180,5.27,2.63,8.19,-0.6233,-4.3657,-0.4306,92442.46,767.26,-0.00,4.4310
302232,4.01,-0.58,8.60,-1.9396,-4.2108,0.1687,92442.30,767.27,0.08,4.6391
302287,7.17,1.37,9.53,-0.3789,-4.3657,-0.9601,92442.30,767.27,0.06,4.4861
302339,6.76,0.04,7.30,-0.7753,-4.1813,0.0714,92442.30,767.27,0.04,4.2532
302394,10.40,2.65,5.45,-0.1017,-1.2502,-0.5891,92442.30,767.27,0.03,1.3858
302446,6.57,-1.10,4.27,-0.3289,-2.6092,-0.0989,92442.30,767.27,0.02,2.6317
302501,10.15,1.49,4.57,-0.2934,-0.3417,0.7410,92442.30,767.27,0.01,0.8672
302558,9.13,-0.09,6.15,0.6632,0.0995,0.6459,92442.30,767.27,0.01,0.9311
302611,10.64,1.36,3.69,-0.0059,0.6428,-0.0288,92442.30,767.27,0.01,0.6435
302665,8.48,-0.00,5.54,0.4253,3.0162,0.0096,92442.30,767.27,0.00,3.0461
302723,7.64,0.27,5.58,0.0737,4.3315,0.5765,92442.30,767.27,0.00,4.3703
302777,4.78,-0.62,9.23,-0.8721,4.3315,0.8428,92442.30,767.27,0.00,4.4981
302830,6.17,0.66,7.76,-2.0534,4.3315,0.6105,92442.30,767.27,0.00,4.8323
302884,-4.54,-2.83,9.54,-1.4273,4.3315,0.6391,92442.30,767.27,0.00,4.6051
302940,-3.35,-2.65,8.09,0.0262,2.5371,-0.1895,92442.30,767.27,0.00,2.5443
302995,-3.42,-3.24,7.87,-0.3384,3.3029,-0.2020,92442.30,767.27,0.00,3.3264
303047,-5.40,-2.90,6.19,0.6925,-1.4354,-0.3961,92442.30,767.27,0.00,1.6422
303102,-3.22,-2.53,8.37,0.0410,-1.8273,-0.4354,92442.30,767.27,0.00,1.8789
303154,-4.02,-2.65,10.57,0.3733,-1.1744,-0.3425,92442.30,767.27,0.00,1.2791
303209,-2.69,-2.02,8.86,0.3531,-0.5770,-0.2326,92442.30,767.27,0.00,0.7153
303276,-2.06,-2.48,6.87,-0.3768,0.7376,-0.4291,92442.16,767.29,0.06,0.9328
303331,-3.35,-2.93,9.73,-0.1290,-0.9426,-0.3246,92442.16,767.29,0.04,1.0052
303383,-2.29,-2.38,9.47,0.4398,-1.3779,0.0486,92442.16,767.29,0.03,1.4472
303438,-3.02,-2.62,8.14,0.2701,-0.2822,-0.1996,92442.16,767.29,0.02,0.4386
303490,-1.18,-1.93,9.21,0.1956,-0.9387,-0.1775,92442.16,767.29,0.01,0.9752
303545,-1.35,-2.32,9.84,0.4090,-1.0969,-0.1737,92442.16,767.29,0.01,1.1835
303597,-0.69,-2.37,9.28,-0.2691,0.5532,-0.0711,92442.16,767.29,0.01,0.6193
303655,-1.78,-2.33,10.92,0.1715,-0.2786,-0.0775,92442.16,767.29,0.00,0.3362
303709,0.15,-1.70,8.92,0.7016,-0.7249,-0.0115,92442.16,767.29,0.00,1.0089
303762,-0.57,-1.86,9.37,0.0561,0.2431,-0.0746,92442.16,767.29,0.00,0.2604
303816,-0.37,-1.65,9.80,0.0165,-0.0931,-0.0377,92442.34,767.27,-0.09,0.1018
303869,-0.28,-1.60,9.46,0.1316,-0.2062,-0.0666,92442.34,767.27,-0.06,0.2536
303923,-0.29,-1.82,9.25,0.0236,-0.0873,0.0100,92442.34,767.27,-0.04,0.0909
303976,-0.25,-1.66,9.82,-0.0886,0.0321,-0.0646,92442.34,767.27,-0.03,0.1143
304034,0.14,-1.48,9.27,-0.0163,-0.0394,-0.0829,92442.34,767.27,-0.02,0.0932
304086,0.04,-1.66,9.64,-0.1366,0.0020,-0.0913,92442.34,767.27,-0.01,0.1643
304141,0.19,-1.41,9.30,0.1805,-0.0715,-0.0698,92442.34,767.27,-0.01,0.2064
304193,0.50,-0.84,9.08,-0.0045,-0.1920,-0.0132,92442.34,767.27,-0.01,0.1925
304248,0.89,-0.98,8.50,-0.3966,-0.3043,-0.3508,92442.34,767.27,-0.01,0.6107
304300,0.77,-1.70,9.60,-0.6117,0.0949,-0.5561,92442.34,767.27,-0.00,0.8321
304355,0.59,-1.95,8.95,-0.7137,0.1327,-0.7448,92442.52,767.25,-0.09,1.0400
304411,-0.10,-3.17,8.32,-0.8406,0.3938,-0.8564,92442.52,767.25,-0.06,1.2630
304464,-0.02,-3.22,10.87,-0.3247,0.8118,-0.7526,92442.52,767.25,-0.04,1.1536
304518,-0.85,-4.18,8.16,0.1518,0.1799,-0.4876,92442.52,767.25,-0.03,0.5414
304571,-1.23,-5.04,8.07,-0.5649,-0.1374,-0.6383,92442.52,767.25,-0.02,0.8634
304625,-0.17,-3.56,9.06,0.0789,0.4426,-0.3284,92442.52,767.25,-0.02,0.5567
304678,0.20,-4.38,9.33,-0.5387,-0.1645,-0.1408,92442.52,767.25,-0.01,0.5806
304741,0.85,-2.95,9.47,0.5289,-0.1535,-0.2774,92442.52,767.25,-0.01,0.6167
304793,0.27,-3.88,8.60,0.3721,0.5395,-0.3849,92442.52,767.25,-0.01,0.7600
304848,0.38,-3.26,9.92,0.3579,0.0926,-0.2489,92442.52,767.25,-0.00,0.4456
304900,-0.81,-4.48,8.39,-0.0410,-0.1687,-0.0570,92442.54,767.25,-0.01,0.1827
304955,-0.67,-3.52,9.64,-0.0302,-0.0433,0.3729,92442.54,767.25,-0.01,0.3766
305007,0.30,-3.21,8.68,0.2124,-0.4050,0.4570,92442.54,767.25,-0.01,0.6465
305062,0.30,-3.43,7.67,0.1231,0.4145,0.0281,92442.54,767.25,-0.01,0.4333
305118,-1.18,-2.54,9.25,-0.4058,-0.0520,0.0881,92442.54,767.25,-0.00,0.4185
305171,-1.11,-3.60,9.37,-0.6003,-0.0773,0.3202,92442.54,767.25,-0.00,0.6847
305225,-0.81,-3.37,8.28,-0.1069,0.8516,-0.2398,92442.54,767.25,-0.00,0.8912
305278,0.17,-3.43,8.84,-0.6274,0.7356,-0.3479,92442.54,767.25,-0.00,1.0275
305331,-1.21,-4.06,9.50,0.3745,0.0024,-0.0124,92442.54,767.25,-0.00,0.3747
305384,-1.77,-3.63,9.50,-0.0176,1.0946,0.0149,92442.54,767.25,-0.00,1.0949
305436,-0.29,-3.95,8.30,0.6270,-0.1941,-0.1380,92442.40,767.26,0.07,0.6707
305510,-0.99,-3.46,10.18,0.2129,0.6066,-0.0887,92442.40,767.26,0.05,0.6490
305578,-0.94,-3.15,8.71,0.3519,0.2535,0.2338,92442.40,767.26,0.03,0.4927
305645,-1.86,-2.99,9.42,0.4525,0.4013,0.2266,92442.40,767.26,0.02,0.6458
305716,-2.05,-2.75,9.44,0.2096,-0.0942,0.1872,92442.40,767.26,0.02,0.2964
305783,-2.33,-2.04,9.37,0.5585,0.5764,0.5331,92442.40,767.26,0.01,0.9635
305878,-1.73,-2.71,7.95,-0.2165,0.3705,0.2074,92442.40,767.26,0.01,0.4766
305934,-1.36,-3.35,9.08,-0.5564,-0.7250,-0.7662,92442.40,767.26,0.01,1.1926
305987,-3.42,4.00,2.73,-1.4493,-0.0785,1.1291,92442.41,767.26,0.00,1.8389
306041,-1.19,-4.14,9.60,-0.2681,-0.4391,-0.2082,92442.41,767.26,0.00,0.5550
306094,-2.09,-4.05,9.30,-0.9555,0.1372,0.1733,92442.41,767.26,0.00,0.9808
306148,2.40,-2.01,8.66,0.3296,-3.2863,-0.8116,92442.41,767.26,0.00,3.4010
306201,1.65,-2.60,8.44,0.0578,-2.2513,0.5676,92442.41,767.26,0.00,2.3225
306255,1.40,-3.82,8.08,0.2493,-1.8520,-0.0552,92442.41,767.26,0.00,1.8696
306323,2.54,-4.33,7.35,0.5938,0.3246,-0.1783,92442.41,767.26,0.00,0.6998
306377,3.48,-2.68,9.08,-0.6327,1.5338,0.0534,92442.41,767.26,0.00,1.6600
306430,0.56,-3.65,8.39,-0.0838,0.9727,0.2024,92442.41,767.26,0.00,0.9971
306484,1.47,-4.15,9.60,-0.5376,1.4133,0.1885,92442.41,767.26,0.00,1.5238
306537,-0.88,-4.28,8.55,-0.1820,-0.5890,-0.4203,92442.41,767.26,0.00,0.7462
306591,1.17,-2.11,8.48,-0.5437,0.8431,1.3442,92442.41,767.26,0.00,1.6773
306644,-0.08,-4.59,9.21,0.0842,-0.6312,-0.0585,92442.41,767.26,0.00,0.6395
306702,1.37,-4.28,7.99,0.0733,-0.3749,-0.1254,92442.41,767.26,0.00,0.4021
306759,1.56,-4.02,10.45,-0.1399,-0.8262,-0.7406,92442.41,767.26,0.00,1.1183
306814,1.91,-4.62,8.95,0.0124,-0.9717,-0.6447,92442.41,767.26,0.00,1.1662
306866,2.26,-3.73,8.77,0.0786,-0.4415,-0.5557,92442.41,767.26,0.00,0.7141
306921,1.22,-3.69,8.84,0.4033,0.4230,0.1747,92442.41,767.26,0.00,0.6100
306973,2.14,-3.06,8.37,0.3385,0.1872,0.0141,92442.41,767.26,0.00,0.3871
307028,2.63,-3.47,9.01,-0.0109,-0.8336,-0.0885,92442.58,767.25,-0.08,0.8384
307085,2.39,-3.16,8.15,0.4744,0.2813,-0.2002,92442.58,767.25,-0.06,0.5868
307138,2.26,-3.27,8.40,0.3760,0.6848,0.0673,92442.58,767.25,-0.04,0.7841
307192,3.40,-3.51,9.48,-0.2827,-0.7103,-0.1833,92442.58,767.25,-0.03,0.7861
307245,1.85,-3.25,7.78,0.5420,-0.1061,-0.1775,92442.58,767.25,-0.02,0.5801
307299,1.82,-3.40,6.67,0.4158,0.6114,0.3714,92442.58,767.25,-0.01,0.8275
307352,1.87,-2.36,11.18,0.2483,0.2967,0.6454,92442.58,767.25,-0.01,0.7525
