millis,ax_ms2,ay_ms2,az_ms2,gx_rads,gy_rads,gz_rads,pressao_Pa,altura_m,vz_ms,mag_giroscopia_rads
2833,-1.48,-1.07,9.45,0.0201,0.0093,-0.0080,91966.43,810.04,0.00,0.0236
2889,-1.36,-1.11,9.50,0.0265,0.0077,-0.0087,91966.43,810.04,0.00,0.0289
2947,-1.44,-1.02,9.54,0.0281,0.0092,-0.0079,91966.43,810.04,0.00,0.0306
3003,-1.44,-1.00,9.48,0.0232,0.0119,-0.0069,91966.43,810.04,0.00,0.0269
3059,-1.49,-0.98,9.50,0.0180,0.0168,-0.0045,91966.43,810.04,0.00,0.0250
3134,-1.44,-0.99,9.45,0.0123,0.0157,-0.0071,91966.43,810.04,0.00,0.0211
3216,-1.43,-1.02,9.42,0.0079,0.0136,-0.0049,91966.43,810.04,0.00,0.0165
3289,-1.51,-1.02,9.48,0.0104,0.0116,-0.0079,91966.43,810.04,0.00,0.0174
3362,-1.47,-1.03,9.44,0.0132,0.0155,-0.0073,91966.43,810.04,0.00,0.0216
3460,-1.46,-0.98,9.43,0.0155,0.0164,-0.0061,91966.60,810.02,-0.05,0.0233
3517,-1.47,-1.01,9.41,0.0225,0.0075,-0.0075,91966.60,810.02,-0.03,0.0249
3574,-1.51,-0.98,9.52,0.0233,0.0117,-0.0061,91966.60,810.02,-0.02,0.0268
3631,-1.41,-1.04,9.47,0.0246,0.0099,-0.0053,91966.60,810.02,-0.02,0.0271
3693,-1.44,-0.98,9.55,0.0179,0.0124,-0.0077,91966.60,810.02,-0.01,0.0231
3749,-1.44,-1.05,9.50,0.0156,0.0135,-0.0076,91966.60,810.02,-0.01,0.0219
3808,-1.49,-1.04,9.48,0.0104,0.0145,-0.0028,91966.60,810.02,-0.01,0.0181
3864,-1.36,-1.06,9.47,0.0112,0.0152,-0.0053,91966.60,810.02,-0.00,0.0196
3923,-1.47,-1.08,9.48,0.0123,0.0125,-0.0051,91966.60,810.02,-0.00,0.0182
3979,-1.44,-0.98,9.48,0.0156,0.0112,-0.0048,91966.94,809.99,-0.16,0.0198
4038,-1.50,-1.02,9.48,0.0155,0.0137,-0.0049,91966.94,809.99,-0.11,0.0212
4098,-1.43,-0.99,9.39,0.0153,0.0109,-0.0060,91966.94,809.99,-0.08,0.0197
4155,-1.46,-1.03,9.45,0.0173,0.0092,-0.0088,91966.94,809.99,-0.06,0.0215
4212,-1.47,-0.98,9.43,0.0131,0.0152,-0.0056,91966.94,809.99,-0.04,0.0208
4269,-1.49,-1.01,9.40,0.0132,0.0117,-0.0051,91966.94,809.99,-0.03,0.0184
4326,-1.42,-1.09,9.49,0.0149,0.0128,-0.0064,91966.94,809.99,-0.02,0.0207
4383,-1.41,-1.06,9.43,0.0167,0.0095,-0.0028,91966.94,809.99,-0.01,0.0194
4440,-1.51,-1.07,9.48,0.0172,0.0108,-0.0064,91967.28,809.96,-0.17,0.0213
4500,-1.36,-1.05,9.53,0.0175,0.0137,-0.0047,91967.28,809.96,-0.12,0.0227
4559,-1.46,-1.05,9.56,0.0144,0.0100,-0.0052,91967.28,809.96,-0.08,0.0183
4615,-1.40,-1.08,9.49,0.0136,0.0144,-0.0071,91967.28,809.96,-0.06,0.0210
4674,-1.51,-1.03,9.52,0.0164,0.0120,-0.0057,91967.28,809.96,-0.04,0.0211
4730,-1.45,-1.01,9.43,0.0148,0.0125,-0.0055,91967.28,809.96,-0.03,0.0201
4789,-1.49,-1.02,9.42,0.0144,0.0127,-0.0067,91967.28,809.96,-0.02,0.0203
4850,-1.41,-0.99,9.37,0.0144,0.0137,-0.0063,91967.28,809.96,-0.01,0.0208
4912,-1.54,-0.97,9.56,0.0163,0.0117,-0.0063,91967.28,809.96,-0.01,0.0210
4970,-1.42,-1.01,9.50,0.0209,0.0121,-0.0073,91967.63,809.93,-0.17,0.0253
5027,-1.46,-1.08,9.51,0.0172,0.0109,-0.0049,91967.63,809.93,-0.12,0.0210
5084,-1.37,-1.07,9.45,0.0160,0.0125,-0.0071,91967.63,809.93,-0.08,0.0215
5141,-1.44,-1.03,9.54,0.0200,0.0112,-0.0048,91967.63,809.93,-0.06,0.0234
5198,-1.46,-0.97,9.49,0.0168,0.0133,-0.0056,91967.63,809.93,-0.04,0.0222
5255,-1.48,-1.01,9.48,0.0156,0.0132,-0.0064,91967.63,809.93,-0.03,0.0214
5317,-1.45,-1.03,9.48,0.0164,0.0141,-0.0072,91967.63,809.93,-0.02,0.0228
5373,-1.45,-1.04,9.44,0.0163,0.0113,-0.0068,91967.63,809.93,-0.01,0.0209
5432,-1.43,-0.99,9.43,0.0161,0.0125,-0.0035,91967.63,809.93,-0.01,0.0207
5488,-1.47,-1.00,9.48,0.0181,0.0095,-0.0043,91968.13,809.88,-0.25,0.0209
5547,-1.45,-1.05,9.45,0.0185,0.0135,-0.0076,91968.13,809.88,-0.17,0.0241
5603,-1.44,-1.04,9.50,0.0121,0.0147,-0.0053,91968.13,809.88,-0.12,0.0198
5662,-1.44,-1.00,9.47,0.0149,0.0119,-0.0068,91968.13,809.88,-0.08,0.0202
5722,-1.45,-1.05,9.48,0.0153,0.0112,-0.0056,91968.13,809.88,-0.06,0.0198
5779,-1.44,-1.03,9.49,0.0143,0.0135,-0.0051,91968.13,809.88,-0.04,0.0202
5836,-1.47,-1.01,9.52,0.0147,0.0128,-0.0069,91968.13,809.88,-0.03,0.0206
5893,-1.70,-1.17,9.32,0.0269,-0.0063,-0.0061,91968.13,809.88,-0.02,0.0283
5950,-1.42,-1.08,9.42,0.0163,0.0084,-0.0056,91968.13,809.88,-0.01,0.0191
6007,-1.30,-0.99,9.37,0.0160,0.0208,-0.0024,91968.13,809.88,-0.01,0.0263
6064,-1.55,-1.02,9.43,0.0193,0.0059,-0.0068,91968.13,809.88,-0.01,0.0213
6139,-1.48,-1.04,9.48,0.0168,0.0155,-0.0072,91968.13,809.88,-0.00,0.0239
6200,-1.41,-1.02,9.33,0.0164,0.0173,-0.0076,91968.13,809.88,-0.00,0.0250
6260,-1.47,-0.98,9.54,0.0121,0.0148,-0.0047,91968.13,809.88,-0.00,0.0197
6321,-1.35,-1.01,9.51,0.0151,0.0140,-0.0071,91968.13,809.88,-0.00,0.0217
6381,-1.47,-1.04,9.56,0.0149,0.0083,-0.0073,91968.13,809.88,-0.00,0.0186
6442,-1.42,-1.04,9.49,0.0129,0.0168,-0.0080,91968.13,809.88,-0.00,0.0226
6502,-1.47,-0.98,9.43,0.0136,0.0119,-0.0024,91968.30,809.87,-0.08,0.0182
6567,-1.41,-1.03,9.41,0.0156,0.0157,-0.0045,91968.30,809.87,-0.06,0.0226
6626,-1.43,-1.01,9.46,0.0151,0.0123,-0.0069,91968.30,809.87,-0.04,0.0206
6688,-1.54,-1.00,9.48,0.0115,0.0140,-0.0036,91968.30,809.87,-0.03,0.0184
6747,-1.38,-1.03,9.45,0.0179,0.0129,-0.0064,91968.30,809.87,-0.02,0.0229
6809,-1.47,-1.05,9.57,0.0185,0.0108,-0.0080,91968.30,809.87,-0.01,0.0229
6873,-1.39,-1.02,9.49,0.0176,0.0096,-0.0073,91968.30,809.87,-0.01,0.0213
6938,-1.44,-1.03,9.45,0.0168,0.0109,-0.0067,91968.30,809.87,-0.01,0.0211
6999,-1.45,-0.98,9.47,0.0145,0.0135,-0.0069,91968.30,809.87,-0.00,0.0210
7059,-1.46,-0.97,9.46,0.0172,0.0097,-0.0088,91968.30,809.87,-0.00,0.0216
7120,-1.43,-1.09,9.44,0.0147,0.0127,-0.0043,91968.30,809.87,-0.00,0.0198
7180,-1.41,-1.06,9.47,0.0192,0.0119,-0.0077,91968.30,809.87,-0.00,0.0238
7241,-1.49,-0.97,9.51,0.0176,0.0136,-0.0052,91968.30,809.87,-0.00,0.0228
7301,-1.46,-1.02,9.51,0.0159,0.0117,-0.0075,91968.30,809.87,-0.00,0.0211
7366,-1.46,-1.02,9.50,0.0136,0.0131,-0.0064,91968.30,809.87,-0.00,0.0199
7425,-1.43,-1.01,9.48,0.0152,0.0104,-0.0059,91968.30,809.87,-0.00,0.0193
7487,-1.44,-1.07,9.50,0.0171,0.0107,-0.0053,91968.30,809.85,-0.07,0.0208
7546,-1.35,-1.07,9.42,0.0187,0.0096,-0.0083,91968.47,809.85,-0.05,0.0225
7608,-1.52,-1.00,9.50,0.0176,0.0085,-0.0055,91968.47,809.85,-0.03,0.0203
7667,-1.44,-1.01,9.46,0.0160,0.0141,-0.0075,91968.47,809.85,-0.02,0.0226
7729,-1.48,-1.04,9.49,0.0180,0.0105,-0.0051,91968.47,809.85,-0.02,0.0214
7793,-1.46,-1.01,9.49,0.0161,0.0132,-0.0065,91968.47,809.85,-0.01,0.0218
7853,-1.42,-1.04,9.47,0.0152,0.0123,-0.0081,91968.47,809.85,-0.01,0.0211
7914,-1.43,-1.05,9.46,0.0161,0.0121,-0.0061,91968.47,809.85,-0.01,0.0211
7974,-1.40,-1.03,9.43,0.0191,0.0100,-0.0075,91968.47,809.85,-0.00,0.0228
8035,-1.44,-1.00,9.50,0.0191,0.0112,-0.0053,91968.81,809.82,-0.16,0.0227
8095,-1.45,-1.02,9.49,0.0168,0.0125,-0.0060,91968.81,809.82,-0.11,0.0218
8156,-1.44,-1.03,9.52,0.0147,0.0103,-0.0083,91968.81,809.82,-0.08,0.0197
8219,-1.47,-1.01,9.50,0.0160,0.0104,-0.0071,91968.81,809.82,-0.05,0.0203
8281,-1.43,-1.05,9.47,0.0161,0.0120,-0.0068,91968.81,809.82,-0.04,0.0212
8340,-1.46,-1.03,9.49,0.0175,0.0117,-0.0069,91968.81,809.82,-0.03,0.0221
8402,-1.47,-0.99,9.48,0.0168,0.0097,-0.0075,91968.81,809.82,-0.02,0.0208
8461,-1.48,-1.03,9.46,0.0163,0.0117,-0.0071,91968.81,809.82,-0.01,0.0212
8523,-1.37,-1.05,9.45,0.0180,0.0116,-0.0071,91968.98,809.81,-0.08,0.0225
8582,-1.48,-1.02,9.49,0.0159,0.0113,-0.0043,91968.98,809.81,-0.06,0.0199
8647,-1.45,-1.04,9.51,0.0139,0.0156,-0.0048,91968.98,809.81,-0.04,0.0214
8708,-1.44,-1.06,9.45,0.0168,0.0097,-0.0059,91968.98,809.81,-0.03,0.0203
8768,-1.49,-0.97,9.50,0.0127,0.0113,-0.0072,91968.98,809.81,-0.02,0.0184
8829,-1.43,-1.03,9.45,0.0153,0.0136,-0.0059,91968.98,809.81,-0.01,0.0213
8894,-1.44,-1.05,9.49,0.0125,0.0141,-0.0063,91968.98,809.81,-0.01,0.0199
8955,-1.49,-1.06,9.59,0.0224,0.0060,-0.0075,91968.98,809.81,-0.01,0.0243
9015,-1.47,-1.02,9.61,0.0180,0.0123,-0.0064,91969.16,809.79,-0.08,0.0227
9080,-1.36,-1.02,9.49,0.0144,0.0112,-0.0069,91969.16,809.79,-0.06,0.0195
9139,-1.48,-0.99,9.47,0.0151,0.0155,-0.0053,91969.16,809.79,-0.04,0.0222
9201,-1.42,-1.05,9.41,0.0181,0.0119,-0.0059,91969.16,809.79,-0.03,0.0224
9260,-1.52,-0.99,9.45,0.0191,0.0083,-0.0095,91969.16,809.79,-0.02,0.0228
9322,-1.47,-0.99,9.43,0.0128,0.0113,-0.0060,91969.16,809.79,-0.01,0.0181
9381,-1.50,-1.00,9.50,0.0165,0.0131,-0.0059,91969.16,809.79,-0.01,0.0219
9443,-1.40,-1.08,9.47,0.0171,0.0145,-0.0061,91969.16,809.79,-0.01,0.0232
9516,-1.47,-1.01,9.48,0.0157,0.0113,-0.0064,91969.16,809.79,-0.00,0.0204
9578,-1.46,-1.03,9.46,0.0139,0.0175,-0.0055,91969.33,809.78,-0.08,0.0229
9637,-1.39,-1.03,9.47,0.0133,0.0120,-0.0061,91969.33,809.78,-0.06,0.0189
9699,-1.46,-1.02,9.52,0.0151,0.0137,-0.0087,91969.33,809.78,-0.04,0.0221
9758,-1.71,-1.11,9.56,0.0309,-0.0063,-0.0125,91969.33,809.78,-0.03,0.0339
9820,-1.38,-1.00,9.39,0.0167,0.0137,-0.0051,91969.33,809.78,-0.02,0.0222
9879,-1.54,-1.02,9.45,0.0180,0.0060,-0.0051,91969.33,809.78,-0.01,0.0196
9944,-1.39,-1.03,9.44,0.0132,0.0144,-0.0048,91969.33,809.78,-0.01,0.0201
10005,-1.44,-1.07,9.45,0.0156,0.0119,-0.0061,91969.33,809.78,-0.01,0.0205
10065,-1.47,-1.03,9.47,0.0177,0.0101,-0.0088,91969.66,809.75,-0.15,0.0222
10126,-1.43,-1.00,9.49,0.0157,0.0125,-0.0044,91969.66,809.75,-0.10,0.0206
10186,-1.43,-1.07,9.48,0.0161,0.0120,-0.0052,91969.66,809.75,-0.07,0.0208
10247,-1.47,-1.03,9.45,0.0145,0.0125,-0.0069,91969.66,809.75,-0.05,0.0204
10307,-1.50,-1.00,9.42,0.0145,0.0129,-0.0061,91969.66,809.75,-0.04,0.0204
10372,-1.39,-1.07,9.47,0.0156,0.0131,-0.0080,91969.66,809.75,-0.03,0.0218
10431,-1.44,-1.02,9.49,0.0176,0.0136,-0.0069,91969.66,809.75,-0.02,0.0233
10493,-1.45,-1.00,9.50,0.0156,0.0133,-0.0043,91969.66,809.75,-0.01,0.0209
10552,-1.45,-1.03,9.43,0.0139,0.0112,-0.0043,91969.66,809.75,-0.01,0.0183
10614,-1.46,-1.05,9.47,0.0199,0.0109,-0.0059,91969.66,809.75,-0.01,0.0234
10673,-1.44,-1.02,9.50,0.0156,0.0137,-0.0072,91969.66,809.75,-0.00,0.0220
10735,-1.43,-1.03,9.46,0.0159,0.0107,-0.0033,91969.66,809.75,-0.00,0.0194
10799,-1.43,-1.03,9.49,0.0155,0.0135,-0.0053,91969.66,809.75,-0.00,0.0212
10859,-1.48,-0.96,9.48,0.0187,0.0137,-0.0061,91969.66,809.75,-0.00,0.0240
10925,-1.46,-1.04,9.45,0.0159,0.0143,-0.0053,91969.66,809.75,-0.00,0.0220
10985,-1.45,-1.05,9.52,0.0176,0.0115,-0.0065,91969.66,809.75,-0.00,0.0220
11046,-1.45,-1.02,9.45,0.0159,0.0135,-0.0084,91969.66,809.73,-0.08,0.0224
11106,-1.33,-1.07,9.06,0.0177,0.0048,-0.0044,91969.83,809.73,-0.05,0.0189
11171,-1.43,-1.03,9.47,0.0159,0.0147,-0.0031,91969.83,809.73,-0.04,0.0218
11230,-1.44,-0.99,9.62,0.0177,0.0115,-0.0061,91969.83,809.73,-0.03,0.0220
11292,-1.46,-1.01,9.55,0.0133,0.0135,-0.0040,91969.83,809.73,-0.02,0.0194
11351,-1.41,-1.07,9.48,0.0131,0.0153,-0.0039,91969.83,809.73,-0.01,0.0205
11413,-1.40,-0.97,9.46,0.0153,0.0113,-0.0073,91969.83,809.73,-0.01,0.0204
11472,-1.47,-0.96,9.39,0.0137,0.0148,-0.0056,91969.83,809.73,-0.01,0.0209
11534,-1.44,-1.01,9.46,0.0185,0.0092,-0.0057,91969.83,809.73,-0.00,0.0215
11598,-1.50,-1.03,9.50,0.0151,0.0128,-0.0079,91969.66,809.75,0.07,0.0213
11659,-1.42,-0.98,9.47,0.0171,0.0128,-0.0075,91969.66,809.75,0.05,0.0226
11720,-1.47,-1.02,9.47,0.0143,0.0109,-0.0059,91969.66,809.75,0.03,0.0189
11781,-1.40,-1.01,9.45,0.0151,0.0151,-0.0065,91969.66,809.75,0.02,0.0223
11842,-1.51,-1.04,9.64,0.0183,0.0115,-0.0069,91969.66,809.75,0.02,0.0226
11903,-1.46,-1.00,9.51,0.0133,0.0167,-0.0071,91969.66,809.75,0.01,0.0225
11964,-1.40,-1.07,9.46,0.0179,0.0099,-0.0089,91969.66,809.75,0.01,0.0223
12027,-1.45,-0.99,9.50,0.0157,0.0121,-0.0063,91969.66,809.75,0.01,0.0208
12089,-1.47,-0.99,9.47,0.0165,0.0113,-0.0072,91969.83,809.73,-0.07,0.0213
12148,-1.47,-1.04,9.56,0.0151,0.0091,-0.0089,91969.83,809.73,-0.05,0.0197
12210,-1.49,-1.03,9.51,0.0173,0.0103,-0.0071,91969.83,809.73,-0.04,0.0213
12269,-1.49,-0.98,9.65,0.0101,0.0193,-0.0055,91969.83,809.73,-0.02,0.0225
12331,-1.29,-1.07,9.45,0.0141,0.0127,-0.0044,91969.83,809.73,-0.02,0.0195
12390,-1.48,-1.03,9.49,0.0113,0.0165,-0.0068,91969.83,809.73,-0.01,0.0212
12455,-1.38,-1.02,9.32,0.0179,0.0115,-0.0048,91969.83,809.73,-0.01,0.0217
12516,-1.55,-1.02,9.53,0.0164,0.0148,-0.0067,91969.83,809.73,-0.01,0.0231
12577,-1.38,-1.05,9.44,0.0155,0.0139,-0.0088,91970.34,809.68,-0.23,0.0225
12638,-1.53,-1.02,9.50,0.0159,0.0156,-0.0077,91970.34,809.68,-0.16,0.0235
12699,-1.38,-1.10,9.44,0.0176,0.0115,-0.0076,91970.34,809.68,-0.11,0.0223
12760,-1.43,-1.03,9.47,0.0205,0.0121,-0.0096,91970.34,809.68,-0.08,0.0257
12821,-1.55,-1.00,9.47,0.0156,0.0155,-0.0071,91970.34,809.68,-0.06,0.0231
12897,-1.41,-1.07,9.43,0.0180,0.0121,-0.0068,91970.34,809.68,-0.04,0.0227
12963,-1.49,-1.01,9.47,0.0140,0.0119,-0.0060,91970.34,809.68,-0.03,0.0193
13024,-1.49,-1.00,9.47,0.0137,0.0132,-0.0060,91970.34,809.68,-0.02,0.0200
13085,-1.45,-1.04,9.55,0.0148,0.0128,-0.0075,91970.34,809.68,-0.01,0.0209
13146,-1.51,-0.99,9.47,0.0128,0.0148,-0.0059,91970.34,809.68,-0.01,0.0204
13206,-1.40,-1.01,9.49,0.0148,0.0147,-0.0072,91970.34,809.68,-0.01,0.0220
13267,-1.49,-0.95,9.48,0.0153,0.0076,-0.0089,91970.34,809.68,-0.00,0.0193
13330,-1.41,-0.95,9.42,0.0189,0.0084,-0.0069,91970.34,809.68,-0.00,0.0218
13392,-1.52,-0.99,9.50,0.0140,0.0141,-0.0075,91970.34,809.68,-0.00,0.0212
13451,-1.30,-1.06,9.40,0.0119,0.0164,-0.0039,91970.34,809.68,-0.00,0.0206
13513,-1.46,-1.02,9.44,0.0149,0.0087,-0.0073,91970.34,809.68,-0.00,0.0187
13572,-1.49,-0.98,9.47,0.0156,0.0123,-0.0053,91970.34,809.68,-0.00,0.0205
13634,-1.46,-1.01,9.42,0.0165,0.0132,-0.0076,91970.52,809.67,-0.08,0.0225
13698,-1.44,-1.03,9.56,0.0188,0.0137,-0.0065,91970.52,809.67,-0.05,0.0242
13759,-1.48,-1.02,9.52,0.0152,0.0139,-0.0041,91970.52,809.67,-0.04,0.0210
13820,-1.41,-1.06,9.50,0.0165,0.0124,-0.0073,91970.52,809.67,-0.03,0.0219
13881,-1.41,-1.06,9.49,0.0192,0.0127,-0.0040,91970.52,809.67,-0.02,0.0233
13942,-1.45,-1.03,9.48,0.0160,0.0107,-0.0059,91970.52,809.67,-0.01,0.0201
14002,-1.41,-1.05,9.43,0.0153,0.0131,-0.0032,91970.52,809.67,-0.01,0.0204
14063,-1.52,-1.03,9.48,0.0171,0.0117,-0.0095,91970.52,809.67,-0.01,0.0228
14126,-1.47,-1.02,9.40,0.0148,0.0117,-0.0065,91970.34,809.68,0.07,0.0200
14188,-1.54,-1.01,9.59,0.0179,0.0089,-0.0065,91970.34,809.68,0.05,0.0210
14247,-1.45,-1.01,9.48,0.0152,0.0136,-0.0067,91970.34,809.68,0.03,0.0214
14309,-1.45,-1.05,9.58,0.0216,0.0087,-0.0088,91970.34,809.68,0.02,0.0249
14368,-1.43,-1.05,9.49,0.0161,0.0111,-0.0053,91970.34,809.68,0.02,0.0203
14430,-1.48,-1.01,9.49,0.0168,0.0119,-0.0067,91970.34,809.68,0.01,0.0216
14489,-1.47,-0.97,9.49,0.0136,0.0131,-0.0041,91970.34,809.68,0.01,0.0193
14554,-1.46,-1.06,9.50,0.0155,0.0103,-0.0063,91970.34,809.68,0.01,0.0196
14615,-1.43,-1.02,9.46,0.0167,0.0095,-0.0085,91970.52,809.67,-0.07,0.0210
14676,-1.50,-0.99,9.46,0.0168,0.0121,-0.0055,91970.52,809.67,-0.05,0.0214
14737,-1.44,-1.06,9.46,0.0168,0.0124,-0.0060,91970.52,809.67,-0.04,0.0217
14797,-1.40,-1.06,9.41,0.0165,0.0101,-0.0068,91970.52,809.67,-0.03,0.0205
14858,-1.52,-1.03,9.51,0.0191,0.0140,-0.0059,91970.52,809.67,-0.02,0.0244
14919,-1.45,-1.00,9.44,0.0153,0.0119,-0.0047,91970.52,809.67,-0.01,0.0199
14989,-1.49,-1.01,9.41,0.0201,0.0119,-0.0079,91970.52,809.67,-0.01,0.0246
15048,-1.48,-0.99,9.45,0.0157,0.0157,-0.0077,91970.52,809.67,-0.01,0.0235
15110,-1.48,-0.99,9.51,0.0153,0.0093,-0.0040,91970.52,809.67,-0.00,0.0184
15169,-1.41,-1.05,9.43,0.0156,0.0132,-0.0081,91970.52,809.67,-0.00,0.0220
15231,-1.50,-1.00,9.46,0.0168,0.0136,-0.0092,91970.52,809.67,-0.00,0.0235
15290,-1.54,-0.96,9.50,0.0143,0.0115,-0.0071,91970.52,809.67,-0.00,0.0196
15352,-1.44,-1.02,9.55,0.0155,0.0119,-0.0079,91970.52,809.67,-0.00,0.0210
15416,-1.39,-1.00,9.45,0.0141,0.0152,-0.0057,91970.52,809.67,-0.00,0.0215
15477,-1.45,-1.05,9.55,0.0173,0.0120,-0.0084,91970.52,809.67,-0.00,0.0227
15538,-1.47,-1.07,9.57,0.0168,0.0119,-0.0059,91970.52,809.67,-0.00,0.0214
15599,-1.42,-1.03,9.49,0.0147,0.0136,-0.0076,91970.52,809.67,-0.00,0.0214
15660,-1.54,-1.01,9.54,0.0172,0.0143,-0.0036,91970.34,809.68,0.08,0.0226
15720,-1.37,-1.07,9.41,0.0163,0.0149,-0.0065,91970.34,809.68,0.05,0.0230
15781,-1.46,-1.04,9.51,0.0196,0.0115,-0.0057,91970.34,809.68,0.04,0.0234
15844,-1.47,-1.00,9.46,0.0155,0.0141,-0.0067,91970.34,809.68,0.03,0.0220
15906,-1.38,-1.04,9.46,0.0135,0.0121,-0.0052,91970.34,809.68,0.02,0.0188
15965,-1.48,-1.02,9.48,0.0148,0.0141,-0.0069,91970.34,809.68,0.01,0.0216
16027,-1.46,-1.01,9.48,0.0159,0.0116,-0.0065,91970.34,809.68,0.01,0.0207
16086,-1.59,-1.02,9.34,0.0191,0.0112,-0.0073,91970.34,809.68,0.01,0.0233
16148,-1.41,-1.04,9.41,0.0159,0.0160,-0.0057,91970.69,809.65,-0.15,0.0232
16207,-1.51,-1.01,9.57,0.0188,0.0121,-0.0069,91970.69,809.65,-0.10,0.0234
16284,-1.40,-1.04,9.43,0.0148,0.0141,-0.0059,91970.69,809.65,-0.07,0.0213
16343,-1.45,-1.00,9.48,0.0160,0.0120,-0.0053,91970.69,809.65,-0.05,0.0207
16405,-1.48,-1.02,9.45,0.0131,0.0117,-0.0063,91970.69,809.65,-0.03,0.0186
16464,-1.39,-1.06,9.50,0.0163,0.0097,-0.0069,91970.69,809.65,-0.02,0.0202
16526,-1.42,-1.02,9.44,0.0133,0.0148,-0.0061,91970.69,809.65,-0.02,0.0208
16585,-1.47,-0.96,9.44,0.0197,0.0088,-0.0064,91970.69,809.65,-0.01,0.0225
16650,-1.36,-1.10,9.45,0.0177,0.0145,-0.0048,91970.52,809.67,0.06,0.0234
16711,-1.49,-1.02,9.47,0.0176,0.0113,-0.0067,91970.52,809.67,0.04,0.0220
16771,-1.47,-0.98,9.50,0.0160,0.0143,-0.0068,91970.52,809.67,0.03,0.0225
16832,-1.43,-1.02,9.49,0.0152,0.0141,-0.0071,91970.52,809.67,0.02,0.0219
16892,-1.44,-1.02,9.48,0.0140,0.0105,-0.0064,91970.52,809.67,0.01,0.0186
16953,-1.46,-1.02,9.57,0.0159,0.0101,-0.0093,91970.52,809.67,0.01,0.0210
17018,-1.48,-1.07,9.52,0.0143,0.0072,-0.0051,91970.52,809.67,0.01,0.0168
17083,-1.34,-1.01,9.47,0.0157,0.0132,-0.0068,91970.52,809.67,0.01,0.0216
17142,-1.49,-1.01,9.50,0.0144,0.0116,-0.0060,91970.52,809.67,0.00,0.0194
17204,-1.37,-1.06,9.44,0.0165,0.0149,-0.0067,91970.34,809.68,0.08,0.0232
17263,-1.51,-1.03,9.58,0.0175,0.0111,-0.0057,91970.34,809.68,0.06,0.0214
17322,-1.41,-1.03,9.48,0.0140,0.0140,-0.0047,91970.34,809.68,0.04,0.0203
17385,-1.45,-1.02,9.49,0.0145,0.0121,-0.0048,91970.34,809.68,0.03,0.0195
17444,-1.41,-1.04,9.46,0.0145,0.0131,-0.0077,91970.34,809.68,0.02,0.0210
17508,-1.51,-0.98,9.47,0.0156,0.0119,-0.0052,91970.34,809.68,0.01,0.0203
17569,-1.46,-1.01,9.47,0.0148,0.0125,-0.0088,91970.34,809.68,0.01,0.0213
17630,-1.40,-1.05,9.46,0.0168,0.0124,-0.0076,91970.34,809.68,0.01,0.0222
17690,-1.51,-1.02,9.48,0.0144,0.0132,-0.0044,91970.52,809.67,-0.07,0.0200
17751,-1.43,-1.06,9.44,0.0205,0.0111,-0.0073,91970.52,809.67,-0.05,0.0244
17811,-1.46,-1.04,9.47,0.0151,0.0123,-0.0057,91970.52,809.67,-0.04,0.0202
17872,-1.44,-0.98,9.48,0.0151,0.0124,-0.0063,91970.52,809.67,-0.03,0.0205
17935,-1.47,-1.03,9.46,0.0149,0.0136,-0.0053,91970.52,809.67,-0.02,0.0209
17997,-1.43,-1.05,9.52,0.0161,0.0141,-0.0089,91970.52,809.67,-0.01,0.0232
18056,-1.46,-0.98,9.49,0.0167,0.0125,-0.0065,91970.52,809.67,-0.01,0.0218
18118,-1.53,-1.01,9.56,0.0139,0.0119,-0.0071,91970.52,809.67,-0.01,0.0196
18177,-1.38,-1.05,9.43,0.0149,0.0115,-0.0052,91970.34,809.68,0.08,0.0195
18239,-1.46,-1.03,9.51,0.0173,0.0123,-0.0067,91970.34,809.68,0.05,0.0222
18298,-1.42,-0.99,9.39,0.0131,0.0157,-0.0048,91970.34,809.68,0.04,0.0210
18363,-1.46,-1.03,9.49,0.0189,0.0121,-0.0064,91970.34,809.68,0.03,0.0234
18424,-1.42,-1.02,9.46,0.0132,0.0141,-0.0051,91970.34,809.68,0.02,0.0200
18484,-1.50,-0.97,9.51,0.0179,0.0109,-0.0061,91970.34,809.68,0.01,0.0218
18545,-1.44,-1.01,9.43,0.0167,0.0168,-0.0067,91970.34,809.68,0.01,0.0246
18605,-1.43,-1.01,9.48,0.0181,0.0107,-0.0060,91970.34,809.68,0.01,0.0219
18666,-1.50,-0.98,9.44,0.0152,0.0111,-0.0055,91970.34,809.68,0.00,0.0196
18726,-1.49,-1.05,9.50,0.0179,0.0097,-0.0061,91970.31,809.69,0.02,0.0212
18791,-1.44,-1.01,9.51,0.0173,0.0133,-0.0068,91970.31,809.69,0.01,0.0229
18850,-1.45,-1.00,9.50,0.0185,0.0113,-0.0076,91970.31,809.69,0.01,0.0230
18912,-1.44,-1.04,9.46,0.0147,0.0140,-0.0081,91970.31,809.69,0.01,0.0218
18971,-1.41,-1.08,9.45,0.0143,0.0132,-0.0063,91970.31,809.69,0.00,0.0204
19038,-1.49,-0.97,9.45,0.0120,0.0137,-0.0057,91970.31,809.69,0.00,0.0191
19097,-1.47,-1.04,9.47,0.0123,0.0105,-0.0065,91970.31,809.69,0.00,0.0174
19159,-1.40,-1.03,9.49,0.0200,0.0112,-0.0083,91970.31,809.69,0.00,0.0243
19223,-1.47,-0.97,9.51,0.0151,0.0113,-0.0053,91969.98,809.72,0.14,0.0196
19283,-1.45,-1.03,9.47,0.0156,0.0120,-0.0071,91969.98,809.72,0.10,0.0209
19344,-1.44,-1.05,9.46,0.0160,0.0129,-0.0077,91969.98,809.72,0.07,0.0220
19404,-1.40,-0.98,9.41,0.0181,0.0147,-0.0055,91969.98,809.72,0.05,0.0239
19465,-1.52,-1.10,9.38,0.0157,0.0067,-0.0059,91969.98,809.72,0.03,0.0181
19525,-1.40,-1.02,9.44,0.0171,0.0136,-0.0081,91969.98,809.72,0.02,0.0233
19586,-1.50,-1.00,9.40,0.0120,0.0120,-0.0107,91969.98,809.72,0.02,0.0200
19661,-1.38,-0.99,9.45,0.0140,0.0156,-0.0065,91969.98,809.72,0.01,0.0219
19722,-1.48,-1.04,9.51,0.0133,0.0123,-0.0056,91970.14,809.70,-0.06,0.0189
19782,-1.47,-0.98,9.51,0.0160,0.0111,-0.0072,91970.14,809.70,-0.04,0.0207
19843,-1.47,-1.02,9.47,0.0176,0.0096,-0.0063,91970.14,809.70,-0.03,0.0210
19903,-1.43,-0.99,9.41,0.0157,0.0085,-0.0084,91970.14,809.70,-0.02,0.0198
19964,-1.46,-1.00,9.44,0.0195,0.0095,-0.0065,91970.14,809.70,-0.02,0.0226
20024,-1.40,-1.03,9.52,0.0168,0.0139,-0.0044,91970.14,809.70,-0.01,0.0222
20089,-1.43,-1.01,9.51,0.0157,0.0115,-0.0088,91970.14,809.70,-0.01,0.0213
20148,-1.45,-0.98,9.48,0.0132,0.0139,-0.0048,91970.14,809.70,-0.01,0.0197
20210,-1.43,-1.05,9.44,0.0168,0.0107,-0.0047,91970.31,809.69,-0.08,0.0204
20269,-1.39,-1.02,9.46,0.0155,0.0140,-0.0061,91970.31,809.69,-0.05,0.0217
20331,-1.50,-0.99,9.41,0.0156,0.0123,-0.0064,91970.31,809.69,-0.04,0.0208
20390,-1.44,-1.04,9.49,0.0131,0.0141,-0.0077,91970.31,809.69,-0.03,0.0207
20455,-1.39,-1.03,9.46,0.0189,0.0097,-0.0055,91970.31,809.69,-0.02,0.0220
20516,-1.49,-1.00,9.47,0.0160,0.0137,-0.0067,91970.31,809.69,-0.01,0.0221
20576,-1.41,-1.04,9.48,0.0161,0.0119,-0.0072,91970.31,809.69,-0.01,0.0213
20637,-1.42,-1.02,9.52,0.0172,0.0128,-0.0065,91970.31,809.69,-0.01,0.0224
20697,-1.42,-0.98,9.46,0.0181,0.0136,-0.0068,91970.31,809.69,-0.00,0.0236
20758,-1.50,-1.01,9.48,0.0148,0.0128,-0.0051,91970.31,809.69,-0.00,0.0202
20818,-1.43,-1.05,9.43,0.0161,0.0103,-0.0089,91970.31,809.69,-0.00,0.0211
20883,-1.46,-1.02,9.46,0.0159,0.0135,-0.0064,91970.31,809.69,-0.00,0.0218
20942,-1.43,-1.04,9.50,0.0183,0.0123,-0.0063,91970.31,809.69,-0.00,0.0229
21004,-1.43,-1.03,9.48,0.0187,0.0115,-0.0051,91970.31,809.69,-0.00,0.0225
21068,-1.44,-1.03,9.46,0.0144,0.0120,-0.0069,91970.31,809.69,-0.00,0.0200
21130,-1.45,-1.03,9.46,0.0159,0.0097,-0.0040,91970.31,809.69,-0.00,0.0190
21189,-1.41,-1.06,9.38,0.0187,0.0144,-0.0072,91970.31,809.69,-0.00,0.0246
21251,-1.47,-1.00,9.54,0.0218,0.0137,-0.0044,91970.31,809.69,-0.00,0.0262
21315,-1.52,-1.00,9.44,0.0181,0.0125,-0.0059,91970.31,809.69,-0.00,0.0228
21375,-1.39,-1.00,9.47,0.0177,0.0183,-0.0076,91970.31,809.69,-0.00,0.0265
21436,-1.51,-1.02,9.49,0.0168,0.0157,-0.0045,91970.31,809.69,-0.00,0.0234
21496,-1.45,-0.98,9.45,0.0171,0.0165,-0.0047,91970.31,809.69,-0.00,0.0242
21557,-1.45,-1.01,9.48,0.0167,0.0092,-0.0060,91970.31,809.69,-0.00,0.0199
21617,-1.75,-1.13,9.63,0.0258,0.0008,-0.0056,91970.31,809.69,-0.00,0.0265
21678,-1.39,-1.01,9.50,0.0183,0.0076,-0.0063,91970.31,809.69,-0.00,0.0207
21741,-1.52,-1.03,9.46,0.0127,0.0184,-0.0073,91970.48,809.67,-0.07,0.0235
21803,-1.36,-1.01,9.43,0.0180,0.0105,-0.0105,91970.48,809.67,-0.05,0.0233
21862,-1.62,-1.02,9.52,0.0180,0.0092,-0.0065,91970.48,809.67,-0.04,0.0212
21924,-1.34,-1.05,9.49,0.0192,0.0108,-0.0057,91970.48,809.67,-0.03,0.0227
21983,-1.48,-1.03,9.55,0.0183,0.0133,-0.0069,91970.48,809.67,-0.02,0.0236
22045,-1.43,-1.02,9.46,0.0163,0.0121,-0.0063,91970.48,809.67,-0.01,0.0212
22104,-1.47,-1.00,9.45,0.0133,0.0121,-0.0056,91970.48,809.67,-0.01,0.0189
22169,-1.43,-1.02,9.48,0.0184,0.0097,-0.0079,91970.48,809.67,-0.01,0.0222
22230,-1.45,-0.98,9.48,0.0152,0.0135,-0.0052,91970.48,809.69,0.07,0.0209
22290,-1.44,-0.97,9.49,0.0151,0.0115,-0.0068,91970.31,809.69,0.05,0.0201
22351,-1.43,-1.04,9.50,0.0179,0.0116,-0.0061,91970.31,809.69,0.04,0.0222
22411,-1.45,-1.02,9.49,0.0181,0.0112,-0.0048,91970.31,809.69,0.03,0.0218
22472,-1.51,-1.00,9.49,0.0163,0.0121,-0.0052,91970.31,809.69,0.02,0.0209
22532,-1.37,-0.97,9.26,0.0125,0.0181,-0.0045,91970.31,809.69,0.01,0.0225
22597,-1.40,-1.06,9.48,0.0159,0.0097,-0.0049,91970.31,809.69,0.01,0.0192
22656,-1.45,-1.00,9.51,0.0159,0.0137,-0.0068,91970.31,809.69,0.01,0.0220
22718,-1.46,-1.07,9.44,0.0149,0.0139,-0.0061,91970.31,809.69,0.00,0.0213
22777,-1.48,-0.96,9.47,0.0132,0.0100,-0.0083,91970.48,809.67,-0.08,0.0185
22839,-1.49,-0.97,9.48,0.0117,0.0105,-0.0039,91970.48,809.67,-0.05,0.0162
22898,-1.48,-1.02,9.45,0.0179,0.0131,-0.0056,91970.48,809.67,-0.04,0.0228
22960,-1.46,-1.02,9.49,0.0167,0.0133,-0.0063,91970.48,809.67,-0.03,0.0222
23035,-1.46,-1.01,9.46,0.0179,0.0131,-0.0083,91970.48,809.67,-0.02,0.0236
23103,-1.48,-1.06,9.45,0.0153,0.0125,-0.0061,91970.48,809.67,-0.01,0.0207
23163,-1.45,-1.02,9.47,0.0148,0.0127,-0.0077,91970.48,809.67,-0.01,0.0209
23226,-1.43,-1.05,9.45,0.0148,0.0151,-0.0059,91970.48,809.67,-0.01,0.0219
23286,-1.45,-1.01,9.49,0.0179,0.0151,-0.0063,91970.62,809.66,-0.07,0.0242
23349,-1.53,-0.97,9.48,0.0151,0.0109,-0.0079,91970.62,809.66,-0.05,0.0202
23414,-1.46,-1.03,9.44,0.0175,0.0128,-0.0073,91970.62,809.66,-0.03,0.0228
23474,-1.46,-1.04,9.48,0.0143,0.0105,-0.0072,91970.62,809.66,-0.02,0.0191
23535,-1.49,-1.00,9.51,0.0157,0.0117,-0.0048,91970.62,809.66,-0.02,0.0202
23595,-1.42,-1.04,9.50,0.0168,0.0103,-0.0065,91970.62,809.66,-0.01,0.0207
23656,-1.46,-1.02,9.45,0.0155,0.0112,-0.0071,91970.62,809.66,-0.01,0.0203
23716,-1.47,-0.97,9.49,0.0155,0.0117,-0.0052,91970.62,809.66,-0.01,0.0201
23777,-1.39,-1.03,9.46,0.0167,0.0125,-0.0055,91970.60,809.66,0.01,0.0215
23840,-1.49,-1.01,9.49,0.0155,0.0124,-0.0077,91970.60,809.66,0.00,0.0213
23902,-1.40,-1.01,9.47,0.0140,0.0132,-0.0065,91970.60,809.66,0.00,0.0203
23961,-1.49,-1.03,9.49,0.0148,0.0133,-0.0077,91970.60,809.66,0.00,0.0214
24023,-1.39,-1.03,9.45,0.0179,0.0107,-0.0053,91970.60,809.66,0.00,0.0215
24082,-1.49,-0.97,9.53,0.0163,0.0131,-0.0049,91970.60,809.66,0.00,0.0214
24144,-1.40,-1.03,9.47,0.0149,0.0109,-0.0079,91970.60,809.66,0.00,0.0201
24203,-1.42,-1.01,9.46,0.0148,0.0119,-0.0083,91970.60,809.66,0.00,0.0207
24268,-1.49,-1.01,9.47,0.0147,0.0109,-0.0064,91970.77,809.65,-0.07,0.0194
24329,-1.49,-1.04,9.49,0.0159,0.0108,-0.0072,91970.77,809.65,-0.05,0.0205
24389,-1.43,-1.05,9.45,0.0180,0.0120,-0.0057,91970.77,809.65,-0.03,0.0224
24450,-1.45,-1.02,9.47,0.0168,0.0148,-0.0031,91970.77,809.65,-0.02,0.0226
24510,-1.47,-1.04,9.46,0.0148,0.0127,-0.0051,91970.77,809.65,-0.02,0.0201
24571,-1.44,-1.08,9.46,0.0176,0.0144,-0.0068,91970.77,809.65,-0.01,0.0237
24631,-1.44,-1.02,9.48,0.0168,0.0152,-0.0043,91970.77,809.65,-0.01,0.0230
24696,-1.48,-0.98,9.48,0.0152,0.0091,-0.0043,91970.77,809.65,-0.01,0.0182
24755,-1.41,-1.03,9.48,0.0143,0.0148,-0.0081,91970.77,809.65,-0.00,0.0221
24817,-1.49,-1.00,9.54,0.0151,0.0119,-0.0073,91970.77,809.65,-0.00,0.0205
24876,-1.44,-0.98,9.47,0.0152,0.0140,-0.0067,91970.77,809.65,-0.00,0.0217
24938,-1.46,-1.05,9.46,0.0152,0.0127,-0.0048,91970.77,809.65,-0.00,0.0203
24997,-1.40,-1.06,9.48,0.0193,0.0095,-0.0060,91970.77,809.65,-0.00,0.0223
25059,-1.48,-0.99,9.48,0.0183,0.0135,-0.0087,91970.77,809.65,-0.00,0.0243
25128,-1.41,-1.04,9.47,0.0168,0.0131,-0.0065,91970.77,809.65,-0.00,0.0222
25188,-1.43,-1.04,9.48,0.0163,0.0141,-0.0065,91970.77,809.65,-0.00,0.0225
25249,-1.43,-1.03,9.52,0.0153,0.0128,-0.0077,91970.77,809.65,-0.00,0.0214
25309,-1.43,-1.07,9.45,0.0148,0.0100,-0.0068,91970.44,809.68,0.15,0.0191
25370,-1.40,-1.02,9.46,0.0157,0.0116,-0.0073,91970.44,809.68,0.10,0.0209
25430,-1.49,-1.01,9.46,0.0143,0.0120,-0.0059,91970.44,809.68,0.07,0.0195
25491,-1.44,-1.05,9.48,0.0128,0.0143,-0.0060,91970.44,809.68,0.05,0.0201
25554,-1.42,-1.03,9.43,0.0168,0.0111,-0.0079,91970.44,809.68,0.04,0.0216
25616,-1.47,-0.99,9.48,0.0157,0.0124,-0.0065,91970.44,809.68,0.03,0.0211
25675,-1.50,-1.00,9.45,0.0161,0.0108,-0.0059,91970.44,809.68,0.02,0.0203
25737,-1.41,-1.04,9.47,0.0164,0.0097,-0.0071,91970.44,809.68,0.01,0.0203
25796,-1.44,-1.04,9.51,0.0173,0.0120,-0.0083,91970.60,809.66,-0.07,0.0226
25858,-1.46,-1.01,9.49,0.0141,0.0129,-0.0064,91970.60,809.66,-0.05,0.0202
25917,-1.40,-1.07,9.49,0.0168,0.0132,-0.0061,91970.60,809.66,-0.03,0.0222
25982,-1.45,-1.02,9.48,0.0175,0.0105,-0.0069,91970.60,809.66,-0.02,0.0215
26043,-1.47,-0.97,9.49,0.0172,0.0135,-0.0056,91970.60,809.66,-0.02,0.0225
26103,-1.42,-1.07,9.48,0.0176,0.0124,-0.0025,91970.60,809.66,-0.01,0.0217
26164,-1.46,-1.05,9.51,0.0147,0.0131,-0.0053,91970.60,809.66,-0.01,0.0203
26224,-1.48,-0.98,9.51,0.0124,0.0143,-0.0073,91970.60,809.66,-0.01,0.0203
26285,-1.43,-1.00,9.47,0.0159,0.0143,-0.0068,91970.60,809.66,-0.00,0.0224
26360,-1.47,-1.00,9.48,0.0179,0.0097,-0.0051,91970.77,809.65,-0.06,0.0210
26421,-1.48,-0.99,9.44,0.0141,0.0081,-0.0109,91970.77,809.65,-0.04,0.0196
26481,-1.42,-1.06,9.46,0.0163,0.0093,-0.0059,91970.77,809.65,-0.03,0.0196
26542,-1.35,-0.94,9.32,0.0135,0.0116,-0.0056,91970.77,809.65,-0.02,0.0186
26602,-1.48,-0.99,9.44,0.0161,0.0116,-0.0065,91970.77,809.65,-0.01,0.0209
26663,-1.43,-1.08,9.48,0.0148,0.0145,-0.0057,91970.77,809.65,-0.01,0.0215
26723,-1.45,-1.02,9.47,0.0181,0.0125,-0.0065,91970.77,809.65,-0.01,0.0230
26788,-1.50,-1.01,9.47,0.0152,0.0140,-0.0064,91970.77,809.65,-0.01,0.0216
26847,-1.41,-1.01,9.44,0.0172,0.0105,-0.0067,91970.77,809.65,-0.00,0.0212
26909,-1.47,-1.04,9.59,0.0175,0.0117,-0.0068,91970.77,809.65,-0.00,0.0221
26968,-1.46,-0.98,9.51,0.0137,0.0100,-0.0080,91970.77,809.65,-0.00,0.0188
27030,-1.42,-1.06,9.47,0.0156,0.0137,-0.0080,91970.77,809.65,-0.00,0.0223
27089,-1.38,-1.06,9.48,0.0164,0.0128,-0.0064,91970.77,809.65,-0.00,0.0217
27156,-1.46,-1.02,9.50,0.0161,0.0120,-0.0083,91970.77,809.65,-0.00,0.0217
27220,-1.41,-1.05,9.50,0.0184,0.0125,-0.0076,91970.77,809.65,-0.00,0.0235
27280,-1.43,-1.01,9.41,0.0175,0.0140,-0.0069,91970.77,809.65,-0.00,0.0234
27341,-1.52,-1.00,9.47,0.0191,0.0099,-0.0047,91970.60,809.66,0.07,0.0220
27401,-1.45,-1.04,9.45,0.0176,0.0136,-0.0075,91970.60,809.66,0.05,0.0234
27462,-1.51,-1.02,9.51,0.0196,0.0100,-0.0065,91970.60,809.66,0.04,0.0229
27522,-1.46,-0.98,9.45,0.0159,0.0144,-0.0076,91970.60,809.66,0.02,0.0227
27583,-1.46,-1.01,9.46,0.0147,0.0117,-0.0072,91970.60,809.66,0.02,0.0201
27646,-1.44,-1.02,9.50,0.0171,0.0127,-0.0072,91970.60,809.66,0.01,0.0224
27708,-1.48,-1.01,9.49,0.0140,0.0099,-0.0039,91970.60,809.66,0.01,0.0175
27767,-1.49,-1.01,9.49,0.0147,0.0085,-0.0077,91970.60,809.66,0.01,0.0186
27829,-1.41,-1.05,9.43,0.0152,0.0135,-0.0057,91970.91,809.63,-0.13,0.0211
27888,-1.49,-1.01,9.50,0.0148,0.0076,-0.0068,91970.91,809.63,-0.09,0.0180
27950,-1.42,-1.05,9.48,0.0143,0.0156,-0.0065,91970.91,809.63,-0.06,0.0221
28009,-1.42,-1.04,9.48,0.0181,0.0117,-0.0055,91970.91,809.63,-0.04,0.0223
28074,-1.47,-0.99,9.50,0.0144,0.0167,-0.0077,91970.91,809.63,-0.03,0.0233
28135,-1.43,-1.05,9.49,0.0152,0.0104,-0.0057,91970.91,809.63,-0.02,0.0193
28195,-1.44,-1.03,9.53,0.0157,0.0121,-0.0044,91970.91,809.63,-0.01,0.0203
28256,-1.42,-1.02,9.52,0.0136,0.0089,-0.0057,91970.91,809.63,-0.01,0.0172
28316,-1.48,-0.96,9.48,0.0145,0.0100,-0.0077,91970.91,809.63,-0.01,0.0192
28377,-1.40,-1.04,9.45,0.0129,0.0104,-0.0071,91971.08,809.62,-0.08,0.0180
28437,-1.41,-1.00,9.49,0.0171,0.0117,-0.0051,91971.08,809.62,-0.06,0.0213
28502,-1.47,-1.00,9.50,0.0161,0.0099,-0.0044,91971.08,809.62,-0.04,0.0194
28561,-1.48,-1.04,9.51,0.0168,0.0091,-0.0079,91971.08,809.62,-0.03,0.0206
28623,-1.37,-1.05,9.46,0.0143,0.0153,-0.0055,91971.08,809.62,-0.02,0.0216
28682,-1.50,-1.00,9.55,0.0172,0.0103,-0.0056,91971.08,809.62,-0.01,0.0208
28744,-1.38,-1.04,9.45,0.0168,0.0117,-0.0052,91971.08,809.62,-0.01,0.0211
28803,-1.48,-1.04,9.54,0.0183,0.0091,-0.0068,91971.08,809.62,-0.01,0.0215
28868,-1.44,-1.00,9.45,0.0148,0.0120,-0.0060,91970.74,809.65,0.14,0.0200
28929,-1.44,-1.03,9.49,0.0168,0.0144,-0.0044,91970.74,809.65,0.10,0.0225
28989,-1.42,-1.02,9.44,0.0177,0.0143,-0.0065,91970.74,809.65,0.07,0.0237
29050,-1.50,-0.99,9.47,0.0201,0.0113,-0.0059,91970.74,809.65,0.05,0.0238
29110,-1.47,-1.02,9.47,0.0144,0.0112,-0.0049,91970.74,809.65,0.03,0.0189
29176,-1.42,-1.01,9.45,0.0167,0.0141,-0.0085,91970.74,809.65,0.02,0.0234
29236,-1.52,-1.02,9.53,0.0129,0.0120,-0.0053,91970.74,809.65,0.02,0.0184
29301,-1.43,-1.03,9.46,0.0145,0.0156,-0.0065,91970.74,809.65,0.01,0.0223
29360,-1.45,-1.02,9.43,0.0180,0.0120,-0.0080,91970.74,809.65,0.01,0.0230
29422,-1.51,-0.95,9.52,0.0155,0.0113,-0.0048,91970.74,809.65,0.01,0.0198
29481,-1.40,-1.03,9.45,0.0183,0.0060,-0.0048,91970.74,809.65,0.00,0.0198
29543,-1.42,-1.05,9.55,0.0152,0.0109,-0.0077,91970.74,809.65,0.00,0.0202
29602,-1.30,-1.03,9.44,0.0159,0.0109,-0.0053,91970.74,809.65,0.00,0.0200
29664,-1.56,-1.01,9.53,0.0163,0.0103,-0.0061,91970.74,809.65,0.00,0.0202
29737,-1.44,-1.03,9.47,0.0155,0.0147,-0.0068,91970.74,809.65,0.00,0.0224
29799,-1.49,-1.00,9.48,0.0181,0.0101,-0.0056,91970.74,809.65,0.00,0.0215
29858,-1.42,-1.06,9.47,0.0157,0.0155,-0.0093,91970.74,809.65,0.00,0.0239
29920,-1.41,-1.02,9.44,0.0163,0.0092,-0.0061,91970.74,809.65,0.00,0.0197
29979,-1.51,-0.98,9.52,0.0140,0.0145,-0.0053,91970.74,809.65,0.00,0.0209
30041,-1.39,-1.03,9.47,0.0157,0.0124,-0.0045,91970.74,809.65,0.00,0.0205
30100,-1.46,-1.06,9.46,0.0164,0.0121,-0.0075,91970.74,809.65,0.00,0.0217
30165,-1.41,-0.94,9.48,0.0133,0.0159,-0.0065,91970.74,809.65,0.00,0.0217
30226,-1.49,-1.03,9.48,0.0124,0.0128,-0.0057,91970.74,809.65,0.00,0.0187
30286,-1.44,-1.04,9.45,0.0143,0.0127,-0.0065,91970.74,809.65,0.00,0.0202
30347,-1.45,-1.04,9.53,0.0168,0.0112,-0.0084,91970.74,809.65,0.00,0.0219
30407,-1.47,-0.98,9.50,0.0141,0.0083,-0.0044,91970.74,809.65,0.00,0.0169
30468,-1.41,-1.01,9.46,0.0153,0.0129,-0.0063,91970.74,809.65,0.00,0.0210
30528,-1.40,-1.00,9.47,0.0143,0.0153,-0.0048,91970.74,809.65,0.00,0.0215
30593,-1.45,-0.98,9.46,0.0164,0.0135,-0.0067,91970.74,809.65,0.00,0.0222
30652,-1.42,-1.01,9.52,0.0156,0.0109,-0.0061,91970.74,809.65,0.00,0.0200
30714,-1.42,-1.02,9.51,0.0145,0.0117,-0.0064,91970.74,809.65,0.00,0.0197
30773,-1.48,-1.00,9.50,0.0149,0.0105,-0.0069,91970.74,809.65,0.00,0.0195
30835,-1.43,-1.04,9.42,0.0149,0.0131,-0.0045,91970.74,809.65,0.00,0.0203
30894,-1.43,-1.02,9.46,0.0165,0.0153,-0.0044,91970.72,809.65,0.01,0.0230
30956,-1.45,-0.99,9.49,0.0175,0.0128,-0.0063,91970.72,809.65,0.01,0.0225
31019,-1.40,-1.04,9.49,0.0131,0.0115,-0.0045,91970.72,809.65,0.00,0.0180
31079,-1.44,-1.06,9.48,0.0180,0.0120,-0.0056,91970.72,809.65,0.00,0.0223
31140,-1.42,-1.02,9.46,0.0151,0.0133,-0.0064,91970.72,809.65,0.00,0.0211
31205,-1.47,-1.03,9.47,0.0144,0.0125,-0.0037,91970.72,809.65,0.00,0.0194
31265,-1.41,-1.02,9.49,0.0164,0.0119,-0.0057,91970.72,809.65,0.00,0.0210
31325,-1.47,-0.99,9.49,0.0124,0.0096,-0.0056,91970.72,809.65,0.00,0.0166
31386,-1.46,-1.04,9.48,0.0136,0.0123,-0.0064,91970.88,809.64,-0.07,0.0194
31449,-1.42,-1.09,9.49,0.0157,0.0131,-0.0057,91970.88,809.64,-0.05,0.0212
31511,-1.46,-1.00,9.49,0.0175,0.0129,-0.0056,91970.88,809.64,-0.03,0.0224
31570,-1.49,-1.00,9.47,0.0165,0.0107,-0.0044,91970.88,809.64,-0.02,0.0201
31629,-1.43,-1.07,9.46,0.0161,0.0125,-0.0056,91970.88,809.64,-0.02,0.0212
31708,-1.45,-1.01,9.49,0.0144,0.0149,-0.0079,91970.88,809.64,-0.01,0.0222
31783,-1.43,-1.02,9.48,0.0184,0.0125,-0.0088,91970.88,809.64,-0.01,0.0239
31857,-1.44,-1.03,9.49,0.0151,0.0131,-0.0064,91970.88,809.64,-0.01,0.0209
31971,-1.44,-0.99,9.49,0.0164,0.0120,-0.0075,91971.03,809.62,-0.04,0.0216
32032,-1.43,-1.00,9.46,0.0165,0.0135,-0.0071,91971.03,809.62,-0.03,0.0224
32092,-1.42,-1.02,9.45,0.0168,0.0123,-0.0056,91971.03,809.62,-0.02,0.0215
32153,-1.41,-1.00,9.46,0.0173,0.0117,-0.0051,91971.03,809.62,-0.01,0.0215
32213,-1.43,-0.99,9.50,0.0145,0.0139,-0.0073,91971.03,809.62,-0.01,0.0214
32274,-1.43,-1.03,9.47,0.0180,0.0124,-0.0060,91971.03,809.62,-0.01,0.0226
32334,-1.41,-1.06,9.49,0.0176,0.0101,-0.0060,91971.03,809.62,-0.00,0.0212
32399,-1.46,-1.00,9.48,0.0168,0.0123,-0.0040,91970.86,809.64,0.07,0.0212
32458,-1.44,-1.02,9.49,0.0151,0.0115,-0.0081,91970.86,809.64,0.05,0.0206
32520,-1.41,-1.03,9.47,0.0145,0.0107,-0.0061,91970.86,809.64,0.03,0.0190
32579,-1.46,-1.02,9.45,0.0172,0.0112,-0.0087,91970.86,809.64,0.02,0.0223
32641,-1.43,-1.00,9.44,0.0141,0.0125,-0.0071,91970.86,809.64,0.02,0.0202
32700,-1.42,-1.02,9.46,0.0156,0.0124,-0.0075,91970.86,809.64,0.01,0.0213
32765,-1.46,-1.02,9.48,0.0155,0.0153,-0.0069,91970.86,809.64,0.01,0.0228
32826,-1.49,-1.03,9.50,0.0160,0.0115,-0.0075,91970.86,809.64,0.01,0.0210
32886,-1.45,-1.06,9.46,0.0157,0.0117,-0.0055,91970.86,809.64,0.00,0.0204
32947,-1.44,-0.99,9.48,0.0156,0.0133,-0.0048,91970.69,809.65,0.08,0.0211
33007,-1.46,-0.99,9.50,0.0157,0.0123,-0.0057,91970.69,809.65,0.06,0.0207
33068,-1.43,-1.03,9.50,0.0156,0.0108,-0.0079,91970.69,809.65,0.04,0.0205
33128,-1.45,-1.04,9.48,0.0165,0.0128,-0.0073,91970.69,809.65,0.03,0.0221
33208,-1.40,-1.06,9.47,0.0149,0.0116,-0.0051,91970.69,809.65,0.02,0.0196
33268,-1.44,-1.03,9.48,0.0143,0.0103,-0.0065,91970.69,809.65,0.01,0.0187
33329,-1.46,-0.96,9.50,0.0144,0.0132,-0.0077,91970.69,809.65,0.01,0.0210
33389,-1.47,-1.02,9.47,0.0161,0.0125,-0.0072,91970.69,809.65,0.01,0.0216
33450,-1.41,-1.02,9.45,0.0168,0.0140,-0.0067,91970.69,809.65,0.00,0.0228
33510,-1.43,-1.01,9.48,0.0168,0.0119,-0.0039,91970.69,809.65,0.00,0.0209
33571,-1.50,-0.99,9.49,0.0157,0.0139,-0.0017,91970.69,809.65,0.00,0.0210
33634,-1.42,-1.08,9.47,0.0151,0.0145,-0.0084,91970.69,809.65,0.00,0.0225
33696,-1.45,-1.02,9.47,0.0176,0.0127,-0.0061,91970.69,809.65,0.00,0.0225
33755,-1.45,-1.00,9.49,0.0155,0.0131,-0.0043,91970.69,809.65,0.00,0.0207
33817,-1.41,-1.06,9.47,0.0149,0.0124,-0.0073,91970.69,809.65,0.00,0.0207
33876,-1.40,-1.02,9.49,0.0173,0.0121,-0.0047,91970.69,809.65,0.00,0.0216
33938,-1.44,-0.96,9.48,0.0140,0.0115,-0.0071,91970.86,809.64,-0.08,0.0194
33997,-1.45,-1.04,9.49,0.0163,0.0101,-0.0041,91970.86,809.64,-0.05,0.0196
34062,-1.44,-1.04,9.46,0.0184,0.0084,-0.0055,91970.86,809.64,-0.04,0.0209
34123,-1.46,-0.98,9.51,0.0149,0.0112,-0.0081,91970.86,809.64,-0.03,0.0203
34183,-1.42,-1.02,9.48,0.0152,0.0120,-0.0060,91970.86,809.64,-0.02,0.0203
34244,-1.44,-1.06,9.45,0.0168,0.0112,-0.0053,91970.86,809.64,-0.01,0.0209
34304,-1.45,-1.02,9.48,0.0153,0.0143,-0.0071,91970.86,809.64,-0.01,0.0221
34365,-1.46,-1.02,9.50,0.0173,0.0131,-0.0057,91970.86,809.64,-0.01,0.0224
34425,-1.39,-1.07,9.45,0.0175,0.0103,-0.0064,91970.86,809.64,-0.00,0.0212
34490,-1.48,-0.97,9.48,0.0161,0.0092,-0.0047,91970.83,809.64,0.01,0.0191
34549,-1.48,-0.97,9.50,0.0180,0.0116,-0.0053,91970.83,809.64,0.01,0.0221
34611,-1.44,-1.04,9.47,0.0187,0.0136,-0.0056,91970.83,809.64,0.01,0.0237
34670,-1.42,-1.02,9.47,0.0168,0.0121,-0.0059,91970.83,809.64,0.00,0.0215
34732,-1.47,-0.98,9.51,0.0155,0.0128,-0.0072,91970.83,809.64,0.00,0.0213
34791,-1.41,-1.02,9.46,0.0155,0.0133,-0.0029,91970.83,809.64,0.00,0.0206
34853,-1.42,-1.02,9.47,0.0184,0.0137,-0.0095,91970.83,809.64,0.00,0.0248
34917,-1.43,-0.99,9.50,0.0125,0.0129,-0.0068,91970.83,809.64,0.00,0.0192
34977,-1.45,-1.05,9.48,0.0192,0.0127,-0.0044,91970.83,809.64,0.00,0.0234
35038,-1.44,-1.05,9.46,0.0156,0.0108,-0.0060,91970.83,809.64,0.00,0.0199
35098,-1.45,-0.97,9.48,0.0179,0.0109,-0.0056,91970.83,809.64,0.00,0.0217
35159,-1.47,-1.01,9.51,0.0159,0.0121,-0.0040,91970.83,809.64,0.00,0.0204
35224,-1.41,-1.03,9.47,0.0133,0.0124,-0.0059,91970.83,809.64,0.00,0.0191
35285,-1.45,-1.00,9.50,0.0168,0.0140,-0.0073,91970.83,809.64,0.00,0.0230
35348,-1.44,-1.02,9.47,0.0168,0.0109,-0.0067,91970.83,809.64,0.00,0.0211
35410,-1.41,-1.04,9.46,0.0153,0.0129,-0.0063,91970.83,809.64,0.00,0.0210
35469,-1.47,-1.01,9.47,0.0176,0.0143,-0.0077,91971.17,809.61,-0.16,0.0239
35531,-1.47,-0.99,9.47,0.0155,0.0107,-0.0049,91971.17,809.61,-0.11,0.0194
35590,-1.41,-1.04,9.47,0.0133,0.0113,-0.0064,91971.17,809.61,-0.08,0.0186
35652,-1.42,-1.06,9.48,0.0145,0.0133,-0.0057,91971.17,809.61,-0.06,0.0205
35711,-1.47,-1.00,9.50,0.0160,0.0116,-0.0064,91971.17,809.61,-0.04,0.0208
35776,-1.43,-1.04,9.48,0.0184,0.0115,-0.0055,91971.17,809.61,-0.03,0.0223
35837,-1.44,-1.03,9.48,0.0175,0.0111,-0.0060,91971.17,809.61,-0.02,0.0215
35897,-1.46,-0.99,9.50,0.0177,0.0119,-0.0069,91971.17,809.61,-0.01,0.0224
35958,-1.42,-1.05,9.52,0.0152,0.0121,-0.0063,91971.00,809.63,0.07,0.0204
36018,-1.39,-1.05,9.46,0.0179,0.0115,-0.0079,91971.00,809.63,0.05,0.0226
36079,-1.48,-0.99,9.50,0.0164,0.0128,-0.0063,91971.00,809.63,0.03,0.0217
36139,-1.44,-1.03,9.47,0.0147,0.0127,-0.0043,91971.00,809.63,0.02,0.0198
36204,-1.43,-1.05,9.48,0.0168,0.0120,-0.0080,91971.00,809.63,0.02,0.0221
36263,-1.47,-0.99,9.49,0.0171,0.0116,-0.0093,91971.00,809.63,0.01,0.0226
36325,-1.47,-1.03,9.48,0.0149,0.0109,-0.0059,91971.00,809.63,0.01,0.0194
36384,-1.42,-1.04,9.51,0.0165,0.0136,-0.0052,91971.00,809.63,0.01,0.0220
36446,-1.42,-1.01,9.49,0.0179,0.0113,-0.0059,91971.00,809.63,0.00,0.0219
36505,-1.48,-0.99,9.46,0.0173,0.0116,-0.0059,91970.83,809.64,0.08,0.0216
36567,-1.42,-1.06,9.51,0.0153,0.0085,-0.0069,91970.83,809.64,0.06,0.0189
36640,-1.48,-0.97,9.48,0.0143,0.0125,-0.0043,91970.83,809.64,0.04,0.0194
36702,-1.41,-1.04,9.47,0.0148,0.0125,-0.0076,91970.83,809.64,0.03,0.0208
36761,-1.43,-1.03,9.49,0.0185,0.0115,-0.0085,91970.83,809.64,0.02,0.0234
36823,-1.46,-1.02,9.47,0.0149,0.0127,-0.0055,91970.83,809.64,0.01,0.0203
36882,-1.43,-1.01,9.45,0.0156,0.0129,-0.0067,91970.83,809.64,0.01,0.0213
36944,-1.41,-1.03,9.47,0.0161,0.0115,-0.0048,91970.83,809.64,0.01,0.0204
37008,-1.46,-0.99,9.46,0.0179,0.0132,-0.0060,91970.62,809.66,0.09,0.0230
37068,-1.43,-1.01,9.46,0.0168,0.0108,-0.0049,91970.62,809.66,0.06,0.0206
37129,-1.43,-1.06,9.48,0.0177,0.0131,-0.0063,91970.62,809.66,0.04,0.0229
37189,-1.42,-0.98,9.46,0.0187,0.0101,-0.0072,91970.62,809.66,0.03,0.0224
37255,-1.42,-1.04,9.49,0.0167,0.0112,-0.0055,91970.62,809.66,0.02,0.0208
37315,-1.43,-1.07,9.46,0.0157,0.0127,-0.0067,91970.62,809.66,0.01,0.0213
37376,-1.39,-1.01,9.49,0.0161,0.0132,-0.0071,91970.62,809.66,0.01,0.0220
37439,-1.44,-1.04,9.49,0.0155,0.0129,-0.0084,91970.62,809.66,0.01,0.0218
37501,-1.40,-1.03,9.47,0.0168,0.0129,-0.0073,91970.97,809.63,-0.14,0.0224
37560,-1.45,-1.00,9.49,0.0184,0.0112,-0.0043,91970.97,809.63,-0.10,0.0219
37622,-1.43,-0.98,9.48,0.0155,0.0096,-0.0055,91970.97,809.63,-0.07,0.0190
37681,-1.41,-1.03,9.50,0.0176,0.0116,-0.0063,91970.97,809.63,-0.05,0.0220
37743,-1.42,-1.03,9.49,0.0183,0.0119,-0.0084,91970.97,809.63,-0.03,0.0233
37802,-1.49,-0.97,9.49,0.0181,0.0123,-0.0072,91970.97,809.63,-0.02,0.0230
37867,-1.42,-1.04,9.46,0.0155,0.0120,-0.0052,91970.97,809.63,-0.02,0.0202
37928,-1.47,-1.00,9.47,0.0168,0.0112,-0.0064,91970.97,809.63,-0.01,0.0212
37988,-1.46,-0.99,9.48,0.0167,0.0109,-0.0059,91970.95,809.63,0.00,0.0208
38049,-1.46,-1.05,9.47,0.0153,0.0123,-0.0045,91970.95,809.63,0.00,0.0201
38109,-1.40,-1.07,9.45,0.0173,0.0153,-0.0043,91970.95,809.63,0.00,0.0235
38170,-1.45,-0.97,9.47,0.0153,0.0155,-0.0071,91970.95,809.63,0.00,0.0229
38230,-1.46,-0.98,9.48,0.0159,0.0120,-0.0044,91970.95,809.63,0.00,0.0204
38295,-1.41,-1.05,9.48,0.0151,0.0129,-0.0048,91970.95,809.63,0.00,0.0204
38354,-1.44,-0.98,9.49,0.0140,0.0128,-0.0053,91970.95,809.63,0.00,0.0197
38416,-1.45,-1.00,9.46,0.0149,0.0124,-0.0059,91970.95,809.63,0.00,0.0203
38475,-1.40,-1.04,9.45,0.0155,0.0123,-0.0053,91970.95,809.63,0.00,0.0204
38537,-1.42,-1.03,9.49,0.0156,0.0145,-0.0057,91970.95,809.63,0.00,0.0221
38596,-1.44,-0.98,9.49,0.0128,0.0115,-0.0051,91970.95,809.63,0.00,0.0179
38658,-1.43,-1.04,9.48,0.0173,0.0113,-0.0055,91970.95,809.63,0.00,0.0214
38722,-1.42,-1.03,9.49,0.0168,0.0123,-0.0064,91970.95,809.63,0.00,0.0217
38783,-1.46,-0.98,9.48,0.0167,0.0136,-0.0055,91970.95,809.63,0.00,0.0222
38844,-1.41,-1.03,9.47,0.0136,0.0141,-0.0061,91970.95,809.63,0.00,0.0205
38904,-1.42,-1.05,9.47,0.0161,0.0117,-0.0059,91970.95,809.63,0.00,0.0208
38965,-1.47,-0.98,9.49,0.0201,0.0117,-0.0051,91970.95,809.63,0.00,0.0238
39025,-1.49,-1.02,9.47,0.0159,0.0141,-0.0067,91971.28,809.60,-0.15,0.0223
39086,-1.41,-1.04,9.45,0.0168,0.0104,-0.0071,91971.28,809.60,-0.11,0.0210
39149,-1.47,-1.01,9.47,0.0156,0.0103,-0.0064,91971.28,809.60,-0.07,0.0197
39211,-1.47,-1.00,9.45,0.0152,0.0116,-0.0069,91971.28,809.60,-0.05,0.0203
39275,-1.41,-1.02,9.45,0.0179,0.0111,-0.0057,91971.28,809.60,-0.04,0.0218
39337,-1.47,-1.00,9.46,0.0159,0.0143,-0.0061,91971.28,809.60,-0.03,0.0222
39396,-1.45,-1.02,9.51,0.0172,0.0140,-0.0043,91971.28,809.60,-0.02,0.0226
39458,-1.42,-1.11,9.46,0.0151,0.0161,-0.0047,91971.28,809.60,-0.01,0.0225
39517,-1.45,-1.01,9.50,0.0143,0.0141,-0.0057,91971.25,809.60,0.01,0.0209
39582,-1.44,-1.02,9.48,0.0131,0.0105,-0.0056,91971.25,809.60,0.00,0.0177
39643,-1.42,-1.05,9.49,0.0177,0.0099,-0.0067,91971.25,809.60,0.00,0.0213
39703,-1.45,-1.05,9.47,0.0177,0.0123,-0.0057,91971.25,809.60,0.00,0.0223
39764,-1.46,-1.00,9.47,0.0149,0.0107,-0.0057,91971.25,809.60,0.00,0.0192
39824,-1.44,-1.01,9.45,0.0137,0.0121,-0.0069,91971.25,809.60,0.00,0.0196
39885,-1.40,-1.05,9.48,0.0163,0.0112,-0.0072,91971.25,809.60,0.00,0.0210
39945,-1.45,-0.98,9.51,0.0157,0.0128,-0.0056,91971.25,809.60,0.00,0.0210
40021,-1.40,-1.02,9.47,0.0131,0.0147,-0.0071,91971.25,809.60,0.00,0.0209
40081,-1.43,-0.99,9.47,0.0183,0.0120,-0.0063,91971.25,809.60,0.00,0.0227
40142,-1.47,-1.02,9.48,0.0161,0.0116,-0.0052,91971.25,809.60,0.00,0.0205
40202,-1.46,-1.02,9.45,0.0173,0.0105,-0.0048,91971.25,809.60,0.00,0.0208
40263,-1.43,-0.99,9.47,0.0177,0.0123,-0.0068,91971.25,809.60,0.00,0.0226
40324,-1.47,-1.00,9.50,0.0133,0.0127,-0.0049,91971.25,809.60,0.00,0.0190
40385,-1.41,-1.04,9.50,0.0163,0.0111,-0.0060,91971.25,809.60,0.00,0.0206
40448,-1.43,-1.02,9.46,0.0157,0.0135,-0.0057,91971.25,809.60,0.00,0.0215
40510,-1.43,-1.01,9.49,0.0165,0.0117,-0.0073,91971.25,809.60,0.00,0.0215
40569,-1.45,-1.05,9.46,0.0175,0.0112,-0.0055,91971.42,809.59,-0.08,0.0214
40631,-1.39,-1.03,9.47,0.0164,0.0135,-0.0059,91971.42,809.59,-0.05,0.0220
40690,-1.45,-1.00,9.50,0.0159,0.0115,-0.0065,91971.42,809.59,-0.04,0.0206
40752,-1.43,-1.05,9.47,0.0157,0.0103,-0.0067,91971.42,809.59,-0.03,0.0199
40816,-1.41,-1.01,9.46,0.0185,0.0151,-0.0064,91971.42,809.59,-0.02,0.0247
40876,-1.46,-0.98,9.50,0.0153,0.0132,-0.0064,91971.42,809.59,-0.01,0.0212
40937,-1.43,-1.02,9.50,0.0183,0.0101,-0.0049,91971.42,809.59,-0.01,0.0214
40998,-1.42,-1.07,9.45,0.0136,0.0132,-0.0052,91971.42,809.59,-0.01,0.0196
41059,-1.44,-1.01,9.48,0.0184,0.0111,-0.0061,91971.42,809.59,-0.00,0.0223
41120,-1.43,-1.05,9.49,0.0153,0.0115,-0.0059,91971.42,809.59,-0.00,0.0200
41181,-1.41,-1.06,9.47,0.0160,0.0088,-0.0060,91971.42,809.59,-0.00,0.0192
41244,-1.44,-1.00,9.48,0.0157,0.0095,-0.0041,91971.42,809.59,-0.00,0.0188
41311,-1.43,-1.00,9.47,0.0171,0.0113,-0.0057,91971.42,809.59,-0.00,0.0213
41370,-1.43,-1.10,9.49,0.0177,0.0139,-0.0047,91971.42,809.59,-0.00,0.0230
41432,-1.46,-1.02,9.53,0.0148,0.0115,-0.0047,91971.42,809.59,-0.00,0.0193
41491,-1.47,-1.02,9.48,0.0139,0.0125,-0.0057,91971.42,809.59,-0.00,0.0195
41553,-1.43,-1.05,9.45,0.0163,0.0116,-0.0059,91971.25,809.60,0.07,0.0208
41612,-1.46,-0.99,9.47,0.0153,0.0131,-0.0053,91971.25,809.60,0.05,0.0208
41677,-1.44,-0.98,9.42,0.0151,0.0121,-0.0043,91971.25,809.60,0.04,0.0198
41738,-1.43,-1.07,9.48,0.0156,0.0112,-0.0068,91971.25,809.60,0.03,0.0204
41799,-1.42,-1.01,9.51,0.0167,0.0104,-0.0061,91971.25,809.60,0.02,0.0206
41860,-1.43,-1.04,9.50,0.0139,0.0116,-0.0067,91971.25,809.60,0.01,0.0193
41921,-1.43,-1.02,9.45,0.0168,0.0111,-0.0028,91971.25,809.60,0.01,0.0203
41982,-1.49,-1.01,9.49,0.0160,0.0129,-0.0057,91971.25,809.60,0.01,0.0213
42043,-1.45,-1.02,9.49,0.0144,0.0111,-0.0076,91971.25,809.60,0.00,0.0197
42108,-1.40,-1.07,9.50,0.0168,0.0119,-0.0073,91971.57,809.57,-0.13,0.0218
42167,-1.46,-1.02,9.47,0.0161,0.0145,-0.0048,91971.57,809.57,-0.09,0.0222
42229,-1.46,-1.01,9.50,0.0159,0.0121,-0.0039,91971.57,809.57,-0.06,0.0203
42288,-1.42,-1.04,9.48,0.0145,0.0113,-0.0069,91971.57,809.57,-0.04,0.0197
42350,-1.45,-1.02,9.48,0.0181,0.0133,-0.0080,91971.57,809.57,-0.03,0.0239
42409,-1.47,-0.98,9.47,0.0151,0.0095,-0.0056,91971.57,809.57,-0.02,0.0186
42471,-1.42,-1.03,9.45,0.0148,0.0128,-0.0044,91971.57,809.57,-0.01,0.0200
42535,-1.38,-1.04,9.50,0.0183,0.0107,-0.0063,91971.57,809.57,-0.01,0.0220
42596,-1.48,-0.97,9.48,0.0168,0.0135,-0.0080,91971.23,809.60,0.14,0.0230
42657,-1.41,-1.04,9.47,0.0167,0.0128,-0.0067,91971.23,809.60,0.10,0.0220
42718,-1.43,-1.05,9.48,0.0175,0.0136,-0.0080,91971.23,809.60,0.07,0.0235
42779,-1.48,-1.00,9.48,0.0167,0.0128,-0.0064,91971.23,809.60,0.05,0.0220
42840,-1.45,-1.00,9.48,0.0180,0.0115,-0.0045,91971.23,809.60,0.03,0.0218
42901,-1.40,-1.02,9.47,0.0189,0.0128,-0.0061,91971.23,809.60,0.02,0.0236
42964,-1.46,-1.01,9.47,0.0136,0.0125,-0.0085,91971.23,809.60,0.02,0.0204
43026,-1.44,-1.05,9.48,0.0175,0.0124,-0.0053,91971.23,809.60,0.01,0.0221
43085,-1.43,-1.03,9.48,0.0189,0.0113,-0.0032,91971.39,809.59,-0.07,0.0223
43147,-1.46,-1.00,9.51,0.0168,0.0099,-0.0083,91971.39,809.59,-0.05,0.0211
43206,-1.47,-1.03,9.50,0.0163,0.0120,-0.0073,91971.39,809.59,-0.03,0.0215
43268,-1.41,-1.08,9.47,0.0163,0.0112,-0.0083,91971.39,809.59,-0.02,0.0214
43332,-1.43,-0.91,9.47,0.0161,0.0167,-0.0068,91971.39,809.59,-0.02,0.0242
43409,-1.44,-1.06,9.61,0.0185,0.0085,-0.0056,91971.39,809.59,-0.01,0.0211
43468,-1.45,-0.99,9.57,0.0179,0.0121,-0.0072,91971.39,809.59,-0.01,0.0227
43530,-1.46,-1.01,9.45,0.0135,0.0113,-0.0065,91971.39,809.59,-0.01,0.0188
43589,-1.39,-1.05,9.46,0.0183,0.0113,-0.0060,91971.38,809.59,0.00,0.0223
43651,-1.44,-0.98,9.46,0.0172,0.0144,-0.0072,91971.38,809.59,0.00,0.0235
43710,-1.49,-1.01,9.50,0.0173,0.0121,-0.0055,91971.38,809.59,0.00,0.0218
43772,-1.41,-1.05,9.50,0.0177,0.0093,-0.0040,91971.38,809.59,0.00,0.0204
43829,-1.42,-1.03,9.48,0.0165,0.0096,-0.0060,91971.38,809.59,0.00,0.0200
43891,-1.50,-0.99,9.51,0.0147,0.0141,-0.0073,91971.38,809.59,0.00,0.0216
43950,-1.44,-1.03,9.47,0.0167,0.0099,-0.0041,91971.38,809.59,0.00,0.0198
44012,-1.42,-1.07,9.50,0.0183,0.0124,-0.0081,91971.38,809.59,0.00,0.0235
44071,-1.48,-0.99,9.50,0.0173,0.0149,-0.0061,91971.38,809.59,0.00,0.0237
44133,-1.46,-1.03,9.48,0.0136,0.0119,-0.0068,91971.37,809.59,0.00,0.0193
44197,-1.42,-1.05,9.49,0.0171,0.0104,-0.0055,91971.37,809.59,0.00,0.0207
44257,-1.45,-1.02,9.48,0.0157,0.0099,-0.0032,91971.37,809.59,0.00,0.0188
44318,-1.46,-1.02,9.49,0.0156,0.0096,-0.0056,91971.37,809.59,0.00,0.0191
44378,-1.41,-1.02,9.47,0.0167,0.0123,-0.0061,91971.37,809.59,0.00,0.0216
44439,-1.45,-0.99,9.50,0.0156,0.0105,-0.0067,91971.37,809.59,0.00,0.0200
44500,-1.42,-1.02,9.48,0.0153,0.0101,-0.0069,91971.37,809.59,0.00,0.0196
44561,-1.41,-1.05,9.46,0.0143,0.0140,-0.0075,91971.37,809.59,0.00,0.0213
44625,-1.43,-1.01,9.47,0.0145,0.0116,-0.0049,91971.34,809.59,0.01,0.0192
44687,-1.47,-1.00,9.48,0.0167,0.0119,-0.0067,91971.34,809.59,0.01,0.0215
44746,-1.42,-1.05,9.45,0.0160,0.0117,-0.0060,91971.34,809.59,0.00,0.0207
44808,-1.42,-1.02,9.48,0.0181,0.0124,-0.0084,91971.34,809.59,0.00,0.0235
44867,-1.44,-1.02,9.46,0.0145,0.0157,-0.0060,91971.34,809.59,0.00,0.0222
44929,-1.32,-1.12,9.50,0.0060,0.0115,-0.0041,91971.34,809.59,0.00,0.0136
44988,-1.60,-0.94,9.07,-0.0159,0.0201,-0.0055,91971.34,809.59,0.00,0.0262
45053,-1.56,-0.86,8.68,0.0105,0.0193,-0.0105,91971.34,809.59,0.00,0.0244
45114,-1.56,-0.96,9.27,0.0328,0.0092,-0.0089,91971.34,809.59,0.00,0.0352
45175,-1.41,-1.01,9.72,0.0236,0.0132,-0.0069,91971.34,809.59,0.00,0.0279
45236,-1.33,-1.02,9.63,0.0125,0.0183,-0.0029,91971.34,809.59,0.00,0.0223
45297,-1.34,-1.05,9.56,0.0148,0.0123,-0.0072,91971.34,809.59,0.00,0.0205
45363,-1.46,-0.94,9.38,0.0144,0.0139,-0.0077,91971.34,809.59,0.00,0.0214
45423,-1.57,-0.84,9.93,0.0199,0.0061,-0.0080,91971.34,809.59,0.00,0.0223
45488,-1.50,-1.14,9.68,0.0171,0.0112,-0.0095,91971.34,809.59,0.00,0.0225
45547,-1.43,-1.09,9.48,0.0193,0.0141,-0.0008,91971.34,809.59,0.00,0.0239
45609,-1.44,-0.96,9.38,0.0172,0.0155,-0.0065,91971.34,809.64,0.23,0.0240
45668,-1.38,-1.01,9.45,0.0188,0.0137,-0.0057,91971.17,809.61,-0.00,0.0240
45730,-1.47,-1.04,9.54,0.0133,0.0141,-0.0069,91971.17,809.61,-0.00,0.0206
45789,-1.45,-0.95,9.47,0.0168,0.0121,-0.0053,91971.17,809.61,-0.00,0.0214
45851,-1.49,-1.05,9.46,0.0139,0.0117,-0.0053,91971.17,809.61,-0.00,0.0189
45915,-1.41,-1.06,9.50,0.0188,0.0109,-0.0087,91971.17,809.61,-0.00,0.0234
45975,-1.46,-1.00,9.49,0.0152,0.0107,-0.0049,91971.17,809.61,-0.00,0.0192
46034,-1.49,-0.93,9.08,0.0108,0.0109,-0.0013,91971.17,809.61,-0.00,0.0154
46097,-1.34,-1.14,9.50,0.0148,0.0125,-0.0060,91971.17,809.61,-0.00,0.0203
46156,-1.34,-1.03,9.33,0.0164,0.0087,-0.0051,91971.52,809.58,-0.15,0.0192
46215,-1.35,-1.03,9.18,0.0104,0.0204,-0.0041,91971.52,809.58,-0.11,0.0233
46276,-1.37,-1.08,9.39,0.0160,0.0112,-0.0031,91971.52,809.58,-0.08,0.0198
46339,-1.34,-1.04,9.45,0.0125,0.0152,-0.0048,91971.52,809.58,-0.05,0.0203
46401,-1.47,-1.06,9.08,0.0196,0.0160,-0.0017,91971.52,809.58,-0.04,0.0253
46460,-1.50,-0.98,8.97,0.0167,0.0151,-0.0080,91971.52,809.58,-0.03,0.0238
46522,-1.41,-0.89,9.25,0.0152,0.0092,-0.0115,91971.52,809.58,-0.02,0.0211
46581,-1.33,-0.99,9.49,0.0136,0.0153,-0.0080,91971.52,809.58,-0.01,0.0220
46643,-1.30,-1.16,9.41,0.0213,0.0159,-0.0015,91971.51,809.58,-0.01,0.0266
46702,-1.54,-1.19,9.80,0.0266,0.0260,-0.0080,91971.51,809.58,-0.00,0.0381
46779,-0.93,-1.10,9.44,0.0128,0.0005,-0.0029,91971.51,809.58,-0.00,0.0131
46838,-2.12,-1.27,9.75,0.0175,-0.0040,0.0016,91971.51,809.58,-0.00,0.0180
46900,-1.11,-1.10,9.36,0.0143,0.0185,-0.0049,91971.51,809.58,-0.00,0.0239
46959,-1.68,-0.99,9.48,0.0175,0.0052,-0.0103,91971.51,809.58,-0.00,0.0209
47021,-1.67,-1.08,9.70,0.0168,0.0137,-0.0052,91971.51,809.58,-0.00,0.0223
47080,-1.32,-1.04,9.55,0.0245,0.0073,-0.0056,91971.51,809.58,-0.00,0.0262
47142,-1.74,-0.95,9.56,0.0164,0.0016,-0.0060,91971.34,809.59,0.07,0.0175
47206,-1.30,-1.04,9.42,0.0163,0.0137,-0.0060,91971.34,809.59,0.05,0.0221
47266,-1.53,-1.06,9.43,0.0161,0.0140,-0.0036,91971.34,809.59,0.03,0.0216
47327,-1.39,-0.97,9.35,0.0167,0.0125,-0.0072,91971.34,809.59,0.02,0.0220
47392,-1.46,-1.05,9.51,0.0179,0.0108,-0.0056,91971.34,809.59,0.02,0.0216
47453,-1.40,-1.00,9.49,0.0140,0.0128,-0.0079,91971.34,809.59,0.01,0.0205
47513,-1.47,-1.00,9.51,0.0148,0.0104,-0.0060,91971.34,809.59,0.01,0.0190
47578,-1.42,-1.06,9.45,0.0168,0.0157,-0.0063,91971.34,809.59,0.01,0.0238
47637,-1.65,-1.13,9.56,0.0266,0.0043,-0.0067,91971.34,809.59,0.00,0.0278
47699,-1.50,-1.02,9.52,0.0222,0.0175,-0.0049,91971.31,809.60,0.02,0.0287
47758,-1.55,-0.96,9.41,0.0144,0.0120,-0.0089,91971.31,809.60,0.01,0.0207
47820,-1.35,-1.00,9.37,0.0175,0.0115,-0.0063,91971.31,809.60,0.01,0.0218
47879,-1.47,-0.99,9.46,0.0188,0.0112,-0.0089,91971.31,809.60,0.01,0.0236
47941,-1.62,-0.80,9.42,0.0185,0.0140,-0.0075,91971.31,809.60,0.00,0.0244
48005,-1.02,-1.05,9.30,0.0191,0.0237,-0.0013,91971.31,809.60,0.00,0.0304
48065,-1.55,-0.94,9.61,0.0234,0.0003,-0.0040,91971.31,809.60,0.00,0.0238
48126,-1.29,-0.98,9.19,0.0104,0.0167,-0.0044,91971.31,809.60,0.00,0.0201
48186,-1.38,-1.05,9.45,0.0160,0.0159,-0.0041,91971.31,809.60,0.00,0.0229
48247,-1.45,-1.00,9.48,0.0195,0.0096,-0.0045,91971.31,809.60,0.00,0.0222
48307,-1.68,-1.01,10.16,0.0262,0.0033,-0.0080,91971.31,809.60,0.00,0.0276
48368,-1.51,-1.06,9.61,0.0200,0.0149,-0.0052,91971.31,809.60,0.00,0.0255
48431,-1.36,-1.03,9.53,0.0212,0.0089,-0.0040,91971.31,809.60,0.00,0.0233
48493,-1.51,-1.03,9.50,0.0127,0.0141,-0.0047,91971.31,809.60,0.00,0.0195
48552,-1.32,-1.01,9.40,0.0176,0.0124,-0.0029,91971.31,809.60,0.00,0.0217
48614,-1.46,-1.07,9.47,0.0185,0.0147,-0.0061,91971.31,809.60,0.00,0.0244
48673,-1.48,-0.99,9.47,0.0152,0.0152,-0.0061,91971.83,809.55,-0.23,0.0223
48735,-1.47,-1.03,9.53,0.0176,0.0077,-0.0047,91971.83,809.55,-0.16,0.0198
48794,-1.34,-1.09,9.45,0.0168,0.0120,-0.0056,91971.83,809.55,-0.12,0.0214
48859,-1.43,-1.00,9.49,0.0172,0.0080,-0.0052,91971.83,809.55,-0.08,0.0197
48920,-1.43,-1.01,9.50,0.0148,0.0144,-0.0075,91971.83,809.55,-0.06,0.0219
48980,-1.39,-1.08,9.47,0.0188,0.0136,-0.0064,91971.83,809.55,-0.04,0.0241
49041,-1.43,-1.03,9.47,0.0151,0.0139,-0.0063,91971.83,809.55,-0.03,0.0214
49101,-1.44,-0.97,9.50,0.0159,0.0095,-0.0059,91971.83,809.55,-0.02,0.0194
49162,-1.42,-1.06,9.50,0.0160,0.0136,-0.0064,91971.83,809.55,-0.01,0.0219
49222,-1.38,-1.02,9.48,0.0181,0.0113,-0.0064,91971.83,809.55,-0.01,0.0223
49287,-1.49,-1.04,9.48,0.0172,0.0136,-0.0077,91971.83,809.55,-0.01,0.0232
49346,-1.42,-1.05,9.48,0.0149,0.0136,-0.0081,91971.83,809.55,-0.00,0.0218
49413,-1.50,-0.99,9.46,0.0160,0.0137,-0.0083,91971.83,809.55,-0.00,0.0226
49472,-1.48,-1.00,9.49,0.0168,0.0127,-0.0052,91971.83,809.55,-0.00,0.0217
49534,-1.41,-1.06,9.48,0.0168,0.0117,-0.0039,91971.83,809.55,-0.00,0.0208
49593,-1.42,-1.06,9.47,0.0188,0.0129,-0.0053,91971.83,809.55,-0.00,0.0234
49655,-1.44,-0.98,9.50,0.0164,0.0136,-0.0052,91971.83,809.55,-0.00,0.0219
49719,-1.47,-1.02,9.47,0.0175,0.0139,-0.0057,91971.80,809.55,0.01,0.0230
49779,-1.40,-1.04,9.48,0.0155,0.0129,-0.0083,91971.80,809.55,0.01,0.0218
49840,-1.46,-1.00,9.48,0.0175,0.0125,-0.0071,91971.80,809.55,0.01,0.0226
49900,-1.43,-1.01,9.48,0.0172,0.0097,-0.0059,91971.80,809.55,0.00,0.0206
49961,-1.40,-1.05,9.44,0.0181,0.0129,-0.0056,91971.80,809.55,0.00,0.0229
50021,-1.45,-1.02,9.50,0.0183,0.0144,-0.0091,91971.80,809.55,0.00,0.0249
50082,-1.43,-1.00,9.49,0.0153,0.0111,-0.0060,91971.80,809.55,0.00,0.0198
50158,-1.41,-1.04,9.49,0.0160,0.0115,-0.0093,91971.80,809.55,0.00,0.0218
50220,-1.46,-0.97,9.46,0.0155,0.0140,-0.0060,91971.43,809.59,0.16,0.0217
50281,-1.44,-1.04,9.49,0.0156,0.0096,-0.0063,91971.43,809.59,0.11,0.0193
50343,-1.42,-1.02,9.50,0.0164,0.0123,-0.0064,91971.43,809.59,0.08,0.0214
50404,-1.46,-0.99,9.50,0.0140,0.0109,-0.0057,91971.43,809.59,0.06,0.0187
50466,-1.43,-1.05,9.47,0.0135,0.0116,-0.0071,91971.43,809.59,0.04,0.0191
50527,-1.41,-1.08,9.45,0.0176,0.0133,-0.0056,91971.43,809.59,0.03,0.0228
50593,-1.48,-1.00,9.51,0.0165,0.0124,-0.0079,91971.43,809.59,0.02,0.0221
50652,-1.42,-1.03,9.48,0.0147,0.0113,-0.0052,91971.43,809.59,0.01,0.0192
50714,-1.40,-1.02,9.50,0.0160,0.0087,-0.0056,91971.77,809.56,-0.14,0.0190
50773,-1.47,-0.99,9.47,0.0175,0.0112,-0.0063,91971.77,809.56,-0.10,0.0217
50835,-1.46,-1.02,9.48,0.0163,0.0121,-0.0068,91971.77,809.56,-0.07,0.0214
50894,-1.40,-1.04,9.46,0.0165,0.0119,-0.0077,91971.77,809.56,-0.05,0.0218
50959,-1.47,-0.96,9.46,0.0172,0.0117,-0.0073,91971.77,809.56,-0.03,0.0221
51020,-1.45,-1.02,9.48,0.0157,0.0107,-0.0063,91971.77,809.56,-0.02,0.0200
51080,-1.41,-1.07,9.47,0.0157,0.0145,-0.0065,91971.77,809.56,-0.02,0.0224
51141,-1.44,-0.99,9.46,0.0160,0.0109,-0.0064,91971.77,809.56,-0.01,0.0204
51201,-1.45,-1.02,9.45,0.0151,0.0116,-0.0039,91971.59,809.57,0.07,0.0194
51262,-1.40,-1.02,9.49,0.0163,0.0107,-0.0052,91971.59,809.57,0.05,0.0201
51322,-1.44,-1.01,9.49,0.0184,0.0107,-0.0051,91971.59,809.57,0.03,0.0218
51387,-1.46,-1.00,9.48,0.0188,0.0129,-0.0032,91971.59,809.57,0.02,0.0230
51451,-1.43,-1.03,9.47,0.0157,0.0097,-0.0064,91971.59,809.57,0.02,0.0196
51513,-1.44,-1.02,9.47,0.0168,0.0133,-0.0064,91971.59,809.57,0.01,0.0224
51572,-1.45,-1.01,9.49,0.0163,0.0113,-0.0059,91971.59,809.57,0.01,0.0207
51634,-1.42,-1.04,9.48,0.0164,0.0125,-0.0067,91971.59,809.57,0.01,0.0217
51693,-1.40,-1.01,9.49,0.0163,0.0101,-0.0059,91971.59,809.57,0.00,0.0200
51755,-1.42,-1.00,9.50,0.0172,0.0128,-0.0076,91971.59,809.57,0.00,0.0227
51819,-1.41,-1.05,9.47,0.0180,0.0095,-0.0069,91971.59,809.57,0.00,0.0215
51879,-1.43,-1.02,9.49,0.0195,0.0137,-0.0097,91971.59,809.57,0.00,0.0257
51940,-1.46,-0.97,9.48,0.0155,0.0107,-0.0071,91971.59,809.57,0.00,0.0201
52000,-1.42,-1.06,9.47,0.0180,0.0117,-0.0075,91971.59,809.57,0.00,0.0227
52061,-1.42,-1.02,9.48,0.0173,0.0135,-0.0051,91971.59,809.57,0.00,0.0225
52121,-1.43,-1.04,9.49,0.0129,0.0103,-0.0064,91971.59,809.57,0.00,0.0177
52182,-1.45,-1.03,9.51,0.0139,0.0141,-0.0044,91971.59,809.57,0.00,0.0203
52245,-1.40,-1.02,9.48,0.0133,0.0097,-0.0064,91971.42,809.59,0.07,0.0177
52307,-1.44,-0.99,9.45,0.0155,0.0135,-0.0055,91971.42,809.59,0.05,0.0212
52366,-1.40,-1.01,9.45,0.0149,0.0136,-0.0057,91971.42,809.59,0.04,0.0210
52428,-1.38,-1.02,9.47,0.0161,0.0100,-0.0075,91971.42,809.59,0.02,0.0204
52487,-1.47,-1.00,9.50,0.0167,0.0116,-0.0060,91971.42,809.59,0.02,0.0212
52549,-1.42,-1.03,9.48,0.0159,0.0108,-0.0057,91971.42,809.59,0.01,0.0200
52608,-1.43,-1.06,9.48,0.0168,0.0120,-0.0063,91971.42,809.59,0.01,0.0216
52673,-1.46,-0.99,9.48,0.0155,0.0097,-0.0061,91971.42,809.59,0.01,0.0193
52734,-1.45,-1.03,9.47,0.0147,0.0105,-0.0071,91971.73,809.56,-0.14,0.0194
52794,-1.42,-1.05,9.47,0.0149,0.0136,-0.0053,91971.73,809.56,-0.09,0.0209
52855,-1.41,-1.01,9.48,0.0163,0.0112,-0.0060,91971.73,809.56,-0.07,0.0206
52915,-1.45,-1.01,9.50,0.0177,0.0112,-0.0056,91971.73,809.56,-0.05,0.0217
52976,-1.44,-1.04,9.47,0.0148,0.0100,-0.0056,91971.73,809.56,-0.03,0.0187
53036,-1.43,-1.02,9.49,0.0157,0.0128,-0.0060,91971.73,809.56,-0.02,0.0211
53101,-1.45,-0.98,9.50,0.0137,0.0123,-0.0037,91971.73,809.56,-0.02,0.0188
53160,-1.42,-1.09,9.50,0.0140,0.0103,-0.0051,91971.73,809.56,-0.01,0.0181
53222,-1.42,-1.01,9.49,0.0176,0.0132,-0.0061,91971.73,809.56,-0.01,0.0228
53281,-1.45,-1.00,9.49,0.0167,0.0108,-0.0049,91971.57,809.57,0.07,0.0204
53343,-1.47,-1.05,9.46,0.0164,0.0127,-0.0087,91971.57,809.57,0.05,0.0224
53402,-1.38,-1.06,9.50,0.0165,0.0111,-0.0072,91971.57,809.57,0.04,0.0211
53469,-1.47,-1.00,9.48,0.0160,0.0120,-0.0088,91971.57,809.57,0.02,0.0218
53542,-1.40,-1.03,9.47,0.0189,0.0131,-0.0084,91971.57,809.57,0.02,0.0245
53604,-1.43,-1.00,9.51,0.0147,0.0141,-0.0072,91971.57,809.57,0.01,0.0216
53663,-1.43,-1.00,9.50,0.0177,0.0104,-0.0049,91971.57,809.57,0.01,0.0211
53725,-1.38,-1.07,9.44,0.0172,0.0136,-0.0079,91971.57,809.57,0.01,0.0233
53784,-1.46,-0.98,9.48,0.0188,0.0123,-0.0072,91971.91,809.54,-0.15,0.0236
53846,-1.46,-1.01,9.47,0.0155,0.0084,-0.0043,91971.91,809.54,-0.11,0.0181
53905,-1.44,-1.05,9.49,0.0172,0.0127,-0.0068,91971.91,809.54,-0.07,0.0224
53970,-1.46,-0.99,9.49,0.0207,0.0144,-0.0076,91971.91,809.54,-0.05,0.0263
54031,-1.50,-0.99,9.45,0.0163,0.0119,-0.0059,91971.91,809.54,-0.04,0.0210
54091,-1.42,-1.06,9.49,0.0144,0.0100,-0.0048,91971.91,809.54,-0.03,0.0182
54152,-1.39,-1.04,9.49,0.0160,0.0097,-0.0045,91971.91,809.54,-0.02,0.0193
54212,-1.46,-0.97,9.48,0.0160,0.0132,-0.0069,91971.91,809.54,-0.01,0.0219
54273,-1.44,-1.07,9.47,0.0163,0.0117,-0.0043,91971.73,809.56,0.07,0.0205
54333,-1.41,-1.02,9.46,0.0143,0.0116,-0.0043,91971.73,809.56,0.05,0.0189
54398,-1.46,-0.97,9.47,0.0153,0.0108,-0.0060,91971.73,809.56,0.03,0.0197
54457,-1.42,-1.04,9.48,0.0172,0.0125,-0.0064,91971.73,809.56,0.02,0.0222
54519,-1.41,-1.04,9.50,0.0183,0.0120,-0.0028,91971.73,809.56,0.02,0.0220
54578,-1.47,-0.98,9.47,0.0168,0.0113,-0.0057,91971.73,809.56,0.01,0.0210
54640,-1.43,-1.01,9.47,0.0165,0.0115,-0.0045,91971.73,809.56,0.01,0.0206
54699,-1.39,-1.02,9.48,0.0177,0.0140,-0.0059,91971.73,809.56,0.01,0.0233
54764,-1.49,-0.96,9.51,0.0175,0.0119,-0.0091,91971.69,809.56,0.02,0.0230
54825,-1.44,-1.02,9.48,0.0149,0.0129,-0.0048,91971.69,809.56,0.02,0.0203
54885,-1.39,-1.06,9.50,0.0157,0.0129,-0.0076,91971.69,809.56,0.01,0.0217
54946,-1.43,-1.00,9.48,0.0168,0.0101,-0.0068,91971.69,809.56,0.01,0.0207
55006,-1.46,-1.02,9.49,0.0129,0.0101,-0.0057,91971.69,809.56,0.01,0.0174
55067,-1.45,-1.04,9.48,0.0165,0.0135,-0.0068,91971.69,809.56,0.00,0.0224
55127,-1.44,-0.99,9.50,0.0177,0.0116,-0.0067,91971.69,809.56,0.00,0.0222
55192,-1.45,-1.04,9.46,0.0161,0.0117,-0.0040,91971.69,809.56,0.00,0.0203
55251,-1.42,-1.06,9.48,0.0139,0.0132,-0.0056,91971.69,809.56,0.00,0.0199
55313,-1.44,-1.02,9.48,0.0163,0.0113,-0.0085,91971.69,809.56,0.00,0.0216
55372,-1.47,-0.98,9.48,0.0185,0.0136,-0.0052,91971.69,809.56,0.00,0.0236
55434,-1.45,-1.04,9.46,0.0165,0.0120,-0.0080,91971.69,809.56,0.00,0.0219
55498,-1.42,-0.98,9.47,0.0131,0.0116,-0.0068,91971.69,809.56,0.00,0.0187
55560,-1.47,-0.98,9.45,0.0143,0.0101,-0.0048,91971.69,809.56,0.00,0.0181
55624,-1.41,-1.06,9.47,0.0144,0.0124,-0.0084,91971.69,809.56,0.00,0.0208
55684,-1.43,-1.01,9.45,0.0179,0.0116,-0.0063,91971.69,809.56,0.00,0.0222
55745,-1.47,-1.04,9.46,0.0155,0.0147,-0.0084,91971.69,809.56,0.00,0.0229
55805,-1.42,-1.04,9.46,0.0152,0.0088,-0.0065,91971.69,809.56,0.00,0.0187
55866,-1.44,-0.99,9.47,0.0159,0.0135,-0.0063,91971.69,809.56,0.00,0.0217
55926,-1.49,-1.00,9.48,0.0160,0.0145,-0.0087,91971.69,809.56,0.00,0.0233
55987,-1.41,-1.05,9.45,0.0164,0.0113,-0.0083,91971.69,809.56,0.00,0.0216
56050,-1.42,-1.04,9.48,0.0175,0.0124,-0.0064,91971.69,809.56,0.00,0.0223
56112,-1.46,-1.00,9.48,0.0148,0.0116,-0.0075,91971.69,809.56,0.00,0.0202
56171,-1.41,-1.02,9.47,0.0184,0.0112,-0.0071,91971.69,809.56,0.00,0.0227
56233,-1.43,-1.00,9.45,0.0177,0.0120,-0.0060,91971.69,809.56,0.00,0.0222
56292,-1.43,-1.00,9.46,0.0145,0.0144,-0.0039,91971.69,809.56,0.00,0.0208
56354,-1.45,-1.04,9.48,0.0172,0.0125,-0.0045,91971.69,809.56,0.00,0.0217
56413,-1.43,-1.06,9.50,0.0168,0.0139,-0.0051,91971.69,809.56,0.00,0.0223
56478,-1.44,-0.95,9.47,0.0159,0.0121,-0.0037,91971.69,809.56,0.00,0.0203
56539,-1.45,-1.03,9.46,0.0155,0.0141,-0.0075,91971.69,809.56,0.00,0.0222
56599,-1.39,-1.07,9.45,0.0163,0.0139,-0.0040,91971.69,809.56,0.00,0.0217
56660,-1.43,-1.04,9.50,0.0179,0.0116,-0.0045,91971.69,809.56,0.00,0.0218
56720,-1.41,-1.04,9.49,0.0155,0.0140,-0.0059,91971.69,809.56,0.00,0.0217
56781,-0.76,-1.37,8.99,0.0333,0.0441,0.0019,91971.69,809.56,0.00,0.0553
56841,-1.36,-0.94,9.02,0.0177,-0.0143,-0.0024,91971.17,809.61,0.23,0.0229
56916,-1.47,-1.08,9.42,0.0125,0.0127,-0.0057,91971.17,809.61,0.16,0.0187
56976,-1.49,-1.04,9.35,0.0165,0.0129,-0.0093,91971.17,809.61,0.11,0.0230
57037,-1.50,-0.97,9.45,0.0211,0.0132,-0.0112,91971.17,809.61,0.08,0.0272
57097,-1.42,-1.00,9.45,0.0148,0.0100,-0.0076,91971.17,809.61,0.06,0.0194
57158,-1.39,-1.08,9.43,0.0208,0.0092,-0.0063,91971.17,809.61,0.04,0.0236
57218,-1.43,-1.11,9.58,0.0161,0.0121,-0.0055,91971.17,809.61,0.03,0.0209
57279,-1.43,-1.00,9.43,0.0124,0.0135,-0.0051,91971.17,809.61,0.02,0.0190
57342,-1.47,-1.00,9.46,0.0153,0.0136,-0.0068,91971.31,809.60,-0.05,0.0216
57404,-1.52,-0.98,9.45,0.0124,0.0155,-0.0073,91971.31,809.60,-0.03,0.0211
57463,-1.41,-1.02,9.46,0.0147,0.0097,-0.0055,91971.31,809.60,-0.02,0.0184
57530,-1.42,-1.05,9.45,0.0133,0.0120,-0.0068,91971.31,809.60,-0.02,0.0192
57589,-1.45,-0.96,9.47,0.0172,0.0113,-0.0063,91971.31,809.60,-0.01,0.0215
57651,-1.45,-0.99,9.50,0.0167,0.0141,-0.0060,91971.31,809.60,-0.01,0.0226
57710,-1.41,-1.02,9.49,0.0136,0.0136,-0.0047,91971.31,809.60,-0.01,0.0198
57775,-1.48,-0.99,9.47,0.0164,0.0128,-0.0067,91971.31,809.60,-0.00,0.0218
57836,-1.43,-1.01,9.47,0.0123,0.0108,-0.0039,91971.48,809.58,-0.08,0.0168
57896,-1.45,-1.05,9.48,0.0165,0.0111,-0.0060,91971.48,809.58,-0.05,0.0208
57957,-1.42,-1.01,9.46,0.0191,0.0121,-0.0059,91971.48,809.58,-0.04,0.0233
58017,-1.50,-1.02,9.61,0.0177,0.0088,-0.0073,91971.48,809.58,-0.03,0.0211
58078,-1.45,-1.03,9.58,0.0144,0.0127,-0.0047,91971.48,809.58,-0.02,0.0197
58138,-1.36,-1.02,9.31,0.0164,0.0168,-0.0047,91971.48,809.58,-0.01,0.0239
58203,-1.46,-0.98,9.48,0.0157,0.0161,-0.0067,91971.48,809.58,-0.01,0.0235
58262,-1.53,-0.99,9.43,0.0204,0.0063,-0.0065,91971.48,809.58,-0.01,0.0223
58324,-1.40,-0.96,9.26,0.0137,0.0115,-0.0045,91971.48,809.58,-0.00,0.0184
58383,-1.51,-0.92,9.42,0.0132,0.0073,-0.0056,91971.48,809.58,-0.00,0.0161
58445,-1.38,-0.97,9.38,0.0056,0.0238,-0.0064,91971.48,809.58,-0.00,0.0253
58504,-1.39,-1.10,9.43,0.0201,0.0080,-0.0033,91971.48,809.58,-0.00,0.0219
58569,-1.35,-0.60,8.25,0.0097,0.0191,-0.0041,91971.48,809.58,-0.00,0.0218
58630,-1.55,-0.88,9.45,0.0215,0.0037,-0.0039,91971.48,809.58,-0.00,0.0221
58690,-1.40,-1.13,9.69,0.0125,0.0197,-0.0076,91971.48,809.58,-0.00,0.0246
58751,-1.46,-1.06,9.57,0.0189,0.0061,-0.0040,91971.48,809.58,-0.00,0.0203
58811,-1.46,-0.94,9.45,0.0131,0.0119,-0.0063,91971.48,809.58,-0.00,0.0187
58872,-1.42,-0.98,9.36,0.0172,0.0109,-0.0063,91970.95,809.63,0.24,0.0213
58932,-1.54,-0.99,9.59,0.0132,0.0161,-0.0068,91970.95,809.63,0.17,0.0219
58997,-1.42,-0.98,9.38,0.0168,0.0120,-0.0047,91970.95,809.63,0.12,0.0212
59056,-1.50,-0.98,9.43,0.0164,0.0092,-0.0085,91970.95,809.63,0.08,0.0206
59118,-1.36,-1.03,9.39,0.0192,0.0104,-0.0076,91970.95,809.63,0.06,0.0231
59177,-1.55,-1.01,9.59,0.0175,0.0144,-0.0072,91970.95,809.63,0.04,0.0237
59239,-1.43,-0.99,9.47,0.0136,0.0097,-0.0059,91970.95,809.63,0.03,0.0177
59298,-1.48,-1.03,9.14,0.0128,0.0188,-0.0027,91970.95,809.63,0.02,0.0229
59360,-1.36,-0.97,9.31,0.0167,0.0173,-0.0031,91971.09,809.62,-0.05,0.0242
59423,-1.47,-1.07,9.63,0.0175,0.0097,-0.0072,91971.09,809.62,-0.03,0.0212
59483,-1.31,-1.12,9.59,0.0148,0.0168,-0.0068,91971.09,809.62,-0.02,0.0234
59549,-1.43,-1.02,9.46,0.0152,0.0096,-0.0047,91971.09,809.62,-0.02,0.0186
59609,-1.41,-1.06,9.55,0.0173,0.0135,-0.0091,91971.09,809.62,-0.01,0.0237
59670,-1.40,-1.02,9.45,0.0183,0.0089,-0.0087,91971.09,809.62,-0.01,0.0221
59730,-1.41,-1.02,9.50,0.0155,0.0127,-0.0060,91971.09,809.62,-0.01,0.0209
59791,-1.50,-0.92,9.68,0.0139,0.0144,-0.0047,91971.09,809.62,-0.00,0.0205
59854,-1.48,-1.03,9.33,0.0132,0.0072,-0.0071,91971.25,809.60,-0.07,0.0166
59916,-1.50,-1.03,9.38,0.0187,0.0116,-0.0073,91971.25,809.60,-0.05,0.0232
59975,-1.49,-0.96,9.48,0.0164,0.0108,-0.0060,91971.25,809.60,-0.04,0.0205
60037,-1.42,-1.05,9.48,0.0168,0.0119,-0.0064,91971.25,809.60,-0.02,0.0215
60096,-1.41,-1.02,9.51,0.0168,0.0135,-0.0055,91971.25,809.60,-0.02,0.0222
60158,-1.40,-1.01,9.48,0.0176,0.0123,-0.0064,91971.25,809.60,-0.01,0.0224
60217,-1.47,-1.06,9.53,0.0144,0.0133,-0.0052,91971.25,809.60,-0.01,0.0203
60290,-1.42,-1.00,9.46,0.0159,0.0117,-0.0064,91971.25,809.60,-0.01,0.0207
60369,-1.43,-1.02,9.49,0.0163,0.0075,-0.0045,91971.09,809.62,0.05,0.0184
60444,-1.50,-1.03,9.52,0.0127,0.0145,-0.0051,91971.09,809.62,0.04,0.0199
60518,-1.39,-1.03,9.45,0.0164,0.0121,-0.0081,91971.09,809.62,0.03,0.0219
60616,-1.41,-1.00,9.42,0.0149,0.0068,-0.0051,91971.09,809.62,0.02,0.0172
60675,-1.47,-1.00,9.50,0.0159,0.0140,-0.0075,91971.09,809.62,0.01,0.0224
60737,-1.32,-1.11,9.45,0.0160,0.0111,-0.0055,91971.09,809.62,0.01,0.0202
60800,-1.46,-0.95,9.54,0.0159,0.0089,-0.0073,91971.09,809.62,0.01,0.0196
60860,-1.44,-1.05,9.44,0.0151,0.0120,-0.0055,91971.06,809.62,0.01,0.0200
60921,-1.43,-1.04,9.48,0.0168,0.0135,-0.0072,91971.06,809.62,0.01,0.0227
60981,-1.44,-1.03,9.49,0.0192,0.0127,-0.0067,91971.06,809.62,0.01,0.0239
61042,-1.42,-1.01,9.51,0.0153,0.0127,-0.0079,91971.06,809.62,0.01,0.0214
61102,-1.49,-0.98,9.50,0.0171,0.0093,-0.0069,91971.06,809.62,0.00,0.0206
61163,-1.41,-1.04,9.49,0.0151,0.0116,-0.0053,91971.06,809.62,0.00,0.0197
61226,-1.46,-1.01,9.54,0.0191,0.0120,-0.0097,91971.06,809.62,0.00,0.0245
61288,-1.39,-1.05,9.44,0.0160,0.0133,-0.0067,91971.06,809.62,0.00,0.0219
61347,-1.40,-1.07,9.49,0.0164,0.0108,-0.0068,91971.06,809.62,0.00,0.0208
61409,-1.45,-0.98,9.55,0.0153,0.0099,-0.0024,91971.06,809.62,0.00,0.0184
61468,-1.43,-1.02,9.48,0.0133,0.0120,-0.0069,91971.06,809.62,0.00,0.0192
61530,-1.42,-1.00,9.50,0.0149,0.0125,-0.0097,91971.06,809.62,0.00,0.0218
61594,-1.46,-1.06,9.50,0.0163,0.0125,-0.0075,91971.06,809.62,0.00,0.0218
61659,-1.42,-1.03,9.49,0.0153,0.0112,-0.0071,91971.06,809.62,0.00,0.0202
61720,-1.44,-1.02,9.49,0.0176,0.0137,-0.0041,91971.06,809.62,0.00,0.0227
61780,-1.52,-1.00,9.31,0.0197,0.0209,-0.0043,91971.06,809.62,0.00,0.0291
61841,-1.84,-0.74,7.34,0.0059,-0.0025,-0.0085,91971.06,809.62,0.00,0.0107
61901,-1.46,-0.87,8.96,0.0207,0.0116,-0.0152,91970.72,809.65,0.16,0.0281
61962,-1.57,-1.01,9.42,0.0281,0.0012,-0.0111,91970.72,809.65,0.11,0.0302
62022,-1.50,-1.02,9.93,0.0140,0.0159,-0.0107,91970.72,809.65,0.08,0.0237
62087,-1.31,-0.98,9.24,0.0107,0.0105,-0.0061,91970.72,809.65,0.05,0.0162
62146,-1.52,-1.05,9.61,0.0144,0.0139,-0.0012,91970.72,809.65,0.04,0.0200
62208,-1.25,-0.91,8.85,0.0192,0.0139,-0.0073,91970.72,809.65,0.03,0.0248
62267,-1.45,-0.94,9.65,0.0143,0.0100,-0.0065,91970.72,809.65,0.02,0.0186
62329,-1.36,-1.02,9.85,0.0115,0.0093,-0.0089,91970.72,809.65,0.01,0.0173
62388,-1.54,-1.01,9.51,0.0080,0.0136,-0.0048,91970.72,809.65,0.01,0.0165
62453,-1.41,-1.02,9.25,0.0184,0.0117,-0.0071,91970.72,809.65,0.01,0.0229
62514,-1.55,-1.05,9.58,0.0215,0.0112,-0.0087,91970.72,809.65,0.00,0.0257
62574,-1.48,-1.02,9.53,0.0187,0.0144,-0.0087,91970.72,809.65,0.00,0.0251
62635,-1.57,-0.93,9.44,0.0077,0.0071,-0.0093,91970.72,809.65,0.00,0.0140
62695,-1.41,-1.04,9.37,0.0124,0.0125,-0.0056,91970.72,809.65,0.00,0.0185
62756,-1.44,-1.01,9.47,0.0151,0.0100,-0.0064,91970.72,809.65,0.00,0.0192
62816,-1.40,-1.04,9.41,0.0184,0.0133,-0.0065,91970.72,809.65,0.00,0.0236
62881,-1.41,-1.03,9.46,0.0180,0.0079,-0.0057,91970.72,809.65,0.00,0.0204
62940,-1.50,-1.00,9.52,0.0121,0.0156,-0.0049,91970.69,809.65,0.02,0.0204
63002,-1.39,-0.99,9.49,0.0135,0.0092,-0.0093,91970.69,809.65,0.01,0.0188
63061,-1.52,-0.86,9.69,0.0065,0.0128,-0.0071,91970.69,809.65,0.01,0.0160
63123,-1.38,-1.08,9.66,0.0164,0.0172,-0.0060,91970.69,809.65,0.01,0.0245
63182,-1.56,-1.04,9.89,0.0185,0.0087,-0.0104,91970.69,809.65,0.00,0.0229
63244,-1.43,-1.09,9.57,0.0184,0.0121,-0.0072,91970.69,809.65,0.00,0.0232
63308,-1.43,-1.01,9.50,0.0189,0.0120,-0.0048,91970.69,809.65,0.00,0.0229
63368,-1.42,-0.99,9.43,0.0100,0.0103,-0.0028,91970.69,809.65,0.00,0.0146
63429,-1.38,-1.02,9.45,0.0156,0.0080,-0.0080,91970.32,809.69,0.16,0.0193
63489,-1.61,-0.95,9.16,0.0073,0.0213,-0.0077,91970.32,809.69,0.11,0.0238
63550,-1.59,-0.99,9.84,0.0264,0.0131,-0.0088,91970.32,809.69,0.08,0.0307
63615,-1.29,-1.06,9.52,0.0201,0.0095,-0.0096,91970.32,809.69,0.06,0.0242
63676,-1.33,-0.99,9.21,0.0021,0.0164,-0.0073,91970.32,809.69,0.04,0.0181
63751,-1.34,-0.96,9.48,0.0128,0.0225,-0.0053,91970.32,809.69,0.03,0.0264
63812,-1.43,-1.04,9.39,0.0181,0.0087,-0.0073,91970.32,809.69,0.02,0.0214
63872,-1.57,-0.83,9.51,0.0172,0.0179,-0.0065,91970.32,809.69,0.01,0.0256
63933,-1.50,-1.01,9.55,0.0160,0.0132,-0.0067,91970.48,809.67,-0.07,0.0218
63993,-1.45,-1.07,9.49,0.0185,0.0141,-0.0100,91970.48,809.67,-0.05,0.0253
64054,-1.41,-1.02,9.47,0.0131,0.0143,-0.0072,91970.48,809.67,-0.03,0.0206
64114,-1.39,-1.00,9.45,0.0157,0.0119,-0.0068,91970.48,809.67,-0.02,0.0208
64179,-1.45,-1.01,9.51,0.0192,0.0099,-0.0059,91970.48,809.67,-0.02,0.0224
64238,-1.47,-1.00,9.54,0.0151,0.0164,-0.0084,91970.48,809.67,-0.01,0.0238
64300,-1.38,-1.01,9.54,0.0107,0.0168,-0.0063,91970.48,809.67,-0.01,0.0208
64359,-1.36,-1.04,9.39,0.0117,0.0045,-0.0049,91970.48,809.67,-0.01,0.0135
64421,-1.55,-1.17,9.58,0.0224,0.0036,-0.0135,91970.62,809.66,-0.06,0.0264
64480,-1.34,-0.96,9.29,0.0147,0.0136,-0.0084,91970.62,809.66,-0.05,0.0217
64542,-1.36,-1.11,9.59,0.0164,0.0153,-0.0025,91970.62,809.66,-0.03,0.0226
64606,-1.47,-1.15,9.89,0.0236,0.0065,-0.0079,91970.62,809.66,-0.02,0.0257
64666,-1.46,-0.97,9.46,0.0156,0.0125,-0.0047,91970.62,809.66,-0.02,0.0205
64727,-1.38,-1.00,9.63,0.0181,0.0152,-0.0068,91970.62,809.66,-0.01,0.0246
64787,-1.49,-1.07,9.67,0.0192,0.0160,-0.0067,91970.62,809.66,-0.01,0.0258
64848,-1.50,-1.03,9.79,0.0199,0.0135,-0.0085,91970.62,809.66,-0.01,0.0255
64908,-1.38,-1.00,9.58,0.0156,0.0132,-0.0071,91970.62,809.66,-0.00,0.0216
64969,-1.38,-1.06,9.48,0.0137,0.0111,-0.0064,91970.29,809.69,0.15,0.0187
65032,-1.46,-0.98,9.38,0.0152,0.0129,-0.0084,91970.29,809.69,0.10,0.0216
65094,-1.42,-1.02,9.43,0.0191,0.0121,-0.0081,91970.29,809.69,0.07,0.0240
65153,-1.45,-0.96,9.39,0.0141,0.0145,-0.0043,91970.29,809.69,0.05,0.0207
65215,-1.39,-1.00,9.45,0.0193,0.0096,-0.0073,91970.29,809.69,0.04,0.0228
65274,-1.46,-1.00,9.43,0.0192,0.0111,-0.0043,91970.29,809.69,0.02,0.0226
65336,-1.29,-1.06,9.44,0.0159,0.0111,-0.0055,91970.29,809.69,0.02,0.0201
65395,-1.46,-1.03,9.67,0.0176,0.0100,-0.0068,91970.29,809.69,0.01,0.0213
65460,-1.37,-0.99,9.38,0.0152,0.0139,-0.0056,91970.29,809.69,0.01,0.0213
65521,-1.40,-1.03,9.40,0.0144,0.0132,-0.0031,91970.29,809.69,0.01,0.0198
65581,-1.38,-1.00,9.41,0.0188,0.0139,-0.0064,91970.29,809.69,0.00,0.0242
65647,-1.47,-0.96,9.43,0.0160,0.0093,-0.0075,91970.29,809.69,0.00,0.0200
65707,-1.43,-1.05,9.50,0.0161,0.0136,-0.0063,91970.29,809.69,0.00,0.0220
65768,-1.47,-1.00,9.51,0.0152,0.0137,-0.0073,91970.29,809.69,0.00,0.0217
65828,-1.54,-1.00,9.47,0.0183,0.0095,-0.0068,91970.29,809.69,0.00,0.0217
65893,-1.41,-0.97,9.39,0.0104,0.0124,-0.0069,91970.29,809.69,0.00,0.0176
65952,-1.48,-1.04,9.57,0.0163,0.0119,-0.0068,91970.12,809.70,0.08,0.0212
66014,-1.47,-0.97,9.57,0.0173,0.0120,-0.0039,91970.12,809.70,0.05,0.0214
66073,-1.50,-0.96,9.46,0.0152,0.0107,-0.0064,91970.12,809.70,0.04,0.0196
66135,-1.37,-1.03,9.43,0.0165,0.0107,-0.0073,91970.12,809.70,0.03,0.0210
66194,-1.54,-0.96,9.39,0.0168,0.0103,-0.0093,91970.12,809.70,0.02,0.0218
66259,-1.55,-0.79,9.42,0.0157,0.0108,-0.0049,91970.12,809.70,0.01,0.0197
66320,-1.57,-1.41,10.08,0.0249,0.0143,-0.0104,91970.12,809.70,0.01,0.0305
66380,-1.44,-1.00,9.62,0.0281,0.0099,-0.0081,91970.12,809.70,0.01,0.0309
66441,-1.69,-1.00,9.71,0.0273,0.0048,-0.0084,91970.12,809.70,0.00,0.0290
66501,-1.64,-0.77,9.08,0.0249,0.0124,-0.0149,91970.28,809.69,-0.07,0.0316
66562,-1.68,-0.82,9.13,0.0281,0.0052,-0.0143,91970.28,809.69,-0.05,0.0319
66622,-1.60,-0.88,9.53,0.0204,0.0115,-0.0111,91970.28,809.69,-0.03,0.0259
66687,-1.32,-1.09,9.37,0.0246,0.0141,-0.0023,91970.28,809.69,-0.02,0.0285
66746,-1.53,-1.00,9.65,0.0209,0.0111,-0.0069,91970.28,809.69,-0.02,0.0247
66808,-1.56,-0.99,9.80,0.0159,0.0132,-0.0088,91970.28,809.69,-0.01,0.0224
66867,-1.52,-0.87,9.79,0.0111,-0.0011,-0.0088,91970.28,809.69,-0.01,0.0142
66929,-1.43,-1.27,9.88,0.0136,0.0103,0.0067,91970.28,809.69,-0.01,0.0183
66988,-1.46,-0.94,9.44,0.0115,0.0121,-0.0040,91970.09,809.71,0.08,0.0172
67050,-1.48,-1.06,9.35,0.0192,0.0096,-0.0063,91970.09,809.71,0.06,0.0223
67124,-1.49,-0.96,9.48,0.0135,0.0165,-0.0071,91970.09,809.71,0.04,0.0224
67186,-1.35,-1.11,9.42,0.0175,0.0167,-0.0059,91970.09,809.71,0.03,0.0248
67245,-1.28,-1.13,9.63,0.0156,0.0112,-0.0096,91970.09,809.71,0.02,0.0215
67307,-1.44,-1.03,9.52,0.0165,0.0105,-0.0052,91970.09,809.71,0.01,0.0203
67366,-1.45,-1.02,9.64,0.0159,0.0109,-0.0037,91970.09,809.71,0.01,0.0196
67428,-1.52,-1.08,9.50,0.0148,0.0165,-0.0083,91970.09,809.71,0.01,0.0237
67487,-1.54,-0.81,9.47,0.0109,0.0080,-0.0132,91970.26,809.69,-0.07,0.0189
67552,-1.42,-1.05,9.34,0.0184,0.0185,-0.0069,91970.26,809.69,-0.05,0.0270
67613,-1.67,-1.00,10.14,0.0366,0.0184,-0.0109,91970.26,809.69,-0.03,0.0424
67678,-1.11,-1.03,9.88,0.0077,0.0160,-0.0029,91970.26,809.69,-0.02,0.0180
67739,-1.41,-1.12,9.75,-0.0040,0.0124,-0.0005,91970.26,809.69,-0.02,0.0130
67799,-1.25,-1.19,9.29,0.0036,0.0137,-0.0048,91970.26,809.69,-0.01,0.0150
67860,-1.51,-1.05,9.34,0.0189,0.0051,-0.0077,91970.26,809.69,-0.01,0.0211
67920,-1.50,-0.92,9.45,0.0153,0.0121,-0.0065,91970.26,809.69,-0.01,0.0206
67985,-1.59,-0.88,9.09,0.0213,0.0075,-0.0048,91970.06,809.71,0.08,0.0231
68044,-1.55,-1.09,9.67,0.0147,0.0216,-0.0112,91970.06,809.71,0.05,0.0284
68106,-0.86,-1.18,9.49,0.0232,0.0048,-0.0035,91970.06,809.71,0.04,0.0239
68165,-1.83,-0.94,9.67,0.0127,0.0076,-0.0140,91970.06,809.71,0.03,0.0203
68227,-1.13,-1.05,9.45,0.0187,0.0139,-0.0064,91970.06,809.71,0.02,0.0241
68286,-1.57,-1.03,9.70,0.0191,0.0029,-0.0037,91970.06,809.71,0.01,0.0196
68348,-1.36,-1.05,9.52,0.0116,0.0183,-0.0064,91970.06,809.71,0.01,0.0225
68412,-1.33,-1.02,9.25,0.0121,0.0120,0.0019,91970.06,809.71,0.01,0.0172
68472,-1.51,-1.03,9.53,0.0149,0.0128,-0.0027,91970.06,809.71,0.00,0.0198
68533,-1.39,-1.05,9.48,0.0175,0.0113,-0.0059,91970.23,809.69,-0.07,0.0216
68593,-1.41,-1.08,9.53,0.0171,0.0129,-0.0056,91970.23,809.69,-0.05,0.0221
68654,-1.33,-0.99,9.30,0.0160,0.0108,-0.0021,91970.23,809.69,-0.04,0.0194
68714,-1.52,-1.02,9.60,0.0196,0.0115,-0.0032,91970.23,809.69,-0.02,0.0229
68775,-1.45,-0.98,9.45,0.0168,0.0127,-0.0063,91970.23,809.69,-0.02,0.0219
68838,-1.50,-0.96,9.43,0.0143,0.0121,-0.0035,91970.23,809.69,-0.01,0.0190
68900,-1.46,-0.98,9.50,0.0131,0.0135,-0.0059,91970.23,809.69,-0.01,0.0196
68959,-1.42,-1.03,9.48,0.0181,0.0104,-0.0080,91970.23,809.69,-0.01,0.0224
69021,-1.45,-0.96,9.45,0.0140,0.0120,-0.0065,91970.03,809.71,0.08,0.0195
69080,-1.38,-0.93,9.24,0.0097,0.0135,-0.0035,91970.03,809.71,0.06,0.0170
69142,-1.41,-1.05,9.39,0.0180,0.0141,-0.0075,91970.03,809.71,0.04,0.0241
69201,-1.38,-0.96,9.43,0.0171,0.0088,-0.0065,91970.03,809.71,0.03,0.0203
69266,-1.58,-0.96,9.11,0.0129,0.0116,-0.0093,91970.03,809.71,0.02,0.0197
69327,-1.57,-0.99,9.39,0.0197,0.0103,-0.0060,91970.03,809.71,0.01,0.0230
69388,-1.50,-0.89,9.35,0.0213,0.0152,-0.0081,91970.03,809.71,0.01,0.0274
69449,-1.45,-0.95,9.57,0.0208,0.0069,-0.0080,91970.03,809.71,0.01,0.0233
69509,-1.45,-1.01,9.50,0.0149,0.0136,-0.0077,91970.03,809.71,0.00,0.0216
69570,-1.40,-1.02,9.45,0.0165,0.0072,-0.0081,91970.03,809.71,0.00,0.0198
69633,-1.75,-0.94,9.48,0.0085,0.0091,-0.0071,91970.03,809.71,0.00,0.0143
69700,-1.20,-1.02,9.31,0.0173,0.0143,-0.0060,91970.03,809.71,0.00,0.0232
69759,-1.42,-0.79,9.05,0.0141,0.0060,-0.0097,91970.03,809.71,0.00,0.0182
69821,-1.25,-0.97,9.47,0.0149,0.0129,-0.0033,91970.03,809.71,0.00,0.0200
69880,-1.47,-1.08,9.66,0.0152,0.0165,-0.0053,91970.03,809.71,0.00,0.0231
69942,-1.40,-1.06,9.29,0.0115,0.0133,-0.0060,91970.03,809.71,0.00,0.0186
70001,-1.60,-0.91,9.44,0.0160,0.0111,-0.0081,91969.86,809.73,0.08,0.0211
70066,-1.51,-1.10,9.61,0.0151,0.0120,-0.0093,91969.86,809.73,0.06,0.0214
70127,-1.49,-1.00,9.41,0.0155,0.0055,-0.0064,91969.86,809.73,0.04,0.0176
70187,-1.47,-0.99,9.47,0.0135,0.0104,-0.0057,91969.86,809.73,0.03,0.0179
70248,-1.32,-1.07,9.45,0.0196,0.0101,-0.0081,91969.86,809.73,0.02,0.0235
70309,-1.38,-1.05,9.52,0.0187,0.0137,-0.0064,91969.86,809.73,0.01,0.0240
70370,-1.36,-1.02,9.50,0.0152,0.0117,-0.0055,91969.86,809.73,0.01,0.0199
70430,-1.51,-1.02,9.52,0.0155,0.0132,-0.0079,91969.86,809.73,0.01,0.0218
70506,-1.37,-1.03,9.62,0.0215,0.0133,-0.0080,91969.86,809.73,0.00,0.0265
70567,-1.53,-1.01,9.60,0.0189,0.0077,-0.0065,91969.86,809.73,0.00,0.0215
70628,-1.37,-1.05,9.46,0.0201,0.0127,-0.0088,91969.86,809.73,0.00,0.0253
70688,-1.47,-1.03,9.51,0.0167,0.0115,-0.0069,91969.86,809.73,0.00,0.0214
70749,-1.46,-0.97,9.50,0.0151,0.0147,-0.0077,91969.86,809.73,0.00,0.0224
70810,-1.39,-1.03,9.45,0.0151,0.0107,-0.0065,91969.86,809.73,0.00,0.0196
70871,-1.43,-1.05,9.45,0.0151,0.0132,-0.0044,91969.86,809.73,0.00,0.0205
70934,-1.50,-1.00,9.81,0.0164,0.0032,-0.0115,91969.86,809.73,0.00,0.0202
70996,-1.39,-1.08,9.56,0.0155,0.0152,-0.0068,91969.86,809.73,0.00,0.0227
71055,-1.44,-1.02,9.32,0.0148,0.0132,-0.0068,91969.66,809.75,0.09,0.0209
71117,-1.36,-1.02,9.46,0.0185,0.0083,-0.0072,91969.66,809.75,0.07,0.0215
71176,-1.46,-1.06,9.60,0.0176,0.0104,-0.0057,91969.66,809.75,0.05,0.0212
71238,-1.38,-1.04,9.41,0.0156,0.0092,-0.0045,91969.66,809.75,0.03,0.0187
71297,-1.47,-1.03,9.55,0.0152,0.0168,-0.0076,91969.66,809.75,0.02,0.0239
71362,-1.33,-1.03,9.46,0.0165,0.0145,-0.0068,91969.66,809.75,0.02,0.0230
71423,-1.50,-1.01,9.42,0.0201,0.0068,-0.0072,91969.66,809.75,0.01,0.0224
71484,-1.33,-1.02,9.47,0.0164,0.0091,-0.0045,91969.66,809.75,0.01,0.0193
71545,-1.51,-1.05,9.60,0.0119,0.0109,-0.0045,91969.83,809.73,-0.07,0.0167
71606,-1.34,-1.07,9.45,0.0137,0.0163,-0.0077,91969.83,809.73,-0.05,0.0226
71667,-1.46,-0.99,9.42,0.0147,0.0120,-0.0091,91969.83,809.73,-0.04,0.0210
71732,-1.45,-1.03,9.57,0.0168,0.0152,-0.0071,91969.83,809.73,-0.02,0.0237
71797,-1.47,-0.96,9.56,0.0140,0.0109,-0.0067,91969.83,809.73,-0.02,0.0190
71856,-1.48,-0.98,9.47,0.0191,0.0092,-0.0067,91969.83,809.73,-0.01,0.0222
71918,-1.72,-1.06,9.55,0.0222,0.0077,-0.0135,91969.83,809.73,-0.01,0.0271
71977,-1.42,-1.02,9.43,0.0217,0.0143,-0.0087,91969.83,809.73,-0.01,0.0274
72039,-1.51,-1.10,9.72,0.0191,0.0097,-0.0072,91969.66,809.75,0.07,0.0226
72098,-1.44,-1.01,9.41,0.0140,0.0152,-0.0055,91969.66,809.75,0.05,0.0214
72160,-1.35,-1.26,9.70,0.0177,0.0140,-0.0069,91969.66,809.75,0.04,0.0236
72224,-1.56,-0.77,8.77,0.0093,0.0057,-0.0148,91969.66,809.75,0.02,0.0184
72285,-1.54,-0.87,9.17,0.0188,0.0089,-0.0040,91969.66,809.75,0.02,0.0212
72346,-1.44,-1.07,9.59,0.0127,0.0111,-0.0083,91969.66,809.75,0.01,0.0187
72406,-1.22,-0.99,9.45,0.0153,0.0085,-0.0089,91969.66,809.75,0.01,0.0197
72467,-1.40,-1.06,9.50,0.0043,0.0197,-0.0035,91969.66,809.75,0.01,0.0205
72528,-1.36,-1.12,9.58,0.0159,0.0060,-0.0075,91969.66,809.75,0.00,0.0185
72589,-1.54,-1.05,9.47,0.0089,0.0117,-0.0061,91969.98,809.72,-0.14,0.0160
72652,-1.50,-1.02,9.33,0.0157,0.0085,-0.0069,91969.98,809.72,-0.10,0.0192
72714,-1.40,-1.04,9.45,0.0143,0.0195,-0.0069,91969.98,809.72,-0.07,0.0251
72773,-1.42,-1.00,9.51,0.0171,0.0072,-0.0056,91969.98,809.72,-0.05,0.0193
72835,-1.47,-1.13,9.33,0.0176,0.0131,-0.0027,91969.98,809.72,-0.03,0.0221
72894,-0.95,-1.18,10.00,0.0253,0.0197,-0.0079,91969.98,809.72,-0.02,0.0330
72956,-1.39,-1.15,10.10,0.0238,0.0024,-0.0021,91969.98,809.72,-0.02,0.0241
73015,-1.38,-1.05,9.25,0.0121,0.0143,-0.0080,91969.98,809.72,-0.01,0.0203
73080,-1.36,-1.13,9.30,0.0185,0.0128,-0.0069,91969.80,809.73,0.06,0.0235
73141,-1.45,-1.06,9.40,0.0224,0.0157,-0.0088,91969.80,809.73,0.05,0.0287
73201,-1.42,-0.96,9.65,0.0165,0.0161,-0.0095,91969.80,809.73,0.03,0.0249
73262,-1.47,-1.06,9.27,0.0151,0.0140,-0.0051,91969.80,809.73,0.02,0.0212
73323,-1.49,-1.00,9.12,0.0199,0.0103,-0.0075,91969.80,809.73,0.02,0.0236
73384,-1.59,-0.99,9.71,0.0187,0.0144,-0.0043,91969.80,809.73,0.01,0.0239
73444,-1.31,-1.14,9.16,0.0167,0.0254,-0.0027,91969.80,809.73,0.01,0.0305
73509,-1.45,-1.00,9.50,0.0139,0.0020,-0.0084,91969.80,809.73,0.01,0.0163
73568,-1.38,-1.12,9.49,0.0135,0.0140,-0.0084,91969.95,809.72,-0.07,0.0211
73630,-1.33,-1.06,9.64,0.0165,0.0115,-0.0060,91969.95,809.72,-0.05,0.0210
73689,-1.36,-1.07,9.48,0.0101,0.0193,-0.0057,91969.95,809.72,-0.03,0.0226
73756,-1.44,-1.04,9.56,0.0187,0.0104,-0.0087,91969.95,809.72,-0.02,0.0230
73815,-1.23,-1.04,9.57,0.0164,0.0184,-0.0047,91969.95,809.72,-0.02,0.0251
73892,-1.34,-0.99,9.41,0.0176,0.0097,-0.0064,91969.95,809.72,-0.01,0.0211
73951,-1.58,-1.02,9.77,0.0161,0.0145,-0.0097,91969.95,809.72,-0.01,0.0238
74013,-1.19,-1.22,9.31,-0.0023,0.0218,-0.0012,91969.95,809.72,-0.01,0.0220
74072,-1.45,-1.08,9.44,0.0132,0.0087,-0.0096,91970.12,809.70,-0.08,0.0185
74134,-1.31,-1.01,9.26,0.0197,0.0139,-0.0085,91970.12,809.70,-0.05,0.0256
74193,-1.47,-1.09,9.47,0.0197,0.0077,-0.0069,91970.12,809.70,-0.04,0.0223
74255,-1.40,-0.97,9.49,0.0172,0.0093,-0.0095,91970.12,809.70,-0.03,0.0217
74319,-1.42,-1.06,9.51,0.0184,0.0089,-0.0068,91970.12,809.70,-0.02,0.0215
74379,-1.40,-1.08,9.59,0.0180,0.0133,-0.0088,91970.12,809.70,-0.01,0.0240
74440,-1.45,-1.10,9.60,0.0171,0.0123,-0.0065,91970.12,809.70,-0.01,0.0220
74500,-1.39,-0.97,9.56,0.0151,0.0092,-0.0091,91970.12,809.70,-0.01,0.0198
74561,-1.45,-0.88,9.42,0.0063,0.0111,0.0007,91970.12,809.70,-0.00,0.0127
74621,-1.34,-0.94,9.32,0.0136,0.0151,-0.0075,91970.11,809.71,-0.00,0.0216
74680,-1.48,-1.07,9.65,0.0155,0.0039,-0.0067,91970.11,809.71,-0.00,0.0173
74746,-1.48,-0.92,9.23,0.0100,0.0149,-0.0113,91970.11,809.71,-0.00,0.0212
74805,-1.12,-1.07,9.42,0.0176,0.0196,-0.0005,91970.11,809.71,-0.00,0.0263
74864,-1.63,-0.97,9.39,0.0172,0.0069,-0.0088,91970.11,809.71,-0.00,0.0205
74926,-1.43,-1.00,9.49,0.0156,0.0100,-0.0063,91970.11,809.71,-0.00,0.0195
74985,-1.56,-1.13,9.72,0.0200,0.0084,-0.0032,91970.11,809.71,-0.00,0.0219
75047,-1.36,-1.06,9.52,0.0184,0.0132,-0.0079,91970.11,809.71,-0.00,0.0240
75106,-1.48,-0.99,9.43,0.0153,0.0088,-0.0064,91970.43,809.68,-0.14,0.0188
75171,-1.38,-1.03,9.43,0.0140,0.0116,-0.0040,91970.43,809.68,-0.10,0.0186
75232,-1.46,-1.03,9.44,0.0160,0.0091,-0.0037,91970.43,809.68,-0.07,0.0188
75292,-1.44,-0.98,9.42,0.0175,0.0140,-0.0057,91970.43,809.68,-0.05,0.0231
75353,-1.40,-1.02,9.49,0.0180,0.0117,-0.0040,91970.43,809.68,-0.03,0.0218
75413,-1.44,-1.04,9.49,0.0172,0.0131,-0.0068,91970.43,809.68,-0.02,0.0226
75474,-1.43,-1.02,9.46,0.0176,0.0093,-0.0067,91970.43,809.68,-0.02,0.0210
75534,-1.48,-1.00,9.49,0.0125,0.0176,-0.0068,91970.43,809.68,-0.01,0.0226
75599,-1.37,-1.03,9.45,0.0165,0.0119,-0.0067,91970.09,809.71,0.13,0.0214
75658,-1.42,-1.05,9.49,0.0149,0.0107,-0.0060,91970.09,809.71,0.09,0.0193
75720,-1.45,-0.95,9.46,0.0139,0.0121,-0.0056,91970.09,809.71,0.06,0.0192
75784,-1.44,-1.05,9.47,0.0177,0.0100,-0.0067,91970.09,809.71,0.05,0.0214
75846,-1.43,-1.06,9.45,0.0188,0.0132,-0.0053,91970.09,809.71,0.03,0.0236
75905,-1.43,-0.98,9.46,0.0123,0.0136,-0.0080,91970.09,809.71,0.02,0.0200
75967,-1.49,-1.02,9.50,0.0173,0.0128,-0.0032,91970.09,809.71,0.02,0.0218
76031,-1.43,-1.03,9.54,0.0196,0.0123,-0.0061,91970.09,809.71,0.01,0.0239
76091,-1.47,-0.98,9.50,0.0140,0.0145,-0.0049,91970.09,809.71,0.01,0.0208
76152,-1.44,-1.01,9.44,0.0140,0.0131,-0.0053,91970.25,809.69,-0.07,0.0199
76212,-1.45,-1.04,9.50,0.0184,0.0136,-0.0069,91970.25,809.69,-0.05,0.0239
76273,-1.45,-1.00,9.49,0.0165,0.0129,-0.0064,91970.25,809.69,-0.03,0.0219
76333,-1.48,-1.00,9.50,0.0173,0.0133,-0.0064,91970.25,809.69,-0.02,0.0228
76398,-1.39,-1.04,9.46,0.0163,0.0140,-0.0064,91970.25,809.69,-0.02,0.0224
76457,-1.45,-0.97,9.48,0.0161,0.0123,-0.0068,91970.25,809.69,-0.01,0.0214
76519,-1.43,-1.01,9.48,0.0155,0.0123,-0.0049,91970.25,809.69,-0.01,0.0203
76578,-1.41,-1.03,9.46,0.0123,0.0121,-0.0056,91970.25,809.69,-0.01,0.0181
76640,-1.41,-1.00,9.49,0.0201,0.0103,-0.0055,91970.09,809.71,0.07,0.0232
76699,-1.47,-0.99,9.50,0.0147,0.0143,-0.0080,91970.09,809.71,0.05,0.0220
76761,-1.44,-1.04,9.46,0.0167,0.0155,-0.0052,91970.09,809.71,0.03,0.0233
76825,-1.43,-1.00,9.48,0.0145,0.0116,-0.0084,91970.09,809.71,0.02,0.0204
76885,-1.46,-1.00,9.49,0.0171,0.0129,-0.0085,91970.09,809.71,0.02,0.0230
76946,-1.41,-1.03,9.44,0.0163,0.0093,-0.0068,91970.09,809.71,0.01,0.0199
77006,-1.43,-1.04,9.46,0.0161,0.0115,-0.0065,91970.09,809.71,0.01,0.0208
77067,-1.46,-0.99,9.50,0.0159,0.0123,-0.0073,91970.09,809.71,0.01,0.0213
77127,-1.45,-1.00,9.44,0.0144,0.0089,-0.0061,91970.25,809.69,-0.07,0.0180
77188,-1.41,-1.05,9.47,0.0180,0.0117,-0.0065,91970.25,809.69,-0.05,0.0224
77264,-1.45,-0.98,9.48,0.0144,0.0079,-0.0037,91970.25,809.69,-0.03,0.0168
77326,-1.43,-1.07,9.49,0.0157,0.0139,-0.0072,91970.25,809.69,-0.02,0.0222
77387,-1.43,-1.01,9.49,0.0151,0.0131,-0.0075,91970.25,809.69,-0.02,0.0213
77449,-1.40,-1.03,9.49,0.0156,0.0111,-0.0056,91970.25,809.69,-0.01,0.0199
77510,-1.41,-1.07,9.48,0.0144,0.0088,-0.0079,91970.25,809.69,-0.01,0.0186
77572,-1.44,-1.02,9.46,0.0195,0.0132,-0.0055,91970.25,809.69,-0.01,0.0241
77633,-1.48,-1.03,9.50,0.0165,0.0111,-0.0068,91970.38,809.68,-0.06,0.0210
77699,-1.42,-1.02,9.45,0.0175,0.0108,-0.0069,91970.38,809.68,-0.04,0.0217
77758,-1.42,-1.01,9.47,0.0165,0.0135,-0.0067,91970.38,809.68,-0.03,0.0223
77825,-1.42,-1.02,9.49,0.0153,0.0096,-0.0063,91970.38,809.68,-0.02,0.0191
77884,-1.41,-1.00,9.46,0.0183,0.0111,-0.0068,91970.38,809.68,-0.01,0.0224
77946,-1.45,-1.00,9.46,0.0196,0.0125,-0.0052,91970.38,809.68,-0.01,0.0238
78005,-1.44,-1.00,9.49,0.0163,0.0132,-0.0056,91970.38,809.68,-0.01,0.0217
78067,-1.42,-1.03,9.46,0.0167,0.0131,-0.0052,91970.38,809.68,-0.00,0.0218
78131,-1.43,-1.02,9.50,0.0168,0.0113,-0.0091,91970.20,809.70,0.07,0.0222
78191,-1.46,-0.96,9.46,0.0168,0.0112,-0.0057,91970.20,809.70,0.05,0.0210
78252,-1.40,-1.05,9.47,0.0144,0.0135,-0.0065,91970.20,809.70,0.03,0.0208
78312,-1.43,-1.03,9.48,0.0149,0.0092,-0.0077,91970.20,809.70,0.02,0.0192
78373,-1.46,-0.99,9.48,0.0167,0.0116,-0.0051,91970.20,809.70,0.02,0.0209
78433,-1.41,-1.02,9.44,0.0179,0.0109,-0.0064,91970.20,809.70,0.01,0.0219
78494,-1.39,-1.03,9.46,0.0173,0.0108,-0.0056,91970.20,809.70,0.01,0.0212
78557,-1.46,-1.01,9.47,0.0159,0.0103,-0.0073,91970.20,809.70,0.01,0.0203
78619,-1.43,-1.01,9.44,0.0156,0.0132,-0.0052,91970.20,809.70,0.00,0.0211
78678,-1.45,-1.03,9.46,0.0188,0.0132,-0.0061,91970.20,809.70,0.00,0.0238
78740,-1.48,-1.00,9.48,0.0164,0.0100,-0.0037,91970.20,809.70,0.00,0.0196
78799,-1.46,-1.03,9.46,0.0151,0.0124,-0.0056,91970.20,809.70,0.00,0.0203
78861,-1.37,-1.04,9.49,0.0164,0.0121,-0.0077,91970.20,809.70,0.00,0.0218
78920,-1.41,-1.02,9.47,0.0179,0.0143,-0.0069,91970.20,809.70,0.00,0.0239
78985,-1.44,-1.02,9.45,0.0165,0.0121,-0.0059,91970.20,809.70,0.00,0.0213
79046,-1.42,-1.05,9.47,0.0164,0.0139,-0.0052,91970.20,809.70,0.00,0.0221
79106,-1.41,-1.01,9.47,0.0179,0.0131,-0.0088,91970.20,809.70,0.00,0.0238
79167,-1.46,-1.00,9.48,0.0159,0.0128,-0.0072,91970.34,809.68,-0.06,0.0216
79227,-1.41,-1.06,9.46,0.0164,0.0116,-0.0067,91970.34,809.68,-0.04,0.0211
79288,-1.43,-1.04,9.50,0.0163,0.0120,-0.0052,91970.34,809.68,-0.03,0.0209
79348,-1.47,-1.02,9.48,0.0160,0.0121,-0.0087,91970.34,809.68,-0.02,0.0219
79413,-1.41,-1.06,9.46,0.0156,0.0152,-0.0057,91970.34,809.68,-0.01,0.0225
79472,-1.41,-0.98,9.48,0.0188,0.0109,-0.0081,91970.34,809.68,-0.01,0.0232
79534,-1.47,-0.98,9.49,0.0143,0.0104,-0.0056,91970.34,809.68,-0.01,0.0185
79593,-1.46,-1.04,9.45,0.0159,0.0107,-0.0055,91970.34,809.68,-0.01,0.0199
79655,-1.41,-1.04,9.46,0.0149,0.0133,-0.0060,91970.17,809.70,0.07,0.0209
79714,-1.48,-1.01,9.49,0.0161,0.0111,-0.0045,91970.17,809.70,0.05,0.0201
79779,-1.44,-1.05,9.46,0.0151,0.0111,-0.0053,91970.17,809.70,0.03,0.0194
79845,-1.45,-0.99,9.48,0.0176,0.0120,-0.0071,91970.17,809.70,0.02,0.0224
79905,-1.44,-0.99,9.51,0.0148,0.0119,-0.0080,91970.17,809.70,0.02,0.0206
79966,-1.43,-1.05,9.47,0.0139,0.0132,-0.0075,91970.17,809.70,0.01,0.0205
80026,-1.42,-1.03,9.45,0.0157,0.0124,-0.0053,91970.17,809.70,0.01,0.0207
80087,-1.47,-1.00,9.50,0.0195,0.0117,-0.0063,91970.17,809.70,0.01,0.0236
80147,-1.48,-1.00,9.50,0.0147,0.0151,-0.0083,91970.17,809.70,0.00,0.0226
80212,-1.42,-1.02,9.47,0.0171,0.0108,-0.0081,91970.17,809.70,0.00,0.0218
80271,-1.44,-0.99,9.47,0.0188,0.0111,-0.0080,91970.17,809.70,0.00,0.0232
80333,-1.45,-1.01,9.47,0.0147,0.0100,-0.0060,91970.17,809.70,0.00,0.0187
80392,-1.44,-1.05,9.46,0.0173,0.0153,-0.0057,91970.17,809.70,0.00,0.0238
80454,-1.45,-0.98,9.49,0.0165,0.0120,-0.0080,91970.17,809.70,0.00,0.0219
80513,-1.46,-1.04,9.50,0.0184,0.0119,-0.0056,91970.17,809.70,0.00,0.0226
80575,-1.42,-1.06,9.49,0.0148,0.0103,-0.0079,91970.17,809.70,0.00,0.0196
80648,-1.45,-0.99,9.49,0.0188,0.0123,-0.0100,91970.17,809.70,0.00,0.0246
80710,-1.43,-1.02,9.46,0.0149,0.0129,-0.0064,91970.00,809.71,0.07,0.0208
80769,-1.43,-1.04,9.45,0.0156,0.0133,-0.0071,91970.00,809.71,0.05,0.0217
80831,-1.44,-0.97,9.49,0.0164,0.0124,-0.0045,91970.00,809.71,0.04,0.0210
80890,-1.46,-1.03,9.50,0.0149,0.0112,-0.0060,91970.00,809.71,0.03,0.0196
80952,-1.40,-1.03,9.47,0.0159,0.0120,-0.0071,91970.00,809.71,0.02,0.0211
81011,-1.45,-0.99,9.50,0.0180,0.0119,-0.0081,91970.00,809.71,0.01,0.0230
81076,-1.40,-1.00,9.46,0.0160,0.0123,-0.0077,91970.00,809.71,0.01,0.0216
81137,-1.41,-1.05,9.43,0.0161,0.0116,-0.0071,91970.00,809.71,0.01,0.0211
81197,-1.43,-1.01,9.49,0.0185,0.0123,-0.0065,91970.00,809.71,0.00,0.0231
81258,-1.46,-1.01,9.49,0.0152,0.0105,-0.0072,91970.00,809.71,0.00,0.0198
81318,-1.41,-1.04,9.45,0.0147,0.0115,-0.0077,91970.00,809.71,0.00,0.0201
81379,-1.43,-1.03,9.49,0.0191,0.0131,-0.0075,91970.00,809.71,0.00,0.0243
81439,-1.47,-1.00,9.51,0.0156,0.0101,-0.0044,91970.00,809.71,0.00,0.0191
81504,-1.41,-1.02,9.45,0.0167,0.0148,-0.0051,91970.00,809.71,0.00,0.0228
81563,-1.42,-1.03,9.44,0.0159,0.0127,-0.0060,91970.00,809.71,0.00,0.0212
81625,-1.45,-0.96,9.50,0.0171,0.0121,-0.0067,91970.00,809.71,0.00,0.0220
81684,-1.46,-1.03,9.46,0.0167,0.0129,-0.0056,91970.00,809.75,0.16,0.0218
81746,-1.41,-1.03,9.46,0.0168,0.0124,-0.0067,91970.28,809.69,-0.16,0.0219
81805,-1.44,-1.02,9.49,0.0176,0.0124,-0.0077,91970.28,809.69,-0.11,0.0229
81872,-1.41,-0.98,9.47,0.0157,0.0125,-0.0069,91970.28,809.69,-0.08,0.0213
81935,-1.42,-1.04,9.48,0.0160,0.0087,-0.0043,91970.28,809.69,-0.06,0.0187
81995,-1.46,-0.98,9.48,0.0145,0.0101,-0.0080,91970.28,809.69,-0.04,0.0194
82056,-1.44,-1.03,9.48,0.0152,0.0131,-0.0048,91970.28,809.69,-0.03,0.0206
82116,-1.38,-1.03,9.46,0.0157,0.0141,-0.0077,91970.28,809.69,-0.02,0.0225
82177,-1.43,-1.00,9.50,0.0164,0.0103,-0.0072,91970.28,809.69,-0.01,0.0206
82237,-1.46,-1.02,9.45,0.0157,0.0132,-0.0057,91970.28,809.69,-0.01,0.0213
82298,-1.43,-1.02,9.47,0.0167,0.0107,-0.0075,91970.28,809.69,-0.01,0.0211
82361,-1.47,-1.02,9.46,0.0173,0.0120,-0.0085,91970.28,809.69,-0.00,0.0227
82423,-1.45,-1.02,9.48,0.0149,0.0149,-0.0064,91970.28,809.69,-0.00,0.0221
82482,-1.41,-1.03,9.47,0.0167,0.0133,-0.0044,91970.28,809.69,-0.00,0.0218
82544,-1.45,-1.02,9.49,0.0173,0.0119,-0.0056,91970.28,809.69,-0.00,0.0217
82603,-1.47,-1.00,9.50,0.0179,0.0104,-0.0084,91970.28,809.69,-0.00,0.0223
82665,-1.40,-1.00,9.46,0.0168,0.0113,-0.0055,91970.28,809.69,-0.00,0.0210
82724,-1.41,-1.03,9.47,0.0168,0.0141,-0.0057,91970.28,809.69,-0.00,0.0227
82789,-1.46,-1.02,9.50,0.0181,0.0125,-0.0048,91970.28,809.69,-0.00,0.0225
82850,-1.42,-1.03,9.45,0.0180,0.0107,-0.0064,91970.28,809.69,-0.00,0.0219
82910,-1.43,-1.02,9.46,0.0179,0.0145,-0.0069,91970.28,809.69,-0.00,0.0240
82971,-1.47,-1.00,9.49,0.0156,0.0105,-0.0081,91970.28,809.69,-0.00,0.0205
83031,-1.41,-1.03,9.48,0.0168,0.0131,-0.0057,91970.28,809.69,-0.00,0.0220
83092,-1.43,-1.03,9.47,0.0189,0.0139,-0.0055,91970.28,809.69,-0.00,0.0241
83155,-1.46,-1.01,9.51,0.0156,0.0135,-0.0080,91970.28,809.69,-0.00,0.0221
83217,-1.41,-1.00,9.50,0.0175,0.0119,-0.0067,91970.25,809.69,0.01,0.0221
83276,-1.43,-1.05,9.45,0.0152,0.0117,-0.0072,91970.25,809.69,0.01,0.0205
83338,-1.45,-0.98,9.51,0.0163,0.0119,-0.0068,91970.25,809.69,0.01,0.0212
83397,-1.44,-1.03,9.47,0.0147,0.0129,-0.0043,91970.25,809.69,0.00,0.0200
83459,-1.45,-1.04,9.48,0.0149,0.0123,-0.0065,91970.25,809.69,0.00,0.0204
83518,-1.41,-1.02,9.48,0.0177,0.0092,-0.0067,91970.25,809.69,0.00,0.0210
83583,-1.46,-1.04,9.48,0.0160,0.0128,-0.0067,91970.25,809.69,0.00,0.0215
83644,-1.39,-1.06,9.49,0.0171,0.0103,-0.0081,91970.25,809.69,0.00,0.0215
83704,-1.43,-1.03,9.48,0.0165,0.0120,-0.0060,91970.25,809.69,0.00,0.0213
83765,-1.42,-0.99,9.49,0.0168,0.0120,-0.0077,91970.25,809.69,0.00,0.0220
83825,-1.44,-1.03,9.49,0.0179,0.0109,-0.0063,91970.25,809.69,0.00,0.0218
83891,-1.42,-1.00,9.46,0.0181,0.0135,-0.0077,91970.25,809.69,0.00,0.0239
83951,-1.45,-1.01,9.47,0.0137,0.0131,-0.0065,91970.25,809.69,0.00,0.0200
84026,-1.44,-1.00,9.48,0.0173,0.0131,-0.0065,91970.25,809.69,0.00,0.0227
84086,-1.44,-0.98,9.50,0.0165,0.0116,-0.0076,91970.25,809.69,0.00,0.0216
84147,-1.44,-1.04,9.47,0.0175,0.0109,-0.0049,91970.25,809.69,0.00,0.0212
84207,-1.44,-1.00,9.47,0.0152,0.0128,-0.0065,91970.25,809.69,0.00,0.0209
84268,-1.45,-0.98,9.49,0.0157,0.0104,-0.0064,91970.25,809.69,0.00,0.0199
84328,-1.44,-1.03,9.45,0.0167,0.0119,-0.0037,91970.25,809.69,0.00,0.0208
84389,-1.42,-1.04,9.46,0.0185,0.0124,-0.0079,91970.25,809.69,0.00,0.0236
84452,-1.46,-1.01,9.48,0.0143,0.0117,-0.0067,91970.25,809.69,0.00,0.0196
84514,-1.46,-1.00,9.45,0.0132,0.0116,-0.0068,91970.25,809.69,0.00,0.0188
84573,-1.40,-1.04,9.48,0.0164,0.0117,-0.0055,91970.25,809.69,0.00,0.0209
84635,-1.43,-0.98,9.50,0.0159,0.0137,-0.0048,91970.25,809.69,0.00,0.0215
84694,-1.44,-0.98,9.48,0.0152,0.0117,-0.0059,91970.25,809.69,0.00,0.0201
84756,-1.42,-1.04,9.44,0.0168,0.0147,-0.0056,91970.39,809.68,-0.06,0.0230
84815,-1.41,-1.03,9.47,0.0187,0.0116,-0.0060,91970.39,809.68,-0.04,0.0228
84880,-1.47,-0.98,9.50,0.0168,0.0105,-0.0064,91970.39,809.68,-0.03,0.0208
84941,-1.44,-1.04,9.46,0.0156,0.0123,-0.0063,91970.39,809.68,-0.02,0.0208
85001,-1.41,-1.02,9.49,0.0171,0.0137,-0.0060,91970.39,809.68,-0.01,0.0227
85062,-1.46,-0.97,9.50,0.0145,0.0124,-0.0064,91970.39,809.68,-0.01,0.0201
85122,-1.45,-1.05,9.47,0.0156,0.0111,-0.0053,91970.39,809.68,-0.01,0.0198
85183,-1.44,-1.05,9.45,0.0175,0.0115,-0.0049,91970.39,809.68,-0.00,0.0215
85243,-1.43,-1.01,9.47,0.0175,0.0111,-0.0067,91970.02,809.71,0.16,0.0217
85308,-1.43,-1.02,9.47,0.0161,0.0139,-0.0063,91970.02,809.71,0.11,0.0222
85367,-1.40,-1.06,9.46,0.0180,0.0121,-0.0069,91970.02,809.71,0.08,0.0228
85429,-1.42,-1.01,9.49,0.0177,0.0121,-0.0064,91970.02,809.71,0.05,0.0224
85488,-1.47,-1.02,9.46,0.0164,0.0128,-0.0027,91970.02,809.71,0.04,0.0210
85550,-1.38,-1.03,9.47,0.0171,0.0103,-0.0064,91970.02,809.71,0.03,0.0209
85609,-1.44,-0.99,9.49,0.0165,0.0099,-0.0049,91970.02,809.71,0.02,0.0199
85671,-1.45,-0.99,9.50,0.0163,0.0129,-0.0053,91970.02,809.71,0.01,0.0214
85734,-1.39,-1.06,9.45,0.0152,0.0136,-0.0071,91970.02,809.71,0.01,0.0216
85794,-1.42,-1.02,9.49,0.0163,0.0101,-0.0071,91970.02,809.71,0.01,0.0204
85855,-1.46,-1.00,9.52,0.0152,0.0111,-0.0081,91970.02,809.71,0.01,0.0205
85920,-1.43,-1.02,9.47,0.0172,0.0153,-0.0056,91970.02,809.71,0.01,0.0237
85981,-1.43,-1.02,9.46,0.0164,0.0108,-0.0081,91970.02,809.71,0.00,0.0212
86041,-1.44,-1.01,9.47,0.0151,0.0123,-0.0057,91970.02,809.71,0.00,0.0202
86102,-1.46,-1.04,9.44,0.0156,0.0101,-0.0061,91970.02,809.71,0.00,0.0196
86165,-1.47,-1.00,9.48,0.0160,0.0133,-0.0055,91970.02,809.71,0.00,0.0215
86227,-1.46,-1.00,9.50,0.0147,0.0124,-0.0076,91970.02,809.71,0.00,0.0206
86286,-1.46,-1.03,9.46,0.0161,0.0119,-0.0059,91970.02,809.71,0.00,0.0209
86348,-1.39,-1.01,9.47,0.0172,0.0129,-0.0057,91970.02,809.71,0.00,0.0223
86407,-1.46,-1.01,9.48,0.0168,0.0149,-0.0077,91970.02,809.71,0.00,0.0238
86469,-1.46,-1.01,9.47,0.0147,0.0105,-0.0075,91970.02,809.71,0.00,0.0195
86528,-1.42,-1.02,9.47,0.0184,0.0120,-0.0072,91970.02,809.71,0.00,0.0231
86593,-1.44,-1.00,9.50,0.0180,0.0093,-0.0064,91970.02,809.71,0.00,0.0212
86654,-1.45,-0.99,9.47,0.0163,0.0143,-0.0055,91970.02,809.71,0.00,0.0223
86714,-1.42,-1.03,9.45,0.0156,0.0117,-0.0057,91970.02,809.71,0.00,0.0203
86775,-1.43,-1.01,9.46,0.0176,0.0127,-0.0051,91969.99,809.72,0.01,0.0223
86835,-1.48,-1.01,9.48,0.0171,0.0128,-0.0047,91969.99,809.72,0.01,0.0218
86896,-1.43,-1.02,9.47,0.0160,0.0116,-0.0061,91969.99,809.72,0.00,0.0207
86956,-1.43,-1.05,9.48,0.0172,0.0111,-0.0040,91969.99,809.72,0.00,0.0208
87021,-1.47,-0.98,9.48,0.0168,0.0133,-0.0060,91969.99,809.72,0.00,0.0223
87080,-1.43,-1.00,9.46,0.0156,0.0117,-0.0085,91969.99,809.72,0.00,0.0213
87142,-1.40,-1.06,9.47,0.0136,0.0128,-0.0069,91969.99,809.72,0.00,0.0199
87201,-1.42,-0.96,9.47,0.0168,0.0135,-0.0041,91969.99,809.72,0.00,0.0219
87263,-1.43,-1.02,9.48,0.0160,0.0131,-0.0060,91969.99,809.72,0.00,0.0215
87322,-1.43,-1.02,9.45,0.0180,0.0128,-0.0089,91969.99,809.72,0.00,0.0238
87384,-1.45,-1.00,9.47,0.0152,0.0148,-0.0053,91969.99,809.72,0.00,0.0219
87458,-1.39,-1.04,9.47,0.0172,0.0116,-0.0081,91969.99,809.72,0.00,0.0223
87520,-1.46,-1.02,9.45,0.0148,0.0107,-0.0073,91969.99,809.72,0.00,0.0196
87579,-1.44,-1.03,9.53,0.0140,0.0139,-0.0044,91969.99,809.72,0.00,0.0202
87641,-1.43,-1.02,9.47,0.0144,0.0136,-0.0060,91969.99,809.72,0.00,0.0207
87700,-1.43,-0.99,9.47,0.0159,0.0136,-0.0044,91969.99,809.72,0.00,0.0213
87762,-1.43,-1.01,9.46,0.0179,0.0128,-0.0063,91969.99,809.72,0.00,0.0228
87826,-1.45,-1.03,9.45,0.0179,0.0124,-0.0069,91969.98,809.72,0.01,0.0228
87886,-1.42,-1.02,9.50,0.0164,0.0117,-0.0063,91969.98,809.72,0.00,0.0211
87952,-1.46,-0.99,9.48,0.0151,0.0121,-0.0057,91969.98,809.72,0.00,0.0202
88012,-1.41,-1.05,9.45,0.0163,0.0127,-0.0035,91969.98,809.72,0.00,0.0209
88073,-1.43,-1.01,9.49,0.0176,0.0109,-0.0079,91969.98,809.72,0.00,0.0221
88133,-1.45,-1.00,9.49,0.0171,0.0113,-0.0061,91969.98,809.72,0.00,0.0214
88194,-1.43,-1.03,9.48,0.0128,0.0139,-0.0064,91969.98,809.72,0.00,0.0199
88257,-1.41,-1.03,9.46,0.0187,0.0120,-0.0059,91969.98,809.72,0.00,0.0229
88319,-1.43,-1.00,9.47,0.0173,0.0136,-0.0057,91969.79,809.73,0.09,0.0227
88378,-1.44,-1.02,9.48,0.0143,0.0107,-0.0029,91969.79,809.73,0.06,0.0180
88440,-1.46,-1.05,9.46,0.0184,0.0117,-0.0059,91969.79,809.73,0.04,0.0226
88499,-1.42,-1.00,9.47,0.0180,0.0152,-0.0069,91969.79,809.73,0.03,0.0245
88561,-1.47,-0.99,9.47,0.0161,0.0136,-0.0081,91969.79,809.73,0.02,0.0226
88620,-1.38,-1.03,9.48,0.0175,0.0097,-0.0044,91969.79,809.73,0.01,0.0205
88685,-1.43,-0.98,9.50,0.0188,0.0120,-0.0061,91969.79,809.73,0.01,0.0231
88746,-1.46,-1.00,9.47,0.0172,0.0133,-0.0088,91969.79,809.73,0.01,0.0235
88806,-1.42,-1.03,9.45,0.0156,0.0141,-0.0061,91969.63,809.75,0.08,0.0219
88866,-1.43,-1.00,9.48,0.0193,0.0112,-0.0083,91969.63,809.75,0.05,0.0238
88926,-1.48,-0.97,9.50,0.0156,0.0108,-0.0060,91969.63,809.75,0.04,0.0199
88985,-1.42,-1.03,9.48,0.0173,0.0121,-0.0060,91969.63,809.75,0.03,0.0220
89056,-1.44,-0.99,9.47,0.0173,0.0133,-0.0053,91969.63,809.75,0.02,0.0225
89141,-1.40,-1.00,9.50,0.0177,0.0125,-0.0093,91969.63,809.75,0.01,0.0236
89240,-1.44,-1.00,9.46,0.0173,0.0111,-0.0051,91969.63,809.75,0.01,0.0212
89302,-1.43,-1.02,9.46,0.0180,0.0127,-0.0064,91969.63,809.75,0.01,0.0229
89361,-1.44,-1.08,9.45,0.0153,0.0119,-0.0051,91969.59,809.75,0.02,0.0200
89423,-1.38,-1.04,9.48,0.0136,0.0112,-0.0081,91969.59,809.75,0.01,0.0194
89482,-1.44,-0.99,9.52,0.0189,0.0144,-0.0067,91969.59,809.75,0.01,0.0247
89544,-1.44,-1.05,9.45,0.0195,0.0095,-0.0061,91969.59,809.75,0.01,0.0225
89608,-1.43,-1.03,9.49,0.0177,0.0123,-0.0073,91969.59,809.75,0.00,0.0228
89668,-1.45,-1.01,9.49,0.0171,0.0112,-0.0067,91969.59,809.75,0.00,0.0215
89729,-1.42,-1.02,9.47,0.0176,0.0153,-0.0060,91969.59,809.75,0.00,0.0241
89789,-1.45,-1.01,9.49,0.0151,0.0148,-0.0076,91969.59,809.75,0.00,0.0224
89850,-1.47,-1.01,9.48,0.0172,0.0109,-0.0059,91969.42,809.77,0.08,0.0212
89910,-1.42,-1.01,9.47,0.0137,0.0123,-0.0056,91969.42,809.77,0.05,0.0192
89976,-1.41,-1.02,9.49,0.0187,0.0120,-0.0079,91969.42,809.77,0.04,0.0235
90039,-1.45,-1.02,9.49,0.0157,0.0115,-0.0051,91969.42,809.77,0.03,0.0201
90101,-1.43,-1.04,9.45,0.0137,0.0144,-0.0051,91969.42,809.77,0.02,0.0205
90160,-1.43,-1.04,9.49,0.0168,0.0105,-0.0071,91969.42,809.77,0.01,0.0210
90222,-1.41,-0.99,9.47,0.0157,0.0128,-0.0073,91969.42,809.77,0.01,0.0216
90281,-1.42,-1.01,9.47,0.0135,0.0119,-0.0047,91969.42,809.77,0.01,0.0185
90343,-1.41,-1.06,9.45,0.0152,0.0105,-0.0064,91969.56,809.75,-0.06,0.0196
90402,-1.43,-1.04,9.51,0.0157,0.0103,-0.0075,91969.56,809.75,-0.04,0.0202
90467,-1.47,-1.01,9.49,0.0156,0.0127,-0.0047,91969.56,809.75,-0.03,0.0206
90528,-1.40,-1.06,9.47,0.0153,0.0133,-0.0077,91969.56,809.75,-0.02,0.0217
90588,-1.40,-1.02,9.51,0.0197,0.0107,-0.0051,91969.56,809.75,-0.01,0.0230
90649,-1.46,-1.01,9.48,0.0185,0.0093,-0.0057,91969.56,809.75,-0.01,0.0215
90709,-1.43,-1.02,9.45,0.0163,0.0125,-0.0059,91969.56,809.75,-0.01,0.0213
90770,-1.43,-1.03,9.50,0.0180,0.0128,-0.0063,91969.56,809.75,-0.00,0.0229
90830,-1.46,-0.99,9.50,0.0172,0.0113,-0.0081,91968.72,809.77,0.07,0.0221
90905,-1.42,-1.05,9.48,0.0163,0.0135,-0.0071,91969.39,809.77,0.05,0.0223
90965,-1.46,-1.01,9.48,0.0148,0.0139,-0.0073,91969.39,809.77,0.04,0.0215
91026,-1.42,-1.03,9.47,0.0145,0.0137,-0.0060,91969.39,809.77,0.02,0.0209
91086,-1.41,-1.04,9.43,0.0136,0.0129,-0.0072,91969.39,809.77,0.02,0.0201
91147,-1.45,-1.01,9.47,0.0156,0.0116,-0.0071,91969.39,809.77,0.01,0.0207
91207,-1.42,-0.99,9.48,0.0139,0.0141,-0.0080,91969.39,809.77,0.01,0.0213
91268,-1.42,-1.04,9.48,0.0152,0.0137,-0.0081,91969.39,809.77,0.01,0.0220
91331,-1.45,-0.99,9.50,0.0199,0.0127,-0.0060,91969.39,809.77,0.00,0.0243
91393,-1.48,-1.00,9.51,0.0173,0.0141,-0.0065,91969.39,809.77,0.00,0.0233
91452,-1.45,-1.07,9.45,0.0164,0.0116,-0.0065,91969.39,809.77,0.00,0.0211
91514,-1.45,-1.02,9.49,0.0197,0.0124,-0.0093,91969.39,809.77,0.00,0.0251
91573,-1.46,-1.00,9.48,0.0147,0.0108,-0.0087,91969.39,809.77,0.00,0.0202
91635,-1.41,-1.04,9.44,0.0171,0.0107,-0.0060,91969.39,809.77,0.00,0.0210
91694,-1.41,-1.08,9.49,0.0167,0.0129,-0.0072,91969.39,809.77,0.00,0.0223
91759,-1.46,-1.02,9.50,0.0165,0.0113,-0.0075,91969.39,809.77,0.00,0.0214
91820,-1.42,-1.04,9.46,0.0152,0.0120,-0.0043,91969.39,809.77,0.00,0.0198
91881,-1.41,-1.04,9.42,0.0175,0.0112,-0.0051,91969.36,809.77,0.01,0.0213
91942,-1.45,-1.01,9.50,0.0183,0.0137,-0.0053,91969.36,809.77,0.01,0.0234
92007,-1.42,-1.01,9.45,0.0152,0.0112,-0.0056,91969.36,809.77,0.01,0.0197
92068,-1.40,-1.04,9.45,0.0168,0.0119,-0.0052,91969.36,809.77,0.00,0.0212
92128,-1.44,-1.00,9.50,0.0165,0.0107,-0.0084,91969.36,809.77,0.00,0.0214
92193,-1.45,-1.02,9.47,0.0155,0.0131,-0.0059,91969.36,809.77,0.00,0.0211
92252,-1.41,-1.05,9.48,0.0177,0.0107,-0.0061,91969.36,809.77,0.00,0.0216
92314,-1.45,-1.00,9.49,0.0163,0.0135,-0.0047,91969.36,809.77,0.00,0.0216
92373,-1.43,-0.99,9.50,0.0149,0.0093,-0.0068,91969.36,809.77,0.00,0.0189
92435,-1.41,-1.04,9.47,0.0160,0.0107,-0.0056,91969.36,809.77,0.00,0.0200
92516,-1.44,-1.02,9.48,0.0123,0.0120,-0.0040,91969.36,809.77,0.00,0.0176
92583,-1.38,-1.06,9.45,0.0173,0.0116,-0.0076,91969.36,809.77,0.00,0.0222
92644,-1.45,-1.01,9.50,0.0173,0.0132,-0.0057,91969.36,809.77,0.00,0.0225
92704,-1.43,-1.04,9.46,0.0161,0.0115,-0.0052,91969.36,809.77,0.00,0.0204
92765,-1.44,-1.07,9.46,0.0189,0.0115,-0.0055,91969.36,809.77,0.00,0.0228
92825,-1.44,-1.01,9.48,0.0172,0.0131,-0.0068,91969.36,809.77,0.00,0.0226
92886,-1.45,-0.99,9.48,0.0168,0.0115,-0.0060,91969.16,809.79,0.09,0.0212
92946,-1.41,-1.05,9.45,0.0171,0.0117,-0.0052,91969.16,809.79,0.06,0.0213
93011,-1.44,-1.01,9.48,0.0151,0.0113,-0.0081,91969.16,809.79,0.04,0.0205
93070,-1.45,-0.97,9.48,0.0165,0.0103,-0.0057,91969.16,809.79,0.03,0.0203
93132,-1.43,-1.02,9.48,0.0159,0.0115,-0.0057,91969.16,809.79,0.02,0.0204
93191,-1.41,-1.03,9.45,0.0193,0.0144,-0.0056,91969.16,809.79,0.02,0.0247
93253,-1.47,-0.99,9.51,0.0157,0.0141,-0.0051,91969.16,809.79,0.01,0.0217
93312,-1.46,-0.97,9.46,0.0160,0.0121,-0.0063,91969.16,809.79,0.01,0.0210
93374,-1.41,-1.04,9.45,0.0143,0.0127,-0.0056,91969.31,809.78,-0.06,0.0199
93438,-1.44,-0.98,9.48,0.0167,0.0123,-0.0075,91969.31,809.78,-0.04,0.0220
93498,-1.46,-1.01,9.48,0.0165,0.0129,-0.0065,91969.31,809.78,-0.03,0.0220
93559,-1.41,-1.03,9.45,0.0189,0.0148,-0.0055,91969.31,809.78,-0.02,0.0246
93619,-1.45,-1.02,9.49,0.0181,0.0097,-0.0069,91969.31,809.78,-0.01,0.0217
93680,-1.47,-0.99,9.50,0.0164,0.0120,-0.0055,91969.31,809.78,-0.01,0.0210
93740,-1.41,-1.05,9.47,0.0156,0.0117,-0.0055,91969.31,809.78,-0.01,0.0203
93801,-1.42,-1.03,9.48,0.0181,0.0124,-0.0071,91969.31,809.78,-0.00,0.0231
93864,-1.43,-1.00,9.48,0.0179,0.0119,-0.0048,91969.31,809.78,-0.00,0.0220
93926,-1.40,-1.02,9.44,0.0148,0.0145,-0.0049,91969.30,809.78,0.00,0.0213
93985,-1.42,-1.03,9.46,0.0159,0.0116,-0.0049,91969.30,809.78,0.00,0.0202
94052,-1.45,-0.99,9.48,0.0164,0.0141,-0.0056,91969.30,809.78,0.00,0.0223
94111,-1.41,-1.02,9.46,0.0164,0.0109,-0.0056,91969.30,809.78,0.00,0.0205
94173,-1.43,-1.01,9.47,0.0187,0.0109,-0.0063,91969.30,809.78,0.00,0.0225
94232,-1.45,-0.97,9.50,0.0177,0.0108,-0.0055,91969.30,809.78,0.00,0.0215
94309,-1.40,-1.05,9.45,0.0195,0.0131,-0.0053,91969.30,809.78,0.00,0.0240
94368,-1.43,-1.00,9.49,0.0168,0.0131,-0.0064,91969.30,809.78,0.00,0.0222
94430,-1.47,-1.01,9.50,0.0129,0.0128,-0.0055,91969.64,809.75,-0.15,0.0190
94489,-1.43,-1.07,9.44,0.0145,0.0119,-0.0055,91969.64,809.75,-0.10,0.0195
94551,-1.44,-0.98,9.49,0.0155,0.0119,-0.0071,91969.64,809.75,-0.07,0.0207
94610,-1.45,-1.00,9.46,0.0187,0.0116,-0.0056,91969.64,809.75,-0.05,0.0227
94672,-1.41,-1.04,9.43,0.0167,0.0117,-0.0053,91969.64,809.75,-0.04,0.0211
94736,-1.44,-1.02,9.47,0.0159,0.0148,-0.0081,91969.64,809.75,-0.02,0.0232
94796,-1.45,-1.01,9.50,0.0140,0.0088,-0.0060,91969.64,809.75,-0.02,0.0176
94857,-1.43,-1.01,9.45,0.0149,0.0117,-0.0049,91969.64,809.75,-0.01,0.0196
94917,-1.41,-1.02,9.48,0.0153,0.0147,-0.0087,91969.61,809.75,0.01,0.0229
94978,-1.44,-1.00,9.52,0.0165,0.0133,-0.0071,91969.61,809.75,0.00,0.0224
95038,-1.43,-1.02,9.46,0.0171,0.0112,-0.0076,91969.61,809.75,0.00,0.0218
95099,-1.41,-1.06,9.47,0.0188,0.0119,-0.0060,91969.61,809.75,0.00,0.0230
95162,-1.46,-0.98,9.50,0.0168,0.0105,-0.0060,91969.61,809.75,0.00,0.0207
95224,-1.41,-1.01,9.46,0.0140,0.0120,-0.0071,91969.61,809.75,0.00,0.0197
95283,-1.41,-1.03,9.44,0.0209,0.0116,-0.0075,91969.61,809.75,0.00,0.0251
95345,-1.44,-1.00,9.47,0.0175,0.0143,-0.0072,91969.61,809.75,0.00,0.0237
95404,-1.46,-1.03,9.50,0.0127,0.0117,-0.0053,91969.61,809.75,0.00,0.0181
95466,-1.44,-1.03,9.45,0.0180,0.0116,-0.0063,91969.61,809.75,0.00,0.0223
95525,-1.46,-1.02,9.49,0.0207,0.0088,-0.0064,91969.61,809.75,0.00,0.0233
95590,-1.44,-1.01,9.47,0.0153,0.0111,-0.0053,91969.61,809.75,0.00,0.0196
95651,-1.42,-1.01,9.47,0.0173,0.0112,-0.0068,91969.61,809.75,0.00,0.0217
95711,-1.42,-1.04,9.47,0.0173,0.0137,-0.0065,91969.61,809.75,0.00,0.0230
95772,-1.47,-0.98,9.47,0.0172,0.0132,-0.0064,91969.61,809.75,0.00,0.0226
95832,-1.46,-1.03,9.45,0.0140,0.0148,-0.0063,91969.61,809.75,0.00,0.0213
95893,-1.42,-1.04,9.47,0.0189,0.0093,-0.0060,91969.61,809.75,0.00,0.0219
95954,-1.47,-0.96,9.51,0.0153,0.0132,-0.0059,91969.61,809.75,0.00,0.0210
96019,-1.43,-1.05,9.45,0.0165,0.0121,-0.0036,91969.61,809.75,0.00,0.0208
96083,-1.42,-1.03,9.49,0.0160,0.0139,-0.0075,91969.61,809.75,0.00,0.0224
96145,-1.47,-0.99,9.49,0.0152,0.0101,-0.0053,91969.61,809.75,0.00,0.0190
96204,-1.41,-1.06,9.46,0.0179,0.0096,-0.0083,91969.61,809.75,0.00,0.0219
96266,-1.44,-1.02,9.45,0.0187,0.0099,-0.0073,91969.61,809.75,0.00,0.0223
96325,-1.48,-1.00,9.49,0.0140,0.0120,-0.0052,91969.61,809.75,0.00,0.0191
96390,-1.41,-1.05,9.48,0.0168,0.0115,-0.0056,91969.61,809.75,0.00,0.0211
96451,-1.42,-1.04,9.45,0.0171,0.0115,-0.0056,91969.56,809.75,0.02,0.0213
96511,-1.49,-0.99,9.49,0.0129,0.0121,-0.0041,91969.56,809.75,0.01,0.0182
96572,-1.45,-1.01,9.44,0.0152,0.0115,-0.0073,91969.56,809.75,0.01,0.0204
96632,-1.40,-1.03,9.48,0.0175,0.0111,-0.0073,91969.56,809.75,0.01,0.0219
96693,-1.44,-0.99,9.51,0.0160,0.0112,-0.0067,91969.56,809.75,0.01,0.0206
96753,-1.44,-1.00,9.47,0.0135,0.0143,-0.0051,91969.56,809.75,0.00,0.0202
96818,-1.41,-1.04,9.50,0.0184,0.0100,-0.0075,91969.56,809.75,0.00,0.0222
96877,-1.45,-0.99,9.49,0.0153,0.0124,-0.0063,91969.56,809.75,0.00,0.0207
96939,-1.39,-1.03,9.49,0.0157,0.0157,-0.0048,91969.72,809.74,-0.07,0.0227
96998,-1.42,-1.03,9.47,0.0164,0.0107,-0.0083,91969.72,809.74,-0.05,0.0212
97060,-1.43,-1.00,9.49,0.0172,0.0097,-0.0064,91969.72,809.74,-0.03,0.0208
97119,-1.43,-1.02,9.50,0.0179,0.0111,-0.0056,91969.72,809.74,-0.02,0.0217
97181,-1.43,-1.05,9.47,0.0155,0.0123,-0.0065,91969.72,809.74,-0.02,0.0208
97245,-1.45,-1.00,9.48,0.0175,0.0129,-0.0072,91969.72,809.74,-0.01,0.0229
97306,-1.44,-1.01,9.47,0.0188,0.0103,-0.0069,91969.72,809.74,-0.01,0.0225
97367,-1.41,-1.07,9.47,0.0183,0.0156,-0.0060,91969.72,809.74,-0.01,0.0247
97428,-1.43,-1.00,9.49,0.0177,0.0093,-0.0064,91969.72,809.74,-0.00,0.0210
97489,-1.44,-1.00,9.48,0.0160,0.0131,-0.0071,91969.38,809.77,0.14,0.0218
97550,-1.42,-1.07,9.47,0.0211,0.0107,-0.0080,91969.38,809.77,0.10,0.0249
97611,-1.44,-0.99,9.47,0.0153,0.0121,-0.0075,91969.38,809.77,0.07,0.0209
97686,-1.43,-1.06,9.45,0.0165,0.0109,-0.0033,91969.38,809.77,0.05,0.0201
97747,-1.44,-1.01,9.44,0.0164,0.0093,-0.0063,91969.38,809.77,0.03,0.0199
97808,-1.46,-1.01,9.47,0.0183,0.0137,-0.0059,91969.38,809.77,0.02,0.0236
97869,-1.42,-1.03,9.48,0.0167,0.0147,-0.0084,91969.38,809.77,0.02,0.0237
97930,-1.43,-1.01,9.46,0.0160,0.0145,-0.0075,91969.38,809.77,0.01,0.0229
97991,-1.45,-1.01,9.51,0.0156,0.0117,-0.0060,91969.70,809.74,-0.13,0.0204
98052,-1.45,-1.03,9.46,0.0163,0.0116,-0.0069,91969.70,809.74,-0.09,0.0211
98122,-1.46,-1.01,9.47,0.0167,0.0120,-0.0065,91969.70,809.74,-0.06,0.0215
98181,-1.45,-1.00,9.48,0.0168,0.0099,-0.0068,91969.70,809.74,-0.04,0.0206
98243,-1.42,-1.01,9.45,0.0153,0.0103,-0.0069,91969.70,809.74,-0.03,0.0197
98302,-1.41,-1.01,9.49,0.0180,0.0120,-0.0061,91969.70,809.74,-0.02,0.0225
98364,-1.44,-0.99,9.49,0.0171,0.0121,-0.0080,91969.70,809.74,-0.02,0.0224
98423,-1.41,-1.03,9.45,0.0139,0.0097,-0.0068,91969.70,809.74,-0.01,0.0182
98485,-1.42,-1.03,9.48,0.0180,0.0100,-0.0072,91969.35,809.77,0.14,0.0218
98549,-1.46,-1.02,9.48,0.0163,0.0120,-0.0047,91969.35,809.77,0.10,0.0207
98609,-1.43,-1.04,9.44,0.0172,0.0135,-0.0077,91969.35,809.77,0.07,0.0232
98670,-1.41,-1.02,9.48,0.0168,0.0121,-0.0067,91969.35,809.77,0.05,0.0218
98730,-1.48,-0.99,9.48,0.0157,0.0129,-0.0059,91969.35,809.77,0.03,0.0212
98791,-1.45,-1.01,9.48,0.0161,0.0111,-0.0060,91969.35,809.77,0.02,0.0204
98852,-1.42,-1.03,9.45,0.0168,0.0125,-0.0059,91969.35,809.77,0.02,0.0217
98913,-1.45,-0.99,9.47,0.0161,0.0099,-0.0037,91969.35,809.77,0.01,0.0193
98976,-1.44,-1.02,9.48,0.0179,0.0145,-0.0055,91969.52,809.76,-0.06,0.0237
99038,-1.39,-1.02,9.45,0.0165,0.0136,-0.0057,91969.52,809.76,-0.04,0.0221
99097,-1.43,-1.03,9.51,0.0164,0.0123,-0.0060,91969.52,809.76,-0.03,0.0213
99159,-1.44,-1.04,9.47,0.0167,0.0112,-0.0052,91969.52,809.76,-0.02,0.0207
99218,-1.37,-1.02,9.46,0.0164,0.0132,-0.0047,91969.52,809.76,-0.01,0.0215
99280,-1.44,-1.04,9.48,0.0179,0.0119,-0.0065,91969.52,809.76,-0.01,0.0224
99339,-1.46,-1.01,9.49,0.0160,0.0113,-0.0032,91969.52,809.76,-0.01,0.0199
99404,-1.41,-1.08,9.48,0.0179,0.0097,-0.0069,91969.52,809.76,-0.00,0.0215
99465,-1.42,-1.03,9.47,0.0171,0.0127,-0.0084,91968.84,809.76,0.02,0.0228
99526,-1.46,-1.03,9.47,0.0165,0.0115,-0.0073,91969.47,809.76,0.01,0.0214
99587,-1.42,-1.05,9.46,0.0164,0.0103,-0.0071,91969.47,809.76,0.01,0.0206
99648,-1.41,-1.02,9.47,0.0187,0.0104,-0.0067,91969.47,809.76,0.01,0.0224
99709,-1.45,-0.99,9.48,0.0171,0.0115,-0.0060,91969.47,809.76,0.00,0.0214
99770,-1.42,-1.02,9.46,0.0159,0.0132,-0.0047,91969.47,809.76,0.00,0.0211
99829,-1.42,-1.02,9.47,0.0147,0.0091,-0.0075,91969.47,809.76,0.00,0.0188
99889,-1.42,-1.00,9.50,0.0157,0.0112,-0.0056,91969.47,809.76,0.00,0.0201
99950,-1.45,-1.00,9.44,0.0168,0.0125,-0.0044,91969.47,809.76,0.00,0.0214
100011,-1.41,-1.03,9.44,0.0157,0.0088,-0.0080,91969.47,809.76,0.00,0.0197
100072,-1.45,-1.00,9.47,0.0157,0.0123,-0.0048,91969.47,809.76,0.00,0.0205
100138,-1.44,-1.03,9.45,0.0167,0.0119,-0.0080,91969.47,809.76,0.00,0.0220
100203,-1.41,-1.03,9.47,0.0168,0.0128,-0.0052,91969.47,809.76,0.00,0.0217
100262,-1.45,-0.99,9.49,0.0153,0.0133,-0.0091,91969.47,809.76,0.00,0.0222
100324,-1.44,-1.02,9.45,0.0144,0.0113,-0.0061,91969.47,809.76,0.00,0.0193
100383,-1.42,-1.04,9.47,0.0185,0.0116,-0.0056,91969.47,809.76,0.00,0.0226
100445,-1.45,-1.00,9.46,0.0172,0.0137,-0.0060,91969.47,809.76,0.00,0.0228
100504,-1.43,-1.03,9.47,0.0140,0.0125,-0.0068,91969.47,809.76,0.00,0.0200
100566,-1.39,-1.03,9.46,0.0201,0.0097,-0.0048,91969.47,809.76,0.00,0.0229
100630,-1.43,-1.02,9.50,0.0171,0.0124,-0.0061,91969.47,809.76,0.00,0.0220
100691,-1.46,-1.03,9.47,0.0151,0.0124,-0.0071,91969.47,809.76,0.00,0.0207
100752,-1.41,-1.03,9.46,0.0165,0.0117,-0.0051,91969.47,809.76,0.00,0.0209
100813,-1.46,-1.01,9.47,0.0156,0.0132,-0.0068,91969.47,809.76,0.00,0.0215
100874,-1.45,-0.99,9.48,0.0141,0.0125,-0.0080,91969.47,809.76,0.00,0.0205
100935,-1.43,-1.03,9.42,0.0173,0.0107,-0.0075,91969.47,809.76,0.00,0.0217
100996,-1.41,-0.99,9.48,0.0183,0.0099,-0.0068,91969.61,809.75,-0.06,0.0218
101071,-1.38,-1.05,9.45,0.0157,0.0125,-0.0061,91969.61,809.75,-0.04,0.0210
101132,-1.43,-1.03,9.47,0.0151,0.0113,-0.0064,91969.61,809.75,-0.03,0.0199
101193,-1.46,-1.01,9.49,0.0177,0.0101,-0.0084,91969.61,809.75,-0.02,0.0221
101254,-1.44,-1.04,9.46,0.0172,0.0127,-0.0037,91969.61,809.75,-0.01,0.0217
101314,-1.42,-1.02,9.50,0.0191,0.0113,-0.0057,91969.61,809.75,-0.01,0.0229
101375,-1.43,-1.00,9.50,0.0156,0.0125,-0.0048,91969.61,809.75,-0.01,0.0206
101435,-1.44,-1.03,9.48,0.0147,0.0131,-0.0045,91969.61,809.75,-0.01,0.0201
101500,-1.41,-1.01,9.45,0.0173,0.0119,-0.0076,91969.44,809.77,0.07,0.0223
101559,-1.44,-0.96,9.47,0.0164,0.0113,-0.0095,91969.44,809.77,0.05,0.0221
101621,-1.43,-0.98,9.47,0.0151,0.0123,-0.0067,91969.44,809.77,0.03,0.0205
101680,-1.45,-1.04,9.44,0.0141,0.0131,-0.0080,91969.44,809.77,0.02,0.0208
101742,-1.44,-1.02,9.49,0.0177,0.0131,-0.0083,91969.44,809.77,0.02,0.0235
101801,-1.44,-0.98,9.49,0.0149,0.0136,-0.0072,91969.44,809.77,0.01,0.0214
101863,-1.40,-1.05,9.47,0.0175,0.0125,-0.0073,91969.44,809.77,0.01,0.0227
101927,-1.43,-1.02,9.47,0.0173,0.0103,-0.0067,91969.44,809.77,0.01,0.0212
101988,-1.43,-1.02,9.47,0.0157,0.0107,-0.0039,91969.44,809.77,0.00,0.0194
102049,-1.41,-1.04,9.45,0.0157,0.0100,-0.0057,91969.26,809.78,0.09,0.0195
102110,-1.43,-0.98,9.49,0.0155,0.0124,-0.0077,91969.26,809.78,0.06,0.0213
102176,-1.46,-0.98,9.51,0.0151,0.0128,-0.0045,91969.26,809.78,0.04,0.0203
102237,-1.41,-1.05,9.48,0.0189,0.0127,-0.0047,91969.26,809.78,0.03,0.0232
102302,-1.44,-0.99,9.48,0.0152,0.0120,-0.0045,91969.26,809.78,0.02,0.0199
102361,-1.43,-0.99,9.49,0.0148,0.0135,-0.0041,91969.26,809.78,0.01,0.0204
102423,-1.41,-1.05,9.47,0.0145,0.0133,-0.0053,91969.26,809.78,0.01,0.0204
102482,-1.44,-0.99,9.47,0.0179,0.0108,-0.0055,91969.26,809.78,0.01,0.0216
102544,-1.47,-0.99,9.49,0.0157,0.0105,-0.0059,91969.20,809.79,0.03,0.0198
102603,-1.42,-1.02,9.46,0.0172,0.0131,-0.0072,91969.20,809.79,0.02,0.0228
102665,-1.40,-1.00,9.45,0.0173,0.0083,-0.0057,91969.20,809.79,0.01,0.0200
102729,-1.46,-1.02,9.49,0.0180,0.0109,-0.0057,91969.20,809.79,0.01,0.0218
102790,-1.43,-1.03,9.48,0.0168,0.0117,-0.0068,91969.20,809.79,0.01,0.0216
102851,-1.39,-1.02,9.46,0.0149,0.0153,-0.0072,91969.20,809.79,0.00,0.0226
102911,-1.46,-0.99,9.50,0.0152,0.0096,-0.0072,91969.20,809.79,0.00,0.0194
102972,-1.45,-1.04,9.48,0.0168,0.0108,-0.0059,91969.20,809.79,0.00,0.0208
103033,-1.43,-1.04,9.47,0.0157,0.0101,-0.0068,91968.86,809.82,0.15,0.0199
103094,-1.47,-1.00,9.50,0.0168,0.0135,-0.0092,91968.86,809.82,0.11,0.0234
103157,-1.42,-1.04,9.47,0.0160,0.0109,-0.0063,91968.86,809.82,0.07,0.0204
103219,-1.42,-1.02,9.47,0.0164,0.0140,-0.0081,91968.86,809.82,0.05,0.0230
103278,-1.46,-0.97,9.45,0.0157,0.0147,-0.0080,91968.86,809.82,0.04,0.0229
103340,-1.47,-1.02,9.49,0.0141,0.0128,-0.0068,91968.86,809.82,0.03,0.0202
103399,-1.43,-1.01,9.48,0.0167,0.0125,-0.0069,91968.86,809.82,0.02,0.0220
103458,-1.43,-1.04,9.49,0.0177,0.0145,-0.0068,91968.86,809.82,0.01,0.0239
103537,-1.41,-1.03,9.43,0.0168,0.0129,-0.0069,91969.17,809.79,-0.10,0.0223
103641,-1.42,-1.03,9.44,0.0167,0.0100,-0.0068,91969.17,809.79,-0.07,0.0206
103702,-1.47,-0.98,9.49,0.0159,0.0084,-0.0037,91969.17,809.79,-0.05,0.0183
103762,-1.42,-1.02,9.45,0.0147,0.0123,-0.0067,91969.17,809.79,-0.03,0.0202
103823,-1.43,-1.03,9.46,0.0193,0.0099,-0.0035,91969.17,809.79,-0.02,0.0220
103883,-1.44,-1.01,9.48,0.0176,0.0101,-0.0051,91969.17,809.79,-0.02,0.0209
103944,-1.47,-1.01,9.49,0.0159,0.0115,-0.0076,91969.17,809.79,-0.01,0.0210
104005,-1.45,-1.05,9.47,0.0156,0.0121,-0.0029,91969.17,809.79,-0.01,0.0200
104225,-1.44,-1.02,9.46,0.0165,0.0136,-0.0064,91969.17,809.79,-0.01,0.0223
104434,-1.42,-1.01,9.47,0.0151,0.0116,-0.0072,91969.17,809.79,-0.00,0.0203
104646,-1.42,-1.02,9.44,0.0180,0.0093,-0.0071,91969.00,809.81,0.02,0.0215
104862,-1.47,-0.97,9.48,0.0165,0.0107,-0.0056,91969.00,809.81,0.01,0.0204
105074,-1.41,-1.02,9.46,0.0188,0.0111,-0.0053,91968.83,809.82,0.03,0.0224
105284,-1.46,-1.02,9.47,0.0172,0.0093,-0.0043,91968.83,809.82,0.02,0.0200
105531,-1.40,-1.04,9.47,0.0176,0.0115,-0.0048,91968.83,809.82,0.02,0.0215
105591,-1.42,-1.01,9.46,0.0175,0.0125,-0.0069,91968.63,809.84,0.10,0.0226
105654,-1.43,-0.99,9.51,0.0163,0.0139,-0.0057,91968.63,809.84,0.07,0.0221
105714,-1.42,-1.01,9.46,0.0196,0.0116,-0.0073,91968.63,809.84,0.05,0.0239
105777,-1.44,-1.00,9.50,0.0197,0.0107,-0.0052,91968.63,809.84,0.04,0.0230
105837,-1.44,-1.02,9.49,0.0153,0.0125,-0.0056,91968.63,809.84,0.02,0.0206
105900,-1.41,-1.03,9.46,0.0188,0.0111,-0.0067,91968.63,809.84,0.02,0.0228
105965,-1.42,-1.01,9.48,0.0147,0.0139,-0.0068,91968.63,809.84,0.01,0.0213
106025,-1.43,-0.98,9.47,0.0163,0.0127,-0.0087,91968.63,809.84,0.01,0.0223
106086,-1.44,-1.02,9.47,0.0173,0.0113,-0.0064,91968.44,809.86,0.09,0.0217
106146,-1.45,-1.01,9.49,0.0177,0.0120,-0.0085,91968.44,809.86,0.06,0.0230
106207,-1.44,-1.01,9.51,0.0149,0.0129,-0.0051,91968.44,809.86,0.04,0.0204
106272,-1.41,-1.01,9.44,0.0147,0.0112,-0.0043,91968.44,809.86,0.03,0.0189
106333,-1.42,-1.04,9.47,0.0184,0.0119,-0.0065,91968.44,809.86,0.02,0.0228
106396,-1.47,-1.01,9.48,0.0163,0.0124,-0.0036,91968.44,809.86,0.01,0.0208
106458,-1.40,-1.02,9.45,0.0159,0.0111,-0.0049,91968.44,809.86,0.01,0.0199
106517,-1.44,-1.03,9.47,0.0181,0.0145,-0.0081,91968.44,809.86,0.01,0.0246
106579,-1.43,-0.99,9.49,0.0171,0.0113,-0.0059,91968.26,809.87,0.08,0.0213
106638,-1.46,-1.01,9.47,0.0168,0.0133,-0.0085,91968.26,809.87,0.06,0.0231
106700,-1.38,-1.04,9.45,0.0171,0.0109,-0.0071,91968.26,809.87,0.04,0.0214
106759,-1.43,-1.01,9.49,0.0195,0.0115,-0.0099,91968.26,809.87,0.03,0.0246
106824,-1.41,-1.00,9.48,0.0171,0.0093,-0.0057,91968.26,809.87,0.02,0.0203
106885,-1.41,-1.02,9.46,0.0179,0.0109,-0.0063,91968.26,809.87,0.01,0.0218
106945,-1.42,-1.04,9.47,0.0173,0.0143,-0.0063,91968.26,809.87,0.01,0.0233
107006,-1.42,-1.01,9.49,0.0155,0.0111,-0.0067,91968.26,809.87,0.01,0.0201
107066,-1.46,-1.06,9.47,0.0173,0.0143,-0.0053,91968.26,809.87,0.00,0.0231
107127,-1.38,-1.05,9.47,0.0172,0.0115,-0.0069,91968.57,809.84,-0.14,0.0218
107187,-1.46,-0.97,9.49,0.0153,0.0119,-0.0061,91968.57,809.84,-0.10,0.0203
107252,-1.43,-1.03,9.48,0.0172,0.0115,-0.0069,91968.57,809.84,-0.07,0.0218
107311,-1.40,-1.06,9.46,0.0151,0.0155,-0.0069,91968.57,809.84,-0.05,0.0227
107373,-1.47,-0.99,9.49,0.0137,0.0133,-0.0081,91968.57,809.84,-0.03,0.0208
107432,-1.44,-1.04,9.47,0.0160,0.0123,-0.0045,91968.57,809.84,-0.02,0.0206
107494,-1.42,-1.05,9.44,0.0176,0.0097,-0.0068,91968.57,809.84,-0.02,0.0212
107553,-1.42,-1.01,9.49,0.0187,0.0140,-0.0103,91968.57,809.84,-0.01,0.0255
107618,-1.46,-1.01,9.49,0.0149,0.0121,-0.0085,91968.57,809.84,-0.01,0.0210
107679,-1.41,-1.05,9.45,0.0147,0.0133,-0.0083,91968.57,809.84,-0.01,0.0215
107739,-1.42,-0.99,9.50,0.0173,0.0140,-0.0068,91968.57,809.84,-0.00,0.0233
107800,-1.46,-1.00,9.47,0.0173,0.0120,-0.0059,91968.57,809.84,-0.00,0.0219
107860,-1.43,-1.03,9.48,0.0151,0.0135,-0.0063,91968.57,809.84,-0.00,0.0211
107921,-1.41,-1.04,9.46,0.0183,0.0125,-0.0060,91968.57,809.84,-0.00,0.0229
107981,-1.44,-1.01,9.50,0.0143,0.0111,-0.0067,91968.57,809.84,-0.00,0.0192
108046,-1.41,-1.00,9.46,0.0168,0.0148,-0.0069,91968.57,809.84,-0.00,0.0234
108105,-1.43,-1.02,9.44,0.0181,0.0136,-0.0044,91968.73,809.83,-0.07,0.0231
108167,-1.43,-0.99,9.48,0.0160,0.0123,-0.0075,91968.73,809.83,-0.05,0.0215
108226,-1.43,-1.01,9.46,0.0163,0.0136,-0.0064,91968.73,809.83,-0.04,0.0221
108293,-1.41,-1.00,9.45,0.0196,0.0125,-0.0060,91968.73,809.83,-0.02,0.0240
108352,-1.49,-0.98,9.50,0.0124,0.0088,-0.0053,91968.73,809.83,-0.02,0.0161
108414,-1.42,-1.02,9.44,0.0167,0.0101,-0.0091,91968.73,809.83,-0.01,0.0215
108478,-1.41,-1.01,9.48,0.0189,0.0099,-0.0051,91968.73,809.83,-0.01,0.0219
108538,-1.45,-0.99,9.50,0.0160,0.0143,-0.0071,91968.73,809.83,-0.01,0.0226
108599,-1.41,-1.04,9.46,0.0155,0.0117,-0.0064,91968.73,809.83,-0.00,0.0204
108659,-1.37,-1.01,9.46,0.0172,0.0123,-0.0053,91968.55,809.85,0.08,0.0218
108720,-1.44,-0.98,9.50,0.0168,0.0123,-0.0056,91968.55,809.85,0.05,0.0215
108780,-1.46,-1.04,9.46,0.0175,0.0120,-0.0091,91968.55,809.85,0.04,0.0230
108841,-1.41,-1.04,9.44,0.0168,0.0115,-0.0087,91968.55,809.85,0.03,0.0221
108916,-1.44,-0.98,9.50,0.0156,0.0119,-0.0048,91968.55,809.85,0.02,0.0202
108977,-1.41,-1.04,9.46,0.0141,0.0140,-0.0060,91968.55,809.85,0.01,0.0208
109037,-1.42,-1.03,9.48,0.0153,0.0119,-0.0067,91968.55,809.85,0.01,0.0205
109098,-1.47,-1.00,9.45,0.0164,0.0095,-0.0064,91968.55,809.85,0.01,0.0200
109158,-1.42,-1.02,9.47,0.0168,0.0107,-0.0079,91968.69,809.83,-0.06,0.0214
109219,-1.40,-1.00,9.47,0.0168,0.0136,-0.0077,91968.69,809.83,-0.04,0.0229
109282,-1.42,-1.02,9.49,0.0160,0.0140,-0.0040,91968.69,809.83,-0.03,0.0216
109344,-1.42,-1.03,9.47,0.0148,0.0117,-0.0068,91968.69,809.83,-0.02,0.0201
109403,-1.39,-1.03,9.48,0.0161,0.0127,-0.0084,91968.69,809.83,-0.01,0.0221
109465,-1.46,-1.01,9.51,0.0163,0.0121,-0.0063,91968.69,809.83,-0.01,0.0212
109524,-1.42,-1.03,9.46,0.0153,0.0129,-0.0060,91968.69,809.83,-0.01,0.0209
109586,-1.41,-1.02,9.47,0.0180,0.0096,-0.0041,91968.69,809.83,-0.00,0.0208
109645,-1.44,-1.01,9.50,0.0181,0.0127,-0.0087,91968.66,809.84,0.01,0.0237
109710,-1.45,-1.00,9.47,0.0148,0.0128,-0.0045,91968.66,809.84,0.01,0.0201
109771,-1.44,-1.03,9.45,0.0184,0.0139,-0.0055,91968.66,809.84,0.01,0.0237
109831,-1.42,-1.01,9.48,0.0160,0.0123,-0.0059,91968.66,809.84,0.00,0.0210
109892,-1.44,-1.03,9.46,0.0153,0.0111,-0.0059,91968.66,809.84,0.00,0.0198
109952,-1.42,-1.03,9.47,0.0139,0.0129,-0.0065,91968.66,809.84,0.00,0.0200
110013,-1.46,-0.98,9.48,0.0131,0.0145,-0.0060,91968.66,809.84,0.00,0.0204
110073,-1.47,-1.03,9.48,0.0165,0.0129,-0.0055,91968.66,809.84,0.00,0.0217
110138,-1.43,-1.03,9.46,0.0148,0.0120,-0.0069,91968.48,809.85,0.07,0.0203
110197,-1.44,-1.00,9.47,0.0188,0.0125,-0.0048,91968.48,809.85,0.05,0.0231
110259,-1.46,-1.00,9.48,0.0139,0.0115,-0.0085,91968.48,809.85,0.04,0.0199
110323,-1.41,-1.03,9.45,0.0159,0.0093,-0.0061,91968.48,809.85,0.03,0.0194
110385,-1.44,-1.00,9.48,0.0165,0.0111,-0.0064,91968.48,809.85,0.02,0.0209
110444,-1.46,-0.99,9.47,0.0172,0.0140,-0.0080,91968.48,809.85,0.01,0.0236
110506,-1.42,-1.04,9.46,0.0160,0.0103,-0.0072,91968.48,809.85,0.01,0.0203
110570,-1.43,-0.99,9.49,0.0175,0.0128,-0.0041,91968.48,809.85,0.01,0.0220
110630,-1.47,-1.02,9.47,0.0151,0.0143,-0.0052,91968.48,809.85,0.00,0.0214
110691,-1.41,-1.04,9.44,0.0151,0.0103,-0.0057,91968.31,809.87,0.08,0.0191
110751,-1.44,-1.03,9.47,0.0167,0.0117,-0.0065,91968.31,809.87,0.05,0.0214
110812,-1.44,-1.00,9.48,0.0120,0.0108,-0.0059,91968.31,809.87,0.04,0.0172
110872,-1.44,-1.02,9.46,0.0187,0.0108,-0.0067,91968.31,809.87,0.03,0.0226
110933,-1.45,-1.03,9.45,0.0163,0.0115,-0.0069,91968.31,809.87,0.02,0.0211
110996,-1.43,-0.99,9.50,0.0168,0.0121,-0.0060,91968.31,809.87,0.01,0.0216
111058,-1.44,-1.05,9.46,0.0168,0.0100,-0.0053,91968.31,809.87,0.01,0.0202
111117,-1.40,-1.03,9.48,0.0176,0.0136,-0.0093,91968.31,809.87,0.01,0.0241
111179,-1.45,-0.99,9.50,0.0165,0.0129,-0.0072,91968.62,809.84,-0.13,0.0222
111238,-1.46,-0.97,9.48,0.0128,0.0111,-0.0056,91968.62,809.84,-0.09,0.0178
111300,-1.42,-1.04,9.45,0.0156,0.0099,-0.0065,91968.62,809.84,-0.06,0.0196
111359,-1.42,-1.04,9.47,0.0197,0.0127,-0.0039,91968.62,809.84,-0.04,0.0237
111419,-1.48,-0.98,9.47,0.0160,0.0108,-0.0065,91968.62,809.84,-0.03,0.0204
111478,-1.45,-1.04,9.46,0.0164,0.0103,-0.0077,91968.62,809.84,-0.02,0.0208
111540,-1.40,-1.02,9.45,0.0151,0.0101,-0.0065,91968.62,809.84,-0.01,0.0193
111599,-1.42,-1.00,9.48,0.0165,0.0140,-0.0040,91968.62,809.84,-0.01,0.0220
111661,-1.48,-0.99,9.48,0.0141,0.0143,-0.0075,91968.45,809.85,0.06,0.0214
111720,-1.44,-1.04,9.44,0.0164,0.0111,-0.0079,91968.45,809.85,0.04,0.0213
111785,-1.43,-1.02,9.49,0.0173,0.0112,-0.0061,91968.45,809.85,0.03,0.0215
111846,-1.45,-1.02,9.49,0.0168,0.0132,-0.0096,91968.45,809.85,0.02,0.0234
111906,-1.42,-1.04,9.48,0.0167,0.0132,-0.0069,91968.45,809.85,0.02,0.0223
111967,-1.40,-1.00,9.48,0.0176,0.0107,-0.0072,91968.45,809.85,0.01,0.0218
112027,-1.42,-0.99,9.49,0.0145,0.0116,-0.0067,91968.45,809.85,0.01,0.0197
112088,-1.41,-1.03,9.45,0.0155,0.0139,-0.0069,91968.45,809.85,0.01,0.0219
112148,-1.39,-1.04,9.45,0.0185,0.0088,-0.0060,91968.45,809.85,0.00,0.0214
112223,-1.43,-1.01,9.47,0.0163,0.0100,-0.0056,91968.42,809.86,0.01,0.0199
112283,-1.43,-1.07,9.46,0.0168,0.0128,-0.0071,91968.42,809.86,0.01,0.0223
112349,-1.46,-0.99,9.50,0.0177,0.0105,-0.0081,91968.42,809.86,0.01,0.0222
112409,-1.43,-1.03,9.45,0.0139,0.0125,-0.0065,91968.42,809.86,0.00,0.0198
112470,-1.39,-1.06,9.48,0.0161,0.0125,-0.0083,91968.42,809.86,0.00,0.0220
112530,-1.43,-1.01,9.47,0.0208,0.0124,-0.0069,91968.42,809.86,0.00,0.0252
112591,-1.41,-1.03,9.48,0.0173,0.0121,-0.0079,91968.42,809.86,0.00,0.0226
112654,-1.40,-1.07,9.45,0.0151,0.0117,-0.0035,91968.42,809.86,0.00,0.0194
112716,-1.42,-1.01,9.51,0.0164,0.0128,-0.0059,91968.22,809.88,0.09,0.0216
112775,-1.44,-0.98,9.47,0.0167,0.0113,-0.0072,91968.22,809.88,0.06,0.0214
112837,-1.42,-1.04,9.45,0.0155,0.0115,-0.0065,91968.22,809.88,0.04,0.0203
112896,-1.40,-1.07,9.47,0.0171,0.0103,-0.0057,91968.22,809.88,0.03,0.0207
112958,-1.49,-0.99,9.49,0.0148,0.0099,-0.0056,91968.22,809.88,0.02,0.0186
113017,-1.42,-1.01,9.47,0.0173,0.0108,-0.0057,91968.22,809.88,0.01,0.0212
113082,-1.43,-0.99,9.46,0.0147,0.0127,-0.0055,91968.22,809.88,0.01,0.0201
113143,-1.46,-1.01,9.48,0.0156,0.0100,-0.0061,91968.22,809.88,0.01,0.0195
113203,-1.40,-1.02,9.48,0.0155,0.0107,-0.0059,91968.22,809.88,0.01,0.0197
113264,-1.41,-1.01,9.47,0.0185,0.0121,-0.0068,91968.22,809.88,0.00,0.0232
113324,-1.43,-0.99,9.47,0.0133,0.0115,-0.0065,91968.22,809.88,0.00,0.0187
113385,-1.42,-1.03,9.48,0.0156,0.0164,-0.0064,91968.22,809.88,0.00,0.0235
113445,-1.40,-1.04,9.46,0.0168,0.0148,-0.0072,91968.22,809.88,0.00,0.0235
113510,-1.46,-0.97,9.51,0.0168,0.0116,-0.0075,91968.22,809.88,0.00,0.0217
113569,-1.42,-1.00,9.49,0.0160,0.0136,-0.0057,91968.22,809.88,0.00,0.0218
113631,-1.43,-1.03,9.46,0.0149,0.0144,-0.0067,91968.22,809.88,0.00,0.0218
113690,-1.43,-1.03,9.46,0.0159,0.0133,-0.0060,91968.05,809.89,0.08,0.0216
113752,-1.44,-0.97,9.49,0.0168,0.0104,-0.0056,91968.05,809.89,0.06,0.0205
113811,-1.39,-1.03,9.47,0.0165,0.0116,-0.0028,91968.05,809.89,0.04,0.0204
113876,-1.42,-1.01,9.48,0.0168,0.0131,-0.0065,91968.05,809.89,0.03,0.0222
113937,-1.42,-1.00,9.49,0.0173,0.0117,-0.0051,91968.05,809.89,0.02,0.0215
113997,-1.41,-1.05,9.46,0.0136,0.0125,-0.0072,91968.05,809.89,0.01,0.0198
114058,-1.42,-1.01,9.46,0.0165,0.0127,-0.0068,91968.05,809.89,0.01,0.0219
114118,-1.43,-0.96,9.48,0.0165,0.0129,-0.0043,91968.05,809.89,0.01,0.0214
114179,-1.46,-1.04,9.48,0.0160,0.0116,-0.0068,91968.05,809.89,0.00,0.0209
114239,-1.40,-1.02,9.47,0.0180,0.0120,-0.0049,91968.36,809.86,-0.14,0.0222
114304,-1.45,-0.96,9.47,0.0153,0.0144,-0.0077,91968.36,809.86,-0.10,0.0224
114368,-1.40,-1.03,9.47,0.0159,0.0131,-0.0065,91968.36,809.86,-0.07,0.0216
114430,-1.41,-1.03,9.46,0.0185,0.0124,-0.0072,91968.36,809.86,-0.05,0.0234
114489,-1.44,-1.02,9.49,0.0151,0.0108,-0.0072,91968.36,809.86,-0.03,0.0199
114551,-1.41,-1.03,9.46,0.0148,0.0091,-0.0037,91968.36,809.86,-0.02,0.0177
114610,-1.41,-1.03,9.46,0.0191,0.0139,-0.0064,91968.36,809.86,-0.02,0.0244
114672,-1.44,-0.99,9.50,0.0175,0.0137,-0.0055,91968.36,809.86,-0.01,0.0229
114736,-1.41,-1.04,9.47,0.0165,0.0111,-0.0081,91968.19,809.88,0.06,0.0215
114796,-1.38,-1.03,9.48,0.0172,0.0104,-0.0083,91968.19,809.88,0.04,0.0217
114857,-1.43,-0.98,9.48,0.0149,0.0140,-0.0065,91968.19,809.88,0.03,0.0215
114917,-1.46,-1.04,9.48,0.0165,0.0132,-0.0081,91968.19,809.88,0.02,0.0226
114978,-1.41,-1.03,9.43,0.0184,0.0124,-0.0077,91968.19,809.88,0.02,0.0235
115038,-1.43,-1.02,9.45,0.0171,0.0132,-0.0064,91968.19,809.88,0.01,0.0225
115099,-1.48,-1.02,9.46,0.0151,0.0132,-0.0055,91968.19,809.88,0.01,0.0207
115162,-1.42,-1.04,9.47,0.0171,0.0160,-0.0077,91968.19,809.88,0.01,0.0246
115224,-1.45,-1.03,9.49,0.0152,0.0111,-0.0068,91968.19,809.88,0.00,0.0200
115283,-1.46,-0.99,9.48,0.0168,0.0153,-0.0076,91968.19,809.88,0.00,0.0240
115345,-1.41,-1.05,9.47,0.0168,0.0132,-0.0067,91968.19,809.88,0.00,0.0224
115404,-1.40,-1.03,9.46,0.0168,0.0121,-0.0065,91968.19,809.88,0.00,0.0217
115466,-1.45,-0.99,9.50,0.0163,0.0108,-0.0043,91968.19,809.88,0.00,0.0200
115525,-1.45,-1.01,9.48,0.0156,0.0132,-0.0052,91968.19,809.88,0.00,0.0211
115602,-1.44,-0.97,9.50,0.0209,0.0121,-0.0091,91968.19,809.88,0.00,0.0258
115661,-1.42,-0.99,9.49,0.0175,0.0125,-0.0053,91968.19,809.88,0.00,0.0221
115723,-1.43,-1.02,9.45,0.0183,0.0107,-0.0067,91968.13,809.88,0.03,0.0222
115782,-1.43,-1.03,9.47,0.0168,0.0120,-0.0068,91968.13,809.88,0.02,0.0217
115844,-1.44,-1.02,9.47,0.0200,0.0128,-0.0064,91968.13,809.88,0.01,0.0246
115903,-1.43,-1.03,9.46,0.0148,0.0125,-0.0080,91968.13,809.88,0.01,0.0210
115968,-1.45,-1.01,9.46,0.0173,0.0111,-0.0077,91968.13,809.88,0.01,0.0220
116029,-1.47,-1.00,9.51,0.0147,0.0132,-0.0073,91968.13,809.88,0.00,0.0210
116089,-1.44,-1.05,9.44,0.0151,0.0115,-0.0056,91968.13,809.88,0.00,0.0197
116150,-1.42,-1.02,9.44,0.0181,0.0121,-0.0072,91968.13,809.88,0.00,0.0230
116210,-1.44,-1.02,9.49,0.0168,0.0120,-0.0047,91968.13,809.88,0.00,0.0212
116271,-1.45,-1.02,9.48,0.0140,0.0127,-0.0060,91967.95,809.90,0.08,0.0198
116331,-1.37,-1.04,9.48,0.0163,0.0116,-0.0077,91967.95,809.90,0.06,0.0214
116401,-1.47,-1.01,9.49,0.0153,0.0113,-0.0061,91967.95,809.90,0.04,0.0200
116460,-1.43,-1.04,9.48,0.0179,0.0109,-0.0065,91967.95,809.90,0.03,0.0219
116522,-1.40,-1.03,9.46,0.0191,0.0095,-0.0067,91967.95,809.90,0.02,0.0223
116581,-1.46,-1.01,9.51,0.0184,0.0125,-0.0067,91967.95,809.90,0.01,0.0232
116643,-1.44,-1.04,9.46,0.0145,0.0143,-0.0059,91967.95,809.90,0.01,0.0212
116702,-1.41,-1.05,9.45,0.0148,0.0111,-0.0075,91967.95,809.90,0.01,0.0199
116764,-1.45,-0.99,9.51,0.0189,0.0120,-0.0069,91967.95,809.90,0.00,0.0234
116827,-1.46,-0.99,9.49,0.0160,0.0104,-0.0049,91967.95,809.90,0.00,0.0197
116887,-1.45,-1.04,9.47,0.0160,0.0087,-0.0052,91967.95,809.90,0.00,0.0189
116948,-1.47,-1.03,9.46,0.0173,0.0121,-0.0060,91967.95,809.90,0.00,0.0220
117008,-1.48,-1.02,9.49,0.0153,0.0136,-0.0059,91967.95,809.90,0.00,0.0213
117069,-1.43,-1.05,9.44,0.0185,0.0117,-0.0056,91967.95,809.90,0.00,0.0226
117129,-1.41,-1.05,9.48,0.0193,0.0132,-0.0069,91967.95,809.90,0.00,0.0244
117190,-1.45,-0.99,9.51,0.0160,0.0131,-0.0067,91967.95,809.90,0.00,0.0217
117253,-1.42,-1.02,9.45,0.0160,0.0099,-0.0048,91968.09,809.89,-0.06,0.0194
117315,-1.43,-1.07,9.46,0.0180,0.0127,-0.0077,91968.09,809.89,-0.04,0.0233
117374,-1.45,-1.00,9.49,0.0171,0.0097,-0.0049,91968.09,809.89,-0.03,0.0202
117436,-1.45,-1.01,9.50,0.0127,0.0101,-0.0045,91968.09,809.89,-0.02,0.0168
117495,-1.41,-1.02,9.48,0.0156,0.0097,-0.0049,91968.09,809.89,-0.01,0.0190
117557,-1.44,-1.02,9.46,0.0168,0.0112,-0.0061,91968.09,809.89,-0.01,0.0211
117616,-1.43,-1.01,9.48,0.0168,0.0156,-0.0087,91968.09,809.89,-0.01,0.0245
117681,-1.38,-1.03,9.47,0.0153,0.0109,-0.0049,91968.09,809.89,-0.00,0.0195
117742,-1.45,-1.01,9.48,0.0177,0.0116,-0.0067,91968.09,809.89,-0.00,0.0222
117802,-1.45,-0.99,9.48,0.0172,0.0124,-0.0060,91968.09,809.89,-0.00,0.0220
117863,-1.39,-1.03,9.45,0.0171,0.0116,-0.0048,91968.09,809.89,-0.00,0.0212
117923,-1.42,-1.02,9.47,0.0141,0.0127,-0.0073,91968.09,809.89,-0.00,0.0203
117984,-1.43,-0.97,9.48,0.0145,0.0109,-0.0049,91968.09,809.89,-0.00,0.0188
118047,-1.43,-1.04,9.47,0.0160,0.0104,-0.0065,91968.09,809.89,-0.00,0.0202
118109,-1.40,-1.04,9.49,0.0149,0.0115,-0.0059,91968.09,809.89,-0.00,0.0197
118168,-1.47,-1.00,9.51,0.0165,0.0107,-0.0064,91968.09,809.89,-0.00,0.0207
118230,-1.41,-1.04,9.47,0.0160,0.0129,-0.0063,91968.09,809.89,-0.00,0.0215
118289,-1.40,-1.03,9.49,0.0197,0.0117,-0.0065,91968.44,809.86,-0.16,0.0239
118351,-1.45,-1.00,9.49,0.0163,0.0127,-0.0067,91968.44,809.86,-0.11,0.0217
118415,-1.41,-1.03,9.47,0.0175,0.0125,-0.0052,91968.44,809.86,-0.08,0.0221
118480,-1.44,-0.99,9.46,0.0168,0.0116,-0.0065,91968.44,809.86,-0.06,0.0214
118541,-1.48,-1.00,9.48,0.0168,0.0111,-0.0067,91968.44,809.86,-0.04,0.0212
118601,-1.42,-1.05,9.46,0.0140,0.0112,-0.0063,91968.44,809.86,-0.03,0.0190
118662,-1.43,-1.02,9.49,0.0184,0.0112,-0.0080,91968.44,809.86,-0.02,0.0230
118722,-1.46,-0.98,9.50,0.0159,0.0125,-0.0076,91968.44,809.86,-0.01,0.0216
118782,-1.42,-0.99,9.49,0.0139,0.0124,-0.0068,91968.55,809.85,-0.06,0.0198
118842,-1.43,-1.06,9.48,0.0172,0.0120,-0.0049,91968.55,809.85,-0.04,0.0215
119368,-1.45,-1.02,9.47,0.0175,0.0133,-0.0053,91968.37,809.86,-0.02,0.0226
119729,-1.43,-1.00,9.48,0.0168,0.0116,-0.0076,91968.37,809.86,-0.01,0.0218
120108,-1.43,-1.01,9.50,0.0177,0.0096,-0.0084,91968.20,809.88,0.00,0.0218
120225,-1.42,-1.06,9.46,0.0141,0.0147,-0.0069,91968.20,809.88,0.00,0.0215
120286,-1.45,-1.01,9.51,0.0172,0.0103,-0.0076,91968.20,809.88,0.00,0.0214
120346,-1.44,-0.98,9.48,0.0155,0.0124,-0.0092,91968.17,809.88,0.01,0.0218
120407,-1.42,-1.03,9.45,0.0172,0.0088,-0.0052,91968.17,809.88,0.01,0.0200
120475,-1.44,-1.00,9.49,0.0161,0.0120,-0.0057,91968.17,809.88,0.01,0.0209
120537,-1.43,-1.00,9.47,0.0167,0.0113,-0.0077,91968.17,809.88,0.00,0.0216
120596,-1.41,-1.02,9.45,0.0165,0.0119,-0.0079,91968.17,809.88,0.00,0.0218
120658,-1.44,-1.00,9.48,0.0164,0.0124,-0.0069,91968.17,809.88,0.00,0.0217
120717,-1.44,-1.02,9.49,0.0144,0.0115,-0.0052,91968.17,809.88,0.00,0.0191
120779,-1.42,-1.05,9.45,0.0167,0.0140,-0.0055,91968.17,809.88,0.00,0.0224
120843,-1.41,-1.02,9.47,0.0177,0.0093,-0.0072,91968.34,809.86,-0.07,0.0213
120903,-1.45,-1.00,9.46,0.0188,0.0129,-0.0048,91968.34,809.86,-0.05,0.0233
120964,-1.40,-1.01,9.43,0.0189,0.0124,-0.0076,91968.34,809.86,-0.03,0.0239
121024,-1.44,-1.01,9.49,0.0177,0.0131,-0.0048,91968.34,809.86,-0.02,0.0225
121085,-1.46,-0.98,9.50,0.0156,0.0105,-0.0067,91968.34,809.86,-0.02,0.0200
121145,-1.44,-1.02,9.45,0.0181,0.0116,-0.0061,91968.34,809.86,-0.01,0.0224
121206,-1.41,-1.03,9.47,0.0176,0.0140,-0.0076,91968.34,809.86,-0.01,0.0237
121269,-1.45,-1.00,9.47,0.0145,0.0116,-0.0013,91968.34,809.86,-0.01,0.0186
121331,-1.43,-1.01,9.48,0.0159,0.0101,-0.0047,91968.34,809.86,-0.00,0.0194
121390,-1.43,-1.02,9.46,0.0181,0.0132,-0.0060,91968.34,809.86,-0.00,0.0232
121452,-1.47,-1.01,9.47,0.0184,0.0123,-0.0051,91968.34,809.86,-0.00,0.0227
121511,-1.43,-1.03,9.50,0.0168,0.0117,-0.0037,91968.34,809.86,-0.00,0.0208
121573,-1.42,-1.02,9.44,0.0187,0.0109,-0.0064,91968.34,809.86,-0.00,0.0225
121632,-1.43,-0.99,9.47,0.0144,0.0104,-0.0060,91968.34,809.86,-0.00,0.0187
121697,-1.44,-1.06,9.48,0.0149,0.0117,-0.0063,91968.34,809.86,-0.00,0.0200
121758,-1.39,-1.03,9.46,0.0147,0.0124,-0.0077,91968.34,809.86,-0.00,0.0207
121819,-1.47,-0.99,9.50,0.0173,0.0131,-0.0052,91968.28,809.87,0.02,0.0223
121880,-1.44,-0.99,9.47,0.0175,0.0119,-0.0068,91968.28,809.87,0.02,0.0222
121940,-1.42,-1.05,9.46,0.0179,0.0133,-0.0089,91968.28,809.87,0.01,0.0240
122001,-1.45,-0.99,9.49,0.0173,0.0103,-0.0060,91968.28,809.87,0.01,0.0210
122061,-1.44,-1.00,9.48,0.0165,0.0139,-0.0079,91968.28,809.87,0.01,0.0230
122126,-1.38,-1.05,9.45,0.0187,0.0133,-0.0067,91968.28,809.87,0.00,0.0239
122185,-1.43,-1.01,9.48,0.0177,0.0137,-0.0057,91968.28,809.87,0.00,0.0231
122247,-1.45,-0.97,9.48,0.0153,0.0136,-0.0051,91968.28,809.87,0.00,0.0211
122306,-1.41,-1.06,9.46,0.0147,0.0103,-0.0059,91968.28,809.87,0.00,0.0188
122368,-1.40,-0.98,9.45,0.0173,0.0113,-0.0047,91968.11,809.89,0.08,0.0212
122427,-1.46,-1.01,9.48,0.0181,0.0109,-0.0075,91968.11,809.89,0.05,0.0224
122494,-1.43,-1.02,9.47,0.0165,0.0128,-0.0060,91968.11,809.89,0.04,0.0217
122558,-1.45,-1.03,9.47,0.0180,0.0120,-0.0076,91968.11,809.89,0.03,0.0229
122618,-1.44,-0.97,9.48,0.0145,0.0120,-0.0077,91968.11,809.89,0.02,0.0204
122679,-1.44,-1.04,9.46,0.0160,0.0091,-0.0069,91968.11,809.89,0.01,0.0196
122739,-1.45,-1.02,9.50,0.0189,0.0137,-0.0073,91968.11,809.89,0.01,0.0245
122800,-1.46,-0.97,9.50,0.0151,0.0133,-0.0067,91968.11,809.89,0.01,0.0212
122860,-1.41,-1.02,9.46,0.0147,0.0128,-0.0048,91968.11,809.89,0.00,0.0200
122925,-1.44,-1.04,9.49,0.0175,0.0148,-0.0067,91968.11,809.89,0.00,0.0238
122984,-1.47,-0.95,9.50,0.0159,0.0132,-0.0071,91968.11,809.89,0.00,0.0218
123046,-1.44,-1.03,9.46,0.0152,0.0105,-0.0041,91968.11,809.89,0.00,0.0189
123105,-1.39,-1.03,9.45,0.0164,0.0152,-0.0048,91968.11,809.89,0.00,0.0229
123167,-1.45,-1.01,9.48,0.0195,0.0127,-0.0081,91968.11,809.89,0.00,0.0246
123226,-1.42,-1.03,9.49,0.0173,0.0132,-0.0029,91968.11,809.89,0.00,0.0220
123288,-1.43,-1.04,9.46,0.0168,0.0125,-0.0052,91968.11,809.89,0.00,0.0216
123362,-1.43,-1.00,9.50,0.0159,0.0119,-0.0075,91968.42,809.86,-0.11,0.0212
123424,-1.44,-1.03,9.44,0.0189,0.0119,-0.0033,91968.42,809.86,-0.08,0.0226
123483,-1.41,-1.02,9.50,0.0168,0.0133,-0.0047,91968.42,809.86,-0.06,0.0219
123545,-1.43,-1.04,9.46,0.0176,0.0119,-0.0073,91968.42,809.86,-0.04,0.0224
123604,-1.40,-1.06,9.44,0.0140,0.0127,-0.0052,91968.42,809.86,-0.03,0.0196
123666,-1.42,-1.01,9.49,0.0163,0.0113,-0.0055,91968.42,809.86,-0.02,0.0205
123725,-1.43,-1.03,9.48,0.0168,0.0121,-0.0043,91968.42,809.86,-0.01,0.0211
123790,-1.41,-1.04,9.45,0.0167,0.0108,-0.0065,91968.42,809.86,-0.01,0.0209
123851,-1.42,-1.02,9.46,0.0155,0.0115,-0.0071,91968.42,809.86,-0.01,0.0205
123911,-1.42,-1.00,9.49,0.0161,0.0128,-0.0099,91968.42,809.86,-0.00,0.0228
123972,-1.44,-1.05,9.46,0.0177,0.0115,-0.0059,91968.42,809.86,-0.00,0.0219
124032,-1.42,-1.04,9.45,0.0145,0.0128,-0.0072,91968.42,809.86,-0.00,0.0206
124093,-1.47,-0.98,9.49,0.0148,0.0129,-0.0057,91968.42,809.86,-0.00,0.0205
124153,-1.46,-1.02,9.47,0.0160,0.0139,-0.0076,91968.42,809.86,-0.00,0.0225
124218,-1.42,-1.08,9.49,0.0160,0.0109,-0.0064,91968.42,809.86,-0.00,0.0204
124277,-1.45,-0.98,9.49,0.0171,0.0123,-0.0085,91968.42,809.86,-0.00,0.0227
124339,-1.41,-1.00,9.47,0.0175,0.0120,-0.0061,91968.42,809.86,-0.00,0.0220
124398,-1.39,-1.02,9.45,0.0148,0.0133,-0.0061,91968.39,809.86,0.01,0.0208
124460,-1.45,-0.99,9.48,0.0151,0.0113,-0.0069,91968.39,809.86,0.01,0.0201
124524,-1.45,-1.00,9.44,0.0159,0.0125,-0.0052,91968.39,809.86,0.01,0.0209
124589,-1.43,-1.03,9.45,0.0168,0.0127,-0.0072,91968.39,809.86,0.00,0.0222
124650,-1.47,-0.96,9.49,0.0171,0.0121,-0.0063,91968.39,809.86,0.00,0.0218
124710,-1.42,-1.01,9.48,0.0152,0.0124,-0.0067,91968.39,809.86,0.00,0.0207
124771,-1.36,-1.02,9.46,0.0164,0.0129,-0.0076,91968.39,809.86,0.00,0.0222
124831,-1.47,-1.01,9.51,0.0183,0.0111,-0.0079,91968.39,809.86,0.00,0.0227
124892,-1.44,-0.98,9.47,0.0140,0.0112,-0.0085,91968.70,809.83,-0.14,0.0198
124952,-1.37,-1.03,9.46,0.0153,0.0128,-0.0071,91968.70,809.83,-0.10,0.0212
125017,-1.42,-0.98,9.48,0.0161,0.0127,-0.0071,91968.70,809.83,-0.07,0.0217
125076,-1.46,-1.00,9.47,0.0155,0.0136,-0.0061,91968.70,809.83,-0.05,0.0215
125138,-1.42,-1.02,9.45,0.0168,0.0121,-0.0075,91968.70,809.83,-0.03,0.0220
125197,-1.43,-1.00,9.50,0.0180,0.0136,-0.0065,91968.70,809.83,-0.02,0.0235
125259,-1.44,-1.01,9.46,0.0171,0.0124,-0.0071,91968.70,809.83,-0.02,0.0222
125318,-1.42,-1.02,9.48,0.0165,0.0132,-0.0072,91968.70,809.83,-0.01,0.0223
125380,-1.42,-1.03,9.47,0.0163,0.0113,-0.0059,91968.87,809.82,-0.08,0.0207
125444,-1.45,-0.99,9.49,0.0165,0.0121,-0.0069,91968.87,809.82,-0.06,0.0216
125504,-1.44,-1.03,9.48,0.0161,0.0116,-0.0067,91968.87,809.82,-0.04,0.0209
125565,-1.42,-1.06,9.48,0.0197,0.0104,-0.0071,91968.87,809.82,-0.03,0.0234
125625,-1.46,-1.01,9.51,0.0152,0.0100,-0.0057,91968.87,809.82,-0.02,0.0191
125686,-1.45,-1.02,9.47,0.0163,0.0119,-0.0053,91968.87,809.82,-0.01,0.0208
125746,-1.43,-1.02,9.44,0.0168,0.0088,-0.0067,91968.87,809.82,-0.01,0.0201
125807,-1.44,-1.03,9.48,0.0188,0.0123,-0.0068,91968.87,809.82,-0.01,0.0234
125870,-1.45,-1.01,9.49,0.0148,0.0111,-0.0071,91968.87,809.82,-0.00,0.0198
125932,-1.42,-1.04,9.47,0.0152,0.0120,-0.0053,91968.84,809.82,0.01,0.0201
125991,-1.43,-1.02,9.50,0.0176,0.0112,-0.0055,91968.84,809.82,0.00,0.0215
126053,-1.47,-0.99,9.50,0.0177,0.0120,-0.0061,91968.84,809.82,0.00,0.0223
126112,-1.44,-1.07,9.45,0.0163,0.0119,-0.0055,91968.84,809.82,0.00,0.0208
126174,-1.43,-1.06,9.50,0.0188,0.0117,-0.0068,91968.84,809.82,0.00,0.0232
126233,-1.43,-0.98,9.52,0.0183,0.0093,-0.0048,91968.84,809.82,0.00,0.0211
126298,-1.42,-1.04,9.45,0.0137,0.0113,-0.0047,91968.84,809.82,0.00,0.0184
126359,-1.42,-1.02,9.45,0.0175,0.0113,-0.0064,91968.84,809.82,0.00,0.0218
126419,-1.44,-0.96,9.47,0.0189,0.0135,-0.0069,91969.00,809.81,-0.07,0.0242
126480,-1.45,-1.01,9.45,0.0175,0.0099,-0.0068,91969.00,809.81,-0.05,0.0212
126545,-1.40,-1.02,9.47,0.0171,0.0107,-0.0069,91969.00,809.81,-0.03,0.0213
126606,-1.46,-0.99,9.51,0.0152,0.0095,-0.0060,91969.00,809.81,-0.02,0.0189
126681,-1.44,-1.05,9.44,0.0175,0.0129,-0.0059,91969.00,809.81,-0.02,0.0225
126742,-1.43,-1.00,9.49,0.0167,0.0128,-0.0069,91969.00,809.81,-0.01,0.0221
126802,-1.43,-1.00,9.48,0.0164,0.0111,-0.0053,91969.00,809.81,-0.01,0.0205
126863,-1.42,-1.07,9.46,0.0149,0.0143,-0.0068,91969.00,809.81,-0.01,0.0217
126923,-1.43,-1.03,9.48,0.0176,0.0121,-0.0064,91969.00,809.81,-0.00,0.0223
126984,-1.49,-0.99,9.51,0.0168,0.0135,-0.0057,91969.00,809.81,-0.00,0.0223
127044,-1.41,-1.00,9.45,0.0192,0.0113,-0.0071,91969.00,809.81,-0.00,0.0234
127109,-1.40,-1.02,9.48,0.0159,0.0143,-0.0053,91969.00,809.81,-0.00,0.0220
127168,-1.45,-1.01,9.49,0.0167,0.0123,-0.0045,91969.00,809.81,-0.00,0.0212
127230,-1.41,-1.02,9.47,0.0171,0.0133,-0.0063,91969.00,809.81,-0.00,0.0225
127289,-1.38,-1.05,9.46,0.0196,0.0129,-0.0075,91969.00,809.81,-0.00,0.0246
127351,-1.45,-0.97,9.47,0.0168,0.0120,-0.0071,91969.00,809.81,-0.00,0.0218
127410,-1.45,-1.01,9.49,0.0165,0.0124,-0.0053,91968.80,809.82,0.09,0.0213
127472,-1.42,-1.03,9.44,0.0175,0.0131,-0.0047,91968.80,809.82,0.06,0.0223
127536,-1.44,-1.00,9.47,0.0185,0.0140,-0.0079,91968.80,809.82,0.04,0.0245
127596,-1.45,-0.96,9.48,0.0165,0.0112,-0.0068,91968.80,809.82,0.03,0.0211
127657,-1.41,-1.04,9.46,0.0181,0.0103,-0.0052,91968.80,809.82,0.02,0.0215
127717,-1.45,-1.02,9.50,0.0187,0.0136,-0.0064,91968.80,809.82,0.01,0.0239
127778,-1.45,-0.98,9.52,0.0164,0.0113,-0.0080,91968.80,809.82,0.01,0.0215
127838,-1.44,-1.06,9.46,0.0143,0.0124,-0.0059,91968.80,809.82,0.01,0.0198
127899,-1.44,-1.03,9.49,0.0188,0.0100,-0.0061,91968.80,809.82,0.01,0.0221
127962,-1.47,-0.99,9.50,0.0152,0.0151,-0.0057,91968.97,809.81,-0.07,0.0221
128024,-1.40,-1.05,9.45,0.0168,0.0152,-0.0051,91968.97,809.81,-0.05,0.0232
128083,-1.38,-1.03,9.48,0.0179,0.0097,-0.0049,91968.97,809.81,-0.03,0.0209
128145,-1.45,-0.96,9.45,0.0160,0.0119,-0.0065,91968.97,809.81,-0.02,0.0209
128204,-1.45,-1.02,9.45,0.0152,0.0113,-0.0057,91968.97,809.81,-0.02,0.0198
128266,-1.42,-1.08,9.45,0.0165,0.0108,-0.0067,91968.97,809.81,-0.01,0.0208
128330,-1.44,-0.98,9.51,0.0164,0.0139,-0.0039,91968.97,809.81,-0.01,0.0218
128391,-1.44,-1.02,9.48,0.0153,0.0111,-0.0057,91968.97,809.81,-0.01,0.0197
128452,-1.40,-1.04,9.45,0.0161,0.0119,-0.0061,91968.77,809.83,0.08,0.0209
128512,-1.40,-0.99,9.46,0.0176,0.0115,-0.0044,91968.77,809.83,0.06,0.0214
128578,-1.41,-1.04,9.48,0.0141,0.0099,-0.0076,91968.77,809.83,0.04,0.0188
128638,-1.41,-1.03,9.43,0.0168,0.0103,-0.0047,91968.77,809.83,0.03,0.0202
128699,-1.42,-1.02,9.46,0.0180,0.0116,-0.0069,91968.77,809.83,0.02,0.0225
128762,-1.45,-1.02,9.49,0.0137,0.0125,-0.0040,91968.77,809.83,0.01,0.0190
128824,-1.40,-1.04,9.46,0.0172,0.0135,-0.0065,91968.77,809.83,0.01,0.0228
128883,-1.41,-1.00,9.51,0.0167,0.0108,-0.0048,91968.77,809.83,0.01,0.0204
128945,-1.43,-0.97,9.48,0.0179,0.0123,-0.0064,91968.60,809.84,0.08,0.0226
129004,-1.41,-1.04,9.45,0.0173,0.0117,-0.0071,91968.60,809.84,0.06,0.0221
129066,-1.42,-1.07,9.46,0.0160,0.0097,-0.0056,91968.60,809.84,0.04,0.0195
129125,-1.46,-1.01,9.50,0.0191,0.0120,-0.0067,91968.60,809.84,0.03,0.0235
129190,-1.43,-1.02,9.44,0.0153,0.0123,-0.0059,91968.60,809.84,0.02,0.0205
129251,-1.44,-1.02,9.46,0.0157,0.0121,-0.0048,91968.60,809.84,0.01,0.0204
129312,-1.44,-1.00,9.50,0.0141,0.0105,-0.0061,91968.60,809.84,0.01,0.0186
129373,-1.47,-1.02,9.45,0.0147,0.0112,-0.0047,91968.60,809.84,0.01,0.0190
129433,-1.41,-1.05,9.47,0.0193,0.0141,-0.0068,91968.58,809.84,0.02,0.0249
129494,-1.42,-1.01,9.50,0.0153,0.0129,-0.0084,91968.58,809.84,0.01,0.0217
129554,-1.44,-0.97,9.49,0.0148,0.0120,-0.0044,91968.58,809.84,0.01,0.0195
129619,-1.40,-1.02,9.49,0.0175,0.0117,-0.0075,91968.58,809.84,0.01,0.0223
129678,-1.42,-1.03,9.48,0.0201,0.0135,-0.0063,91968.58,809.84,0.00,0.0250
129740,-1.46,-1.01,9.49,0.0157,0.0115,-0.0076,91968.58,809.84,0.00,0.0209
129799,-1.44,-1.05,9.45,0.0160,0.0107,-0.0032,91968.58,809.84,0.00,0.0195
129861,-1.41,-1.01,9.45,0.0171,0.0156,-0.0083,91968.58,809.84,0.00,0.0245
129920,-1.47,-0.98,9.50,0.0163,0.0111,-0.0076,91968.58,809.84,0.00,0.0211
129982,-1.45,-1.06,9.46,0.0137,0.0132,-0.0071,91968.57,809.84,0.00,0.0203
130056,-1.47,-0.96,9.48,0.0153,0.0103,-0.0051,91968.57,809.84,0.00,0.0191
130118,-1.44,-1.02,9.43,0.0164,0.0119,-0.0075,91968.57,809.84,0.00,0.0216
130177,-1.40,-1.07,9.43,0.0183,0.0125,-0.0067,91968.57,809.84,0.00,0.0231
130239,-1.45,-0.99,9.48,0.0180,0.0135,-0.0061,91968.57,809.84,0.00,0.0233
130298,-1.46,-0.97,9.48,0.0147,0.0109,-0.0067,91968.57,809.84,0.00,0.0195
130360,-1.41,-1.04,9.46,0.0165,0.0136,-0.0069,91968.57,809.84,0.00,0.0225
130419,-1.40,-1.03,9.47,0.0167,0.0131,-0.0067,91968.57,809.84,0.00,0.0222
130479,-1.44,-1.00,9.50,0.0173,0.0119,-0.0076,91968.57,809.84,0.00,0.0223
130538,-1.47,-1.03,9.45,0.0148,0.0132,-0.0085,91968.57,809.84,0.00,0.0216
130605,-1.41,-1.01,9.47,0.0165,0.0121,-0.0085,91968.57,809.84,0.00,0.0222
130664,-1.45,-0.99,9.49,0.0148,0.0135,-0.0075,91968.57,809.84,0.00,0.0213
130726,-1.44,-1.05,9.45,0.0168,0.0107,-0.0048,91968.57,809.84,0.00,0.0205
130785,-1.42,-1.05,9.46,0.0172,0.0119,-0.0065,91968.57,809.84,0.00,0.0219
130850,-1.40,-1.01,9.47,0.0164,0.0105,-0.0091,91968.57,809.84,0.00,0.0215
130911,-1.43,-1.01,9.47,0.0157,0.0116,-0.0056,91968.57,809.84,0.00,0.0203
130972,-1.42,-1.07,9.45,0.0163,0.0112,-0.0069,91968.54,809.85,0.02,0.0209
131033,-1.42,-1.01,9.50,0.0179,0.0112,-0.0053,91968.54,809.85,0.01,0.0217
131094,-1.48,-0.97,9.49,0.0168,0.0139,-0.0048,91968.54,809.85,0.01,0.0223
131155,-1.42,-1.02,9.43,0.0168,0.0141,-0.0067,91968.54,809.85,0.01,0.0229
131216,-1.45,-1.00,9.47,0.0161,0.0132,-0.0049,91968.54,809.85,0.00,0.0214
131281,-1.43,-0.99,9.48,0.0175,0.0103,-0.0072,91968.54,809.85,0.00,0.0215
131340,-1.45,-1.05,9.46,0.0163,0.0139,-0.0061,91968.54,809.85,0.00,0.0222
131402,-1.41,-1.01,9.47,0.0185,0.0120,-0.0061,91968.54,809.85,0.00,0.0229
131461,-1.41,-0.97,9.48,0.0180,0.0119,-0.0059,91968.53,809.85,0.00,0.0223
131523,-1.43,-1.06,9.45,0.0156,0.0119,-0.0053,91968.53,809.85,0.00,0.0203
131582,-1.43,-1.03,9.45,0.0179,0.0151,-0.0053,91968.53,809.85,0.00,0.0240
131644,-1.44,-1.01,9.50,0.0176,0.0113,-0.0056,91968.53,809.85,0.00,0.0217
131708,-1.42,-1.00,9.45,0.0164,0.0119,-0.0067,91968.53,809.85,0.00,0.0213
131769,-1.42,-1.04,9.47,0.0140,0.0123,-0.0068,91968.53,809.85,0.00,0.0198
131830,-1.43,-0.98,9.49,0.0159,0.0120,-0.0057,91968.53,809.85,0.00,0.0207
131891,-1.44,-1.00,9.48,0.0161,0.0124,-0.0037,91968.53,809.85,0.00,0.0207
131952,-1.39,-1.07,9.45,0.0156,0.0104,-0.0061,91968.53,809.85,0.00,0.0197
132013,-1.41,-1.01,9.50,0.0177,0.0128,-0.0057,91968.51,809.85,0.01,0.0226
132074,-1.45,-1.01,9.46,0.0165,0.0119,-0.0084,91968.51,809.85,0.01,0.0220
132137,-1.39,-0.99,9.43,0.0196,0.0131,-0.0049,91968.51,809.85,0.01,0.0240
132199,-1.45,-0.98,9.50,0.0144,0.0117,-0.0048,91968.51,809.85,0.00,0.0192
132258,-1.51,-1.00,9.49,0.0151,0.0132,-0.0056,91968.51,809.85,0.00,0.0208
132320,-1.41,-1.07,9.44,0.0153,0.0107,-0.0035,91968.51,809.85,0.00,0.0190
132379,-1.41,-1.00,9.47,0.0183,0.0124,-0.0083,91968.51,809.85,0.00,0.0236
132441,-1.46,-1.01,9.47,0.0148,0.0131,-0.0059,91968.51,809.85,0.00,0.0206
132500,-1.43,-1.02,9.46,0.0148,0.0113,-0.0068,91967.97,809.90,0.25,0.0198
132565,-1.44,-0.98,9.45,0.0175,0.0133,-0.0073,91967.97,809.90,0.17,0.0231
132631,-1.42,-1.00,9.51,0.0141,0.0135,-0.0052,91967.97,809.90,0.12,0.0202
132692,-1.43,-1.02,9.43,0.0167,0.0089,-0.0091,91967.97,809.90,0.08,0.0210
132753,-1.44,-0.98,9.46,0.0173,0.0109,-0.0056,91967.97,809.90,0.06,0.0212
132813,-1.45,-1.00,9.50,0.0168,0.0129,-0.0077,91967.97,809.90,0.04,0.0226
132874,-1.40,-1.01,9.47,0.0159,0.0125,-0.0056,91967.97,809.90,0.03,0.0210
133087,-1.45,-0.96,9.50,0.0196,0.0113,-0.0076,91967.97,809.90,0.02,0.0239
133299,-1.41,-1.06,9.45,0.0179,0.0151,-0.0044,91967.97,809.90,0.01,0.0238
133508,-1.43,-1.00,9.48,0.0157,0.0109,-0.0061,91968.13,809.88,-0.01,0.0201
133720,-1.40,-1.01,9.45,0.0165,0.0119,-0.0056,91968.13,809.88,-0.01,0.0211
133929,-1.43,-0.99,9.48,0.0168,0.0139,-0.0075,91968.13,809.88,-0.01,0.0230
134141,-1.40,-1.03,9.45,0.0172,0.0111,-0.0079,91967.96,809.90,0.02,0.0219
134369,-1.43,-1.02,9.47,0.0157,0.0113,-0.0064,91967.96,809.90,0.01,0.0204
134597,-1.41,-1.01,9.45,0.0176,0.0133,-0.0087,91967.77,809.92,0.03,0.0237
134662,-1.44,-1.01,9.50,0.0165,0.0140,-0.0060,91967.77,809.92,0.02,0.0225
134725,-1.44,-0.98,9.49,0.0149,0.0139,-0.0060,91967.77,809.92,0.02,0.0212
134785,-1.42,-1.05,9.46,0.0153,0.0121,-0.0043,91967.77,809.92,0.01,0.0200
134848,-1.44,-1.02,9.48,0.0168,0.0123,-0.0067,91967.77,809.92,0.01,0.0218
134908,-1.43,-0.98,9.49,0.0176,0.0124,-0.0063,91967.77,809.92,0.01,0.0224
134971,-1.44,-1.04,9.45,0.0155,0.0109,-0.0056,91967.77,809.92,0.00,0.0197
135035,-1.43,-1.02,9.50,0.0193,0.0120,-0.0083,91967.76,809.92,0.01,0.0242
135095,-1.46,-0.99,9.48,0.0156,0.0103,-0.0071,91967.76,809.92,0.01,0.0200
135156,-1.38,-1.04,9.44,0.0200,0.0109,-0.0027,91967.76,809.92,0.00,0.0229
135216,-1.41,-1.07,9.50,0.0180,0.0119,-0.0085,91967.76,809.92,0.00,0.0232
135277,-1.44,-0.98,9.52,0.0165,0.0119,-0.0053,91967.76,809.92,0.00,0.0210
135337,-1.43,-1.01,9.46,0.0160,0.0075,-0.0063,91967.76,809.92,0.00,0.0187
135397,-1.44,-1.04,9.45,0.0132,0.0129,-0.0073,91967.76,809.92,0.00,0.0199
135460,-1.43,-1.03,9.47,0.0199,0.0136,-0.0081,91967.76,809.92,0.00,0.0254
135519,-1.47,-1.04,9.49,0.0145,0.0124,-0.0067,91967.76,809.92,0.00,0.0202
135884,-1.47,-0.98,9.50,0.0153,0.0117,-0.0056,91967.73,809.92,0.00,0.0201
136245,-1.41,-1.02,9.47,0.0201,0.0104,-0.0087,91967.87,809.91,-0.01,0.0242
136622,-1.47,-1.01,9.47,0.0184,0.0123,-0.0073,91967.87,809.91,-0.01,0.0233
136777,-1.45,-1.00,9.46,0.0163,0.0120,-0.0077,91967.87,809.91,-0.00,0.0216
136836,-1.42,-1.02,9.46,0.0180,0.0129,-0.0068,91967.87,809.91,-0.00,0.0232
136901,-1.44,-1.00,9.50,0.0147,0.0091,-0.0065,91967.87,809.91,-0.00,0.0184
136962,-1.42,-1.01,9.46,0.0140,0.0124,-0.0055,91967.87,809.91,-0.00,0.0195
137022,-1.42,-1.04,9.47,0.0180,0.0128,-0.0063,91967.87,809.91,-0.00,0.0229
137083,-1.44,-0.99,9.45,0.0140,0.0113,-0.0072,91967.70,809.92,0.08,0.0194
137143,-1.48,-1.02,9.47,0.0165,0.0077,-0.0060,91967.70,809.92,0.05,0.0192
137204,-1.38,-1.00,9.48,0.0163,0.0136,-0.0049,91967.70,809.92,0.04,0.0218
137267,-1.47,-1.00,9.48,0.0179,0.0116,-0.0052,91967.70,809.92,0.03,0.0219
137329,-1.45,-1.02,9.48,0.0153,0.0140,-0.0055,91967.70,809.92,0.02,0.0215
137388,-1.40,-1.03,9.46,0.0183,0.0123,-0.0055,91967.70,809.92,0.01,0.0227
137450,-1.41,-1.01,9.48,0.0180,0.0139,-0.0073,91967.70,809.92,0.01,0.0239
137509,-1.44,-1.01,9.49,0.0155,0.0116,-0.0080,91967.70,809.92,0.01,0.0209
137571,-1.45,-1.02,9.47,0.0151,0.0120,-0.0084,91967.50,809.94,0.09,0.0210
137630,-1.43,-1.02,9.43,0.0145,0.0113,-0.0040,91967.50,809.94,0.07,0.0188
137695,-1.47,-0.97,9.48,0.0192,0.0133,-0.0049,91967.50,809.94,0.05,0.0239
137756,-1.46,-1.02,9.45,0.0157,0.0109,-0.0045,91967.50,809.94,0.03,0.0197
137816,-1.39,-1.04,9.45,0.0193,0.0113,-0.0051,91967.50,809.94,0.02,0.0230
137877,-1.45,-0.97,9.46,0.0159,0.0119,-0.0055,91967.50,809.94,0.02,0.0205
137937,-1.42,-0.99,9.46,0.0171,0.0119,-0.0060,91967.50,809.94,0.01,0.0216
137998,-1.41,-1.04,9.48,0.0165,0.0115,-0.0064,91967.50,809.94,0.01,0.0211
138058,-1.45,-1.00,9.49,0.0165,0.0121,-0.0064,91967.50,809.94,0.01,0.0215
138123,-1.45,-0.99,9.48,0.0163,0.0159,-0.0073,91967.67,809.92,-0.07,0.0239
138182,-1.42,-1.03,9.46,0.0173,0.0125,-0.0064,91967.67,809.92,-0.05,0.0223
138244,-1.44,-1.01,9.48,0.0163,0.0151,-0.0093,91967.67,809.92,-0.03,0.0240
138303,-1.45,-1.00,9.48,0.0168,0.0111,-0.0064,91967.67,809.92,-0.02,0.0211
138365,-1.44,-1.03,9.46,0.0173,0.0119,-0.0081,91967.67,809.92,-0.02,0.0225
138424,-1.43,-1.05,9.48,0.0155,0.0141,-0.0053,91967.67,809.92,-0.01,0.0216
138486,-1.45,-1.01,9.45,0.0164,0.0112,-0.0067,91967.67,809.92,-0.01,0.0209
138550,-1.42,-1.04,9.45,0.0153,0.0139,-0.0055,91967.67,809.92,-0.01,0.0214
138610,-1.45,-1.02,9.49,0.0160,0.0119,-0.0084,91967.49,809.94,0.08,0.0216
138671,-1.44,-1.02,9.47,0.0136,0.0131,-0.0075,91967.49,809.94,0.05,0.0203
138731,-1.44,-1.04,9.46,0.0137,0.0127,-0.0051,91967.49,809.94,0.04,0.0193
138797,-1.42,-1.02,9.48,0.0163,0.0124,-0.0079,91967.49,809.94,0.03,0.0219
138857,-1.44,-1.01,9.47,0.0145,0.0129,-0.0069,91967.49,809.94,0.02,0.0206
138918,-1.41,-1.03,9.45,0.0172,0.0136,-0.0052,91967.49,809.94,0.01,0.0225
138993,-1.46,-1.04,9.48,0.0179,0.0115,-0.0057,91967.49,809.94,0.01,0.0220
139054,-1.40,-1.05,9.47,0.0157,0.0128,-0.0068,91967.49,809.94,0.01,0.0214
139114,-1.38,-1.01,9.44,0.0171,0.0088,-0.0064,91967.63,809.93,-0.06,0.0202
139175,-1.44,-0.98,9.51,0.0185,0.0131,-0.0075,91967.63,809.93,-0.04,0.0239
139235,-1.43,-0.98,9.48,0.0159,0.0143,-0.0052,91967.63,809.93,-0.03,0.0219
139296,-1.43,-1.08,9.44,0.0160,0.0116,-0.0069,91967.63,809.93,-0.02,0.0209
139359,-1.44,-0.99,9.49,0.0180,0.0101,-0.0059,91967.63,809.93,-0.01,0.0215
139421,-1.45,-1.01,9.44,0.0156,0.0116,-0.0059,91967.63,809.93,-0.01,0.0203
139480,-1.41,-1.04,9.42,0.0175,0.0125,-0.0075,91967.63,809.93,-0.01,0.0227
139542,-1.44,-1.01,9.46,0.0179,0.0093,-0.0059,91967.63,809.93,-0.01,0.0210
139601,-1.43,-1.01,9.48,0.0156,0.0111,-0.0076,91967.77,809.92,-0.07,0.0206
139663,-1.44,-1.04,9.46,0.0149,0.0119,-0.0073,91967.77,809.92,-0.05,0.0204
139722,-1.40,-1.06,9.45,0.0147,0.0116,-0.0065,91967.77,809.92,-0.03,0.0198
139787,-1.43,-0.99,9.47,0.0157,0.0109,-0.0056,91967.77,809.92,-0.02,0.0199
139848,-1.41,-0.99,9.48,0.0180,0.0128,-0.0059,91967.77,809.92,-0.02,0.0228
139908,-1.42,-1.01,9.46,0.0155,0.0131,-0.0069,91967.77,809.92,-0.01,0.0214
139969,-1.43,-0.98,9.48,0.0167,0.0137,-0.0091,91967.77,809.92,-0.01,0.0234
140029,-1.46,-1.03,9.46,0.0152,0.0099,-0.0043,91967.77,809.92,-0.01,0.0186
140090,-1.43,-1.03,9.45,0.0183,0.0117,-0.0056,91967.77,809.92,-0.00,0.0224
140150,-1.46,-1.00,9.46,0.0136,0.0136,-0.0068,91967.77,809.92,0.00,0.0204
140215,-1.49,-1.02,9.45,0.0175,0.0111,-0.0064,91967.77,809.92,0.00,0.0216
140274,-1.39,-1.00,9.41,0.0172,0.0139,-0.0064,91967.77,809.92,0.00,0.0230
140336,-1.48,-0.98,9.49,0.0161,0.0132,-0.0072,91967.77,809.92,0.00,0.0220
140395,-1.45,-1.00,9.46,0.0137,0.0129,-0.0060,91967.77,809.92,0.00,0.0198
140457,-1.38,-1.07,9.45,0.0185,0.0125,-0.0073,91967.77,809.92,0.00,0.0235
140516,-1.44,-1.03,9.49,0.0167,0.0139,-0.0077,91967.77,809.92,0.00,0.0230
140578,-1.42,-1.01,9.48,0.0151,0.0135,-0.0068,91967.77,809.92,0.00,0.0213
140642,-1.43,-1.06,9.45,0.0145,0.0127,-0.0071,91967.58,809.93,0.08,0.0205
140702,-1.45,-1.01,9.48,0.0139,0.0109,-0.0080,91967.58,809.93,0.06,0.0194
140763,-1.43,-0.98,9.50,0.0151,0.0116,-0.0059,91967.58,809.93,0.04,0.0199
140828,-1.43,-1.03,9.42,0.0167,0.0109,-0.0068,91967.58,809.93,0.03,0.0210
140889,-1.42,-1.02,9.50,0.0187,0.0119,-0.0095,91967.58,809.93,0.02,0.0240
140949,-1.46,-0.98,9.53,0.0148,0.0111,-0.0081,91967.58,809.93,0.01,0.0202
141010,-1.45,-1.07,9.45,0.0151,0.0163,-0.0040,91967.58,809.93,0.01,0.0225
141073,-1.38,-1.07,9.47,0.0161,0.0125,-0.0073,91967.58,809.93,0.01,0.0217
141135,-1.46,-1.00,9.46,0.0156,0.0133,-0.0064,91967.57,809.93,0.01,0.0215
141194,-1.41,-1.01,9.47,0.0157,0.0120,-0.0043,91967.57,809.93,0.00,0.0202
141256,-1.41,-1.04,9.43,0.0175,0.0128,-0.0057,91967.57,809.93,0.00,0.0224
141315,-1.45,-0.97,9.51,0.0177,0.0111,-0.0073,91967.57,809.93,0.00,0.0221
141377,-1.41,-1.01,9.48,0.0145,0.0145,-0.0059,91967.57,809.93,0.00,0.0214
141441,-1.40,-1.04,9.47,0.0175,0.0117,-0.0053,91967.57,809.93,0.00,0.0217
141501,-1.42,-1.01,9.49,0.0163,0.0125,-0.0065,91967.57,809.93,0.00,0.0215
141562,-1.46,-0.99,9.49,0.0173,0.0117,-0.0061,91967.57,809.93,0.00,0.0218
141622,-1.41,-1.06,9.46,0.0167,0.0139,-0.0049,91967.91,809.90,-0.15,0.0222
141683,-1.42,-1.04,9.46,0.0157,0.0136,-0.0056,91967.91,809.90,-0.11,0.0215
141743,-1.44,-0.98,9.50,0.0168,0.0128,-0.0059,91967.91,809.90,-0.07,0.0219
141804,-1.41,-1.02,9.47,0.0148,0.0113,-0.0051,91967.91,809.90,-0.05,0.0193
141867,-1.43,-1.03,9.46,0.0188,0.0085,-0.0055,91967.91,809.90,-0.04,0.0213
141929,-1.48,-0.97,9.49,0.0167,0.0113,-0.0075,91967.91,809.90,-0.03,0.0215
141988,-1.43,-1.05,9.47,0.0168,0.0145,-0.0069,91967.91,809.90,-0.02,0.0233
142050,-1.41,-1.00,9.46,0.0185,0.0127,-0.0063,91967.91,809.90,-0.01,0.0233
142109,-1.44,-1.01,9.47,0.0157,0.0112,-0.0065,91967.91,809.90,-0.01,0.0204
142171,-1.45,-1.02,9.47,0.0164,0.0157,-0.0043,91967.85,809.91,0.02,0.0231
142230,-1.38,-1.00,9.46,0.0185,0.0112,-0.0071,91967.85,809.91,0.01,0.0228
142307,-1.45,-1.04,9.46,0.0151,0.0113,-0.0053,91967.85,809.91,0.01,0.0196
142366,-1.42,-1.04,9.45,0.0163,0.0127,-0.0045,91967.85,809.91,0.01,0.0211
142428,-1.43,-0.98,9.48,0.0195,0.0117,-0.0072,91967.85,809.91,0.00,0.0238
142487,-1.46,-0.98,9.47,0.0155,0.0151,-0.0063,91967.85,809.91,0.00,0.0225
142549,-1.43,-1.05,9.46,0.0168,0.0096,-0.0072,91967.85,809.91,0.00,0.0206
142608,-1.40,-1.02,9.47,0.0191,0.0107,-0.0075,91967.85,809.91,0.00,0.0231
142670,-1.46,-0.98,9.50,0.0183,0.0139,-0.0071,91967.85,809.91,0.00,0.0240
142734,-1.43,-1.02,9.47,0.0181,0.0111,-0.0073,91967.85,809.91,0.00,0.0225
142794,-1.42,-1.03,9.47,0.0173,0.0140,-0.0063,91967.85,809.91,0.00,0.0231
142860,-1.44,-1.00,9.46,0.0168,0.0143,-0.0069,91967.85,809.91,0.00,0.0231
142920,-1.42,-1.05,9.43,0.0153,0.0101,-0.0064,91967.85,809.91,0.00,0.0194
142981,-1.40,-1.04,9.49,0.0175,0.0115,-0.0095,91967.85,809.91,0.00,0.0229
143041,-1.44,-0.97,9.51,0.0153,0.0124,-0.0056,91967.85,809.91,0.00,0.0205
143102,-1.43,-1.02,9.44,0.0143,0.0137,-0.0077,91967.85,809.91,0.00,0.0212
143165,-1.38,-1.01,9.45,0.0172,0.0117,-0.0049,91968.02,809.89,-0.07,0.0214
143227,-1.47,-1.01,9.48,0.0168,0.0131,-0.0036,91968.02,809.89,-0.05,0.0216
143286,-1.42,-1.02,9.48,0.0152,0.0112,-0.0056,91968.02,809.89,-0.03,0.0197
143348,-1.41,-1.03,9.44,0.0177,0.0135,-0.0071,91968.02,809.89,-0.02,0.0233
143407,-1.41,-1.00,9.50,0.0187,0.0133,-0.0077,91968.02,809.89,-0.02,0.0242
143469,-1.40,-1.01,9.47,0.0141,0.0145,-0.0069,91968.02,809.89,-0.01,0.0214
143533,-1.38,-1.02,9.49,0.0144,0.0135,-0.0057,91968.02,809.89,-0.01,0.0205
143593,-1.44,-1.00,9.49,0.0180,0.0116,-0.0051,91968.02,809.89,-0.01,0.0220
143654,-1.43,-1.02,9.47,0.0152,0.0109,-0.0056,91967.98,809.90,0.01,0.0195
143714,-1.43,-1.05,9.47,0.0172,0.0128,-0.0057,91967.98,809.90,0.01,0.0222
143775,-1.42,-0.99,9.50,0.0185,0.0124,-0.0069,91967.98,809.90,0.00,0.0233
143835,-1.47,-1.02,9.47,0.0164,0.0105,-0.0065,91967.98,809.90,0.00,0.0205
143896,-1.43,-1.07,9.48,0.0164,0.0096,-0.0056,91967.98,809.90,0.00,0.0198
143959,-1.44,-1.01,9.49,0.0180,0.0120,-0.0069,91967.98,809.90,0.00,0.0227
144021,-1.42,-1.01,9.47,0.0172,0.0125,-0.0037,91967.98,809.90,0.00,0.0216
144080,-1.42,-1.03,9.48,0.0143,0.0103,-0.0075,91967.98,809.90,0.00,0.0191
144142,-1.41,-1.02,9.46,0.0191,0.0112,-0.0056,91967.98,809.90,0.00,0.0228
144201,-1.44,-0.97,9.49,0.0161,0.0069,-0.0067,91967.98,809.90,0.00,0.0188
144263,-1.43,-1.03,9.46,0.0181,0.0108,-0.0052,91967.98,809.90,0.00,0.0217
144322,-1.39,-1.01,9.45,0.0177,0.0117,-0.0083,91967.98,809.90,0.00,0.0228
144387,-1.44,-1.02,9.49,0.0175,0.0123,-0.0063,91967.98,809.90,0.00,0.0222
144448,-1.44,-1.02,9.46,0.0155,0.0120,-0.0088,91967.98,809.90,0.00,0.0214
144508,-1.40,-1.03,9.46,0.0160,0.0123,-0.0060,91967.98,809.90,0.00,0.0210
144569,-1.46,-1.00,9.49,0.0175,0.0140,-0.0060,91967.98,809.90,0.00,0.0232
144629,-1.45,-1.02,9.47,0.0183,0.0137,-0.0061,91967.98,809.90,0.00,0.0236
144690,-1.41,-1.06,9.45,0.0183,0.0117,-0.0068,91967.98,809.90,0.00,0.0227
144750,-1.42,-1.01,9.47,0.0168,0.0124,-0.0085,91967.98,809.90,0.00,0.0225
144815,-1.44,-1.00,9.48,0.0185,0.0137,-0.0060,91967.98,809.90,0.00,0.0238
144879,-1.42,-1.06,9.48,0.0172,0.0136,-0.0063,91967.98,809.90,0.00,0.0228
144941,-1.45,-1.02,9.47,0.0191,0.0109,-0.0072,91967.98,809.90,0.00,0.0231
145000,-1.47,-0.97,9.46,0.0175,0.0115,-0.0039,91967.98,809.90,0.00,0.0212
145062,-1.41,-1.05,9.45,0.0172,0.0148,-0.0044,91967.98,809.90,0.00,0.0231
145121,-1.43,-1.04,9.48,0.0155,0.0109,-0.0059,91967.98,809.90,0.00,0.0198
145183,-1.47,-1.01,9.48,0.0173,0.0115,-0.0076,91967.93,809.90,0.02,0.0221
145247,-1.41,-1.05,9.44,0.0152,0.0151,-0.0085,91967.93,809.90,0.02,0.0230
145307,-1.40,-1.00,9.45,0.0173,0.0152,-0.0069,91967.93,809.90,0.01,0.0241
145368,-1.45,-0.97,9.47,0.0151,0.0103,-0.0061,91967.93,809.90,0.01,0.0192
145428,-1.41,-1.02,9.47,0.0179,0.0120,-0.0045,91967.93,809.90,0.01,0.0220
145489,-1.42,-1.05,9.46,0.0173,0.0128,-0.0061,91967.93,809.90,0.00,0.0224
145549,-1.47,-0.98,9.46,0.0189,0.0148,-0.0051,91967.93,809.90,0.00,0.0245
145624,-1.40,-1.03,9.46,0.0168,0.0104,-0.0068,91967.93,809.90,0.00,0.0209
145684,-1.42,-1.02,9.49,0.0149,0.0124,-0.0068,91967.92,809.90,0.01,0.0206
145745,-1.48,-1.02,9.47,0.0133,0.0121,-0.0044,91967.92,809.90,0.00,0.0185
145805,-1.40,-1.02,9.46,0.0196,0.0117,-0.0052,91967.92,809.90,0.00,0.0234
145866,-1.41,-1.03,9.49,0.0177,0.0140,-0.0053,91967.92,809.90,0.00,0.0232
145926,-1.44,-1.01,9.48,0.0165,0.0120,-0.0069,91967.92,809.90,0.00,0.0216
145987,-1.46,-1.02,9.45,0.0153,0.0128,-0.0052,91967.92,809.90,0.00,0.0206
146050,-1.40,-1.01,9.47,0.0153,0.0123,-0.0069,91967.92,809.90,0.00,0.0208
146112,-1.48,-0.99,9.50,0.0167,0.0099,-0.0060,91967.92,809.90,0.00,0.0203
146171,-1.46,-1.03,9.47,0.0168,0.0107,-0.0059,91967.92,809.90,0.00,0.0207
146233,-1.40,-1.01,9.45,0.0168,0.0124,-0.0055,91967.92,809.90,0.00,0.0216
146292,-1.46,-0.97,9.46,0.0195,0.0123,-0.0047,91967.92,809.90,0.00,0.0235
146354,-1.44,-1.03,9.46,0.0156,0.0139,-0.0055,91967.92,809.90,0.00,0.0216
146413,-1.43,-1.04,9.45,0.0165,0.0131,-0.0043,91967.92,809.90,0.00,0.0215
146478,-1.45,-0.97,9.47,0.0163,0.0108,-0.0060,91967.92,809.90,0.00,0.0204
146539,-1.41,-1.02,9.46,0.0172,0.0119,-0.0040,91967.92,809.90,0.00,0.0213
146599,-1.41,-1.04,9.44,0.0176,0.0109,-0.0059,91967.92,809.90,0.00,0.0215
146660,-1.44,-0.98,9.47,0.0171,0.0115,-0.0063,91967.92,809.90,0.00,0.0215
146720,-1.42,-1.01,9.46,0.0144,0.0099,-0.0053,91968.41,809.86,-0.22,0.0182
146781,-1.41,-1.02,9.47,0.0165,0.0117,-0.0068,91968.41,809.86,-0.15,0.0214
146841,-1.45,-0.99,9.48,0.0161,0.0124,-0.0083,91968.41,809.86,-0.11,0.0219
146911,-1.41,-1.00,9.46,0.0159,0.0141,-0.0059,91968.41,809.86,-0.08,0.0220
146970,-1.41,-1.03,9.46,0.0172,0.0113,-0.0061,91968.41,809.86,-0.05,0.0215
147032,-1.44,-0.99,9.46,0.0155,0.0119,-0.0057,91968.41,809.86,-0.04,0.0203
147091,-1.44,-1.02,9.50,0.0147,0.0140,-0.0068,91968.41,809.86,-0.03,0.0214
147153,-1.39,-1.02,9.45,0.0164,0.0137,-0.0047,91968.41,809.86,-0.02,0.0219
147212,-1.44,-0.99,9.45,0.0172,0.0133,-0.0091,91968.23,809.87,0.06,0.0236
147274,-1.45,-1.00,9.48,0.0165,0.0124,-0.0064,91968.23,809.87,0.05,0.0216
147338,-1.40,-1.04,9.45,0.0183,0.0124,-0.0068,91968.23,809.87,0.03,0.0231
147398,-1.40,-0.99,9.46,0.0151,0.0107,-0.0051,91968.23,809.87,0.02,0.0191
147459,-1.45,-0.99,9.47,0.0172,0.0133,-0.0075,91968.23,809.87,0.02,0.0230
147519,-1.40,-0.99,9.44,0.0181,0.0116,-0.0064,91968.23,809.87,0.01,0.0224
147580,-1.46,-1.02,9.47,0.0171,0.0131,-0.0061,91968.23,809.87,0.01,0.0223
147640,-1.48,-1.00,9.46,0.0173,0.0115,-0.0049,91968.23,809.87,0.01,0.0213
147705,-1.45,-1.02,9.45,0.0188,0.0096,-0.0071,91968.23,809.87,0.00,0.0222
147764,-1.42,-1.02,9.50,0.0181,0.0107,-0.0069,91968.23,809.87,0.01,0.0221
147826,-1.46,-0.99,9.48,0.0151,0.0128,-0.0080,91968.23,809.87,0.01,0.0213
147885,-1.44,-1.05,9.46,0.0183,0.0127,-0.0049,91968.23,809.87,0.00,0.0228
147947,-1.40,-1.00,9.48,0.0151,0.0133,-0.0056,91968.23,809.87,0.00,0.0209
148006,-1.46,-1.00,9.48,0.0173,0.0120,-0.0084,91968.23,809.87,0.00,0.0227
148068,-1.44,-1.01,9.47,0.0151,0.0139,-0.0065,91968.23,809.87,0.00,0.0215
148132,-1.39,-1.05,9.45,0.0164,0.0131,-0.0061,91968.23,809.87,0.00,0.0218
148192,-1.45,-0.98,9.50,0.0184,0.0112,-0.0071,91968.23,809.87,0.00,0.0227
148253,-1.41,-1.01,9.45,0.0151,0.0148,-0.0073,91968.20,809.88,0.01,0.0223
148313,-1.40,-1.01,9.45,0.0179,0.0116,-0.0059,91968.20,809.88,0.01,0.0221
148374,-1.44,-0.99,9.47,0.0148,0.0108,-0.0067,91968.20,809.88,0.01,0.0195
148434,-1.44,-1.01,9.47,0.0167,0.0135,-0.0045,91968.20,809.88,0.00,0.0219
148495,-1.44,-1.05,9.46,0.0187,0.0135,-0.0065,91968.20,809.88,0.00,0.0239
148558,-1.44,-1.00,9.48,0.0149,0.0111,-0.0055,91968.20,809.88,0.00,0.0194
148620,-1.44,-0.99,9.44,0.0137,0.0124,-0.0053,91968.20,809.88,0.00,0.0192
148679,-1.41,-1.02,9.44,0.0153,0.0121,-0.0052,91968.20,809.88,0.00,0.0202
148741,-1.44,-1.02,9.47,0.0180,0.0168,-0.0071,91968.51,809.85,-0.13,0.0256
148800,-1.47,-0.99,9.49,0.0152,0.0108,-0.0064,91968.51,809.85,-0.09,0.0197
148862,-1.40,-1.06,9.45,0.0132,0.0156,-0.0053,91968.51,809.85,-0.06,0.0211
148926,-1.42,-1.03,9.49,0.0184,0.0129,-0.0060,91968.51,809.85,-0.04,0.0233
149003,-1.39,-1.03,9.46,0.0155,0.0117,-0.0073,91968.51,809.85,-0.03,0.0207
149062,-1.43,-0.98,9.47,0.0171,0.0112,-0.0067,91968.51,809.85,-0.02,0.0215
149124,-1.45,-1.00,9.46,0.0156,0.0135,-0.0061,91968.51,809.85,-0.02,0.0215
149183,-1.39,-1.04,9.47,0.0168,0.0132,-0.0067,91968.51,809.85,-0.01,0.0224
149245,-1.42,-1.01,9.45,0.0180,0.0113,-0.0089,91968.31,809.87,0.08,0.0231
149304,-1.48,-1.02,9.44,0.0164,0.0120,-0.0081,91968.31,809.87,0.05,0.0219
149366,-1.42,-1.03,9.45,0.0155,0.0112,-0.0072,91968.31,809.87,0.04,0.0204
149430,-1.44,-1.03,9.48,0.0172,0.0132,-0.0064,91968.31,809.87,0.03,0.0226
149490,-1.48,-1.02,9.48,0.0176,0.0136,-0.0060,91968.31,809.87,0.02,0.0230
149551,-1.42,-1.02,9.47,0.0167,0.0109,-0.0057,91968.31,809.87,0.01,0.0207
149612,-1.43,-1.02,9.46,0.0175,0.0135,-0.0049,91968.31,809.87,0.01,0.0226
149673,-1.42,-1.01,9.50,0.0164,0.0135,-0.0060,91968.31,809.87,0.01,0.0220
149733,-1.42,-1.04,9.44,0.0164,0.0108,-0.0055,91968.31,809.87,0.00,0.0204
149798,-1.40,-1.01,9.47,0.0193,0.0113,-0.0064,91968.13,809.88,0.08,0.0233
149857,-1.45,-1.00,9.46,0.0176,0.0124,-0.0065,91968.13,809.88,0.06,0.0225
149919,-1.42,-1.02,9.45,0.0139,0.0109,-0.0051,91968.13,809.88,0.04,0.0184
149978,-1.41,-1.04,9.44,0.0159,0.0109,-0.0040,91968.13,809.88,0.03,0.0197
150040,-1.47,-1.00,9.47,0.0179,0.0125,-0.0080,91968.13,809.88,0.02,0.0232
150099,-1.46,-1.00,9.48,0.0165,0.0133,-0.0059,91968.13,809.88,0.01,0.0220
150161,-1.41,-1.05,9.42,0.0151,0.0140,-0.0064,91968.13,809.88,0.01,0.0215
150225,-1.44,-1.01,9.47,0.0180,0.0128,-0.0059,91968.13,809.88,0.01,0.0228
150285,-1.43,-1.02,9.47,0.0164,0.0125,-0.0067,91967.97,809.90,0.08,0.0217
150346,-1.40,-1.03,9.44,0.0145,0.0113,-0.0057,91967.97,809.90,0.05,0.0193
150407,-1.45,-1.02,9.48,0.0149,0.0136,-0.0060,91967.97,809.90,0.04,0.0211
150468,-1.45,-1.01,9.48,0.0160,0.0137,-0.0053,91967.97,809.90,0.03,0.0217
150528,-1.40,-1.05,9.43,0.0139,0.0136,-0.0069,91967.97,809.90,0.02,0.0206
150589,-1.44,-1.03,9.47,0.0168,0.0116,-0.0068,91967.97,809.90,0.01,0.0215
150652,-1.44,-1.02,9.50,0.0153,0.0093,-0.0071,91967.97,809.90,0.01,0.0193
150714,-1.42,-1.03,9.47,0.0168,0.0133,-0.0063,91967.97,809.90,0.01,0.0223
150773,-1.40,-1.05,9.48,0.0165,0.0121,-0.0059,91967.94,809.90,0.02,0.0213
150832,-1.46,-0.99,9.50,0.0175,0.0116,-0.0068,91967.94,809.90,0.01,0.0220
150895,-1.38,-1.02,9.48,0.0149,0.0137,-0.0057,91967.94,809.90,0.01,0.0211
150959,-1.39,-1.04,9.44,0.0168,0.0145,-0.0064,91967.94,809.90,0.01,0.0231
151018,-1.45,-0.99,9.48,0.0164,0.0127,-0.0065,91967.94,809.90,0.00,0.0217
151083,-1.43,-1.04,9.47,0.0165,0.0121,-0.0065,91967.94,809.90,0.00,0.0215
151144,-1.41,-1.02,9.46,0.0180,0.0104,-0.0069,91967.94,809.90,0.00,0.0219
151204,-1.45,-0.98,9.51,0.0163,0.0133,-0.0045,91967.94,809.90,0.00,0.0215
151265,-1.41,-1.02,9.46,0.0129,0.0112,-0.0057,91967.94,809.90,0.00,0.0180
151325,-1.39,-1.03,9.46,0.0168,0.0129,-0.0068,91967.94,809.90,0.00,0.0222
151386,-1.42,-1.00,9.49,0.0165,0.0137,-0.0047,91967.94,809.90,0.00,0.0220
151446,-1.47,-1.00,9.45,0.0149,0.0119,-0.0059,91967.94,809.90,0.00,0.0199
151511,-1.44,-1.02,9.42,0.0176,0.0115,-0.0068,91967.94,809.90,0.00,0.0221
151570,-1.43,-0.98,9.47,0.0176,0.0109,-0.0071,91967.94,809.90,0.00,0.0219
151632,-1.45,-1.02,9.46,0.0173,0.0103,-0.0057,91967.94,809.90,0.00,0.0209
151691,-1.41,-1.07,9.44,0.0187,0.0112,-0.0067,91967.94,809.90,0.00,0.0227
151753,-1.43,-1.01,9.46,0.0151,0.0143,-0.0071,91967.94,809.90,0.00,0.0219
151812,-1.46,-1.00,9.48,0.0175,0.0125,-0.0064,91967.90,809.90,0.02,0.0224
151874,-1.41,-1.03,9.44,0.0149,0.0100,-0.0057,91967.90,809.90,0.01,0.0189
151938,-1.43,-1.03,9.48,0.0168,0.0147,-0.0076,91967.90,809.90,0.01,0.0235
151998,-1.43,-0.98,9.50,0.0159,0.0107,-0.0087,91967.90,809.90,0.01,0.0210
152059,-1.41,-1.03,9.45,0.0161,0.0128,-0.0063,91967.90,809.90,0.00,0.0215
152119,-1.43,-1.02,9.44,0.0192,0.0129,-0.0081,91967.90,809.90,0.00,0.0245
152180,-1.46,-0.98,9.47,0.0171,0.0112,-0.0061,91967.90,809.90,0.00,0.0213
152240,-1.42,-1.02,9.45,0.0148,0.0137,-0.0076,91967.90,809.90,0.00,0.0216
152315,-1.42,-0.98,9.50,0.0176,0.0076,-0.0068,91967.73,809.92,0.06,0.0203
152375,-1.46,-1.02,9.46,0.0165,0.0120,-0.0057,91967.73,809.92,0.04,0.0212
152436,-1.40,-1.07,9.43,0.0183,0.0117,-0.0079,91967.73,809.92,0.03,0.0231
152496,-1.42,-1.05,9.47,0.0180,0.0133,-0.0041,91967.73,809.92,0.02,0.0228
152557,-1.46,-0.98,9.45,0.0171,0.0103,-0.0068,91967.73,809.92,0.01,0.0210
152617,-1.41,-1.05,9.44,0.0160,0.0113,-0.0080,91967.73,809.92,0.01,0.0212
152678,-1.43,-1.02,9.47,0.0192,0.0123,-0.0087,91967.73,809.92,0.01,0.0244
152741,-1.47,-0.99,9.45,0.0172,0.0141,-0.0061,91967.73,809.92,0.01,0.0231
152803,-1.41,-1.04,9.45,0.0159,0.0128,-0.0068,91967.53,809.94,0.09,0.0215
152862,-1.42,-1.01,9.49,0.0187,0.0125,-0.0091,91967.53,809.94,0.06,0.0242
152924,-1.46,-1.00,9.47,0.0159,0.0123,-0.0057,91967.53,809.94,0.04,0.0208
152988,-1.42,-1.03,9.47,0.0147,0.0093,-0.0061,91967.53,809.94,0.03,0.0184
153050,-1.45,-1.04,9.48,0.0157,0.0119,-0.0036,91967.53,809.94,0.02,0.0200
153109,-1.48,-1.00,9.47,0.0148,0.0093,-0.0052,91967.53,809.94,0.02,0.0182
153174,-1.41,-1.06,9.47,0.0177,0.0127,-0.0067,91967.53,809.94,0.01,0.0228
153235,-1.42,-1.02,9.50,0.0152,0.0127,-0.0072,91967.53,809.94,0.01,0.0210
153295,-1.42,-1.03,9.49,0.0164,0.0112,-0.0073,91967.52,809.94,0.01,0.0212
153356,-1.41,-1.07,9.45,0.0156,0.0107,-0.0052,91967.52,809.94,0.01,0.0196
153416,-1.42,-1.02,9.48,0.0164,0.0135,-0.0080,91967.52,809.94,0.00,0.0227
153477,-1.45,-0.98,9.49,0.0156,0.0105,-0.0060,91967.52,809.94,0.00,0.0197
153537,-1.42,-1.03,9.46,0.0160,0.0093,-0.0072,91967.52,809.94,0.00,0.0199
153602,-1.40,-1.02,9.46,0.0197,0.0132,-0.0051,91967.52,809.94,0.00,0.0243
153661,-1.48,-0.99,9.47,0.0168,0.0103,-0.0076,91967.52,809.94,0.00,0.0211
153723,-1.44,-1.01,9.45,0.0136,0.0105,-0.0056,91967.52,809.94,0.00,0.0181
153782,-1.43,-1.04,9.46,0.0149,0.0127,-0.0071,91967.52,809.94,0.00,0.0208
153844,-1.42,-0.98,9.47,0.0173,0.0132,-0.0056,91967.35,809.95,0.07,0.0225
153903,-1.43,-1.00,9.49,0.0165,0.0153,-0.0076,91967.35,809.95,0.05,0.0238
153965,-1.40,-1.02,9.45,0.0184,0.0119,-0.0061,91967.35,809.95,0.04,0.0227
154029,-1.44,-0.99,9.47,0.0139,0.0116,-0.0061,91967.35,809.95,0.03,0.0191
154089,-1.43,-1.00,9.46,0.0157,0.0097,-0.0060,91967.35,809.95,0.02,0.0194
154150,-1.36,-1.04,9.45,0.0176,0.0123,-0.0060,91967.35,809.95,0.01,0.0223
154210,-1.44,-1.01,9.49,0.0145,0.0112,-0.0076,91967.35,809.95,0.01,0.0198
154271,-1.41,-1.02,9.47,0.0165,0.0123,-0.0061,91967.35,809.95,0.01,0.0215
154331,-1.41,-1.04,9.46,0.0152,0.0125,-0.0072,91966.98,809.99,0.17,0.0210
154392,-1.44,-1.01,9.48,0.0148,0.0163,-0.0067,91966.98,809.99,0.12,0.0230
154455,-1.47,-1.00,9.49,0.0191,0.0108,-0.0055,91966.98,809.99,0.08,0.0226
154517,-1.42,-1.00,9.47,0.0184,0.0148,-0.0059,91966.98,809.99,0.06,0.0243
154576,-1.40,-1.04,9.45,0.0164,0.0124,-0.0071,91966.98,809.99,0.04,0.0217
154638,-1.44,-1.01,9.51,0.0191,0.0109,-0.0063,91966.98,809.99,0.03,0.0228
154697,-1.43,-1.02,9.45,0.0160,0.0123,-0.0059,91966.98,809.99,0.02,0.0210
154759,-1.39,-1.03,9.45,0.0177,0.0133,-0.0071,91966.98,809.99,0.01,0.0233
154823,-1.45,-0.95,9.49,0.0188,0.0113,-0.0084,91966.81,810.00,0.08,0.0235
154883,-1.43,-1.04,9.46,0.0157,0.0123,-0.0068,91966.81,810.00,0.06,0.0211
154944,-1.40,-1.05,9.43,0.0180,0.0117,-0.0063,91966.81,810.00,0.04,0.0224
155009,-1.44,-1.00,9.50,0.0184,0.0148,-0.0068,91966.81,810.00,0.03,0.0246
155070,-1.43,-1.02,9.46,0.0147,0.0137,-0.0064,91966.81,810.00,0.02,0.0211
155130,-1.40,-1.02,9.47,0.0168,0.0125,-0.0071,91966.81,810.00,0.01,0.0221
155191,-1.46,-0.99,9.50,0.0167,0.0129,-0.0056,91966.81,810.00,0.01,0.0218
155254,-1.44,-0.99,9.46,0.0168,0.0120,-0.0057,91966.81,810.00,0.01,0.0214
155316,-1.42,-1.02,9.45,0.0168,0.0096,-0.0063,91966.81,810.00,0.00,0.0203
155375,-1.46,-0.98,9.48,0.0171,0.0116,-0.0060,91966.81,810.00,0.00,0.0215
155437,-1.44,-0.99,9.47,0.0173,0.0112,-0.0047,91966.81,810.00,0.00,0.0211
155496,-1.40,-1.04,9.43,0.0149,0.0128,-0.0072,91966.81,810.00,0.00,0.0209
155558,-1.41,-1.03,9.47,0.0153,0.0108,-0.0065,91966.81,810.00,0.00,0.0198
155617,-1.44,-0.99,9.50,0.0192,0.0129,-0.0072,91966.81,810.00,0.00,0.0242
155694,-1.40,-1.04,9.45,0.0181,0.0124,-0.0068,91966.81,810.00,0.00,0.0230
155753,-1.44,-1.01,9.48,0.0181,0.0139,-0.0064,91966.81,810.00,0.00,0.0237
155815,-1.40,-1.01,9.49,0.0148,0.0117,-0.0043,91966.81,810.00,0.00,0.0193
155874,-1.42,-1.03,9.44,0.0188,0.0119,-0.0069,91966.78,810.01,0.02,0.0233
155936,-1.44,-1.01,9.46,0.0189,0.0104,-0.0071,91966.78,810.01,0.01,0.0227
155995,-1.44,-0.97,9.50,0.0152,0.0144,-0.0063,91966.78,810.01,0.01,0.0218
156057,-1.41,-1.05,9.43,0.0161,0.0132,-0.0056,91966.78,810.01,0.01,0.0216
156121,-1.43,-0.99,9.49,0.0165,0.0115,-0.0056,91966.78,810.01,0.00,0.0209
156181,-1.48,-0.95,9.48,0.0161,0.0131,-0.0068,91966.78,810.01,0.00,0.0218
156242,-1.44,-1.05,9.45,0.0157,0.0124,-0.0075,91966.78,810.01,0.00,0.0214
156302,-1.41,-1.02,9.45,0.0183,0.0120,-0.0061,91966.78,810.01,0.00,0.0227
156363,-1.42,-0.99,9.50,0.0165,0.0117,-0.0073,91966.92,809.99,-0.06,0.0215
156423,-1.46,-1.04,9.46,0.0152,0.0137,-0.0084,91966.92,809.99,-0.04,0.0221
156484,-1.42,-1.05,9.47,0.0189,0.0108,-0.0056,91966.92,809.99,-0.03,0.0225
156547,-1.46,-0.99,9.48,0.0177,0.0121,-0.0083,91966.92,809.99,-0.02,0.0230
156609,-1.43,-1.00,9.48,0.0149,0.0120,-0.0060,91966.92,809.99,-0.01,0.0201
156668,-1.40,-1.05,9.45,0.0155,0.0137,-0.0065,91966.92,809.99,-0.01,0.0217
156730,-1.43,-1.01,9.47,0.0133,0.0136,-0.0053,91966.92,809.99,-0.01,0.0198
156789,-1.45,-0.99,9.45,0.0167,0.0089,-0.0053,91966.92,809.99,-0.00,0.0196
156851,-1.42,-1.04,9.45,0.0135,0.0131,-0.0069,91967.09,809.98,-0.08,0.0200
156915,-1.45,-1.01,9.53,0.0163,0.0127,-0.0064,91967.09,809.98,-0.06,0.0216
156975,-1.46,-1.00,9.48,0.0160,0.0103,-0.0065,91967.09,809.98,-0.04,0.0201
157041,-1.38,-1.02,9.45,0.0173,0.0112,-0.0045,91967.09,809.98,-0.03,0.0211
157101,-1.44,-1.00,9.46,0.0180,0.0105,-0.0087,91967.09,809.98,-0.02,0.0226
157162,-1.43,-0.99,9.45,0.0153,0.0117,-0.0041,91967.09,809.98,-0.01,0.0197
157222,-1.39,-1.02,9.45,0.0176,0.0119,-0.0069,91967.09,809.98,-0.01,0.0223
157283,-1.41,-1.02,9.48,0.0204,0.0108,-0.0069,91967.09,809.98,-0.01,0.0241
157346,-1.43,-1.01,9.51,0.0168,0.0129,-0.0051,91967.09,809.98,-0.00,0.0218
157408,-1.39,-1.03,9.47,0.0160,0.0131,-0.0057,91966.58,810.02,0.22,0.0214
157467,-1.42,-1.01,9.46,0.0163,0.0124,-0.0056,91966.58,810.02,0.16,0.0212
157529,-1.45,-1.01,9.49,0.0152,0.0151,-0.0073,91966.58,810.02,0.11,0.0226
157588,-1.43,-0.99,9.47,0.0155,0.0096,-0.0069,91966.58,810.02,0.08,0.0195
157650,-1.43,-1.03,9.45,0.0189,0.0132,-0.0069,91966.58,810.02,0.05,0.0241
157709,-1.45,-0.98,9.48,0.0179,0.0137,-0.0061,91966.58,810.02,0.04,0.0233
157774,-1.44,-1.04,9.48,0.0148,0.0125,-0.0073,91966.58,810.02,0.03,0.0207
157835,-1.41,-1.06,9.44,0.0167,0.0115,-0.0051,91966.58,810.02,0.02,0.0208
157895,-1.45,-0.99,9.49,0.0179,0.0141,-0.0051,91966.55,810.03,0.03,0.0233
157956,-1.43,-1.01,9.48,0.0144,0.0111,-0.0063,91966.55,810.03,0.02,0.0192
158016,-1.42,-1.03,9.44,0.0153,0.0107,-0.0069,91966.55,810.03,0.01,0.0199
158077,-1.40,-1.02,9.48,0.0163,0.0121,-0.0037,91966.55,810.03,0.01,0.0206
158137,-1.45,-0.98,9.49,0.0159,0.0111,-0.0057,91966.55,810.03,0.01,0.0202
158202,-1.42,-1.04,9.45,0.0163,0.0151,-0.0063,91966.55,810.03,0.00,0.0230
158261,-1.42,-1.00,9.47,0.0183,0.0136,-0.0067,91966.55,810.03,0.00,0.0237
158323,-1.46,-0.98,9.50,0.0168,0.0124,-0.0088,91966.55,810.03,0.00,0.0226
158382,-1.42,-1.03,9.48,0.0157,0.0129,-0.0051,91966.72,810.01,-0.08,0.0210
158444,-1.39,-1.05,9.44,0.0160,0.0113,-0.0047,91966.72,810.01,-0.05,0.0201
158503,-1.43,-1.01,9.50,0.0160,0.0132,-0.0065,91966.72,810.01,-0.04,0.0217
158565,-1.45,-0.99,9.48,0.0168,0.0129,-0.0072,91966.72,810.01,-0.03,0.0224
158629,-1.38,-1.01,9.46,0.0172,0.0109,-0.0087,91966.72,810.01,-0.02,0.0221
158689,-1.42,-1.02,9.48,0.0201,0.0120,-0.0067,91966.72,810.01,-0.01,0.0243
158750,-1.45,-0.99,9.47,0.0159,0.0131,-0.0061,91966.72,810.01,-0.01,0.0214
158810,-1.42,-1.06,9.45,0.0176,0.0125,-0.0072,91966.72,810.01,-0.01,0.0228
158871,-1.43,-1.00,9.48,0.0147,0.0115,-0.0057,91966.72,810.01,-0.00,0.0195
158931,-1.46,-0.99,9.47,0.0164,0.0128,-0.0064,91966.86,810.00,-0.07,0.0217
159007,-1.42,-1.01,9.46,0.0167,0.0116,-0.0085,91966.86,810.00,-0.05,0.0220
159073,-1.47,-0.99,9.48,0.0148,0.0116,-0.0071,91966.86,810.00,-0.03,0.0201
159134,-1.43,-1.04,9.44,0.0168,0.0136,-0.0061,91966.86,810.00,-0.02,0.0225
159194,-1.41,-1.00,9.48,0.0200,0.0088,-0.0060,91966.86,810.00,-0.02,0.0226
159255,-1.48,-0.98,9.49,0.0167,0.0125,-0.0048,91966.86,810.00,-0.01,0.0214
159315,-1.43,-1.02,9.45,0.0184,0.0117,-0.0069,91966.86,810.00,-0.01,0.0229
159376,-1.43,-1.03,9.48,0.0159,0.0128,-0.0072,91966.86,810.00,-0.01,0.0216
159439,-1.45,-0.97,9.52,0.0173,0.0109,-0.0073,91966.85,810.00,-0.00,0.0217
159501,-1.43,-1.04,9.48,0.0143,0.0131,-0.0055,91966.85,810.00,-0.00,0.0201
159560,-1.43,-1.04,9.45,0.0183,0.0125,-0.0059,91966.85,810.00,-0.00,0.0229
159622,-1.47,-1.00,9.45,0.0157,0.0136,-0.0077,91966.85,810.00,-0.00,0.0222
159681,-1.46,-0.99,9.47,0.0167,0.0121,-0.0087,91966.85,810.00,-0.00,0.0223
159743,-1.39,-1.03,9.45,0.0168,0.0104,-0.0092,91966.85,810.00,-0.00,0.0218
159802,-1.40,-1.00,9.47,0.0168,0.0128,-0.0072,91966.85,810.00,-0.00,0.0223
159867,-1.43,-1.02,9.48,0.0171,0.0112,-0.0063,91966.85,810.00,-0.00,0.0213
159928,-1.40,-1.04,9.44,0.0179,0.0123,-0.0048,91966.99,809.99,-0.06,0.0222
159989,-1.43,-1.02,9.48,0.0173,0.0113,-0.0064,91966.99,809.99,-0.04,0.0217
160050,-1.42,-1.00,9.46,0.0155,0.0095,-0.0060,91966.99,809.99,-0.03,0.0191
160111,-1.41,-1.05,9.45,0.0155,0.0089,-0.0021,91966.99,809.99,-0.02,0.0180
160172,-1.43,-1.02,9.48,0.0173,0.0107,-0.0064,91966.99,809.99,-0.01,0.0213
160232,-1.47,-1.00,9.49,0.0187,0.0121,-0.0083,91966.99,809.99,-0.01,0.0237
160297,-1.40,-1.03,9.45,0.0140,0.0141,-0.0037,91966.99,809.99,-0.01,0.0202
160356,-1.41,-1.01,9.45,0.0176,0.0125,-0.0061,91966.99,809.99,-0.01,0.0224
160418,-1.42,-1.01,9.47,0.0173,0.0121,-0.0056,91967.16,809.97,-0.08,0.0219
160477,-1.41,-1.00,9.45,0.0159,0.0116,-0.0073,91967.16,809.97,-0.06,0.0210
160539,-1.40,-0.99,9.47,0.0153,0.0121,-0.0067,91967.16,809.97,-0.04,0.0206
160598,-1.46,-1.00,9.50,0.0165,0.0112,-0.0077,91967.16,809.97,-0.03,0.0214
160663,-1.43,-1.05,9.46,0.0164,0.0101,-0.0061,91967.16,809.97,-0.02,0.0202
160724,-1.40,-1.03,9.49,0.0160,0.0136,-0.0059,91967.16,809.97,-0.01,0.0218
160785,-1.46,-1.01,9.49,0.0168,0.0128,-0.0065,91967.16,809.97,-0.01,0.0221
160846,-1.43,-1.04,9.48,0.0140,0.0104,-0.0035,91967.16,809.97,-0.01,0.0178
160906,-1.41,-1.03,9.46,0.0152,0.0141,-0.0072,91966.82,810.00,0.15,0.0220
160967,-1.44,-0.99,9.49,0.0165,0.0113,-0.0087,91966.82,810.00,0.11,0.0218
161028,-1.43,-1.00,9.48,0.0167,0.0133,-0.0059,91966.82,810.00,0.07,0.0221
161098,-1.42,-1.01,9.46,0.0201,0.0132,-0.0064,91966.82,810.00,0.05,0.0249
161157,-1.46,-0.99,9.50,0.0167,0.0135,-0.0063,91966.82,810.00,0.04,0.0223
161219,-1.42,-1.02,9.44,0.0153,0.0101,-0.0072,91966.82,810.00,0.03,0.0197
161278,-1.42,-1.02,9.45,0.0164,0.0132,-0.0071,91966.82,810.00,0.02,0.0222
161340,-1.46,-0.99,9.48,0.0152,0.0135,-0.0053,91966.82,810.00,0.01,0.0210
161399,-1.42,-1.00,9.47,0.0167,0.0117,-0.0049,91966.82,810.00,0.01,0.0210
161461,-1.41,-1.04,9.44,0.0173,0.0137,-0.0060,91966.96,809.99,-0.05,0.0229
161525,-1.44,-0.98,9.48,0.0163,0.0104,-0.0049,91966.96,809.99,-0.04,0.0199
161585,-1.44,-1.00,9.47,0.0176,0.0107,-0.0059,91966.96,809.99,-0.03,0.0214
161646,-1.41,-1.02,9.44,0.0168,0.0121,-0.0061,91966.96,809.99,-0.02,0.0216
161707,-1.41,-1.00,9.46,0.0159,0.0100,-0.0065,91966.96,809.99,-0.01,0.0198
161768,-1.45,-0.98,9.49,0.0160,0.0133,-0.0053,91966.96,809.99,-0.01,0.0215
161828,-1.45,-1.03,9.48,0.0144,0.0119,-0.0071,91966.96,809.99,-0.01,0.0199
161889,-1.41,-1.04,9.47,0.0173,0.0117,-0.0077,91966.96,809.99,-0.00,0.0223
161952,-1.43,-0.99,9.47,0.0172,0.0091,-0.0080,91966.95,809.99,-0.00,0.0210
162014,-1.46,-1.02,9.45,0.0191,0.0132,-0.0063,91966.95,809.99,-0.00,0.0240
162073,-1.41,-1.04,9.43,0.0165,0.0120,-0.0057,91966.95,809.99,-0.00,0.0212
162135,-1.43,-0.99,9.48,0.0188,0.0096,-0.0077,91966.95,809.99,-0.00,0.0225
162194,-1.42,-1.01,9.49,0.0168,0.0120,-0.0045,91966.95,809.99,-0.00,0.0211
162256,-1.41,-1.05,9.44,0.0159,0.0113,-0.0076,91966.95,809.99,-0.00,0.0209
162331,-1.47,-1.00,9.49,0.0160,0.0139,-0.0043,91966.95,809.99,-0.00,0.0216
162394,-1.41,-1.02,9.43,0.0132,0.0104,-0.0060,91966.95,809.99,-0.00,0.0178
162454,-1.40,-1.01,9.45,0.0168,0.0121,-0.0069,91966.61,810.02,0.15,0.0218
162517,-1.47,-0.96,9.49,0.0199,0.0121,-0.0087,91966.61,810.02,0.11,0.0248
162577,-1.41,-1.02,9.45,0.0181,0.0131,-0.0068,91966.61,810.02,0.08,0.0233
162640,-1.42,-1.02,9.46,0.0172,0.0112,-0.0064,91966.61,810.02,0.05,0.0215
162700,-1.45,-1.00,9.51,0.0155,0.0133,-0.0077,91966.61,810.02,0.04,0.0218
162766,-1.43,-1.02,9.44,0.0156,0.0104,-0.0057,91966.61,810.02,0.03,0.0196
162827,-1.43,-1.05,9.45,0.0177,0.0127,-0.0065,91966.61,810.02,0.02,0.0227
162887,-1.45,-0.99,9.51,0.0168,0.0100,-0.0055,91966.61,810.02,0.01,0.0203
162948,-1.47,-1.02,9.48,0.0168,0.0120,-0.0036,91966.59,810.02,0.02,0.0209
163008,-1.42,-1.08,9.45,0.0159,0.0123,-0.0061,91966.59,810.02,0.01,0.0210
163069,-1.43,-1.03,9.47,0.0168,0.0125,-0.0071,91966.59,810.02,0.01,0.0221
163134,-1.45,-1.04,9.47,0.0125,0.0111,-0.0065,91966.59,810.02,0.01,0.0179
163199,-1.41,-1.03,9.43,0.0188,0.0131,-0.0059,91966.59,810.02,0.00,0.0236
163258,-1.40,-1.00,9.50,0.0177,0.0129,-0.0084,91966.59,810.02,0.00,0.0235
163320,-1.46,-0.99,9.48,0.0165,0.0115,-0.0055,91966.59,810.02,0.00,0.0208
163379,-1.42,-1.04,9.48,0.0181,0.0143,-0.0043,91966.59,810.02,0.00,0.0234
163441,-1.44,-1.01,9.47,0.0191,0.0119,-0.0040,91966.59,810.01,-0.06,0.0228
163500,-1.47,-0.98,9.45,0.0165,0.0129,-0.0061,91966.73,810.01,-0.04,0.0219
163562,-1.41,-1.04,9.41,0.0160,0.0093,-0.0056,91966.73,810.01,-0.03,0.0193
163625,-1.44,-1.02,9.47,0.0176,0.0119,-0.0071,91966.73,810.01,-0.02,0.0224
163685,-1.43,-1.01,9.47,0.0151,0.0104,-0.0077,91966.73,810.01,-0.01,0.0199
163746,-1.43,-1.05,9.47,0.0165,0.0127,-0.0064,91966.73,810.01,-0.01,0.0218
163806,-1.42,-1.04,9.46,0.0187,0.0112,-0.0064,91966.73,810.01,-0.01,0.0227
163867,-1.41,-1.01,9.46,0.0159,0.0116,-0.0067,91966.73,810.01,-0.00,0.0207
163927,-1.43,-1.00,9.45,0.0164,0.0112,-0.0047,91966.73,810.01,-0.00,0.0204
163992,-1.41,-1.05,9.43,0.0151,0.0149,-0.0064,91966.38,810.04,0.14,0.0221
164051,-1.46,-0.99,9.46,0.0185,0.0100,-0.0067,91966.38,810.04,0.10,0.0221
164113,-1.44,-1.01,9.48,0.0160,0.0084,-0.0051,91966.38,810.04,0.07,0.0188
164172,-1.42,-1.01,9.45,0.0176,0.0163,-0.0071,91966.38,810.04,0.05,0.0250
164234,-1.45,-1.01,9.46,0.0173,0.0116,-0.0051,91966.38,810.04,0.03,0.0214
164293,-1.45,-1.00,9.46,0.0161,0.0108,-0.0039,91966.38,810.04,0.02,0.0198
164355,-1.41,-1.05,9.48,0.0153,0.0107,-0.0083,91966.38,810.04,0.02,0.0204
164418,-1.45,-1.02,9.47,0.0180,0.0111,-0.0056,91966.38,810.04,0.01,0.0218
164478,-1.46,-1.01,9.48,0.0175,0.0128,-0.0068,91966.55,810.03,-0.07,0.0227
164539,-1.39,-1.03,9.47,0.0176,0.0097,-0.0075,91966.55,810.03,-0.05,0.0214
164599,-1.39,-1.03,9.47,0.0180,0.0124,-0.0053,91966.55,810.03,-0.03,0.0225
164660,-1.46,-0.99,9.50,0.0181,0.0105,-0.0075,91966.55,810.03,-0.02,0.0222
164720,-1.47,-1.03,9.46,0.0179,0.0117,-0.0047,91966.55,810.03,-0.02,0.0219
164781,-1.41,-1.05,9.45,0.0193,0.0125,-0.0051,91966.55,810.03,-0.01,0.0236
164844,-1.45,-0.99,9.49,0.0161,0.0119,-0.0051,91966.55,810.03,-0.01,0.0206
164906,-1.43,-1.02,9.48,0.0187,0.0117,-0.0069,91966.55,810.03,-0.01,0.0231
164965,-1.41,-1.05,9.46,0.0151,0.0121,-0.0055,91966.72,810.01,-0.08,0.0201
165027,-1.44,-0.98,9.50,0.0177,0.0099,-0.0064,91966.72,810.01,-0.06,0.0213
165086,-1.46,-1.01,9.49,0.0180,0.0119,-0.0072,91966.72,810.01,-0.04,0.0227
165150,-1.40,-1.07,9.47,0.0143,0.0111,-0.0080,91966.72,810.01,-0.03,0.0197
165228,-1.45,-1.01,9.48,0.0135,0.0121,-0.0059,91966.72,810.01,-0.02,0.0190
165320,-1.42,-1.04,9.45,0.0144,0.0141,-0.0060,91966.72,810.01,-0.01,0.0210
165381,-1.39,-1.02,9.46,0.0168,0.0132,-0.0056,91966.72,810.01,-0.01,0.0221
165441,-1.43,-1.02,9.45,0.0171,0.0128,-0.0059,91966.72,810.01,-0.01,0.0221
165502,-1.46,-0.99,9.49,0.0141,0.0133,-0.0053,91966.34,810.04,0.16,0.0201
165562,-1.44,-1.04,9.48,0.0180,0.0113,-0.0045,91966.34,810.04,0.11,0.0217
165623,-1.41,-1.04,9.48,0.0188,0.0133,-0.0064,91966.34,810.04,0.08,0.0239
165683,-1.45,-1.00,9.50,0.0173,0.0144,-0.0051,91966.34,810.04,0.06,0.0231
165758,-1.39,-1.01,9.44,0.0185,0.0127,-0.0064,91966.34,810.04,0.04,0.0233
165818,-1.42,-1.02,9.46,0.0151,0.0105,-0.0068,91966.34,810.04,0.03,0.0196
165879,-1.44,-1.01,9.47,0.0167,0.0119,-0.0056,91966.34,810.04,0.02,0.0212
165939,-1.42,-1.03,9.45,0.0156,0.0104,-0.0060,91966.34,810.04,0.01,0.0197
166000,-1.43,-0.98,9.44,0.0191,0.0143,-0.0068,91966.17,810.06,0.08,0.0247
166060,-1.43,-1.00,9.47,0.0173,0.0115,-0.0067,91966.17,810.06,0.06,0.0218
166125,-1.39,-1.04,9.44,0.0168,0.0111,-0.0041,91966.17,810.06,0.04,0.0205
166184,-1.44,-0.98,9.46,0.0181,0.0131,-0.0068,91966.17,810.06,0.03,0.0233
166246,-1.44,-0.98,9.50,0.0176,0.0119,-0.0069,91966.17,810.06,0.02,0.0223
166305,-1.41,-1.02,9.48,0.0165,0.0147,-0.0075,91966.17,810.06,0.01,0.0233
166367,-1.40,-1.01,9.45,0.0187,0.0125,-0.0081,91966.17,810.06,0.01,0.0239
166426,-1.45,-1.00,9.47,0.0184,0.0124,-0.0065,91966.17,810.06,0.01,0.0231
166488,-1.43,-1.01,9.47,0.0168,0.0104,-0.0077,91966.17,810.06,0.00,0.0212
166552,-1.42,-1.04,9.47,0.0161,0.0111,-0.0064,91966.17,810.06,0.00,0.0206
166612,-1.46,-0.99,9.50,0.0173,0.0100,-0.0043,91966.17,810.06,0.00,0.0204
166673,-1.39,-1.02,9.46,0.0163,0.0135,-0.0064,91966.17,810.06,0.00,0.0220
166733,-1.40,-1.04,9.47,0.0164,0.0100,-0.0105,91966.17,810.06,0.00,0.0219
166794,-1.48,-0.99,9.48,0.0163,0.0100,-0.0053,91966.17,810.06,0.00,0.0198
166854,-1.46,-1.00,9.46,0.0161,0.0121,-0.0044,91966.17,810.06,0.00,0.0206
166915,-1.40,-1.05,9.45,0.0140,0.0151,-0.0073,91966.17,810.06,0.00,0.0218
166978,-1.43,-1.00,9.49,0.0176,0.0129,-0.0063,91966.17,810.06,0.00,0.0227
167040,-1.44,-1.02,9.44,0.0157,0.0135,-0.0057,91966.12,810.06,0.02,0.0215
167099,-1.37,-1.04,9.47,0.0171,0.0107,-0.0049,91966.12,810.06,0.02,0.0207
167166,-1.45,-0.96,9.49,0.0147,0.0113,-0.0075,91966.12,810.06,0.01,0.0200
167225,-1.43,-1.00,9.46,0.0147,0.0123,-0.0064,91966.12,810.06,0.01,0.0201
167287,-1.40,-1.03,9.46,0.0167,0.0133,-0.0076,91966.12,810.06,0.01,0.0226
167346,-1.43,-0.99,9.50,0.0189,0.0133,-0.0060,91966.12,810.06,0.00,0.0239
167411,-1.45,-1.03,9.45,0.0151,0.0121,-0.0053,91966.12,810.06,0.00,0.0201
167472,-1.39,-1.05,9.46,0.0167,0.0111,-0.0079,91966.12,810.06,0.00,0.0215
167532,-1.43,-1.02,9.50,0.0180,0.0119,-0.0068,91965.77,810.10,0.16,0.0226
167593,-1.41,-0.98,9.49,0.0164,0.0135,-0.0051,91965.77,810.10,0.11,0.0218
167653,-1.40,-1.04,9.48,0.0151,0.0124,-0.0079,91965.77,810.10,0.08,0.0210
167714,-1.43,-1.01,9.48,0.0168,0.0119,-0.0091,91965.77,810.10,0.05,0.0225
167774,-1.44,-0.98,9.47,0.0164,0.0087,-0.0076,91965.77,810.10,0.04,0.0200
167839,-1.40,-1.02,9.43,0.0131,0.0121,-0.0061,91965.77,810.10,0.03,0.0188
167898,-1.43,-1.01,9.45,0.0165,0.0151,-0.0060,91965.77,810.10,0.02,0.0231
167960,-1.45,-0.97,9.48,0.0148,0.0115,-0.0049,91965.77,810.10,0.01,0.0193
168019,-1.42,-1.04,9.47,0.0179,0.0103,-0.0060,91965.77,810.10,0.01,0.0214
168081,-1.39,-1.04,9.45,0.0195,0.0133,-0.0041,91965.77,810.10,0.01,0.0239
168140,-1.43,-1.02,9.47,0.0187,0.0137,-0.0068,91965.77,810.10,0.01,0.0241
168202,-1.43,-1.02,9.45,0.0140,0.0129,-0.0045,91965.77,810.10,0.00,0.0196
168266,-1.40,-1.04,9.45,0.0165,0.0113,-0.0043,91965.77,810.10,0.00,0.0205
168326,-1.45,-1.00,9.48,0.0152,0.0096,-0.0071,91965.77,810.10,0.00,0.0193
168387,-1.46,-1.00,9.48,0.0149,0.0119,-0.0065,91965.77,810.10,0.00,0.0201
168447,-1.39,-1.03,9.44,0.0175,0.0116,-0.0057,91965.77,810.10,0.00,0.0217
168508,-1.44,-1.01,9.45,0.0191,0.0115,-0.0060,91965.77,810.10,0.00,0.0230
168568,-1.44,-0.98,9.48,0.0175,0.0133,-0.0065,91965.59,810.11,0.08,0.0229
168633,-1.36,-1.04,9.44,0.0164,0.0127,-0.0087,91965.59,810.11,0.05,0.0224
168692,-1.43,-1.00,9.50,0.0172,0.0115,-0.0076,91965.59,810.11,0.04,0.0220
168754,-1.47,-0.99,9.47,0.0172,0.0120,-0.0077,91965.59,810.11,0.03,0.0223
168813,-1.38,-1.04,9.49,0.0149,0.0121,-0.0053,91965.59,810.11,0.02,0.0200
168875,-1.40,-1.03,9.47,0.0173,0.0095,-0.0056,91965.59,810.11,0.01,0.0205
168934,-1.44,-0.98,9.50,0.0176,0.0112,-0.0083,91965.59,810.11,0.01,0.0224
168996,-1.43,-1.03,9.46,0.0136,0.0116,-0.0073,91965.59,810.11,0.01,0.0193
169069,-1.42,-1.00,9.48,0.0183,0.0099,-0.0056,91965.39,810.13,0.08,0.0215
169131,-1.45,-1.03,9.47,0.0155,0.0123,-0.0052,91965.39,810.13,0.05,0.0204
169195,-1.42,-1.03,9.46,0.0173,0.0115,-0.0052,91965.39,810.13,0.04,0.0214
169257,-1.45,-0.99,9.50,0.0168,0.0103,-0.0072,91965.39,810.13,0.03,0.0209
169316,-1.42,-1.06,9.46,0.0156,0.0112,-0.0061,91965.39,810.13,0.02,0.0201
169378,-1.41,-1.04,9.43,0.0157,0.0112,-0.0065,91965.39,810.13,0.01,0.0204
169437,-1.44,-0.99,9.49,0.0164,0.0109,-0.0032,91965.39,810.13,0.01,0.0200
169502,-1.42,-1.01,9.46,0.0161,0.0097,-0.0060,91965.39,810.13,0.01,0.0198
169563,-1.42,-1.02,9.46,0.0188,0.0093,-0.0048,91965.39,810.13,0.00,0.0215
169623,-1.43,-0.99,9.49,0.0145,0.0093,-0.0060,91965.39,810.13,0.00,0.0183
169684,-1.42,-1.02,9.48,0.0167,0.0135,-0.0049,91965.39,810.13,0.00,0.0220
169744,-1.40,-1.01,9.46,0.0179,0.0105,-0.0064,91965.39,810.13,0.00,0.0217
169805,-1.43,-1.01,9.45,0.0191,0.0127,-0.0075,91965.39,810.13,0.00,0.0241
169865,-1.41,-0.98,9.48,0.0145,0.0132,-0.0052,91965.39,810.13,0.00,0.0203
169930,-1.44,-1.03,9.45,0.0180,0.0128,-0.0080,91965.39,810.13,0.00,0.0235
169989,-1.48,-1.01,9.48,0.0177,0.0120,-0.0089,91965.39,810.13,0.00,0.0232
170051,-1.42,-1.01,9.47,0.0151,0.0139,-0.0053,91965.22,810.15,0.08,0.0211
170110,-1.41,-1.05,9.45,0.0147,0.0140,-0.0053,91965.22,810.15,0.06,0.0209
170172,-1.44,-1.01,9.46,0.0161,0.0143,-0.0095,91965.22,810.15,0.04,0.0235
170231,-1.43,-1.00,9.47,0.0145,0.0107,-0.0041,91965.22,810.15,0.03,0.0185
170293,-1.46,-1.04,9.47,0.0167,0.0132,-0.0056,91965.22,810.15,0.02,0.0220
170357,-1.41,-0.99,9.47,0.0180,0.0101,-0.0101,91965.22,810.15,0.01,0.0230
170417,-1.47,-1.00,9.47,0.0197,0.0141,-0.0064,91965.22,810.15,0.01,0.0251
170478,-1.41,-1.02,9.46,0.0145,0.0128,-0.0048,91965.22,810.15,0.01,0.0199
170538,-1.40,-1.03,9.47,0.0125,0.0119,-0.0069,91965.22,810.15,0.00,0.0186
170599,-1.44,-0.97,9.47,0.0159,0.0093,-0.0047,91965.34,810.13,-0.05,0.0190
170659,-1.47,-1.02,9.46,0.0168,0.0120,-0.0056,91965.34,810.13,-0.04,0.0214
170724,-1.40,-1.02,9.44,0.0187,0.0131,-0.0065,91965.34,810.13,-0.03,0.0237
170783,-1.46,-1.01,9.48,0.0144,0.0124,-0.0057,91965.34,810.13,-0.02,0.0198
170845,-1.43,-1.02,9.46,0.0184,0.0095,-0.0069,91965.34,810.13,-0.01,0.0218
170904,-1.40,-1.04,9.47,0.0173,0.0140,-0.0069,91965.34,810.13,-0.01,0.0233
170966,-1.42,-0.99,9.48,0.0171,0.0115,-0.0069,91965.34,810.13,-0.01,0.0217
171025,-1.47,-1.00,9.46,0.0163,0.0125,-0.0068,91965.34,810.13,-0.00,0.0216
171087,-1.40,-1.04,9.47,0.0176,0.0119,-0.0059,91965.16,810.15,0.08,0.0220
171151,-1.46,-1.00,9.47,0.0163,0.0097,-0.0063,91965.16,810.15,0.05,0.0200
171216,-1.45,-0.98,9.43,0.0157,0.0112,-0.0057,91965.16,810.15,0.04,0.0201
171277,-1.44,-1.05,9.45,0.0180,0.0116,-0.0079,91965.16,810.15,0.03,0.0228
171337,-1.42,-0.99,9.49,0.0176,0.0100,-0.0075,91965.16,810.15,0.02,0.0216
171398,-1.41,-0.98,9.50,0.0168,0.0128,-0.0061,91965.16,810.15,0.01,0.0220
171458,-1.42,-1.03,9.46,0.0173,0.0144,-0.0084,91965.16,810.15,0.01,0.0240
171519,-1.42,-0.99,9.44,0.0187,0.0141,-0.0073,91965.16,810.15,0.01,0.0245
171582,-1.46,-1.00,9.48,0.0185,0.0128,-0.0065,91964.98,810.17,0.08,0.0234
171644,-1.42,-1.04,9.45,0.0137,0.0124,-0.0063,91964.98,810.17,0.06,0.0195
171703,-1.40,-1.01,9.43,0.0168,0.0147,-0.0064,91964.98,810.17,0.04,0.0232
171765,-1.43,-0.97,9.43,0.0163,0.0117,-0.0051,91964.98,810.17,0.03,0.0207
171824,-1.40,-1.01,9.45,0.0151,0.0129,-0.0057,91964.98,810.17,0.02,0.0207
171886,-1.38,-1.05,9.47,0.0193,0.0123,-0.0065,91964.98,810.17,0.01,0.0238
171945,-1.43,-0.99,9.51,0.0191,0.0127,-0.0069,91964.98,810.17,0.01,0.0239
172010,-1.42,-1.03,9.46,0.0155,0.0115,-0.0049,91964.98,810.17,0.01,0.0199
172071,-1.43,-1.05,9.43,0.0145,0.0143,-0.0064,91964.79,810.18,0.09,0.0213
172131,-1.45,-0.98,9.47,0.0156,0.0124,-0.0060,91964.79,810.18,0.06,0.0208
172192,-1.45,-0.99,9.47,0.0180,0.0135,-0.0059,91964.79,810.18,0.04,0.0232
172252,-1.39,-1.03,9.45,0.0148,0.0120,-0.0057,91964.79,810.18,0.03,0.0199
172313,-1.42,-1.04,9.47,0.0199,0.0117,-0.0047,91964.79,810.18,0.02,0.0235
172373,-1.42,-0.99,9.49,0.0191,0.0145,-0.0056,91964.79,810.18,0.02,0.0246
172448,-1.41,-0.99,9.47,0.0171,0.0120,-0.0064,91964.79,810.18,0.01,0.0218
172508,-1.45,-1.00,9.46,0.0175,0.0104,-0.0041,91964.79,810.18,0.01,0.0207
172569,-1.45,-1.03,9.48,0.0128,0.0108,-0.0063,91964.79,810.18,0.01,0.0179
172629,-1.39,-1.04,9.45,0.0181,0.0105,-0.0044,91964.95,810.17,-0.07,0.0214
172690,-1.47,-0.99,9.51,0.0157,0.0113,-0.0063,91964.95,810.17,-0.05,0.0204
172750,-1.45,-1.00,9.45,0.0179,0.0139,-0.0061,91964.95,810.17,-0.03,0.0234
172815,-1.44,-1.05,9.44,0.0177,0.0123,-0.0060,91964.95,810.17,-0.02,0.0224
172874,-1.44,-1.00,9.48,0.0172,0.0129,-0.0083,91964.95,810.17,-0.02,0.0230
172936,-1.42,-1.01,9.47,0.0157,0.0119,-0.0057,91964.95,810.17,-0.01,0.0205
172995,-1.42,-1.06,9.47,0.0155,0.0129,-0.0059,91964.95,810.17,-0.01,0.0210
173057,-1.42,-0.97,9.47,0.0185,0.0104,-0.0067,91964.95,810.17,-0.01,0.0223
173116,-1.47,-0.99,9.44,0.0164,0.0108,-0.0053,91964.95,810.17,-0.00,0.0203
173178,-1.43,-1.01,9.45,0.0157,0.0108,-0.0048,91964.95,810.17,-0.00,0.0197
173247,-1.44,-1.00,9.45,0.0188,0.0107,-0.0052,91964.95,810.17,-0.00,0.0222
173307,-1.44,-1.02,9.46,0.0152,0.0115,-0.0023,91964.95,810.17,-0.00,0.0192
173368,-1.41,-1.07,9.44,0.0175,0.0131,-0.0044,91964.95,810.17,-0.00,0.0222
173428,-1.45,-1.02,9.49,0.0153,0.0120,-0.0056,91964.95,810.17,-0.00,0.0202
173489,-1.43,-0.98,9.49,0.0155,0.0120,-0.0069,91964.95,810.17,-0.00,0.0208
173549,-1.40,-1.04,9.45,0.0168,0.0125,-0.0076,91964.95,810.17,-0.00,0.0223
173610,-1.43,-0.98,9.49,0.0172,0.0128,-0.0091,91964.73,810.19,0.10,0.0233
173673,-1.44,-1.00,9.48,0.0172,0.0137,-0.0063,91964.73,810.19,0.07,0.0229
173735,-1.42,-1.03,9.48,0.0171,0.0143,-0.0055,91964.73,810.19,0.05,0.0229
173794,-1.42,-1.01,9.49,0.0167,0.0095,-0.0079,91964.73,810.19,0.03,0.0207
173856,-1.47,-1.01,9.48,0.0184,0.0097,-0.0052,91964.73,810.19,0.02,0.0214
173915,-1.39,-1.04,9.48,0.0152,0.0133,-0.0068,91964.73,810.19,0.02,0.0213
173977,-1.41,-1.04,9.48,0.0155,0.0123,-0.0053,91964.73,810.19,0.01,0.0204
174036,-1.45,-0.98,9.49,0.0161,0.0121,-0.0063,91964.73,810.19,0.01,0.0211
174101,-1.40,-1.04,9.42,0.0176,0.0099,-0.0051,91964.72,810.19,0.01,0.0208
174162,-1.42,-1.02,9.43,0.0173,0.0105,-0.0071,91964.72,810.19,0.01,0.0215
174222,-1.46,-0.99,9.50,0.0132,0.0119,-0.0047,91964.72,810.19,0.00,0.0183
174283,-1.40,-0.99,9.46,0.0137,0.0147,-0.0041,91964.72,810.19,0.00,0.0205
174343,-1.41,-1.06,9.44,0.0164,0.0103,-0.0051,91964.72,810.19,0.00,0.0200
174404,-1.45,-1.03,9.49,0.0168,0.0101,-0.0063,91964.72,810.19,0.00,0.0206
174464,-1.43,-0.99,9.49,0.0155,0.0112,-0.0033,91964.72,810.19,0.00,0.0194
174529,-1.41,-1.05,9.46,0.0148,0.0139,-0.0059,91964.72,810.19,0.00,0.0211
174588,-1.44,-1.01,9.44,0.0188,0.0115,-0.0067,91964.72,810.19,0.00,0.0230
174650,-1.45,-1.01,9.45,0.0145,0.0135,-0.0081,91964.55,810.21,0.08,0.0214
174709,-1.42,-1.02,9.45,0.0164,0.0129,-0.0052,91964.55,810.21,0.06,0.0215
174771,-1.41,-1.00,9.47,0.0189,0.0097,-0.0096,91964.55,810.21,0.04,0.0233
174830,-1.43,-1.01,9.47,0.0160,0.0127,-0.0037,91964.55,810.21,0.03,0.0207
174895,-1.43,-1.03,9.45,0.0192,0.0108,-0.0069,91964.55,810.21,0.02,0.0231
174956,-1.40,-1.02,9.46,0.0181,0.0112,-0.0096,91964.55,810.21,0.01,0.0234
175016,-1.47,-0.99,9.49,0.0191,0.0101,-0.0059,91964.55,810.21,0.01,0.0224
175077,-1.43,-1.04,9.48,0.0181,0.0131,-0.0068,91964.55,810.21,0.01,0.0233
175137,-1.40,-1.02,9.45,0.0172,0.0149,-0.0075,91964.69,810.19,-0.06,0.0240
175198,-1.42,-1.01,9.47,0.0153,0.0132,-0.0061,91964.69,810.19,-0.04,0.0211
175263,-1.42,-1.01,9.45,0.0137,0.0108,-0.0068,91964.69,810.19,-0.03,0.0187
175328,-1.43,-0.99,9.47,0.0171,0.0133,-0.0069,91964.69,810.19,-0.02,0.0227
175387,-1.43,-0.95,9.50,0.0151,0.0117,-0.0073,91964.69,810.19,-0.01,0.0204
175449,-1.41,-1.03,9.44,0.0148,0.0113,-0.0047,91964.69,810.19,-0.01,0.0192
175508,-1.41,-1.05,9.46,0.0179,0.0124,-0.0061,91964.69,810.19,-0.01,0.0226
175570,-1.44,-1.01,9.49,0.0171,0.0093,-0.0048,91964.69,810.19,-0.00,0.0200
175629,-1.43,-0.99,9.50,0.0164,0.0131,-0.0083,91964.52,810.21,0.07,0.0225
175691,-1.43,-1.05,9.45,0.0168,0.0129,-0.0043,91964.52,810.21,0.05,0.0216
175765,-1.43,-0.97,9.49,0.0156,0.0124,-0.0069,91964.52,810.21,0.04,0.0211
175827,-1.39,-1.03,9.44,0.0152,0.0123,-0.0053,91964.52,810.21,0.03,0.0202
175886,-1.41,-1.02,9.47,0.0152,0.0136,-0.0064,91964.52,810.21,0.02,0.0214
175948,-1.44,-0.99,9.48,0.0156,0.0093,-0.0063,91964.52,810.21,0.01,0.0192
176007,-1.42,-1.02,9.44,0.0168,0.0124,-0.0096,91964.52,810.21,0.01,0.0230
176069,-1.40,-1.02,9.45,0.0197,0.0123,-0.0077,91964.52,810.21,0.01,0.0245
176128,-1.41,-1.00,9.48,0.0135,0.0119,-0.0073,91964.52,810.29,0.39,0.0194
176193,-1.41,-1.01,9.45,0.0171,0.0124,-0.0044,91964.34,810.22,-0.01,0.0215
176254,-1.41,-1.05,9.46,0.0164,0.0093,-0.0041,91964.34,810.22,-0.00,0.0193
176314,-1.46,-1.01,9.49,0.0160,0.0121,-0.0087,91964.34,810.22,-0.00,0.0219
176375,-1.43,-1.00,9.47,0.0157,0.0153,-0.0060,91964.34,810.22,-0.00,0.0228
176436,-1.41,-1.02,9.43,0.0155,0.0136,-0.0087,91964.34,810.22,-0.00,0.0223
176497,-1.44,-1.01,9.44,0.0161,0.0136,-0.0061,91964.34,810.22,-0.00,0.0220
176558,-1.44,-0.98,9.45,0.0195,0.0132,-0.0039,91964.34,810.22,-0.00,0.0238
176623,-1.43,-1.05,9.46,0.0168,0.0148,-0.0063,91964.34,810.22,-0.00,0.0232
176682,-1.45,-0.98,9.50,0.0164,0.0139,-0.0049,91964.14,810.24,0.09,0.0220
176744,-1.43,-1.01,9.46,0.0171,0.0103,-0.0056,91964.14,810.24,0.06,0.0207
176803,-1.43,-1.05,9.44,0.0173,0.0128,-0.0068,91964.14,810.24,0.04,0.0226
176865,-1.42,-1.03,9.47,0.0192,0.0101,-0.0067,91964.14,810.24,0.03,0.0227
176924,-1.42,-0.97,9.49,0.0165,0.0120,-0.0064,91964.14,810.24,0.02,0.0214
176989,-1.42,-1.06,9.47,0.0161,0.0127,-0.0057,91964.14,810.24,0.02,0.0213
177050,-1.39,-1.04,9.45,0.0173,0.0117,-0.0068,91964.14,810.24,0.01,0.0220
177110,-1.45,-1.00,9.49,0.0163,0.0117,-0.0056,91964.14,810.24,0.01,0.0208
177171,-1.45,-1.02,9.46,0.0149,0.0096,-0.0073,91964.45,810.21,-0.13,0.0192
177232,-1.39,-1.03,9.47,0.0167,0.0140,-0.0064,91964.45,810.21,-0.09,0.0227
177298,-1.47,-1.00,9.45,0.0180,0.0152,-0.0063,91964.45,810.21,-0.06,0.0244
177358,-1.40,-1.02,9.46,0.0171,0.0101,-0.0040,91964.45,810.21,-0.05,0.0202
177423,-1.42,-1.00,9.45,0.0197,0.0100,-0.0083,91964.45,810.21,-0.03,0.0236
177482,-1.46,-1.00,9.46,0.0155,0.0148,-0.0051,91964.45,810.21,-0.02,0.0220
177544,-1.42,-1.05,9.45,0.0131,0.0116,-0.0053,91964.45,810.21,-0.02,0.0183
177603,-1.45,-1.01,9.45,0.0152,0.0128,-0.0065,91964.45,810.21,-0.01,0.0209
177665,-1.44,-0.97,9.48,0.0176,0.0117,-0.0056,91964.28,810.23,0.07,0.0219
177724,-1.38,-1.02,9.47,0.0161,0.0124,-0.0060,91964.28,810.23,0.05,0.0212
177786,-1.41,-1.02,9.45,0.0209,0.0119,-0.0055,91964.28,810.23,0.03,0.0247
177850,-1.47,-0.96,9.49,0.0168,0.0136,-0.0080,91964.28,810.23,0.02,0.0230
177910,-1.46,-1.01,9.46,0.0171,0.0159,-0.0089,91964.28,810.23,0.02,0.0249
177971,-1.40,-1.06,9.43,0.0164,0.0129,-0.0048,91964.28,810.23,0.01,0.0214
178032,-1.45,-0.99,9.47,0.0176,0.0120,-0.0061,91964.28,810.23,0.01,0.0222
178093,-1.42,-1.01,9.49,0.0160,0.0137,-0.0043,91964.28,810.23,0.01,0.0215
178153,-1.40,-1.05,9.44,0.0131,0.0124,-0.0053,91964.28,810.23,0.00,0.0188
178214,-1.41,-1.02,9.46,0.0181,0.0129,-0.0080,91964.08,810.25,0.09,0.0236
178277,-1.46,-0.98,9.49,0.0173,0.0143,-0.0057,91964.08,810.25,0.07,0.0232
178339,-1.40,-1.06,9.46,0.0187,0.0119,-0.0057,91964.08,810.25,0.05,0.0228
178398,-1.43,-1.02,9.45,0.0168,0.0136,-0.0037,91964.08,810.25,0.03,0.0219
178460,-1.47,-0.97,9.49,0.0168,0.0136,-0.0072,91964.08,810.25,0.02,0.0228
178519,-1.45,-1.02,9.47,0.0165,0.0124,-0.0057,91964.08,810.25,0.02,0.0214
178581,-1.38,-1.03,9.45,0.0164,0.0163,-0.0052,91964.08,810.25,0.01,0.0237
178640,-1.44,-1.00,9.44,0.0163,0.0097,-0.0051,91964.08,810.25,0.01,0.0196
178705,-1.43,-1.02,9.46,0.0149,0.0101,-0.0064,91964.08,810.25,0.01,0.0191
178766,-1.41,-1.03,9.45,0.0177,0.0105,-0.0057,91964.08,810.25,0.00,0.0214
178826,-1.41,-1.02,9.47,0.0188,0.0115,-0.0053,91964.08,810.25,0.00,0.0226
178887,-1.48,-0.98,9.49,0.0137,0.0132,-0.0079,91964.08,810.25,0.00,0.0206
178947,-1.39,-1.06,9.46,0.0159,0.0133,-0.0053,91964.08,810.25,0.00,0.0214
179008,-1.42,-1.00,9.48,0.0200,0.0121,-0.0071,91964.08,810.25,0.00,0.0244
179083,-1.43,-1.02,9.50,0.0167,0.0124,-0.0052,91964.08,810.25,0.00,0.0214
179144,-1.42,-1.04,9.46,0.0164,0.0113,-0.0084,91964.08,810.25,0.00,0.0216
179205,-1.47,-1.00,9.50,0.0151,0.0096,-0.0056,91964.07,810.25,0.01,0.0187
179266,-1.42,-1.01,9.43,0.0140,0.0128,-0.0084,91964.07,810.25,0.00,0.0207
179331,-1.40,-1.04,9.44,0.0209,0.0104,-0.0069,91964.07,810.25,0.00,0.0244
179390,-1.48,-0.96,9.49,0.0183,0.0107,-0.0067,91964.07,810.25,0.00,0.0222
179461,-1.42,-1.04,9.44,0.0179,0.0139,-0.0060,91964.07,810.25,0.00,0.0234
179546,-1.44,-1.00,9.47,0.0160,0.0113,-0.0060,91964.07,810.25,0.00,0.0205
179621,-1.46,-1.01,9.47,0.0168,0.0137,-0.0065,91964.07,810.25,0.00,0.0226
179699,-1.41,-1.03,9.44,0.0156,0.0121,-0.0068,91963.87,810.27,0.07,0.0209
179774,-1.46,-1.00,9.48,0.0157,0.0100,-0.0067,91963.87,810.27,0.05,0.0198
179852,-1.43,-1.02,9.47,0.0152,0.0129,-0.0068,91963.87,810.27,0.03,0.0211
179947,-1.45,-0.98,9.52,0.0180,0.0100,-0.0065,91963.87,810.27,0.02,0.0216
180009,-1.45,-1.02,9.49,0.0157,0.0120,-0.0044,91963.87,810.27,0.02,0.0203
180073,-1.42,-1.05,9.43,0.0192,0.0128,-0.0071,91963.87,810.27,0.01,0.0241
180133,-1.44,-0.98,9.48,0.0184,0.0129,-0.0076,91963.87,810.27,0.01,0.0237
180194,-1.47,-1.00,9.47,0.0147,0.0119,-0.0047,91963.84,810.27,0.02,0.0194
180254,-1.41,-1.04,9.45,0.0168,0.0125,-0.0044,91963.84,810.27,0.01,0.0214
180315,-1.40,-1.02,9.46,0.0179,0.0135,-0.0067,91963.84,810.27,0.01,0.0233
180375,-1.46,-0.98,9.47,0.0153,0.0125,-0.0049,91963.84,810.27,0.01,0.0204
180436,-1.39,-1.07,9.45,0.0168,0.0115,-0.0055,91963.84,810.27,0.00,0.0210
180499,-1.43,-1.03,9.46,0.0204,0.0107,-0.0068,91963.84,810.27,0.00,0.0240
180561,-1.49,-1.01,9.45,0.0161,0.0125,-0.0057,91963.84,810.27,0.00,0.0212
180620,-1.45,-1.03,9.45,0.0185,0.0116,-0.0060,91963.84,810.27,0.00,0.0227
180682,-1.41,-1.03,9.45,0.0165,0.0135,-0.0068,91963.84,810.27,0.00,0.0224
180741,-1.44,-0.99,9.50,0.0189,0.0143,-0.0060,91963.84,810.27,0.00,0.0244
180803,-1.43,-1.03,9.46,0.0172,0.0099,-0.0044,91963.84,810.27,0.00,0.0203
180862,-1.40,-1.06,9.45,0.0195,0.0148,-0.0044,91963.84,810.27,0.00,0.0248
180927,-1.46,-1.00,9.51,0.0181,0.0119,-0.0053,91963.84,810.27,0.00,0.0223
180988,-1.45,-0.99,9.46,0.0144,0.0131,-0.0081,91963.84,810.27,0.00,0.0211
181048,-1.40,-1.06,9.46,0.0161,0.0129,-0.0060,91963.84,810.27,0.00,0.0215
181109,-1.43,-1.06,9.47,0.0188,0.0128,-0.0053,91963.84,810.27,0.00,0.0233
181169,-1.46,-1.03,9.47,0.0187,0.0129,-0.0061,91963.84,810.27,0.00,0.0235
181230,-1.41,-1.04,9.43,0.0168,0.0113,-0.0075,91963.63,810.29,0.09,0.0216
181290,-1.41,-1.04,9.51,0.0173,0.0129,-0.0088,91963.63,810.29,0.06,0.0233
181360,-1.45,-1.02,9.45,0.0159,0.0107,-0.0064,91963.63,810.29,0.04,0.0201
181419,-1.42,-1.01,9.44,0.0168,0.0124,-0.0081,91963.63,810.29,0.03,0.0224
181481,-1.42,-1.00,9.49,0.0188,0.0116,-0.0071,91963.63,810.29,0.02,0.0232
181540,-1.45,-0.98,9.49,0.0136,0.0133,-0.0059,91963.63,810.29,0.01,0.0199
181602,-1.40,-1.05,9.47,0.0151,0.0147,-0.0047,91963.63,810.29,0.01,0.0215
181661,-1.44,-1.01,9.47,0.0171,0.0085,-0.0067,91963.63,810.29,0.01,0.0202
181726,-1.48,-0.99,9.48,0.0136,0.0137,-0.0056,91963.46,810.30,0.08,0.0201
181787,-1.42,-1.03,9.47,0.0155,0.0136,-0.0075,91963.46,810.30,0.06,0.0219
181847,-1.41,-1.01,9.44,0.0184,0.0129,-0.0080,91963.46,810.30,0.04,0.0239
181908,-1.46,-1.00,9.49,0.0172,0.0089,-0.0071,91963.46,810.30,0.03,0.0206
181968,-1.47,-1.02,9.46,0.0148,0.0128,-0.0057,91963.46,810.30,0.02,0.0204
182029,-1.43,-1.05,9.46,0.0157,0.0081,-0.0061,91963.46,810.30,0.01,0.0187
182089,-1.41,-0.99,9.49,0.0203,0.0137,-0.0061,91963.46,810.30,0.01,0.0252
182154,-1.40,-1.04,9.47,0.0159,0.0127,-0.0059,91963.46,810.30,0.01,0.0211
182213,-1.39,-1.05,9.47,0.0141,0.0123,-0.0077,91963.46,810.30,0.00,0.0202
182275,-1.43,-1.03,9.48,0.0180,0.0124,-0.0076,91963.29,810.32,0.08,0.0231
182334,-1.43,-1.00,9.49,0.0168,0.0113,-0.0057,91963.29,810.32,0.05,0.0210
182396,-1.43,-1.03,9.46,0.0185,0.0111,-0.0065,91963.29,810.32,0.04,0.0225
182455,-1.41,-1.02,9.47,0.0168,0.0125,-0.0065,91963.29,810.32,0.03,0.0219
182517,-1.47,-0.99,9.47,0.0179,0.0099,-0.0061,91963.29,810.32,0.02,0.0213
182591,-1.41,-1.02,9.46,0.0179,0.0097,-0.0059,91963.29,810.32,0.01,0.0212
182653,-1.44,-0.97,9.47,0.0153,0.0104,-0.0043,91963.29,810.32,0.01,0.0190
182712,-1.44,-1.03,9.48,0.0144,0.0103,-0.0063,91963.29,810.32,0.01,0.0187
182774,-1.40,-1.06,9.48,0.0192,0.0101,-0.0069,91963.43,810.31,-0.06,0.0228
182833,-1.41,-0.99,9.48,0.0175,0.0123,-0.0069,91963.43,810.31,-0.04,0.0224
182895,-1.46,-1.00,9.47,0.0145,0.0137,-0.0057,91963.43,810.31,-0.03,0.0208
182954,-1.43,-1.02,9.43,0.0167,0.0125,-0.0069,91963.43,810.31,-0.02,0.0220
183019,-1.42,-0.97,9.48,0.0200,0.0141,-0.0052,91963.43,810.31,-0.01,0.0250
183080,-1.46,-0.99,9.47,0.0191,0.0092,-0.0049,91963.43,810.31,-0.01,0.0217
183140,-1.41,-1.03,9.46,0.0144,0.0136,-0.0081,91963.43,810.31,-0.01,0.0214
183201,-1.41,-1.03,9.48,0.0157,0.0121,-0.0076,91963.43,810.31,-0.00,0.0213
183261,-1.46,-0.98,9.46,0.0145,0.0136,-0.0071,91963.42,810.31,-0.00,0.0211
183322,-1.42,-1.06,9.45,0.0185,0.0116,-0.0084,91963.42,810.31,-0.00,0.0234
183388,-1.47,-1.00,9.48,0.0177,0.0141,-0.0084,91963.42,810.31,-0.00,0.0242
183453,-1.46,-1.01,9.49,0.0171,0.0132,-0.0065,91963.42,810.31,-0.00,0.0225
183512,-1.41,-1.05,9.42,0.0179,0.0112,-0.0060,91963.42,810.31,-0.00,0.0219
183574,-1.38,-1.01,9.45,0.0173,0.0117,-0.0071,91963.42,810.31,-0.00,0.0221
183633,-1.47,-1.00,9.50,0.0184,0.0120,-0.0052,91963.42,810.31,-0.00,0.0226
183695,-1.41,-1.02,9.44,0.0165,0.0109,-0.0072,91963.42,810.31,-0.00,0.0211
183754,-1.40,-1.03,9.44,0.0159,0.0128,-0.0071,91963.40,810.31,0.01,0.0216
183819,-1.44,-1.00,9.48,0.0145,0.0108,-0.0063,91963.40,810.31,0.01,0.0191
183880,-1.46,-1.02,9.42,0.0160,0.0121,-0.0056,91963.40,810.31,0.01,0.0208
183940,-1.40,-1.01,9.45,0.0189,0.0123,-0.0053,91963.40,810.31,0.00,0.0232
184001,-1.44,-1.01,9.49,0.0177,0.0121,-0.0059,91963.40,810.31,0.00,0.0223
184061,-1.46,-1.00,9.47,0.0145,0.0136,-0.0056,91963.40,810.31,0.00,0.0207
184122,-1.41,-1.05,9.46,0.0167,0.0120,-0.0081,91963.40,810.31,0.00,0.0221
184182,-1.43,-1.00,9.47,0.0195,0.0116,-0.0060,91963.40,810.31,0.00,0.0234
184247,-1.46,-1.02,9.46,0.0152,0.0133,-0.0063,91963.40,810.37,0.28,0.0212
184306,-1.41,-1.05,9.42,0.0161,0.0127,-0.0061,91963.39,810.31,-0.11,0.0214
184368,-1.44,-0.99,9.46,0.0175,0.0119,-0.0068,91963.39,810.31,-0.08,0.0222
184427,-1.44,-1.01,9.47,0.0151,0.0123,-0.0071,91963.39,810.31,-0.05,0.0207
184489,-1.42,-1.03,9.44,0.0149,0.0117,-0.0052,91963.39,810.31,-0.04,0.0197
184548,-1.43,-1.02,9.43,0.0163,0.0129,-0.0069,91963.39,810.31,-0.03,0.0219
184610,-1.47,-0.96,9.48,0.0173,0.0120,-0.0071,91963.39,810.31,-0.02,0.0222
184674,-1.41,-1.02,9.44,0.0160,0.0097,-0.0051,91963.39,810.31,-0.01,0.0194
184734,-1.41,-1.03,9.42,0.0175,0.0125,-0.0053,91963.39,810.31,-0.01,0.0221
184795,-1.44,-1.00,9.48,0.0184,0.0136,-0.0049,91963.53,810.30,-0.07,0.0234
184855,-1.44,-1.02,9.48,0.0137,0.0120,-0.0083,91963.53,810.30,-0.05,0.0200
184916,-1.44,-1.02,9.46,0.0177,0.0109,-0.0068,91963.53,810.30,-0.03,0.0219
184976,-1.41,-1.02,9.48,0.0163,0.0111,-0.0088,91963.53,810.30,-0.02,0.0215
185037,-1.46,-0.99,9.49,0.0148,0.0132,-0.0075,91963.53,810.30,-0.02,0.0212
185100,-1.45,-1.03,9.46,0.0188,0.0116,-0.0063,91963.53,810.30,-0.01,0.0229
185162,-1.40,-0.96,9.49,0.0157,0.0119,-0.0056,91963.53,810.30,-0.01,0.0205
185221,-1.42,-0.98,9.46,0.0148,0.0113,-0.0069,91963.53,810.30,-0.01,0.0199
185283,-1.39,-1.04,9.44,0.0157,0.0135,-0.0061,91963.36,810.31,0.07,0.0216
185342,-1.42,-1.02,9.48,0.0145,0.0104,-0.0055,91963.36,810.31,0.05,0.0187
185409,-1.45,-1.02,9.48,0.0157,0.0119,-0.0064,91963.36,810.31,0.03,0.0207
185473,-1.40,-1.03,9.45,0.0177,0.0100,-0.0067,91963.36,810.31,0.02,0.0214
185533,-1.45,-1.01,9.48,0.0168,0.0120,-0.0060,91963.36,810.31,0.02,0.0215
185594,-1.43,-0.99,9.46,0.0153,0.0109,-0.0055,91963.36,810.31,0.01,0.0196
185655,-1.41,-1.05,9.47,0.0179,0.0121,-0.0056,91963.36,810.31,0.01,0.0223
185716,-1.47,-1.02,9.48,0.0155,0.0125,-0.0056,91963.36,810.31,0.01,0.0207
185776,-1.43,-1.01,9.50,0.0155,0.0125,-0.0065,91963.36,810.31,0.00,0.0209
185837,-1.41,-1.07,9.44,0.0161,0.0144,-0.0069,91963.36,810.31,0.00,0.0227
185912,-1.50,-0.96,9.50,0.0157,0.0135,-0.0064,91963.36,810.31,0.00,0.0217
185973,-1.44,-1.04,9.43,0.0160,0.0137,-0.0064,91963.36,810.31,0.00,0.0220
186033,-1.45,-1.05,9.45,0.0167,0.0117,-0.0092,91963.36,810.31,0.00,0.0223
186094,-1.41,-0.98,9.45,0.0164,0.0105,-0.0063,91963.36,810.31,0.00,0.0205
186154,-1.46,-1.00,9.46,0.0176,0.0107,-0.0068,91963.36,810.31,0.00,0.0217
186215,-1.44,-1.02,9.48,0.0188,0.0137,-0.0075,91963.36,810.31,0.00,0.0244
186275,-1.42,-0.99,9.49,0.0168,0.0145,-0.0057,91963.36,810.31,0.00,0.0229
186340,-1.41,-1.03,9.46,0.0159,0.0112,-0.0049,91963.50,810.30,-0.06,0.0200
186399,-1.42,-1.04,9.44,0.0168,0.0100,-0.0071,91963.50,810.30,-0.04,0.0208
186461,-1.44,-1.02,9.47,0.0149,0.0145,-0.0103,91963.50,810.30,-0.03,0.0232
186520,-1.44,-1.01,9.47,0.0185,0.0127,-0.0067,91963.50,810.30,-0.02,0.0234
186582,-1.45,-1.02,9.47,0.0144,0.0131,-0.0068,91963.50,810.30,-0.01,0.0206
186641,-1.43,-1.03,9.46,0.0172,0.0132,-0.0067,91963.50,810.30,-0.01,0.0227
186703,-1.44,-0.98,9.48,0.0172,0.0127,-0.0051,91963.50,810.30,-0.01,0.0219
186767,-1.44,-1.05,9.45,0.0148,0.0137,-0.0071,91963.50,810.30,-0.00,0.0214
186828,-1.45,-1.00,9.45,0.0168,0.0117,-0.0061,91963.49,810.30,-0.00,0.0214
186889,-1.42,-1.01,9.47,0.0187,0.0099,-0.0065,91963.49,810.30,-0.00,0.0221
186949,-1.41,-1.03,9.47,0.0155,0.0137,-0.0063,91963.49,810.30,-0.00,0.0216
187010,-1.40,-1.02,9.46,0.0183,0.0135,-0.0072,91963.49,810.30,-0.00,0.0238
187070,-1.44,-0.97,9.49,0.0185,0.0123,-0.0061,91963.49,810.30,-0.00,0.0230
187131,-1.41,-1.03,9.49,0.0168,0.0113,-0.0041,91963.49,810.30,-0.00,0.0207
187190,-1.39,-1.05,9.47,0.0165,0.0100,-0.0052,91963.49,810.30,-0.00,0.0200
187251,-1.46,-0.99,9.47,0.0177,0.0131,-0.0073,91963.49,810.30,-0.00,0.0232
187311,-1.43,-0.98,9.47,0.0171,0.0108,-0.0059,91963.47,810.30,0.01,0.0210
187372,-1.40,-1.03,9.47,0.0173,0.0103,-0.0072,91963.47,810.30,0.01,0.0214
187437,-1.47,-0.99,9.48,0.0184,0.0116,-0.0041,91963.47,810.30,0.01,0.0221
187498,-1.41,-1.01,9.45,0.0167,0.0128,-0.0041,91963.47,810.30,0.00,0.0214
187561,-1.40,-1.01,9.47,0.0168,0.0121,-0.0047,91963.47,810.30,0.00,0.0212
187623,-1.44,-1.01,9.49,0.0159,0.0115,-0.0067,91963.47,810.30,0.00,0.0207
187682,-1.44,-0.99,9.49,0.0172,0.0127,-0.0069,91963.47,810.30,0.00,0.0224
187744,-1.38,-1.04,9.46,0.0161,0.0116,-0.0065,91963.47,810.30,0.00,0.0209
187803,-1.41,-0.99,9.48,0.0165,0.0129,-0.0068,91963.30,810.32,0.08,0.0220
187865,-1.42,-1.01,9.46,0.0163,0.0112,-0.0060,91963.30,810.32,0.05,0.0206
187924,-1.45,-1.03,9.45,0.0159,0.0112,-0.0080,91963.30,810.32,0.04,0.0210
187989,-1.44,-1.01,9.45,0.0168,0.0105,-0.0060,91963.30,810.32,0.03,0.0207
188050,-1.43,-0.99,9.49,0.0168,0.0128,-0.0065,91963.30,810.32,0.02,0.0221
188110,-1.41,-1.06,9.45,0.0177,0.0112,-0.0081,91963.30,810.32,0.01,0.0225
188171,-1.45,-1.03,9.45,0.0189,0.0135,-0.0067,91963.30,810.32,0.01,0.0242
188232,-1.44,-1.01,9.49,0.0177,0.0116,-0.0073,91963.30,810.32,0.01,0.0224
188293,-1.44,-1.02,9.45,0.0184,0.0101,-0.0060,91963.30,810.32,0.00,0.0218
188353,-1.42,-1.02,9.47,0.0159,0.0144,-0.0065,91963.27,810.32,0.02,0.0224
188418,-1.45,-1.02,9.47,0.0155,0.0127,-0.0053,91963.27,810.32,0.01,0.0207
188477,-1.45,-1.01,9.46,0.0173,0.0108,-0.0076,91963.27,810.32,0.01,0.0218
188539,-1.41,-1.03,9.47,0.0177,0.0112,-0.0069,91963.27,810.32,0.01,0.0221
188598,-1.42,-1.00,9.46,0.0157,0.0113,-0.0057,91963.27,810.32,0.00,0.0202
188660,-1.47,-0.99,9.48,0.0156,0.0097,-0.0069,91963.27,810.32,0.00,0.0196
188719,-1.43,-1.01,9.42,0.0176,0.0081,-0.0049,91963.27,810.32,0.00,0.0200
188781,-1.39,-1.00,9.48,0.0193,0.0127,-0.0081,91963.27,810.32,0.00,0.0245
188995,-1.44,-1.02,9.47,0.0155,0.0117,-0.0056,91963.09,810.34,0.02,0.0202
189206,-1.43,-1.00,9.48,0.0176,0.0115,-0.0081,91963.09,810.34,0.02,0.0225
189418,-1.41,-1.04,9.48,0.0168,0.0133,-0.0065,91963.25,810.32,-0.01,0.0224
189634,-1.44,-0.99,9.48,0.0165,0.0095,-0.0069,91963.25,810.32,-0.01,0.0203
189846,-1.41,-1.03,9.46,0.0160,0.0120,-0.0048,91963.23,810.33,-0.00,0.0206
190076,-1.43,-1.03,9.44,0.0181,0.0125,-0.0077,91963.23,810.33,-0.00,0.0233
190288,-1.48,-0.99,9.49,0.0187,0.0125,-0.0073,91963.23,810.33,-0.00,0.0236
190515,-1.43,-1.01,9.47,0.0168,0.0112,-0.0067,91963.05,810.34,0.02,0.0212
190577,-1.39,-0.99,9.46,0.0155,0.0123,-0.0051,91963.05,810.34,0.01,0.0204
190638,-1.40,-1.06,9.44,0.0172,0.0129,-0.0059,91963.05,810.34,0.01,0.0223
190700,-1.43,-1.00,9.47,0.0179,0.0117,-0.0049,91963.05,810.34,0.01,0.0219
190761,-1.42,-1.00,9.48,0.0179,0.0099,-0.0052,91963.05,810.34,0.00,0.0210
190823,-1.40,-1.04,9.44,0.0188,0.0123,-0.0068,91963.05,810.34,0.00,0.0234
190887,-1.45,-1.03,9.44,0.0148,0.0131,-0.0063,91963.53,810.30,-0.20,0.0207
190949,-1.44,-0.98,9.48,0.0168,0.0129,-0.0080,91963.53,810.30,-0.14,0.0226
191008,-1.43,-1.03,9.46,0.0159,0.0137,-0.0065,91963.53,810.30,-0.10,0.0220
191070,-1.44,-1.04,9.46,0.0161,0.0111,-0.0072,91963.53,810.30,-0.07,0.0208
191129,-1.44,-0.99,9.47,0.0167,0.0131,-0.0069,91963.53,810.30,-0.05,0.0223
191191,-1.43,-1.02,9.43,0.0173,0.0099,-0.0068,91963.53,810.30,-0.03,0.0211
191250,-1.42,-1.06,9.45,0.0144,0.0127,-0.0069,91963.53,810.30,-0.02,0.0204
191315,-1.46,-0.99,9.49,0.0181,0.0132,-0.0064,91963.53,810.30,-0.02,0.0233
191376,-1.41,-1.02,9.48,0.0145,0.0125,-0.0056,91963.33,810.32,0.08,0.0200
191436,-1.38,-1.04,9.44,0.0199,0.0128,-0.0060,91963.33,810.32,0.05,0.0244
191497,-1.43,-0.98,9.49,0.0180,0.0121,-0.0065,91963.33,810.32,0.04,0.0227
191557,-1.48,-0.98,9.47,0.0149,0.0125,-0.0051,91963.33,810.32,0.03,0.0201
191618,-1.41,-1.02,9.41,0.0151,0.0108,-0.0053,91963.33,810.32,0.02,0.0193
191683,-1.43,-1.00,9.45,0.0176,0.0127,-0.0041,91963.33,810.32,0.01,0.0221
191748,-1.45,-0.98,9.47,0.0156,0.0132,-0.0067,91963.33,810.32,0.01,0.0215
191807,-1.41,-1.03,9.47,0.0152,0.0104,-0.0060,91963.33,810.32,0.01,0.0194
191869,-1.41,-0.99,9.45,0.0163,0.0116,-0.0071,91963.50,810.30,-0.07,0.0212
191928,-1.45,-0.98,9.46,0.0204,0.0103,-0.0065,91963.50,810.30,-0.05,0.0237
191990,-1.42,-1.02,9.47,0.0180,0.0107,-0.0059,91963.50,810.30,-0.03,0.0217
192049,-1.43,-1.00,9.46,0.0156,0.0116,-0.0061,91963.50,810.30,-0.02,0.0204
192111,-1.46,-0.97,9.48,0.0155,0.0087,-0.0059,91963.50,810.30,-0.02,0.0187
192175,-1.42,-1.03,9.46,0.0168,0.0139,-0.0049,91963.50,810.30,-0.01,0.0223
192235,-1.41,-1.03,9.47,0.0145,0.0133,-0.0071,91963.50,810.30,-0.01,0.0209
192296,-1.44,-0.99,9.49,0.0152,0.0131,-0.0064,91963.50,810.30,-0.01,0.0210
192356,-1.41,-1.04,9.46,0.0173,0.0108,-0.0064,91963.50,810.30,-0.00,0.0214
192417,-1.42,-1.01,9.46,0.0187,0.0125,-0.0056,91963.49,810.30,-0.00,0.0232
192477,-1.47,-1.00,9.47,0.0172,0.0136,-0.0076,91963.49,810.30,-0.00,0.0232
192542,-1.45,-1.03,9.45,0.0177,0.0136,-0.0047,91963.49,810.30,-0.00,0.0228
192601,-1.45,-1.02,9.46,0.0187,0.0104,-0.0057,91963.49,810.30,-0.00,0.0221
192663,-1.44,-1.00,9.49,0.0167,0.0127,-0.0053,91963.49,810.30,-0.00,0.0216
192722,-1.44,-1.02,9.47,0.0153,0.0157,-0.0052,91963.49,810.30,-0.00,0.0226
192784,-1.42,-1.05,9.45,0.0180,0.0100,-0.0061,91963.49,810.30,-0.00,0.0215
192843,-1.45,-1.02,9.49,0.0167,0.0103,-0.0084,91963.49,810.30,-0.00,0.0213
192905,-1.43,-0.98,9.45,0.0125,0.0135,-0.0084,91963.47,810.30,0.01,0.0202
192969,-1.40,-1.04,9.43,0.0163,0.0105,-0.0076,91963.47,810.30,0.01,0.0208
193029,-1.46,-1.01,9.50,0.0167,0.0101,-0.0057,91963.47,810.30,0.01,0.0203
193090,-1.46,-0.99,9.45,0.0153,0.0100,-0.0065,91963.47,810.30,0.00,0.0194
193150,-1.41,-1.03,9.44,0.0144,0.0127,-0.0076,91963.47,810.30,0.00,0.0206
193211,-1.41,-1.02,9.47,0.0199,0.0117,-0.0080,91963.47,810.30,0.00,0.0244
193271,-1.46,-0.99,9.48,0.0152,0.0108,-0.0084,91963.47,810.30,0.00,0.0204
193332,-1.44,-1.03,9.46,0.0155,0.0105,-0.0059,91963.47,810.30,0.00,0.0196
193395,-1.40,-1.00,9.46,0.0156,0.0103,-0.0052,91963.12,810.33,0.15,0.0194
193457,-1.46,-0.98,9.49,0.0159,0.0105,-0.0040,91963.12,810.33,0.10,0.0194
193516,-1.43,-0.98,9.47,0.0152,0.0144,-0.0057,91963.12,810.33,0.07,0.0217
193578,-1.38,-1.03,9.46,0.0165,0.0128,-0.0076,91963.12,810.33,0.05,0.0222
193637,-1.42,-1.03,9.46,0.0184,0.0124,-0.0064,91963.12,810.33,0.04,0.0231
193704,-1.44,-0.97,9.46,0.0155,0.0095,-0.0052,91963.12,810.33,0.02,0.0189
193763,-1.41,-1.05,9.43,0.0161,0.0085,-0.0061,91963.12,810.33,0.02,0.0192
193839,-1.44,-1.02,9.50,0.0168,0.0107,-0.0059,91963.12,810.33,0.01,0.0207
193898,-1.44,-1.03,9.46,0.0128,0.0128,-0.0049,91963.12,810.33,0.01,0.0187
193960,-1.42,-1.04,9.45,0.0203,0.0132,-0.0072,91963.12,810.33,0.01,0.0252
194019,-1.45,-0.96,9.49,0.0177,0.0107,-0.0060,91963.12,810.33,0.01,0.0215
194081,-1.41,-1.02,9.45,0.0161,0.0103,-0.0073,91963.12,810.33,0.00,0.0205
194140,-1.40,-1.03,9.43,0.0175,0.0128,-0.0043,91963.12,810.33,0.00,0.0221
194202,-1.44,-1.01,9.47,0.0151,0.0116,-0.0068,91963.12,810.33,0.00,0.0202
194265,-1.45,-1.03,9.46,0.0164,0.0127,-0.0051,91963.12,810.33,0.00,0.0213
194325,-1.40,-1.01,9.45,0.0191,0.0095,-0.0080,91963.12,810.33,0.00,0.0227
194386,-1.46,-0.99,9.48,0.0157,0.0132,-0.0071,91963.12,810.33,0.00,0.0217
194446,-1.44,-1.02,9.50,0.0161,0.0131,-0.0067,91963.26,810.32,-0.06,0.0218
194507,-1.40,-1.05,9.47,0.0176,0.0111,-0.0065,91963.26,810.32,-0.04,0.0218
194567,-1.43,-1.02,9.48,0.0143,0.0128,-0.0065,91963.26,810.32,-0.03,0.0202
194632,-1.43,-0.98,9.49,0.0140,0.0116,-0.0093,91963.26,810.32,-0.02,0.0204
194691,-1.41,-1.05,9.45,0.0180,0.0136,-0.0067,91963.26,810.32,-0.01,0.0235
194753,-1.45,-1.04,9.49,0.0179,0.0129,-0.0081,91963.26,810.32,-0.01,0.0235
194812,-1.42,-0.98,9.45,0.0177,0.0107,-0.0052,91963.26,810.32,-0.01,0.0213
194874,-1.39,-1.04,9.45,0.0163,0.0100,-0.0041,91963.26,810.32,-0.01,0.0195
194933,-1.42,-1.03,9.45,0.0175,0.0133,-0.0052,91963.06,810.34,0.08,0.0226
194995,-1.42,-0.99,9.47,0.0149,0.0124,-0.0097,91963.06,810.34,0.06,0.0217
195057,-1.43,-1.05,9.47,0.0151,0.0132,-0.0083,91963.06,810.34,0.04,0.0217
195271,-1.45,-1.02,9.47,0.0185,0.0100,-0.0059,91963.06,810.34,0.03,0.0218
195633,-1.43,-0.99,9.46,0.0185,0.0113,-0.0076,91963.23,810.33,0.01,0.0230
196018,-1.46,-0.98,9.47,0.0161,0.0119,-0.0080,91963.22,810.33,0.01,0.0215
196286,-1.41,-1.02,9.45,0.0180,0.0121,-0.0052,91963.22,810.33,0.00,0.0223
196346,-1.47,-0.99,9.50,0.0143,0.0120,-0.0088,91963.22,810.33,0.00,0.0206
196407,-1.42,-1.03,9.46,0.0168,0.0120,-0.0051,91963.22,810.33,0.00,0.0212
196470,-1.42,-1.01,9.43,0.0164,0.0124,-0.0081,91963.02,810.34,0.08,0.0221
196532,-1.44,-1.00,9.49,0.0147,0.0133,-0.0080,91963.02,810.34,0.06,0.0214
196591,-1.43,-1.02,9.46,0.0140,0.0129,-0.0057,91963.02,810.34,0.04,0.0199
196653,-1.38,-1.06,9.45,0.0147,0.0137,-0.0085,91963.02,810.34,0.03,0.0218
196712,-1.45,-0.99,9.46,0.0163,0.0141,-0.0068,91963.02,810.34,0.02,0.0226
196774,-1.46,-1.01,9.50,0.0139,0.0109,-0.0035,91963.02,810.34,0.01,0.0180
196833,-1.38,-1.00,9.42,0.0184,0.0104,-0.0071,91963.02,810.34,0.01,0.0223
196898,-1.44,-1.02,9.48,0.0173,0.0147,-0.0077,91963.02,810.34,0.01,0.0240
196959,-1.45,-1.02,9.46,0.0148,0.0132,-0.0047,91963.02,810.34,0.01,0.0204
197019,-1.40,-1.08,9.45,0.0185,0.0108,-0.0053,91963.02,810.34,0.01,0.0221
197080,-1.47,-0.99,9.43,0.0171,0.0107,-0.0047,91963.02,810.34,0.01,0.0206
197140,-1.47,-1.00,9.47,0.0185,0.0111,-0.0055,91963.02,810.34,0.00,0.0223
197201,-1.40,-1.04,9.46,0.0159,0.0161,-0.0044,91963.02,810.34,0.00,0.0230
197261,-1.40,-1.03,9.47,0.0168,0.0103,-0.0048,91963.02,810.34,0.00,0.0202
197326,-1.46,-0.99,9.49,0.0168,0.0120,-0.0079,91963.02,810.34,0.00,0.0221
197385,-1.45,-0.99,9.43,0.0165,0.0137,-0.0055,91963.02,810.34,0.00,0.0222
197447,-1.40,-1.03,9.46,0.0180,0.0105,-0.0047,91963.02,810.34,0.00,0.0214
197506,-1.45,-1.00,9.46,0.0175,0.0124,-0.0071,91963.02,810.34,0.00,0.0225
197568,-1.43,-0.99,9.47,0.0165,0.0131,-0.0061,91963.02,810.34,0.00,0.0219
197627,-1.43,-1.05,9.45,0.0175,0.0111,-0.0056,91963.02,810.34,0.00,0.0214
197692,-1.44,-0.99,9.50,0.0171,0.0097,-0.0057,91963.02,810.34,0.00,0.0205
197753,-1.43,-1.02,9.43,0.0164,0.0128,-0.0068,91963.02,810.34,0.00,0.0219
197813,-1.40,-1.03,9.45,0.0183,0.0127,-0.0068,91963.02,810.34,0.00,0.0232
197874,-1.43,-1.01,9.47,0.0165,0.0132,-0.0068,91963.02,810.34,0.00,0.0222
197934,-1.42,-1.01,9.48,0.0167,0.0112,-0.0044,91963.02,810.34,0.00,0.0205
197995,-1.39,-1.03,9.42,0.0195,0.0103,-0.0048,91962.67,810.38,0.15,0.0225
198060,-1.44,-0.99,9.46,0.0165,0.0124,-0.0095,91962.67,810.38,0.11,0.0227
198135,-1.40,-1.01,9.43,0.0147,0.0119,-0.0068,91962.67,810.38,0.07,0.0200
198195,-1.45,-1.01,9.45,0.0156,0.0133,-0.0060,91962.67,810.38,0.05,0.0214
198256,-1.47,-0.99,9.48,0.0167,0.0131,-0.0059,91962.67,810.38,0.04,0.0220
198316,-1.36,-1.03,9.45,0.0199,0.0093,-0.0057,91962.67,810.38,0.03,0.0227
198377,-1.42,-1.02,9.45,0.0164,0.0115,-0.0063,91962.67,810.38,0.02,0.0210
198437,-1.45,-0.99,9.49,0.0156,0.0121,-0.0075,91962.67,810.38,0.01,0.0211
198498,-1.42,-1.02,9.45,0.0177,0.0140,-0.0068,91962.61,810.38,0.04,0.0236
198561,-1.44,-1.03,9.46,0.0172,0.0127,-0.0068,91962.61,810.38,0.02,0.0224
198623,-1.46,-0.97,9.49,0.0168,0.0104,-0.0068,91962.61,810.38,0.02,0.0209
198682,-1.44,-1.01,9.46,0.0152,0.0124,-0.0049,91962.61,810.38,0.01,0.0202
198744,-1.39,-1.04,9.45,0.0163,0.0119,-0.0060,91962.61,810.38,0.01,0.0210
198803,-1.47,-0.99,9.48,0.0177,0.0139,-0.0067,91962.61,810.38,0.01,0.0235
198865,-1.41,-1.01,9.46,0.0183,0.0129,-0.0059,91962.61,810.38,0.00,0.0231
198924,-1.44,-1.02,9.44,0.0168,0.0124,-0.0076,91962.61,810.38,0.00,0.0222
198989,-1.46,-1.00,9.44,0.0168,0.0148,-0.0068,91962.78,810.37,-0.07,0.0234
199050,-1.42,-1.02,9.44,0.0155,0.0121,-0.0049,91962.78,810.37,-0.05,0.0203
199110,-1.39,-1.06,9.46,0.0173,0.0128,-0.0075,91962.78,810.37,-0.03,0.0228
199171,-1.41,-1.01,9.48,0.0153,0.0140,-0.0084,91962.78,810.37,-0.02,0.0224
199231,-1.44,-1.00,9.47,0.0159,0.0127,-0.0055,91962.78,810.37,-0.02,0.0210
199292,-1.39,-1.04,9.47,0.0187,0.0128,-0.0065,91962.78,810.37,-0.01,0.0235
199352,-1.46,-0.98,9.48,0.0151,0.0139,-0.0072,91962.78,810.37,-0.01,0.0217
199417,-1.45,-1.03,9.46,0.0167,0.0100,-0.0068,91962.78,810.37,-0.01,0.0206
199476,-1.42,-1.03,9.46,0.0167,0.0091,-0.0073,91962.95,810.35,-0.08,0.0203
199538,-1.45,-0.99,9.46,0.0177,0.0111,-0.0064,91962.95,810.35,-0.06,0.0218
199597,-1.43,-0.98,9.47,0.0175,0.0115,-0.0043,91962.95,810.35,-0.04,0.0213
199659,-1.41,-1.02,9.44,0.0173,0.0120,-0.0049,91962.95,810.35,-0.03,0.0216
199718,-1.40,-1.02,9.45,0.0215,0.0112,-0.0044,91962.95,810.35,-0.02,0.0246
199783,-1.44,-0.99,9.47,0.0177,0.0116,-0.0068,91962.95,810.35,-0.01,0.0222
199844,-1.41,-1.03,9.45,0.0160,0.0123,-0.0053,91962.95,810.35,-0.01,0.0208
199904,-1.40,-1.03,9.45,0.0175,0.0105,-0.0037,91962.95,810.35,-0.01,0.0207
199965,-1.46,-1.00,9.47,0.0175,0.0144,-0.0080,91962.95,810.35,-0.00,0.0240
200025,-1.45,-1.02,9.49,0.0171,0.0127,-0.0053,91962.92,810.35,0.01,0.0219
200091,-1.44,-1.02,9.47,0.0176,0.0103,-0.0047,91962.92,810.35,0.01,0.0209
200151,-1.43,-1.00,9.47,0.0141,0.0113,-0.0049,91962.92,810.35,0.01,0.0188
200216,-1.41,-1.02,9.45,0.0159,0.0115,-0.0065,91962.92,810.35,0.00,0.0206
200275,-1.39,-1.02,9.45,0.0184,0.0112,-0.0093,91962.92,810.35,0.00,0.0235
200337,-1.45,-1.00,9.50,0.0177,0.0156,-0.0056,91962.92,810.35,0.00,0.0243
200396,-1.45,-1.02,9.45,0.0155,0.0141,-0.0033,91962.92,810.35,0.00,0.0212
200458,-1.39,-1.02,9.45,0.0195,0.0131,-0.0061,91962.92,810.35,0.00,0.0242
200517,-1.40,-1.01,9.48,0.0196,0.0131,-0.0056,91963.09,810.34,-0.08,0.0242
200579,-1.44,-1.03,9.47,0.0153,0.0132,-0.0055,91963.09,810.34,-0.05,0.0209
200643,-1.39,-1.06,9.46,0.0205,0.0109,-0.0065,91963.09,810.34,-0.04,0.0241
200703,-1.46,-0.98,9.50,0.0181,0.0099,-0.0056,91963.09,810.34,-0.03,0.0214
200764,-1.43,-0.99,9.48,0.0161,0.0121,-0.0075,91963.09,810.34,-0.02,0.0215
200824,-1.41,-1.07,9.46,0.0149,0.0113,-0.0064,91963.09,810.34,-0.01,0.0198
200885,-1.46,-1.01,9.49,0.0172,0.0132,-0.0064,91963.09,810.34,-0.01,0.0226
200945,-1.47,-1.00,9.45,0.0181,0.0132,-0.0049,91963.09,810.34,-0.01,0.0229
201006,-1.40,-1.01,9.46,0.0191,0.0133,-0.0053,91963.08,810.34,-0.00,0.0239
201069,-1.42,-0.98,9.45,0.0177,0.0089,-0.0051,91963.08,810.34,-0.00,0.0205
201131,-1.43,-0.93,9.49,0.0160,0.0096,-0.0065,91963.08,810.34,-0.00,0.0198
201190,-1.41,-1.06,9.45,0.0189,0.0125,-0.0075,91963.08,810.34,-0.00,0.0239
201252,-1.39,-1.03,9.46,0.0203,0.0139,-0.0051,91963.08,810.34,-0.00,0.0251
201311,-1.46,-0.99,9.49,0.0192,0.0113,-0.0072,91963.08,810.34,-0.00,0.0234
201373,-1.43,-1.01,9.46,0.0164,0.0117,-0.0036,91963.08,810.34,-0.00,0.0205
201432,-1.40,-1.02,9.44,0.0179,0.0123,-0.0096,91963.08,810.34,-0.00,0.0237
201503,-1.41,-1.00,9.48,0.0180,0.0123,-0.0049,91963.03,810.34,0.02,0.0223
201563,-1.45,-1.02,9.45,0.0173,0.0125,-0.0059,91963.03,810.34,0.01,0.0222
201624,-1.41,-1.07,9.43,0.0188,0.0141,-0.0075,91963.03,810.34,0.01,0.0247
201684,-1.49,-1.01,9.49,0.0164,0.0111,-0.0088,91963.03,810.34,0.01,0.0216
201745,-1.44,-1.00,9.46,0.0143,0.0148,-0.0063,91963.03,810.34,0.00,0.0215
201805,-1.38,-1.05,9.45,0.0171,0.0149,-0.0064,91963.03,810.34,0.00,0.0235
201870,-1.46,-0.97,9.47,0.0144,0.0128,-0.0069,91963.03,810.34,0.00,0.0205
201929,-1.46,-1.02,9.47,0.0168,0.0131,-0.0067,91963.03,810.34,0.00,0.0223
201991,-1.37,-1.04,9.45,0.0195,0.0127,-0.0077,91963.03,810.34,0.00,0.0245
202050,-1.42,-0.97,9.46,0.0176,0.0101,-0.0081,91963.02,810.34,0.00,0.0219
202117,-1.44,-1.02,9.47,0.0143,0.0136,-0.0059,91963.02,810.34,0.00,0.0205
202176,-1.41,-1.06,9.43,0.0153,0.0124,-0.0068,91963.02,810.34,0.00,0.0208
202238,-1.41,-1.02,9.48,0.0176,0.0088,-0.0077,91963.02,810.34,0.00,0.0211
202302,-1.43,-1.03,9.45,0.0151,0.0137,-0.0051,91963.02,810.34,0.00,0.0210
202362,-1.42,-1.06,9.45,0.0171,0.0137,-0.0084,91963.02,810.34,0.00,0.0234
202423,-1.47,-1.00,9.43,0.0211,0.0117,-0.0057,91963.02,810.34,0.00,0.0248
202483,-1.44,-1.02,9.47,0.0168,0.0144,-0.0069,91963.02,810.34,0.00,0.0232
202544,-1.41,-1.04,9.44,0.0196,0.0111,-0.0052,91962.84,810.36,0.08,0.0231
202604,-1.43,-1.02,9.45,0.0181,0.0107,-0.0073,91962.84,810.36,0.06,0.0223
202665,-1.44,-1.00,9.48,0.0155,0.0148,-0.0059,91962.84,810.36,0.04,0.0222
202728,-1.40,-1.07,9.45,0.0145,0.0125,-0.0073,91962.84,810.36,0.03,0.0205
202790,-1.41,-1.02,9.45,0.0168,0.0127,-0.0056,91962.84,810.36,0.02,0.0218
202849,-1.43,-0.99,9.49,0.0145,0.0116,-0.0076,91962.84,810.36,0.01,0.0201
202911,-1.45,-1.04,9.43,0.0160,0.0109,-0.0052,91962.84,810.36,0.01,0.0200
202970,-1.41,-1.02,9.42,0.0191,0.0111,-0.0069,91962.84,810.36,0.01,0.0231
203032,-1.43,-1.00,9.49,0.0168,0.0123,-0.0061,91962.84,810.36,0.00,0.0217
203091,-1.46,-1.01,9.45,0.0184,0.0119,-0.0069,91962.84,810.36,0.00,0.0229
203156,-1.38,-1.03,9.46,0.0144,0.0120,-0.0049,91962.84,810.36,0.00,0.0194
203217,-1.42,-0.97,9.51,0.0175,0.0115,-0.0060,91962.84,810.36,0.00,0.0217
203277,-1.43,-1.01,9.47,0.0175,0.0111,-0.0069,91962.84,810.36,0.00,0.0218
203338,-1.44,-1.08,9.43,0.0192,0.0096,-0.0057,91962.84,810.36,0.00,0.0222
203398,-1.47,-0.97,9.49,0.0164,0.0091,-0.0052,91962.84,810.36,0.00,0.0194
203459,-1.46,-1.02,9.47,0.0161,0.0119,-0.0069,91962.84,810.36,0.00,0.0212
203519,-1.42,-1.03,9.43,0.0168,0.0135,-0.0075,91962.84,810.36,0.00,0.0228
203584,-1.46,-1.01,9.46,0.0167,0.0133,-0.0065,91963.16,810.33,-0.13,0.0223
203643,-1.44,-1.01,9.48,0.0124,0.0144,-0.0057,91963.16,810.33,-0.09,0.0198
203705,-1.42,-1.06,9.44,0.0156,0.0107,-0.0057,91963.16,810.33,-0.07,0.0197
203764,-1.40,-1.03,9.45,0.0160,0.0159,-0.0085,91963.16,810.33,-0.05,0.0241
203826,-1.47,-1.00,9.51,0.0172,0.0121,-0.0049,91963.16,810.33,-0.03,0.0216
203885,-1.45,-0.98,9.45,0.0164,0.0117,-0.0053,91963.16,810.33,-0.02,0.0208
203950,-1.41,-1.05,9.45,0.0179,0.0145,-0.0041,91963.16,810.33,-0.02,0.0234
204011,-1.47,-0.99,9.46,0.0173,0.0113,-0.0081,91963.16,810.33,-0.01,0.0222
204071,-1.43,-1.02,9.48,0.0157,0.0112,-0.0047,91962.81,810.36,0.15,0.0199
204137,-1.41,-1.02,9.46,0.0188,0.0129,-0.0076,91962.81,810.36,0.11,0.0240
204197,-1.43,-0.99,9.50,0.0173,0.0115,-0.0053,91962.81,810.36,0.07,0.0214
204258,-1.41,-1.02,9.46,0.0152,0.0100,-0.0041,91962.81,810.36,0.05,0.0186
204318,-1.44,-1.01,9.44,0.0168,0.0139,-0.0051,91962.81,810.36,0.04,0.0223
204383,-1.46,-0.98,9.49,0.0176,0.0127,-0.0051,91962.81,810.36,0.03,0.0223
204442,-1.44,-1.01,9.47,0.0164,0.0124,-0.0053,91962.81,810.36,0.02,0.0212
204504,-1.41,-1.05,9.43,0.0176,0.0119,-0.0073,91962.81,810.36,0.01,0.0224
204563,-1.43,-1.01,9.47,0.0183,0.0101,-0.0073,91962.81,810.36,0.01,0.0221
204625,-1.47,-0.99,9.49,0.0168,0.0133,-0.0085,91962.81,810.36,0.01,0.0231
204684,-1.41,-1.06,9.45,0.0179,0.0119,-0.0068,91962.81,810.36,0.00,0.0225
204746,-1.42,-1.01,9.45,0.0168,0.0104,-0.0057,91962.81,810.36,0.00,0.0206
204819,-1.41,-1.02,9.45,0.0172,0.0156,-0.0041,91962.81,810.36,0.00,0.0236
204881,-1.40,-1.02,9.46,0.0164,0.0115,-0.0088,91962.81,810.36,0.00,0.0218
204940,-1.43,-1.00,9.47,0.0183,0.0124,-0.0051,91962.81,810.36,0.00,0.0226
205002,-1.46,-0.97,9.48,0.0171,0.0109,-0.0077,91962.81,810.36,0.00,0.0217
205061,-1.41,-1.04,9.47,0.0148,0.0143,-0.0087,91962.75,810.37,0.03,0.0223
205123,-1.42,-1.01,9.46,0.0196,0.0140,-0.0051,91962.75,810.37,0.02,0.0246
205182,-1.46,-0.99,9.49,0.0157,0.0113,-0.0047,91962.75,810.37,0.01,0.0199
205247,-1.42,-1.02,9.44,0.0157,0.0131,-0.0073,91962.75,810.37,0.01,0.0217
205308,-1.42,-0.97,9.46,0.0168,0.0109,-0.0072,91962.75,810.37,0.01,0.0213
205369,-1.44,-1.00,9.50,0.0164,0.0139,-0.0075,91962.75,810.37,0.00,0.0227
205430,-1.41,-1.05,9.46,0.0167,0.0101,-0.0081,91962.75,810.37,0.00,0.0211
205491,-1.40,-1.01,9.47,0.0167,0.0096,-0.0052,91962.75,810.37,0.00,0.0199
205552,-1.48,-0.96,9.48,0.0163,0.0136,-0.0071,91962.75,810.37,0.00,0.0223
205612,-1.43,-1.02,9.45,0.0159,0.0123,-0.0052,91962.75,810.37,0.00,0.0207
205677,-1.43,-1.02,9.47,0.0179,0.0100,-0.0071,91962.75,810.37,0.00,0.0216
205736,-1.46,-0.99,9.48,0.0176,0.0132,-0.0051,91962.75,810.37,0.00,0.0226
205798,-1.41,-1.04,9.46,0.0161,0.0140,-0.0079,91962.75,810.37,0.00,0.0227
205857,-1.41,-1.02,9.43,0.0180,0.0113,-0.0068,91962.75,810.37,0.00,0.0223
205919,-1.46,-1.00,9.47,0.0163,0.0116,-0.0084,91962.75,810.37,0.00,0.0217
205978,-1.43,-1.03,9.45,0.0152,0.0081,-0.0069,91962.75,810.37,0.00,0.0186
206043,-1.42,-1.01,9.45,0.0160,0.0105,-0.0061,91962.75,810.37,0.00,0.0201
206104,-1.46,-1.01,9.47,0.0160,0.0121,-0.0044,91962.92,810.35,-0.07,0.0205
206170,-1.42,-1.05,9.44,0.0156,0.0113,-0.0068,91962.92,810.35,-0.05,0.0204
206231,-1.42,-1.03,9.46,0.0184,0.0125,-0.0055,91962.92,810.35,-0.04,0.0229
206292,-1.42,-0.94,9.48,0.0153,0.0105,-0.0055,91962.92,810.35,-0.03,0.0194
206353,-1.46,-1.02,9.46,0.0152,0.0116,-0.0048,91962.92,810.35,-0.02,0.0197
206414,-1.41,-1.06,9.45,0.0179,0.0112,-0.0056,91962.92,810.35,-0.01,0.0218
206479,-1.47,-1.02,9.49,0.0187,0.0128,-0.0071,91962.92,810.35,-0.01,0.0237
206538,-1.42,-1.03,9.43,0.0192,0.0140,-0.0096,91962.92,810.35,-0.01,0.0256
206600,-1.43,-1.04,9.44,0.0168,0.0131,-0.0076,91962.88,810.36,0.01,0.0226
206659,-1.44,-1.02,9.48,0.0177,0.0104,-0.0065,91962.88,810.36,0.01,0.0216
206721,-1.43,-0.99,9.47,0.0179,0.0117,-0.0065,91962.88,810.36,0.01,0.0223
206780,-1.40,-1.04,9.45,0.0184,0.0097,-0.0069,91962.88,810.36,0.00,0.0219
206842,-1.43,-0.99,9.50,0.0159,0.0108,-0.0084,91962.88,810.36,0.00,0.0209
206906,-1.46,-1.01,9.47,0.0160,0.0127,-0.0059,91962.88,810.36,0.00,0.0212
206967,-1.41,-1.04,9.45,0.0168,0.0129,-0.0056,91962.88,810.36,0.00,0.0219
207028,-1.44,-1.00,9.48,0.0196,0.0109,-0.0061,91962.88,810.36,0.00,0.0232
207089,-1.44,-0.97,9.46,0.0157,0.0137,-0.0061,91962.71,810.37,0.08,0.0217
207150,-1.41,-1.04,9.45,0.0192,0.0119,-0.0072,91962.71,810.37,0.05,0.0237
207211,-1.44,-0.98,9.50,0.0177,0.0140,-0.0059,91962.71,810.37,0.04,0.0233
207272,-1.46,-0.99,9.47,0.0176,0.0097,-0.0065,91962.71,810.37,0.03,0.0211
207335,-1.41,-1.02,9.43,0.0184,0.0121,-0.0060,91962.71,810.37,0.02,0.0228
207397,-1.47,-0.99,9.46,0.0192,0.0148,-0.0051,91962.71,810.37,0.01,0.0247
207456,-1.45,-0.96,9.48,0.0159,0.0107,-0.0056,91962.71,810.37,0.01,0.0199
207518,-1.41,-1.02,9.45,0.0153,0.0120,-0.0053,91962.71,810.37,0.01,0.0202
207577,-1.43,-1.01,9.44,0.0153,0.0125,-0.0073,91962.71,810.37,0.00,0.0211
207639,-1.44,-1.00,9.45,0.0168,0.0096,-0.0076,91962.88,810.36,-0.07,0.0208
207698,-1.44,-1.01,9.46,0.0148,0.0119,-0.0053,91962.88,810.36,-0.05,0.0197
207763,-1.43,-1.03,9.46,0.0177,0.0133,-0.0071,91962.88,810.36,-0.03,0.0233
207824,-1.43,-0.96,9.49,0.0176,0.0111,-0.0055,91962.88,810.36,-0.02,0.0215
207884,-1.45,-1.01,9.47,0.0152,0.0116,-0.0056,91962.88,810.36,-0.02,0.0199
207945,-1.39,-1.05,9.43,0.0196,0.0113,-0.0061,91962.88,810.36,-0.01,0.0234
208006,-1.43,-0.99,9.50,0.0175,0.0116,-0.0059,91962.88,810.36,-0.01,0.0218
208067,-1.43,-1.01,9.45,0.0168,0.0127,-0.0063,91962.88,810.36,-0.01,0.0219
208142,-1.44,-1.02,9.49,0.0172,0.0107,-0.0045,91962.70,810.37,0.06,0.0207
208208,-1.43,-1.01,9.46,0.0157,0.0119,-0.0048,91962.70,810.37,0.04,0.0203
208269,-1.41,-1.03,9.46,0.0168,0.0137,-0.0069,91962.70,810.37,0.03,0.0228
208330,-1.44,-0.99,9.49,0.0168,0.0125,-0.0083,91962.70,810.37,0.02,0.0225
208390,-1.46,-1.01,9.47,0.0151,0.0139,-0.0068,91962.70,810.37,0.01,0.0216
208451,-1.41,-1.04,9.45,0.0155,0.0133,-0.0073,91962.70,810.37,0.01,0.0217
208511,-1.44,-1.01,9.47,0.0167,0.0127,-0.0087,91962.70,810.37,0.01,0.0226
208576,-1.44,-1.01,9.46,0.0187,0.0132,-0.0072,91962.70,810.37,0.00,0.0240
208635,-1.40,-1.05,9.44,0.0160,0.0105,-0.0075,91962.50,810.39,0.09,0.0205
208697,-1.39,-0.99,9.47,0.0192,0.0117,-0.0071,91962.50,810.39,0.07,0.0236
208756,-1.45,-0.99,9.47,0.0143,0.0135,-0.0065,91962.50,810.39,0.05,0.0207
208818,-1.41,-1.01,9.45,0.0164,0.0108,-0.0045,91962.50,810.39,0.03,0.0201
208877,-1.44,-1.03,9.45,0.0172,0.0101,-0.0068,91962.50,810.39,0.02,0.0211
208939,-1.42,-0.96,9.48,0.0204,0.0123,-0.0060,91962.50,810.39,0.02,0.0245
209003,-1.43,-1.04,9.46,0.0193,0.0113,-0.0057,91962.50,810.39,0.01,0.0231
209064,-1.41,-1.01,9.46,0.0212,0.0107,-0.0064,91962.50,810.39,0.01,0.0246
209125,-1.44,-0.97,9.48,0.0184,0.0104,-0.0065,91962.47,810.39,0.02,0.0221
209186,-1.41,-1.00,9.44,0.0189,0.0121,-0.0048,91962.47,810.39,0.01,0.0230
209247,-1.39,-1.01,9.47,0.0161,0.0111,-0.0052,91962.47,810.39,0.01,0.0202
209307,-1.47,-0.98,9.46,0.0181,0.0121,-0.0081,91962.47,810.39,0.01,0.0233
209368,-1.46,-1.01,9.48,0.0175,0.0139,-0.0060,91962.47,810.39,0.00,0.0231
209431,-1.40,-1.03,9.43,0.0193,0.0139,-0.0064,91962.47,810.39,0.00,0.0246
209493,-1.42,-0.99,9.48,0.0165,0.0127,-0.0047,91962.47,810.39,0.00,0.0213
209552,-1.45,-0.99,9.47,0.0176,0.0103,-0.0059,91962.47,810.39,0.00,0.0212
209614,-1.45,-1.02,9.43,0.0165,0.0148,-0.0043,91962.47,810.38,-0.07,0.0226
209673,-1.41,-1.03,9.47,0.0189,0.0120,-0.0077,91962.64,810.38,-0.05,0.0237
209735,-1.45,-1.03,9.49,0.0184,0.0140,-0.0049,91962.64,810.38,-0.04,0.0236
209794,-1.43,-1.02,9.45,0.0165,0.0128,-0.0056,91962.64,810.38,-0.02,0.0216
209859,-1.43,-1.03,9.48,0.0157,0.0117,-0.0063,91962.64,810.38,-0.02,0.0206
209920,-1.44,-1.00,9.47,0.0139,0.0144,-0.0064,91962.64,810.38,-0.01,0.0210
209980,-1.42,-1.02,9.44,0.0184,0.0111,-0.0045,91962.64,810.38,-0.01,0.0219
210041,-1.40,-1.01,9.45,0.0188,0.0113,-0.0061,91962.64,810.38,-0.01,0.0228
210101,-1.48,-1.00,9.47,0.0135,0.0124,-0.0059,91962.64,810.38,-0.00,0.0192
210162,-1.43,-0.98,9.47,0.0143,0.0109,-0.0067,91962.78,810.37,-0.06,0.0192
210230,-1.45,-1.02,9.46,0.0188,0.0117,-0.0051,91962.78,810.37,-0.05,0.0227
210292,-1.46,-0.99,9.47,0.0185,0.0116,-0.0056,91962.78,810.37,-0.03,0.0226
210351,-1.41,-1.02,9.44,0.0151,0.0124,-0.0064,91962.78,810.37,-0.02,0.0205
210410,-1.39,-1.00,9.45,0.0177,0.0123,-0.0067,91962.78,810.37,-0.02,0.0226
210489,-1.42,-1.05,9.45,0.0165,0.0119,-0.0060,91962.78,810.37,-0.01,0.0212
210564,-1.43,-1.01,9.48,0.0161,0.0123,-0.0063,91962.78,810.37,-0.01,0.0212
210639,-1.43,-1.02,9.45,0.0161,0.0124,-0.0045,91962.95,810.35,-0.07,0.0208
210727,-1.37,-1.05,9.43,0.0153,0.0109,-0.0075,91962.95,810.35,-0.05,0.0202
210803,-1.44,-1.02,9.49,0.0160,0.0124,-0.0065,91962.95,810.35,-0.03,0.0213
210894,-1.45,-0.97,9.46,0.0183,0.0112,-0.0053,91962.95,810.35,-0.02,0.0221
210955,-1.43,-1.02,9.44,0.0159,0.0124,-0.0061,91962.95,810.35,-0.02,0.0210
211016,-1.41,-1.04,9.47,0.0168,0.0143,-0.0061,91962.95,810.35,-0.01,0.0229
211077,-1.47,-0.99,9.47,0.0163,0.0141,-0.0049,91962.95,810.35,-0.01,0.0221
211137,-1.43,-1.01,9.48,0.0164,0.0129,-0.0073,91963.11,810.34,-0.08,0.0221
211202,-1.43,-1.05,9.44,0.0183,0.0112,-0.0060,91963.11,810.34,-0.06,0.0222
211261,-1.46,-1.01,9.46,0.0145,0.0128,-0.0059,91963.11,810.34,-0.04,0.0202
211323,-1.41,-0.97,9.44,0.0183,0.0141,-0.0049,91963.11,810.34,-0.03,0.0236
211382,-1.41,-1.03,9.46,0.0177,0.0101,-0.0071,91963.11,810.34,-0.02,0.0216
211444,-1.44,-1.03,9.47,0.0171,0.0133,-0.0063,91963.11,810.34,-0.01,0.0225
211503,-1.43,-1.00,9.47,0.0159,0.0119,-0.0067,91963.11,810.34,-0.01,0.0209
211565,-1.40,-1.02,9.45,0.0187,0.0083,-0.0052,91963.11,810.34,-0.01,0.0211
211639,-1.46,-1.02,9.47,0.0151,0.0117,-0.0068,91963.11,810.34,-0.00,0.0203
211701,-1.42,-1.03,9.46,0.0171,0.0141,-0.0067,91963.11,810.34,-0.00,0.0231
211760,-1.38,-1.02,9.48,0.0177,0.0120,-0.0064,91963.11,810.34,-0.00,0.0223
211822,-1.47,-1.00,9.49,0.0193,0.0129,-0.0064,91963.11,810.34,-0.00,0.0241
211881,-1.41,-1.03,9.45,0.0161,0.0143,-0.0069,91963.11,810.34,-0.00,0.0226
211943,-1.41,-1.02,9.45,0.0180,0.0105,-0.0059,91963.11,810.34,-0.00,0.0216
212007,-1.47,-0.99,9.47,0.0176,0.0111,-0.0073,91963.11,810.34,-0.00,0.0220
212068,-1.41,-1.03,9.46,0.0152,0.0115,-0.0053,91963.11,810.34,-0.00,0.0198
212129,-1.41,-1.04,9.44,0.0147,0.0149,-0.0061,91963.11,810.34,-0.00,0.0218
212189,-1.41,-0.99,9.49,0.0184,0.0105,-0.0079,91962.88,810.36,0.10,0.0226
212255,-1.44,-1.01,9.49,0.0148,0.0108,-0.0045,91962.88,810.36,0.07,0.0189
212315,-1.41,-1.06,9.44,0.0181,0.0120,-0.0064,91962.88,810.36,0.05,0.0226
212376,-1.45,-0.98,9.46,0.0176,0.0127,-0.0077,91962.88,810.36,0.04,0.0230
212439,-1.43,-1.02,9.47,0.0168,0.0092,-0.0065,91962.88,810.36,0.02,0.0202
212501,-1.45,-1.05,9.45,0.0171,0.0153,-0.0060,91962.88,810.36,0.02,0.0237
212560,-1.43,-1.00,9.49,0.0151,0.0125,-0.0064,91962.88,810.36,0.01,0.0206
212622,-1.42,-1.02,9.45,0.0191,0.0105,-0.0057,91962.88,810.36,0.01,0.0225
212681,-1.44,-1.02,9.45,0.0177,0.0127,-0.0041,91963.22,810.33,-0.15,0.0222
212743,-1.42,-1.01,9.49,0.0161,0.0127,-0.0096,91963.22,810.33,-0.10,0.0226
212802,-1.43,-1.01,9.47,0.0163,0.0143,-0.0048,91963.22,810.33,-0.07,0.0221
212867,-1.41,-1.03,9.47,0.0183,0.0095,-0.0039,91963.22,810.33,-0.05,0.0209
212928,-1.46,-0.97,9.46,0.0168,0.0109,-0.0080,91963.22,810.33,-0.04,0.0216
212988,-1.42,-1.02,9.46,0.0144,0.0128,-0.0047,91963.22,810.33,-0.03,0.0198
213049,-1.43,-1.05,9.45,0.0167,0.0124,-0.0067,91963.22,810.33,-0.02,0.0218
213109,-1.42,-1.00,9.46,0.0163,0.0113,-0.0061,91963.22,810.33,-0.01,0.0207
213170,-1.45,-1.00,9.47,0.0168,0.0117,-0.0067,91963.22,810.33,-0.01,0.0215
213230,-1.42,-0.99,9.43,0.0160,0.0136,-0.0044,91963.22,810.33,-0.01,0.0214
213295,-1.43,-0.99,9.46,0.0177,0.0103,-0.0057,91963.22,810.33,-0.00,0.0213
213354,-1.45,-1.01,9.46,0.0153,0.0139,-0.0068,91963.22,810.33,-0.00,0.0217
213416,-1.41,-1.04,9.45,0.0157,0.0131,-0.0077,91963.22,810.33,-0.00,0.0218
213475,-1.39,-1.03,9.48,0.0171,0.0124,-0.0063,91963.22,810.33,-0.00,0.0220
213537,-1.42,-1.00,9.50,0.0163,0.0131,-0.0061,91963.22,810.33,-0.00,0.0217
213596,-1.42,-1.04,9.48,0.0175,0.0125,-0.0056,91963.22,810.33,-0.00,0.0222
213661,-1.42,-1.03,9.49,0.0183,0.0123,-0.0052,91963.22,810.33,-0.00,0.0226
213722,-1.42,-0.98,9.49,0.0183,0.0109,-0.0072,91962.84,810.36,0.17,0.0225
213782,-1.45,-1.03,9.45,0.0188,0.0127,-0.0053,91962.84,810.36,0.12,0.0233
213843,-1.42,-1.06,9.48,0.0205,0.0107,-0.0063,91962.84,810.36,0.08,0.0240
213903,-1.43,-1.00,9.49,0.0168,0.0164,-0.0052,91962.84,810.36,0.06,0.0240
213964,-1.44,-1.03,9.45,0.0141,0.0111,-0.0059,91962.84,810.36,0.04,0.0189
214024,-1.39,-1.04,9.45,0.0179,0.0109,-0.0061,91962.84,810.36,0.03,0.0218
214089,-1.44,-0.99,9.46,0.0175,0.0116,-0.0087,91962.84,810.36,0.02,0.0227
214148,-1.41,-0.98,9.49,0.0164,0.0105,-0.0060,91962.84,810.36,0.01,0.0204
214210,-1.41,-1.05,9.44,0.0156,0.0128,-0.0087,91963.02,810.34,-0.07,0.0219
214274,-1.44,-0.99,9.48,0.0172,0.0116,-0.0088,91963.02,810.34,-0.05,0.0225
214336,-1.42,-1.00,9.42,0.0153,0.0128,-0.0048,91963.02,810.34,-0.03,0.0205
214395,-1.40,-1.03,9.45,0.0167,0.0097,-0.0060,91963.02,810.34,-0.02,0.0202
214457,-1.44,-1.03,9.46,0.0191,0.0120,-0.0061,91963.02,810.34,-0.02,0.0233
214521,-1.43,-1.03,9.49,0.0177,0.0092,-0.0052,91963.02,810.34,-0.01,0.0206
214581,-1.42,-1.01,9.43,0.0181,0.0125,-0.0079,91963.02,810.34,-0.01,0.0234
214642,-1.42,-1.02,9.46,0.0184,0.0095,-0.0056,91963.02,810.34,-0.01,0.0214
214702,-1.44,-0.99,9.47,0.0144,0.0124,-0.0052,91963.18,810.33,-0.08,0.0197
214763,-1.43,-1.04,9.46,0.0163,0.0124,-0.0064,91963.18,810.33,-0.05,0.0214
214823,-1.41,-1.02,9.46,0.0172,0.0113,-0.0045,91963.18,810.33,-0.04,0.0211
214884,-1.47,-1.01,9.48,0.0172,0.0093,-0.0068,91963.18,810.33,-0.03,0.0207
214959,-1.42,-1.02,9.45,0.0163,0.0112,-0.0072,91963.18,810.33,-0.02,0.0210
215020,-1.46,-1.01,9.48,0.0171,0.0129,-0.0048,91963.18,810.33,-0.01,0.0219
215080,-1.43,-0.99,9.44,0.0148,0.0109,-0.0064,91963.18,810.33,-0.01,0.0195
215141,-1.44,-1.03,9.44,0.0156,0.0133,-0.0075,91963.18,810.33,-0.01,0.0218
215201,-1.40,-1.00,9.47,0.0156,0.0145,-0.0071,91963.32,810.32,-0.07,0.0224
215262,-1.44,-0.99,9.48,0.0159,0.0121,-0.0081,91963.32,810.32,-0.05,0.0216
215325,-1.40,-1.04,9.44,0.0160,0.0121,-0.0055,91963.32,810.32,-0.03,0.0208
215387,-1.44,-1.00,9.46,0.0177,0.0129,-0.0048,91963.32,810.32,-0.02,0.0225
215446,-1.46,-0.98,9.46,0.0143,0.0095,-0.0044,91963.32,810.32,-0.02,0.0177
215508,-1.43,-1.05,9.45,0.0167,0.0123,-0.0068,91963.32,810.32,-0.01,0.0218
215567,-1.40,-1.00,9.47,0.0171,0.0120,-0.0072,91963.32,810.32,-0.01,0.0221
215629,-1.45,-1.00,9.50,0.0184,0.0104,-0.0072,91963.32,810.32,-0.01,0.0223
215688,-1.43,-1.05,9.45,0.0165,0.0136,-0.0048,91963.32,810.32,-0.00,0.0219
215753,-1.41,-1.02,9.46,0.0157,0.0113,-0.0084,91963.46,810.30,-0.06,0.0211
215814,-1.47,-1.01,9.48,0.0163,0.0123,-0.0057,91963.46,810.30,-0.04,0.0211
215874,-1.41,-1.03,9.45,0.0145,0.0137,-0.0071,91963.46,810.30,-0.03,0.0212
215935,-1.41,-1.05,9.44,0.0177,0.0129,-0.0064,91963.46,810.30,-0.02,0.0228
215995,-1.40,-1.01,9.49,0.0180,0.0115,-0.0056,91963.46,810.30,-0.01,0.0220
216056,-1.43,-1.01,9.46,0.0156,0.0115,-0.0071,91963.46,810.30,-0.01,0.0206
216116,-1.42,-1.00,9.44,0.0180,0.0105,-0.0067,91963.46,810.30,-0.01,0.0219
216181,-1.45,-0.99,9.47,0.0147,0.0139,-0.0067,91963.46,810.30,-0.00,0.0212
216240,-1.47,-1.01,9.46,0.0163,0.0127,-0.0071,91963.29,810.32,0.07,0.0218
216307,-1.41,-1.03,9.48,0.0177,0.0149,-0.0049,91963.29,810.32,0.05,0.0237
216366,-1.45,-0.99,9.47,0.0179,0.0155,-0.0053,91963.29,810.32,0.04,0.0242
216428,-1.42,-1.00,9.46,0.0172,0.0108,-0.0037,91963.29,810.32,0.03,0.0206
216487,-1.40,-1.05,9.46,0.0171,0.0112,-0.0069,91963.29,810.32,0.02,0.0215
216549,-1.44,-0.98,9.44,0.0192,0.0117,-0.0083,91963.29,810.32,0.01,0.0240
216613,-1.45,-1.00,9.45,0.0173,0.0104,-0.0043,91963.29,810.32,0.01,0.0206
216673,-1.41,-1.05,9.45,0.0168,0.0113,-0.0069,91963.29,810.32,0.01,0.0214
216734,-1.42,-0.98,9.47,0.0196,0.0128,-0.0055,91963.45,810.30,-0.07,0.0240
216794,-1.44,-0.98,9.49,0.0184,0.0112,-0.0071,91963.45,810.30,-0.05,0.0227
216855,-1.41,-1.05,9.43,0.0193,0.0131,-0.0064,91963.45,810.30,-0.03,0.0242
216915,-1.39,-1.03,9.45,0.0181,0.0105,-0.0068,91963.45,810.30,-0.02,0.0220
216976,-1.46,-0.98,9.52,0.0152,0.0125,-0.0021,91963.45,810.30,-0.02,0.0198
217035,-1.42,-1.03,9.44,0.0176,0.0131,-0.0041,91963.45,810.30,-0.01,0.0223
217096,-1.44,-1.05,9.46,0.0172,0.0127,-0.0035,91963.45,810.30,-0.01,0.0216
217156,-1.45,-1.00,9.49,0.0184,0.0117,-0.0069,91963.45,810.30,-0.01,0.0229
217217,-1.44,-1.00,9.47,0.0161,0.0121,-0.0035,91963.45,810.30,-0.00,0.0205
217277,-1.37,-1.04,9.45,0.0165,0.0127,-0.0052,91963.42,810.31,0.01,0.0215
217338,-1.40,-0.99,9.49,0.0165,0.0116,-0.0071,91963.42,810.31,0.01,0.0214
217401,-1.47,-0.98,9.48,0.0157,0.0117,-0.0047,91963.42,810.31,0.01,0.0202
217463,-1.39,-1.04,9.46,0.0163,0.0129,-0.0053,91963.42,810.31,0.00,0.0214
217522,-1.41,-1.02,9.47,0.0183,0.0093,-0.0080,91963.42,810.31,0.00,0.0220
217584,-1.44,-0.99,9.48,0.0167,0.0111,-0.0061,91963.42,810.31,0.00,0.0209
217643,-1.41,-1.01,9.47,0.0171,0.0136,-0.0053,91963.42,810.31,0.00,0.0224
217705,-1.40,-0.99,9.47,0.0168,0.0119,-0.0051,91963.42,810.31,0.00,0.0212
217764,-1.44,-1.00,9.47,0.0172,0.0120,-0.0077,91962.91,810.35,0.24,0.0223
217979,-1.41,-1.03,9.46,0.0177,0.0121,-0.0069,91962.91,810.35,0.17,0.0226
218190,-1.45,-0.99,9.47,0.0144,0.0141,-0.0057,91962.91,810.35,0.12,0.0210
218406,-1.42,-1.00,9.47,0.0161,0.0135,-0.0073,91962.91,810.35,0.08,0.0222
218617,-1.41,-1.02,9.46,0.0136,0.0115,-0.0065,91962.91,810.35,0.06,0.0189
218828,-1.43,-0.97,9.48,0.0187,0.0104,-0.0089,91963.05,810.34,0.02,0.0231
219058,-1.39,-1.01,9.47,0.0212,0.0124,-0.0068,91963.05,810.34,0.01,0.0255
219269,-1.46,-0.99,9.47,0.0163,0.0141,-0.0051,91963.02,810.34,0.01,0.0221
219496,-1.44,-0.98,9.49,0.0172,0.0120,-0.0053,91963.02,810.34,0.01,0.0216
219557,-1.44,-1.05,9.45,0.0180,0.0124,-0.0065,91963.02,810.34,0.01,0.0228
219619,-1.43,-1.02,9.45,0.0184,0.0137,-0.0057,91963.02,810.34,0.01,0.0236
219680,-1.45,-0.98,9.49,0.0192,0.0116,-0.0059,91963.02,810.34,0.00,0.0232
219742,-1.44,-1.04,9.45,0.0149,0.0124,-0.0040,91963.02,810.34,0.00,0.0198
219803,-1.40,-1.02,9.46,0.0192,0.0120,-0.0068,91963.19,810.33,-0.08,0.0236
219865,-1.47,-0.98,9.48,0.0156,0.0129,-0.0064,91963.19,810.33,-0.05,0.0212
219929,-1.41,-1.05,9.44,0.0157,0.0088,-0.0061,91963.19,810.33,-0.04,0.0190
219991,-1.46,-1.02,9.48,0.0218,0.0147,-0.0092,91963.19,810.33,-0.03,0.0279
220050,-1.46,-1.00,9.48,0.0181,0.0129,-0.0080,91963.19,810.33,-0.02,0.0236
220112,-1.44,-1.03,9.45,0.0144,0.0096,-0.0051,91963.19,810.33,-0.01,0.0180
220171,-1.40,-1.02,9.44,0.0171,0.0109,-0.0057,91963.19,810.33,-0.01,0.0210
220233,-1.43,-1.01,9.48,0.0160,0.0119,-0.0051,91963.19,810.33,-0.01,0.0205
220297,-1.44,-1.04,9.45,0.0148,0.0116,-0.0060,91963.01,810.34,0.07,0.0197
220357,-1.41,-1.04,9.44,0.0180,0.0131,-0.0072,91963.01,810.34,0.05,0.0234
220423,-1.45,-0.96,9.47,0.0165,0.0125,-0.0049,91963.01,810.34,0.04,0.0213
220483,-1.41,-0.99,9.48,0.0176,0.0101,-0.0057,91963.01,810.34,0.02,0.0211
220544,-1.38,-1.05,9.45,0.0152,0.0125,-0.0081,91963.01,810.34,0.02,0.0213
220604,-1.43,-0.99,9.50,0.0159,0.0127,-0.0069,91963.01,810.34,0.01,0.0214
220665,-1.43,-1.00,9.46,0.0163,0.0133,-0.0059,91963.01,810.34,0.01,0.0218
220728,-1.44,-1.05,9.45,0.0193,0.0116,-0.0064,91963.01,810.34,0.01,0.0234
220790,-1.45,-0.98,9.49,0.0159,0.0120,-0.0048,91963.16,810.33,-0.06,0.0204
220849,-1.45,-1.03,9.47,0.0167,0.0107,-0.0043,91963.16,810.33,-0.04,0.0202
220911,-1.45,-1.03,9.45,0.0188,0.0115,-0.0077,91963.16,810.33,-0.03,0.0233
220970,-1.41,-1.02,9.48,0.0180,0.0112,-0.0092,91963.16,810.33,-0.02,0.0231
221032,-1.44,-1.01,9.48,0.0159,0.0132,-0.0052,91963.16,810.33,-0.01,0.0213
221091,-1.43,-1.04,9.43,0.0168,0.0135,-0.0056,91963.16,810.33,-0.01,0.0222
221156,-1.41,-1.01,9.47,0.0181,0.0113,-0.0077,91963.16,810.33,-0.01,0.0227
221217,-1.42,-1.01,9.45,0.0167,0.0136,-0.0071,91963.16,810.33,-0.01,0.0226
221277,-1.40,-1.02,9.45,0.0131,0.0104,-0.0080,91963.16,810.33,-0.00,0.0185
221338,-1.42,-1.00,9.47,0.0188,0.0131,-0.0069,91963.31,810.32,-0.07,0.0239
221398,-1.46,-0.99,9.49,0.0149,0.0128,-0.0068,91963.31,810.32,-0.05,0.0208
221459,-1.41,-1.02,9.45,0.0172,0.0108,-0.0057,91963.31,810.32,-0.03,0.0211
221519,-1.43,-1.01,9.44,0.0152,0.0117,-0.0061,91963.31,810.32,-0.02,0.0201
221584,-1.48,-0.99,9.49,0.0149,0.0117,-0.0041,91963.31,810.32,-0.02,0.0194
221643,-1.40,-1.02,9.44,0.0168,0.0131,-0.0057,91963.31,810.32,-0.01,0.0220
221705,-1.38,-1.03,9.45,0.0180,0.0132,-0.0068,91963.31,810.32,-0.01,0.0233
221764,-1.41,-0.98,9.50,0.0165,0.0132,-0.0051,91963.31,810.32,-0.01,0.0217
221826,-1.45,-0.98,9.46,0.0152,0.0123,-0.0056,91962.97,810.35,0.15,0.0203
221885,-1.40,-1.04,9.47,0.0176,0.0113,-0.0056,91962.97,810.35,0.10,0.0217
221947,-1.46,-0.98,9.48,0.0167,0.0105,-0.0073,91962.97,810.35,0.07,0.0210
222011,-1.42,-1.00,9.47,0.0145,0.0113,-0.0067,91962.97,810.35,0.05,0.0196
222071,-1.41,-1.02,9.42,0.0193,0.0119,-0.0085,91962.97,810.35,0.03,0.0242
222132,-1.41,-1.00,9.47,0.0197,0.0115,-0.0057,91962.97,810.35,0.02,0.0235
222192,-1.46,-0.97,9.47,0.0144,0.0128,-0.0067,91962.97,810.35,0.02,0.0204
222253,-1.44,-1.03,9.43,0.0147,0.0137,-0.0037,91962.97,810.35,0.01,0.0204
222313,-1.41,-0.99,9.47,0.0173,0.0156,-0.0081,91962.80,810.36,0.08,0.0247
222378,-1.43,-0.99,9.50,0.0175,0.0108,-0.0072,91962.80,810.36,0.06,0.0217
222442,-1.40,-1.02,9.44,0.0171,0.0136,-0.0060,91962.80,810.36,0.04,0.0226
222504,-1.45,-1.01,9.48,0.0156,0.0144,-0.0063,91962.80,810.36,0.03,0.0221
222563,-1.45,-1.00,9.48,0.0164,0.0135,-0.0084,91962.80,810.36,0.02,0.0228
222625,-1.42,-1.07,9.46,0.0183,0.0112,-0.0065,91962.80,810.36,0.01,0.0224
222684,-1.39,-1.05,9.43,0.0165,0.0117,-0.0037,91962.80,810.36,0.01,0.0206
222746,-1.45,-0.99,9.49,0.0177,0.0120,-0.0073,91962.80,810.36,0.01,0.0226
222819,-1.40,-1.00,9.46,0.0153,0.0100,-0.0056,91962.94,810.35,-0.05,0.0191
222881,-1.44,-0.99,9.46,0.0160,0.0111,-0.0083,91962.94,810.35,-0.03,0.0211
222940,-1.47,-0.96,9.47,0.0160,0.0123,-0.0041,91962.94,810.35,-0.02,0.0206
223002,-1.40,-1.04,9.46,0.0161,0.0119,-0.0055,91962.94,810.35,-0.02,0.0207
223061,-1.43,-1.02,9.47,0.0171,0.0103,-0.0047,91962.94,810.35,-0.01,0.0204
223123,-1.45,-1.02,9.46,0.0159,0.0124,-0.0065,91962.94,810.35,-0.01,0.0212
223182,-1.44,-1.01,9.47,0.0176,0.0165,-0.0068,91962.94,810.35,-0.01,0.0251
223247,-1.43,-1.00,9.46,0.0164,0.0099,-0.0095,91962.94,810.35,-0.00,0.0213
223308,-1.45,-0.97,9.47,0.0193,0.0099,-0.0052,91962.94,810.35,-0.00,0.0223
223368,-1.41,-0.99,9.44,0.0161,0.0129,-0.0084,91962.73,810.37,0.09,0.0223
223429,-1.41,-1.05,9.46,0.0192,0.0125,-0.0075,91962.73,810.37,0.06,0.0241
223489,-1.41,-0.98,9.48,0.0147,0.0117,-0.0053,91962.73,810.37,0.04,0.0195
223550,-1.44,-1.01,9.45,0.0168,0.0156,-0.0073,91962.73,810.37,0.03,0.0241
223610,-1.43,-1.02,9.44,0.0160,0.0136,-0.0079,91962.73,810.37,0.02,0.0224
223675,-1.42,-1.00,9.47,0.0168,0.0119,-0.0072,91962.73,810.37,0.02,0.0218
223734,-1.43,-0.97,9.44,0.0167,0.0104,-0.0065,91962.73,810.37,0.01,0.0207
223796,-1.41,-1.03,9.44,0.0176,0.0136,-0.0053,91962.73,810.37,0.01,0.0229
223855,-1.40,-1.04,9.45,0.0181,0.0113,-0.0064,91962.73,810.37,0.01,0.0223
223917,-1.46,-0.98,9.48,0.0179,0.0144,-0.0076,91962.73,810.37,0.00,0.0242
223976,-1.48,-1.01,9.44,0.0156,0.0132,-0.0069,91962.73,810.37,0.00,0.0216
224038,-1.38,-1.02,9.45,0.0188,0.0112,-0.0067,91962.73,810.37,0.00,0.0229
224102,-1.46,-0.97,9.45,0.0171,0.0124,-0.0073,91962.73,810.37,0.00,0.0223
224162,-1.43,-1.00,9.43,0.0131,0.0105,-0.0064,91962.73,810.37,0.00,0.0179
224223,-1.38,-1.02,9.44,0.0171,0.0132,-0.0072,91962.73,810.37,0.00,0.0227
224283,-1.45,-0.98,9.49,0.0173,0.0149,-0.0059,91962.73,810.37,0.00,0.0236
224344,-1.42,-1.01,9.46,0.0163,0.0136,-0.0068,91962.39,810.40,0.15,0.0222
224404,-1.43,-1.03,9.45,0.0151,0.0117,-0.0083,91962.39,810.40,0.11,0.0208
224474,-1.45,-0.99,9.52,0.0148,0.0125,-0.0077,91962.39,810.40,0.07,0.0209
224533,-1.44,-1.03,9.50,0.0152,0.0132,-0.0048,91962.39,810.40,0.05,0.0207
224595,-1.42,-1.05,9.46,0.0188,0.0096,-0.0072,91962.39,810.40,0.04,0.0223
224654,-1.49,-0.99,9.49,0.0191,0.0144,-0.0069,91962.39,810.40,0.03,0.0249
224716,-1.44,-1.00,9.46,0.0176,0.0111,-0.0060,91962.39,810.40,0.02,0.0216
224775,-1.42,-1.04,9.43,0.0155,0.0129,-0.0057,91962.39,810.40,0.01,0.0209
224837,-1.46,-1.01,9.48,0.0191,0.0101,-0.0073,91962.36,810.40,0.02,0.0228
224901,-1.44,-1.01,9.44,0.0161,0.0127,-0.0041,91962.36,810.40,0.02,0.0209
224961,-1.41,-1.01,9.44,0.0149,0.0096,-0.0048,91962.36,810.40,0.01,0.0184
225022,-1.43,-1.00,9.50,0.0163,0.0131,-0.0067,91962.36,810.40,0.01,0.0219
225082,-1.46,-1.00,9.47,0.0181,0.0117,-0.0031,91962.36,810.40,0.01,0.0218
225143,-1.40,-1.05,9.46,0.0192,0.0107,-0.0061,91962.36,810.40,0.00,0.0228
225203,-1.44,-0.99,9.47,0.0157,0.0137,-0.0053,91962.36,810.40,0.00,0.0215
225264,-1.46,-1.01,9.46,0.0168,0.0109,-0.0061,91962.36,810.40,0.00,0.0209
225327,-1.41,-1.01,9.47,0.0173,0.0133,-0.0049,91962.36,810.40,0.00,0.0224
225389,-1.43,-1.00,9.44,0.0141,0.0109,-0.0063,91962.36,810.40,0.00,0.0189
225448,-1.44,-0.97,9.45,0.0159,0.0108,-0.0041,91962.36,810.40,0.00,0.0196
225510,-1.41,-1.04,9.44,0.0196,0.0124,-0.0055,91962.36,810.40,0.00,0.0238
225569,-1.42,-1.02,9.44,0.0183,0.0127,-0.0052,91962.36,810.40,0.00,0.0228
225631,-1.45,-1.00,9.50,0.0189,0.0132,-0.0077,91962.36,810.40,0.00,0.0243
225690,-1.42,-1.00,9.43,0.0148,0.0120,-0.0039,91962.36,810.40,0.00,0.0194
225755,-1.42,-1.02,9.45,0.0176,0.0113,-0.0092,91962.36,810.40,0.00,0.0228
225816,-1.45,-1.01,9.47,0.0177,0.0083,-0.0055,91962.36,810.40,0.00,0.0203
225876,-1.42,-1.04,9.45,0.0177,0.0148,-0.0044,91962.18,810.42,0.08,0.0235
225937,-1.41,-1.06,9.45,0.0171,0.0147,-0.0079,91962.18,810.42,0.06,0.0238
225997,-1.41,-0.99,9.49,0.0199,0.0151,-0.0061,91962.18,810.42,0.04,0.0257
226056,-1.44,-1.02,9.43,0.0165,0.0119,-0.0064,91962.18,810.42,0.03,0.0213
226270,-1.43,-0.99,9.45,0.0181,0.0132,-0.0069,91962.18,810.42,0.02,0.0235
227175,-1.45,-1.00,9.44,0.0147,0.0121,-0.0085,91961.81,810.45,0.02,0.0208
227235,-1.41,-1.03,9.44,0.0187,0.0147,-0.0083,91961.81,810.45,0.02,0.0251
227296,-1.42,-1.02,9.46,0.0160,0.0123,-0.0053,91961.81,810.45,0.01,0.0208
227356,-1.42,-1.01,9.50,0.0159,0.0111,-0.0081,91961.81,810.45,0.01,0.0210
227417,-1.41,-1.02,9.44,0.0176,0.0113,-0.0056,91961.95,810.44,-0.06,0.0217
227477,-1.39,-1.00,9.46,0.0197,0.0103,-0.0071,91961.95,810.44,-0.04,0.0233
227542,-1.47,-1.00,9.50,0.0189,0.0137,-0.0043,91961.95,810.44,-0.03,0.0238
227601,-1.44,-1.03,9.45,0.0168,0.0120,-0.0057,91961.95,810.44,-0.02,0.0214
227663,-1.43,-1.02,9.48,0.0155,0.0120,-0.0068,91961.95,810.44,-0.01,0.0207
227722,-1.43,-0.99,9.48,0.0165,0.0111,-0.0045,91961.95,810.44,-0.01,0.0204
227784,-1.45,-1.02,9.46,0.0171,0.0117,-0.0052,91961.95,810.44,-0.01,0.0213
227843,-1.41,-1.02,9.45,0.0183,0.0125,-0.0068,91961.95,810.44,-0.00,0.0232
227905,-1.45,-1.00,9.49,0.0181,0.0101,-0.0073,91961.74,810.46,0.09,0.0220
227969,-1.42,-1.02,9.48,0.0129,0.0132,-0.0061,91961.74,810.46,0.06,0.0195
228029,-1.40,-1.06,9.46,0.0176,0.0120,-0.0072,91961.74,810.46,0.04,0.0225
228090,-1.44,-0.99,9.47,0.0189,0.0113,-0.0077,91961.74,810.46,0.03,0.0234
228150,-1.46,-1.00,9.46,0.0157,0.0127,-0.0067,91961.74,810.46,0.02,0.0213
228211,-1.41,-1.02,9.44,0.0144,0.0127,-0.0075,91961.74,810.46,0.01,0.0206
228271,-1.44,-0.99,9.50,0.0175,0.0135,-0.0064,91961.74,810.46,0.01,0.0229
228332,-1.43,-0.99,9.45,0.0176,0.0099,-0.0045,91961.74,810.46,0.01,0.0207
228395,-1.43,-1.03,9.46,0.0163,0.0137,-0.0067,91961.91,810.44,-0.07,0.0223
228457,-1.43,-0.99,9.48,0.0164,0.0121,-0.0060,91961.91,810.44,-0.05,0.0212
228516,-1.46,-1.03,9.47,0.0184,0.0112,-0.0049,91961.91,810.44,-0.03,0.0221
228578,-1.41,-1.05,9.45,0.0156,0.0131,-0.0057,91961.91,810.44,-0.02,0.0211
228637,-1.44,-1.02,9.45,0.0189,0.0132,-0.0079,91961.91,810.44,-0.02,0.0244
228699,-1.47,-0.98,9.49,0.0156,0.0113,-0.0076,91961.91,810.44,-0.01,0.0207
228758,-1.43,-1.02,9.43,0.0160,0.0117,-0.0059,91961.91,810.44,-0.01,0.0207
228823,-1.39,-1.03,9.46,0.0189,0.0119,-0.0044,91961.91,810.44,-0.01,0.0228
228884,-1.44,-0.97,9.45,0.0136,0.0111,-0.0045,91961.91,810.44,-0.00,0.0181
228944,-1.42,-0.99,9.44,0.0164,0.0137,-0.0045,91961.91,810.44,-0.00,0.0218
229005,-1.41,-1.04,9.45,0.0172,0.0124,-0.0072,91961.91,810.44,-0.00,0.0224
229065,-1.44,-0.98,9.47,0.0189,0.0096,-0.0049,91961.91,810.44,-0.00,0.0218
229126,-1.44,-1.00,9.48,0.0132,0.0104,-0.0056,91961.91,810.44,-0.00,0.0177
229191,-1.37,-1.02,9.44,0.0187,0.0125,-0.0087,91961.91,810.44,-0.00,0.0241
229256,-1.44,-0.99,9.48,0.0184,0.0121,-0.0071,91961.91,810.44,-0.00,0.0231
229315,-1.41,-1.03,9.45,0.0155,0.0103,-0.0033,91961.91,810.44,-0.00,0.0188
229377,-1.40,-1.04,9.46,0.0179,0.0115,-0.0045,91961.91,810.44,-0.00,0.0217
229436,-1.45,-1.01,9.46,0.0204,0.0115,-0.0064,91962.08,810.43,-0.08,0.0242
229498,-1.43,-1.04,9.48,0.0163,0.0117,-0.0069,91962.08,810.43,-0.05,0.0212
229557,-1.40,-1.04,9.45,0.0152,0.0129,-0.0063,91962.08,810.43,-0.04,0.0209
229622,-1.44,-0.98,9.48,0.0172,0.0129,-0.0047,91962.08,810.43,-0.03,0.0220
229683,-1.44,-1.00,9.45,0.0156,0.0099,-0.0057,91962.08,810.43,-0.02,0.0193
229743,-1.42,-1.03,9.42,0.0172,0.0137,-0.0079,91962.08,810.43,-0.01,0.0234
229804,-1.39,-1.02,9.44,0.0191,0.0131,-0.0065,91962.08,810.43,-0.01,0.0240
229864,-1.43,-0.98,9.47,0.0183,0.0088,-0.0065,91962.08,810.43,-0.01,0.0213
229925,-1.44,-1.01,9.45,0.0155,0.0100,-0.0073,91961.88,810.45,0.08,0.0198
229985,-1.42,-1.01,9.47,0.0173,0.0135,-0.0059,91961.88,810.45,0.06,0.0227
230050,-1.45,-1.00,9.48,0.0152,0.0111,-0.0065,91961.88,810.45,0.04,0.0199
230109,-1.42,-1.02,9.48,0.0193,0.0113,-0.0067,91961.88,810.45,0.03,0.0234
230171,-1.40,-1.06,9.46,0.0203,0.0105,-0.0057,91961.88,810.45,0.02,0.0235
230230,-1.45,-0.99,9.47,0.0160,0.0089,-0.0068,91961.88,810.45,0.01,0.0195
230292,-1.44,-0.98,9.46,0.0156,0.0108,-0.0031,91961.88,810.45,0.01,0.0192
230351,-1.40,-1.05,9.44,0.0163,0.0131,-0.0060,91961.88,810.45,0.01,0.0217
230413,-1.40,-1.01,9.45,0.0203,0.0113,-0.0047,91962.05,810.43,-0.07,0.0237
230486,-1.41,-1.04,9.47,0.0191,0.0100,-0.0076,91962.05,810.43,-0.05,0.0228
230548,-1.39,-1.00,9.46,0.0171,0.0112,-0.0043,91962.05,810.43,-0.03,0.0208
230607,-1.47,-0.99,9.48,0.0167,0.0121,-0.0079,91962.05,810.43,-0.02,0.0220
230669,-1.47,-1.06,9.44,0.0188,0.0109,-0.0060,91962.05,810.43,-0.02,0.0225
230728,-1.38,-1.04,9.46,0.0164,0.0132,-0.0083,91962.05,810.43,-0.01,0.0226
230790,-1.47,-1.00,9.47,0.0153,0.0109,-0.0057,91962.05,810.43,-0.01,0.0197
230849,-1.43,-0.97,9.45,0.0176,0.0100,-0.0061,91962.05,810.43,-0.01,0.0211
230914,-1.41,-1.04,9.46,0.0164,0.0143,-0.0093,91962.05,810.43,-0.00,0.0236
230975,-1.43,-0.99,9.49,0.0177,0.0136,-0.0072,91962.02,810.43,0.01,0.0235
231035,-1.44,-1.01,9.47,0.0155,0.0123,-0.0055,91962.02,810.43,0.01,0.0205
231096,-1.41,-1.07,9.45,0.0165,0.0135,-0.0049,91962.02,810.43,0.01,0.0219
231156,-1.41,-1.00,9.45,0.0167,0.0117,-0.0055,91962.02,810.43,0.00,0.0211
231222,-1.44,-1.00,9.46,0.0175,0.0111,-0.0051,91962.02,810.43,0.00,0.0213
231285,-1.41,-1.03,9.44,0.0171,0.0119,-0.0048,91962.02,810.43,0.00,0.0213
231347,-1.45,-0.99,9.48,0.0193,0.0127,-0.0064,91962.02,810.43,0.00,0.0240
231406,-1.46,-1.02,9.47,0.0164,0.0120,-0.0065,91962.02,810.43,0.00,0.0213
231468,-1.39,-1.04,9.43,0.0181,0.0131,-0.0063,91962.16,810.42,-0.06,0.0232
231527,-1.43,-1.00,9.49,0.0196,0.0124,-0.0061,91962.16,810.42,-0.04,0.0240
231589,-1.44,-0.98,9.49,0.0171,0.0132,-0.0061,91962.16,810.42,-0.03,0.0224
231648,-1.41,-1.02,9.48,0.0161,0.0133,-0.0064,91962.16,810.42,-0.02,0.0219
231713,-1.39,-1.01,9.47,0.0181,0.0123,-0.0059,91962.16,810.42,-0.01,0.0226
231774,-1.44,-0.94,9.46,0.0161,0.0123,-0.0071,91962.16,810.42,-0.01,0.0214
231834,-1.41,-1.00,9.43,0.0147,0.0132,-0.0049,91962.16,810.42,-0.01,0.0203
231895,-1.41,-1.03,9.46,0.0151,0.0135,-0.0048,91962.16,810.42,-0.00,0.0208
231955,-1.42,-1.00,9.49,0.0173,0.0113,-0.0068,91962.15,810.42,0.00,0.0218
232016,-1.45,-1.01,9.45,0.0180,0.0111,-0.0073,91962.15,810.42,0.00,0.0223
232076,-1.41,-1.04,9.42,0.0173,0.0119,-0.0064,91962.15,810.42,0.00,0.0219
232141,-1.40,-0.99,9.49,0.0181,0.0112,-0.0047,91962.15,810.42,0.00,0.0218
232200,-1.45,-0.98,9.48,0.0159,0.0113,-0.0076,91962.15,810.42,0.00,0.0209
232262,-1.38,-1.03,9.45,0.0140,0.0124,-0.0049,91962.15,810.42,0.00,0.0193
232321,-1.45,-1.02,9.46,0.0220,0.0117,-0.0059,91962.15,810.42,0.00,0.0256
232383,-1.47,-0.97,9.42,0.0199,0.0135,-0.0068,91962.15,810.42,0.00,0.0249
232442,-1.41,-1.04,9.41,0.0156,0.0139,-0.0064,91961.80,810.45,0.16,0.0218
232504,-1.42,-0.99,9.48,0.0168,0.0131,-0.0053,91961.80,810.45,0.11,0.0219
232568,-1.44,-1.02,9.45,0.0168,0.0143,-0.0073,91961.80,810.45,0.08,0.0232
232628,-1.43,-1.05,9.44,0.0171,0.0135,-0.0069,91961.80,810.45,0.05,0.0228
232689,-1.41,-1.03,9.46,0.0156,0.0129,-0.0073,91961.80,810.45,0.04,0.0215
232749,-1.43,-0.99,9.48,0.0171,0.0133,-0.0063,91961.80,810.45,0.03,0.0225
232810,-1.41,-1.04,9.47,0.0167,0.0096,-0.0040,91961.80,810.45,0.02,0.0196
232870,-1.41,-1.03,9.46,0.0192,0.0129,-0.0055,91961.80,810.45,0.01,0.0238
232931,-1.45,-1.02,9.45,0.0172,0.0137,-0.0063,91961.80,810.45,0.01,0.0229
232994,-1.43,-1.01,9.46,0.0200,0.0080,-0.0085,91961.80,810.45,0.01,0.0232
233056,-1.43,-1.03,9.45,0.0188,0.0133,-0.0081,91961.80,810.45,0.01,0.0244
233115,-1.47,-0.97,9.48,0.0148,0.0136,-0.0060,91961.80,810.45,0.00,0.0210
233177,-1.45,-1.02,9.44,0.0161,0.0135,-0.0040,91961.80,810.45,0.00,0.0214
233241,-1.40,-1.02,9.47,0.0175,0.0148,-0.0047,91961.80,810.45,0.00,0.0233
233303,-1.46,-0.99,9.50,0.0184,0.0109,-0.0089,91961.80,810.45,0.00,0.0232
233367,-1.40,-1.04,9.44,0.0132,0.0108,-0.0051,91961.80,810.45,0.00,0.0178
233427,-1.42,-1.05,9.47,0.0147,0.0144,-0.0068,91961.80,810.45,0.00,0.0216
233488,-1.44,-1.01,9.49,0.0159,0.0111,-0.0055,91961.94,810.44,-0.06,0.0201
233548,-1.43,-1.03,9.45,0.0152,0.0095,-0.0044,91961.94,810.44,-0.04,0.0184
233609,-1.41,-1.02,9.47,0.0184,0.0128,-0.0059,91961.94,810.44,-0.03,0.0232
233669,-1.43,-1.02,9.47,0.0163,0.0115,-0.0055,91961.94,810.44,-0.02,0.0206
233730,-1.45,-1.01,9.48,0.0168,0.0132,-0.0041,91961.94,810.44,-0.02,0.0217
233805,-1.42,-1.00,9.45,0.0176,0.0120,-0.0069,91961.94,810.44,-0.01,0.0224
233866,-1.45,-0.96,9.46,0.0184,0.0111,-0.0104,91961.94,810.44,-0.01,0.0238
233926,-1.41,-1.00,9.46,0.0141,0.0091,-0.0036,91961.94,810.44,-0.01,0.0172
233987,-1.42,-1.00,9.48,0.0167,0.0119,-0.0063,91962.11,810.43,-0.08,0.0214
234047,-1.44,-0.96,9.47,0.0157,0.0101,-0.0053,91962.11,810.43,-0.05,0.0194
234108,-1.43,-1.02,9.44,0.0177,0.0151,-0.0079,91962.11,810.43,-0.04,0.0245
234168,-1.40,-1.00,9.44,0.0181,0.0124,-0.0071,91962.11,810.43,-0.03,0.0231
234233,-1.45,-1.03,9.45,0.0177,0.0127,-0.0044,91962.11,810.43,-0.02,0.0222
234292,-1.45,-1.00,9.43,0.0200,0.0137,-0.0080,91962.11,810.43,-0.01,0.0255
234354,-1.39,-1.02,9.44,0.0172,0.0107,-0.0048,91962.11,810.43,-0.01,0.0208
234413,-1.42,-0.99,9.49,0.0176,0.0120,-0.0061,91962.11,810.43,-0.01,0.0222
234475,-1.48,-1.06,9.46,0.0147,0.0136,-0.0073,91962.42,810.40,-0.14,0.0213
234534,-1.41,-1.03,9.45,0.0177,0.0109,-0.0083,91962.42,810.40,-0.10,0.0224
234596,-1.46,-0.98,9.47,0.0163,0.0124,-0.0073,91962.42,810.40,-0.07,0.0217
234660,-1.45,-0.98,9.44,0.0176,0.0125,-0.0056,91962.42,810.40,-0.05,0.0223
234720,-1.39,-1.04,9.45,0.0168,0.0143,-0.0080,91962.42,810.40,-0.03,0.0234
234781,-1.42,-1.00,9.50,0.0181,0.0116,-0.0029,91962.42,810.40,-0.02,0.0217
234841,-1.46,-1.00,9.46,0.0188,0.0112,-0.0080,91962.42,810.40,-0.02,0.0233
234902,-1.42,-1.02,9.45,0.0172,0.0120,-0.0080,91962.42,810.40,-0.01,0.0224
234962,-1.41,-1.00,9.44,0.0199,0.0100,-0.0068,91962.42,810.40,-0.01,0.0232
235027,-1.44,-0.97,9.46,0.0164,0.0140,-0.0055,91962.56,810.38,-0.06,0.0222
235086,-1.42,-1.01,9.44,0.0160,0.0133,-0.0071,91962.56,810.38,-0.04,0.0220
235148,-1.40,-1.00,9.46,0.0196,0.0127,-0.0065,91962.56,810.38,-0.03,0.0242
235207,-1.47,-0.99,9.49,0.0149,0.0160,-0.0080,91962.56,810.38,-0.02,0.0233
235274,-1.38,-1.02,9.44,0.0175,0.0112,-0.0071,91962.56,810.38,-0.02,0.0219
235333,-1.43,-1.04,9.48,0.0163,0.0135,-0.0084,91962.56,810.38,-0.01,0.0227
235395,-1.46,-0.99,9.48,0.0160,0.0101,-0.0049,91962.56,810.38,-0.01,0.0196
235459,-1.40,-1.04,9.44,0.0185,0.0084,-0.0068,91962.56,810.38,-0.01,0.0214
235520,-1.41,-1.01,9.45,0.0173,0.0112,-0.0052,91962.72,810.37,-0.07,0.0213
235581,-1.47,-0.99,9.46,0.0139,0.0133,-0.0099,91962.72,810.37,-0.05,0.0216
235642,-1.42,-1.04,9.43,0.0164,0.0127,-0.0072,91962.72,810.37,-0.04,0.0219
235703,-1.41,-1.06,9.45,0.0199,0.0120,-0.0073,91962.72,810.37,-0.03,0.0243
235764,-1.45,-0.97,9.48,0.0177,0.0125,-0.0068,91962.72,810.37,-0.02,0.0227
235825,-1.44,-1.02,9.47,0.0157,0.0132,-0.0081,91962.72,810.37,-0.01,0.0221
235888,-1.44,-1.03,9.46,0.0167,0.0112,-0.0088,91962.72,810.37,-0.01,0.0219
235950,-1.44,-0.98,9.47,0.0187,0.0092,-0.0068,91962.72,810.37,-0.01,0.0219
236009,-1.44,-1.02,9.46,0.0176,0.0129,-0.0079,91962.89,810.36,-0.08,0.0232
236071,-1.40,-1.03,9.48,0.0161,0.0141,-0.0067,91962.89,810.36,-0.06,0.0224
236130,-1.43,-0.99,9.47,0.0181,0.0095,-0.0051,91962.89,810.36,-0.04,0.0211
236192,-1.44,-1.00,9.45,0.0173,0.0107,-0.0060,91962.89,810.36,-0.03,0.0212
236251,-1.43,-1.01,9.48,0.0176,0.0133,-0.0063,91962.89,810.36,-0.02,0.0229
236316,-1.45,-0.98,9.46,0.0163,0.0112,-0.0060,91962.89,810.36,-0.01,0.0206
236377,-1.41,-0.99,9.45,0.0157,0.0137,-0.0075,91962.89,810.36,-0.01,0.0222
236438,-1.42,-1.04,9.47,0.0151,0.0132,-0.0069,91962.89,810.36,-0.01,0.0212
236499,-1.45,-0.99,9.47,0.0185,0.0103,-0.0059,91962.72,810.37,0.07,0.0220
236560,-1.44,-1.01,9.47,0.0176,0.0140,-0.0053,91962.72,810.37,0.05,0.0231
236621,-1.43,-1.04,9.41,0.0180,0.0131,-0.0067,91962.72,810.37,0.03,0.0232
236684,-1.43,-1.02,9.48,0.0191,0.0113,-0.0063,91962.72,810.37,0.02,0.0230
236746,-1.39,-1.01,9.48,0.0164,0.0125,-0.0064,91962.72,810.37,0.02,0.0216
236805,-1.42,-1.01,9.45,0.0149,0.0128,-0.0057,91962.72,810.37,0.01,0.0205
236867,-1.40,-1.04,9.47,0.0179,0.0095,-0.0052,91962.72,810.37,0.01,0.0209
236926,-1.44,-1.00,9.45,0.0204,0.0109,-0.0065,91962.72,810.37,0.01,0.0240
236988,-1.44,-1.00,9.44,0.0176,0.0120,-0.0047,91962.72,810.37,0.00,0.0218
237047,-1.44,-1.03,9.46,0.0191,0.0141,-0.0075,91962.69,810.37,0.02,0.0249
237124,-1.42,-1.01,9.45,0.0167,0.0129,-0.0065,91962.69,810.37,0.01,0.0221
237183,-1.42,-1.03,9.45,0.0216,0.0104,-0.0073,91962.69,810.37,0.01,0.0251
237245,-1.46,-1.02,9.48,0.0173,0.0121,-0.0069,91962.69,810.37,0.01,0.0222
237309,-1.45,-1.00,9.46,0.0165,0.0133,-0.0084,91962.69,810.37,0.00,0.0228
237371,-1.40,-1.05,9.42,0.0173,0.0096,-0.0044,91962.69,810.37,0.00,0.0203
237430,-1.41,-1.03,9.48,0.0200,0.0123,-0.0065,91962.69,810.37,0.00,0.0243
237492,-1.44,-0.99,9.48,0.0173,0.0109,-0.0036,91962.69,810.37,0.00,0.0208
237556,-1.41,-1.02,9.46,0.0167,0.0100,-0.0049,91962.85,810.36,-0.07,0.0200
237617,-1.44,-0.99,9.46,0.0187,0.0132,-0.0075,91962.85,810.36,-0.05,0.0240
237678,-1.42,-1.00,9.48,0.0141,0.0115,-0.0069,91962.85,810.36,-0.03,0.0195
237739,-1.42,-1.03,9.44,0.0177,0.0112,-0.0060,91962.85,810.36,-0.02,0.0218
237800,-1.41,-1.01,9.45,0.0179,0.0133,-0.0067,91962.85,810.36,-0.02,0.0233
237861,-1.44,-1.01,9.46,0.0177,0.0129,-0.0064,91962.85,810.36,-0.01,0.0228
237922,-1.42,-1.02,9.45,0.0163,0.0116,-0.0072,91962.85,810.36,-0.01,0.0212
237985,-1.44,-1.02,9.46,0.0151,0.0121,-0.0075,91962.85,810.36,-0.01,0.0207
238047,-1.44,-1.00,9.51,0.0163,0.0108,-0.0072,91962.82,810.36,0.01,0.0208
238106,-1.42,-1.02,9.46,0.0176,0.0117,-0.0044,91962.82,810.36,0.01,0.0216
238168,-1.40,-1.03,9.43,0.0181,0.0156,-0.0072,91962.82,810.36,0.01,0.0250
238227,-1.47,-1.01,9.48,0.0184,0.0132,-0.0081,91962.82,810.36,0.00,0.0240
238289,-1.40,-1.04,9.47,0.0144,0.0108,-0.0059,91962.82,810.36,0.00,0.0189
238348,-1.42,-1.01,9.45,0.0185,0.0117,-0.0076,91962.82,810.36,0.00,0.0232
238413,-1.46,-0.98,9.48,0.0167,0.0100,-0.0083,91962.82,810.36,0.00,0.0211
238474,-1.43,-1.02,9.43,0.0148,0.0117,-0.0072,91962.82,810.36,0.00,0.0202
238535,-1.38,-1.05,9.45,0.0193,0.0117,-0.0051,91962.80,810.36,0.01,0.0232
238596,-1.43,-1.01,9.46,0.0173,0.0147,-0.0051,91962.80,810.36,0.01,0.0232
238657,-1.42,-0.98,9.45,0.0172,0.0096,-0.0081,91962.80,810.36,0.00,0.0213
238718,-1.42,-1.02,9.47,0.0163,0.0115,-0.0077,91962.80,810.36,0.00,0.0213
238781,-1.44,-1.00,9.46,0.0176,0.0121,-0.0051,91962.80,810.36,0.00,0.0220
238843,-1.43,-1.02,9.45,0.0160,0.0076,-0.0073,91962.80,810.36,0.00,0.0192
238902,-1.37,-1.05,9.45,0.0163,0.0103,-0.0061,91962.80,810.36,0.00,0.0202
238964,-1.44,-0.99,9.45,0.0181,0.0128,-0.0055,91962.80,810.36,0.00,0.0228
239023,-1.42,-1.00,9.49,0.0143,0.0127,-0.0071,91962.80,810.36,0.00,0.0203
239085,-1.39,-1.05,9.45,0.0180,0.0141,-0.0057,91962.79,810.36,0.01,0.0236
239144,-1.43,-1.02,9.47,0.0179,0.0092,-0.0067,91962.79,810.36,0.00,0.0212
239209,-1.45,-1.01,9.47,0.0172,0.0128,-0.0069,91962.79,810.36,0.00,0.0225
239270,-1.39,-1.03,9.45,0.0175,0.0133,-0.0068,91962.79,810.36,0.00,0.0230
239336,-1.46,-0.98,9.46,0.0175,0.0112,-0.0057,91962.79,810.36,0.00,0.0215
239397,-1.44,-1.03,9.45,0.0152,0.0089,-0.0056,91962.79,810.36,0.00,0.0185
239458,-1.41,-1.04,9.48,0.0192,0.0131,-0.0059,91962.79,810.36,0.00,0.0239
239519,-1.43,-0.98,9.48,0.0156,0.0112,-0.0089,91962.79,810.36,0.00,0.0212
239580,-1.43,-1.00,9.46,0.0176,0.0089,-0.0073,91962.78,810.37,0.00,0.0210
239645,-1.41,-1.03,9.46,0.0168,0.0115,-0.0052,91962.78,810.37,0.00,0.0210
239704,-1.41,-0.99,9.46,0.0188,0.0085,-0.0059,91962.78,810.37,0.00,0.0214
239766,-1.41,-0.98,9.46,0.0144,0.0113,-0.0081,91962.78,810.37,0.00,0.0200
239825,-1.41,-1.01,9.44,0.0176,0.0115,-0.0049,91962.78,810.37,0.00,0.0216
239888,-1.42,-1.00,9.48,0.0184,0.0116,-0.0056,91962.78,810.37,0.00,0.0224
239947,-1.45,-1.03,9.49,0.0159,0.0115,-0.0068,91962.78,810.37,0.00,0.0207
240009,-1.40,-1.04,9.44,0.0168,0.0115,-0.0057,91962.78,810.37,0.00,0.0211
240073,-1.44,-1.00,9.45,0.0160,0.0100,-0.0065,91962.75,810.37,0.01,0.0200
240134,-1.48,-1.01,9.46,0.0156,0.0125,-0.0069,91962.75,810.37,0.01,0.0212
240195,-1.40,-1.02,9.42,0.0172,0.0133,-0.0053,91962.75,810.37,0.01,0.0224
240255,-1.41,-1.02,9.47,0.0183,0.0117,-0.0059,91962.75,810.37,0.00,0.0225
240316,-1.44,-0.99,9.47,0.0168,0.0117,-0.0067,91962.75,810.37,0.00,0.0215
240376,-1.41,-1.02,9.44,0.0181,0.0124,-0.0061,91962.75,810.37,0.00,0.0228
240437,-1.40,-1.05,9.47,0.0183,0.0127,-0.0080,91962.75,810.37,0.00,0.0236
240512,-1.41,-1.03,9.45,0.0175,0.0133,-0.0063,91962.75,810.37,0.00,0.0228
240573,-1.38,-1.04,9.45,0.0160,0.0107,-0.0085,91962.75,810.37,0.00,0.0210
240634,-1.43,-0.97,9.45,0.0153,0.0132,-0.0069,91962.75,810.37,0.00,0.0214
240695,-1.43,-1.04,9.46,0.0181,0.0123,-0.0047,91962.75,810.37,0.00,0.0224
240756,-1.38,-1.04,9.45,0.0171,0.0133,-0.0077,91962.75,810.37,0.00,0.0230
240817,-1.44,-1.00,9.49,0.0167,0.0116,-0.0065,91962.75,810.37,0.00,0.0213
240878,-1.45,-1.00,9.46,0.0156,0.0113,-0.0064,91962.75,810.37,0.00,0.0203
240943,-1.41,-1.00,9.44,0.0180,0.0136,-0.0083,91962.75,810.37,0.00,0.0240
241002,-1.44,-1.00,9.47,0.0172,0.0131,-0.0069,91962.75,810.37,0.00,0.0227
241064,-1.45,-0.99,9.44,0.0175,0.0108,-0.0072,91962.72,810.37,0.01,0.0217
241123,-1.39,-1.04,9.43,0.0168,0.0103,-0.0097,91962.72,810.37,0.01,0.0219
241185,-1.44,-1.04,9.47,0.0175,0.0141,-0.0073,91962.72,810.37,0.01,0.0236
241244,-1.45,-0.96,9.50,0.0168,0.0121,-0.0052,91962.72,810.37,0.00,0.0213
241318,-1.42,-1.04,9.46,0.0179,0.0099,-0.0049,91962.72,810.37,0.00,0.0210
241398,-1.46,-1.05,9.41,0.0133,0.0133,-0.0068,91962.72,810.37,0.00,0.0200
241473,-1.45,-0.98,9.49,0.0168,0.0123,-0.0083,91962.72,810.37,0.00,0.0224
241549,-1.42,-1.06,9.42,0.0176,0.0127,-0.0076,91962.72,810.37,0.00,0.0230
241641,-1.40,-1.03,9.45,0.0179,0.0141,-0.0043,91962.55,810.39,0.05,0.0232
241702,-1.45,-0.97,9.48,0.0165,0.0125,-0.0072,91962.55,810.39,0.04,0.0219
241762,-1.44,-0.97,9.50,0.0155,0.0116,-0.0047,91962.55,810.39,0.02,0.0199
241827,-1.41,-1.06,9.45,0.0191,0.0105,-0.0048,91962.55,810.39,0.02,0.0223
241886,-1.41,-1.00,9.47,0.0181,0.0096,-0.0077,91962.55,810.39,0.01,0.0219
241948,-1.45,-1.00,9.45,0.0153,0.0104,-0.0068,91962.55,810.39,0.01,0.0197
242007,-1.44,-1.03,9.45,0.0167,0.0133,-0.0061,91962.55,810.39,0.01,0.0222
242069,-1.41,-1.01,9.47,0.0155,0.0117,-0.0080,91962.55,810.39,0.00,0.0210
242128,-1.44,-0.98,9.48,0.0181,0.0117,-0.0080,91962.34,810.41,0.10,0.0230
242190,-1.39,-1.02,9.46,0.0165,0.0124,-0.0044,91962.34,810.41,0.07,0.0211
242254,-1.41,-1.07,9.45,0.0168,0.0117,-0.0096,91962.34,810.41,0.05,0.0226
242314,-1.48,-0.99,9.47,0.0175,0.0121,-0.0048,91962.34,810.41,0.03,0.0218
242375,-1.42,-1.03,9.49,0.0187,0.0120,-0.0089,91962.34,810.41,0.02,0.0239
242435,-1.42,-1.04,9.46,0.0172,0.0124,-0.0056,91962.34,810.41,0.02,0.0219
242496,-1.41,-0.99,9.45,0.0168,0.0100,-0.0068,91962.34,810.41,0.01,0.0207
242556,-1.42,-0.99,9.46,0.0176,0.0116,-0.0057,91962.34,810.41,0.01,0.0218
242617,-1.40,-1.03,9.45,0.0193,0.0128,-0.0061,91962.34,810.41,0.01,0.0240
242680,-1.43,-1.01,9.49,0.0175,0.0133,-0.0052,91962.34,810.41,0.01,0.0226
242742,-1.48,-0.99,9.46,0.0163,0.0123,-0.0063,91962.34,810.41,0.00,0.0213
242801,-1.44,-1.07,9.42,0.0181,0.0092,-0.0069,91962.34,810.41,0.00,0.0215
242863,-1.43,-1.00,9.47,0.0176,0.0123,-0.0067,91962.34,810.41,0.00,0.0224
242922,-1.47,-1.00,9.46,0.0184,0.0108,-0.0057,91962.34,810.41,0.00,0.0221
242984,-1.42,-1.03,9.50,0.0167,0.0116,-0.0087,91962.34,810.41,0.00,0.0221
243043,-1.41,-1.02,9.49,0.0181,0.0127,-0.0080,91962.34,810.41,0.00,0.0235
243108,-1.42,-0.98,9.45,0.0125,0.0121,-0.0061,91962.16,810.42,0.07,0.0185
243169,-1.38,-1.04,9.45,0.0172,0.0111,-0.0068,91962.16,810.42,0.05,0.0215
243229,-1.42,-1.02,9.47,0.0176,0.0101,-0.0075,91962.16,810.42,0.04,0.0216
243290,-1.47,-0.96,9.48,0.0148,0.0147,-0.0068,91962.16,810.42,0.03,0.0219
243350,-1.41,-1.04,9.45,0.0184,0.0109,-0.0067,91962.16,810.42,0.02,0.0224
243416,-1.40,-1.00,9.46,0.0187,0.0116,-0.0077,91962.16,810.42,0.01,0.0233
243476,-1.45,-0.96,9.47,0.0157,0.0104,-0.0047,91962.16,810.42,0.01,0.0194
243535,-1.44,-0.99,9.45,0.0173,0.0107,-0.0061,91962.16,810.42,0.01,0.0212
243595,-1.41,-1.04,9.46,0.0168,0.0116,-0.0061,91962.16,810.41,-0.06,0.0213
243656,-1.44,-0.97,9.46,0.0155,0.0123,-0.0071,91962.30,810.41,-0.04,0.0210
243716,-1.45,-1.04,9.45,0.0167,0.0127,-0.0063,91962.30,810.41,-0.03,0.0218
243777,-1.41,-1.01,9.44,0.0168,0.0100,-0.0067,91962.30,810.41,-0.02,0.0206
243837,-1.43,-1.00,9.47,0.0208,0.0127,-0.0067,91962.30,810.41,-0.01,0.0252
243913,-1.41,-1.03,9.42,0.0195,0.0095,-0.0051,91962.30,810.41,-0.01,0.0222
243973,-1.45,-1.02,9.44,0.0151,0.0116,-0.0056,91962.30,810.41,-0.01,0.0198
244034,-1.44,-0.97,9.44,0.0168,0.0111,-0.0073,91962.30,810.41,-0.00,0.0214
244094,-1.42,-1.03,9.44,0.0163,0.0115,-0.0068,91962.30,810.41,-0.00,0.0210
244155,-1.43,-1.03,9.46,0.0192,0.0108,-0.0067,91962.13,810.42,0.07,0.0230
244216,-1.47,-1.00,9.47,0.0164,0.0131,-0.0071,91962.13,810.42,0.05,0.0221
244277,-1.43,-1.00,9.46,0.0160,0.0101,-0.0085,91962.13,810.42,0.04,0.0208
244340,-1.44,-1.01,9.45,0.0180,0.0109,-0.0081,91962.13,810.42,0.02,0.0226
244402,-1.46,-0.98,9.47,0.0167,0.0143,-0.0059,91962.13,810.42,0.02,0.0227
244461,-1.46,-1.03,9.45,0.0149,0.0119,-0.0047,91962.13,810.42,0.01,0.0196
244523,-1.42,-1.05,9.44,0.0175,0.0115,-0.0059,91962.13,810.42,0.01,0.0217
244582,-1.45,-1.01,9.48,0.0191,0.0111,-0.0063,91962.13,810.42,0.01,0.0229
244644,-1.44,-1.01,9.45,0.0173,0.0103,-0.0063,91962.09,810.43,0.02,0.0211
244703,-1.42,-1.06,9.44,0.0177,0.0129,-0.0051,91962.09,810.43,0.01,0.0225
244768,-1.45,-1.02,9.49,0.0185,0.0121,-0.0057,91962.09,810.43,0.01,0.0229
244829,-1.44,-1.01,9.48,0.0168,0.0108,-0.0057,91962.09,810.43,0.01,0.0208
244889,-1.38,-1.02,9.42,0.0188,0.0117,-0.0060,91962.09,810.43,0.00,0.0229
244950,-1.43,-1.03,9.45,0.0201,0.0133,-0.0075,91962.09,810.43,0.00,0.0253
245010,-1.45,-0.99,9.51,0.0172,0.0111,-0.0065,91962.09,810.43,0.00,0.0215
245071,-1.45,-1.03,9.47,0.0171,0.0115,-0.0049,91962.09,810.43,0.00,0.0211
245131,-1.39,-1.04,9.43,0.0181,0.0125,-0.0051,91961.72,810.46,0.17,0.0226
245196,-1.41,-0.98,9.50,0.0181,0.0125,-0.0076,91961.72,810.46,0.12,0.0233
245255,-1.44,-1.03,9.46,0.0167,0.0121,-0.0065,91961.72,810.46,0.08,0.0216
245317,-1.43,-1.03,9.46,0.0199,0.0129,-0.0073,91961.72,810.46,0.06,0.0248
245376,-1.42,-1.01,9.46,0.0173,0.0127,-0.0092,91961.72,810.46,0.04,0.0233
245443,-1.42,-1.00,9.46,0.0179,0.0120,-0.0051,91961.72,810.46,0.03,0.0221
245502,-1.41,-1.05,9.42,0.0173,0.0131,-0.0048,91961.72,810.46,0.02,0.0222
245564,-1.44,-0.98,9.49,0.0171,0.0116,-0.0071,91961.72,810.46,0.01,0.0218
245628,-1.43,-1.00,9.43,0.0155,0.0141,-0.0067,91961.72,810.46,0.01,0.0220
245688,-1.41,-1.04,9.44,0.0177,0.0121,-0.0095,91961.72,810.46,0.01,0.0235
245749,-1.41,-1.02,9.45,0.0173,0.0141,-0.0079,91961.72,810.46,0.00,0.0237
245809,-1.44,-0.97,9.50,0.0179,0.0101,-0.0061,91961.72,810.46,0.00,0.0214
245870,-1.43,-1.02,9.45,0.0167,0.0129,-0.0073,91961.72,810.46,0.00,0.0223
245930,-1.41,-1.00,9.47,0.0171,0.0119,-0.0071,91961.72,810.46,0.00,0.0219
245995,-1.45,-1.01,9.48,0.0144,0.0125,-0.0055,91961.72,810.46,0.00,0.0198
246054,-1.42,-1.03,9.46,0.0179,0.0109,-0.0051,91961.72,810.46,0.00,0.0215
246116,-1.42,-1.03,9.46,0.0207,0.0120,-0.0061,91961.72,810.46,0.00,0.0247
246175,-1.47,-0.99,9.48,0.0171,0.0151,-0.0060,91961.55,810.48,0.08,0.0235
246237,-1.45,-1.02,9.45,0.0167,0.0100,-0.0079,91961.55,810.48,0.05,0.0210
246296,-1.41,-1.02,9.43,0.0172,0.0117,-0.0059,91961.55,810.48,0.04,0.0216
246358,-1.44,-1.01,9.47,0.0176,0.0128,-0.0069,91961.55,810.48,0.03,0.0228
246422,-1.41,-1.02,9.47,0.0159,0.0112,-0.0051,91961.55,810.48,0.02,0.0201
246483,-1.43,-1.02,9.45,0.0163,0.0128,-0.0047,91961.55,810.48,0.01,0.0212
246544,-1.45,-0.99,9.47,0.0180,0.0123,-0.0071,91961.55,810.48,0.01,0.0229
246604,-1.40,-1.01,9.48,0.0175,0.0135,-0.0043,91961.55,810.48,0.01,0.0224
246665,-1.41,-1.02,9.45,0.0172,0.0141,-0.0056,91961.52,810.48,0.02,0.0229
246725,-1.43,-0.98,9.47,0.0168,0.0123,-0.0060,91961.52,810.48,0.01,0.0216
246786,-1.45,-0.99,9.49,0.0189,0.0124,-0.0071,91961.52,810.48,0.01,0.0237
246945,-1.39,-1.02,9.44,0.0185,0.0104,-0.0059,91961.52,810.48,0.01,0.0220
247103,-1.44,-0.97,9.46,0.0192,0.0131,-0.0053,91961.52,810.48,0.00,0.0238
247258,-1.43,-1.03,9.46,0.0167,0.0108,-0.0069,91961.50,810.48,0.01,0.0210
247415,-1.42,-0.99,9.46,0.0164,0.0137,-0.0071,91961.50,810.48,0.00,0.0225
247574,-1.45,-0.99,9.45,0.0168,0.0111,-0.0065,91961.50,810.48,0.00,0.0211
247735,-1.43,-1.02,9.45,0.0184,0.0121,-0.0043,91961.48,810.48,0.01,0.0224
247893,-1.45,-0.98,9.47,0.0177,0.0133,-0.0049,91961.48,810.48,0.00,0.0227
248068,-1.42,-0.98,9.47,0.0180,0.0120,-0.0095,91961.48,810.48,0.00,0.0236
248128,-1.46,-1.00,9.45,0.0187,0.0095,-0.0073,91961.48,810.48,0.00,0.0222
248191,-1.41,-1.03,9.47,0.0175,0.0136,-0.0071,91961.45,810.49,0.01,0.0232
248251,-1.43,-1.03,9.47,0.0177,0.0099,-0.0081,91961.45,810.49,0.01,0.0218
248314,-1.46,-1.00,9.45,0.0165,0.0124,-0.0044,91961.45,810.49,0.01,0.0211
248374,-1.41,-1.02,9.47,0.0183,0.0144,-0.0063,91961.45,810.49,0.00,0.0241
248437,-1.45,-0.98,9.47,0.0184,0.0132,-0.0048,91961.45,810.49,0.00,0.0231
248502,-1.46,-0.98,9.48,0.0156,0.0105,-0.0077,91961.45,810.49,0.00,0.0203
248562,-1.41,-1.06,9.44,0.0164,0.0143,-0.0073,91961.45,810.49,0.00,0.0229
248623,-1.46,-1.02,9.46,0.0167,0.0115,-0.0073,91961.45,810.49,0.00,0.0215
248683,-1.45,-0.99,9.49,0.0191,0.0108,-0.0085,91961.95,810.44,-0.23,0.0235
248744,-1.43,-1.03,9.46,0.0168,0.0107,-0.0079,91961.95,810.44,-0.16,0.0214
248804,-1.44,-0.99,9.45,0.0185,0.0139,-0.0051,91961.95,810.44,-0.11,0.0237
248869,-1.44,-1.05,9.46,0.0176,0.0109,-0.0065,91961.95,810.44,-0.08,0.0217
248928,-1.41,-1.04,9.44,0.0175,0.0131,-0.0065,91961.95,810.44,-0.05,0.0228
248990,-1.42,-1.00,9.45,0.0173,0.0129,-0.0073,91961.95,810.44,-0.04,0.0228
249049,-1.46,-0.97,9.44,0.0136,0.0112,-0.0081,91961.95,810.44,-0.03,0.0194
249111,-1.42,-1.05,9.42,0.0180,0.0100,-0.0056,91961.95,810.44,-0.02,0.0213
249170,-1.41,-1.04,9.44,0.0160,0.0139,-0.0069,91961.95,810.44,-0.01,0.0223
249232,-1.43,-1.00,9.49,0.0181,0.0104,-0.0053,91961.95,810.44,-0.01,0.0216
249296,-1.42,-1.02,9.48,0.0167,0.0141,-0.0063,91961.95,810.44,-0.00,0.0227
249356,-1.40,-1.02,9.45,0.0157,0.0103,-0.0072,91961.95,810.44,-0.00,0.0201
249417,-1.47,-1.00,9.47,0.0192,0.0100,-0.0053,91961.95,810.44,-0.00,0.0223
249477,-1.47,-1.02,9.47,0.0148,0.0119,-0.0044,91961.95,810.44,-0.00,0.0195
249538,-1.41,-1.03,9.44,0.0193,0.0132,-0.0072,91961.95,810.44,-0.00,0.0245
249603,-1.41,-1.01,9.48,0.0165,0.0117,-0.0059,91961.95,810.44,-0.00,0.0211
249664,-1.42,-1.02,9.44,0.0167,0.0131,-0.0056,91961.95,810.44,-0.00,0.0219
249727,-1.42,-1.03,9.44,0.0191,0.0125,-0.0099,91961.91,810.44,0.01,0.0248
249789,-1.44,-1.00,9.47,0.0164,0.0117,-0.0047,91961.91,810.44,0.01,0.0207
249848,-1.41,-1.05,9.44,0.0173,0.0113,-0.0065,91961.91,810.44,0.01,0.0217
249910,-1.40,-1.05,9.46,0.0179,0.0132,-0.0055,91961.91,810.44,0.00,0.0229
249969,-1.42,-1.01,9.45,0.0181,0.0116,-0.0052,91961.91,810.44,0.00,0.0221
250031,-1.43,-1.03,9.44,0.0149,0.0112,-0.0041,91961.91,810.44,0.00,0.0191
250090,-1.39,-1.05,9.44,0.0167,0.0113,-0.0073,91961.91,810.44,0.00,0.0214
250155,-1.43,-0.99,9.46,0.0193,0.0141,-0.0068,91961.91,810.44,0.00,0.0249
250216,-1.46,-1.02,9.45,0.0147,0.0099,-0.0061,91962.08,810.43,-0.07,0.0187
250276,-1.40,-1.05,9.46,0.0153,0.0149,-0.0053,91962.08,810.43,-0.05,0.0220
250337,-1.38,-1.03,9.49,0.0179,0.0103,-0.0068,91962.08,810.43,-0.04,0.0217
250397,-1.47,-1.01,9.47,0.0160,0.0127,-0.0068,91962.08,810.43,-0.02,0.0215
250458,-1.43,-1.02,9.45,0.0177,0.0139,-0.0072,91962.08,810.43,-0.02,0.0236
250521,-1.42,-1.03,9.46,0.0172,0.0127,-0.0087,91962.08,810.43,-0.01,0.0230
250583,-1.44,-0.99,9.46,0.0201,0.0132,-0.0077,91962.08,810.43,-0.01,0.0253
250642,-1.39,-1.01,9.44,0.0157,0.0108,-0.0056,91962.08,810.43,-0.01,0.0199
250704,-1.43,-1.03,9.49,0.0155,0.0116,-0.0108,91962.08,810.43,-0.00,0.0221
250763,-1.46,-0.98,9.46,0.0203,0.0117,-0.0072,91962.08,810.43,-0.00,0.0245
250825,-1.42,-1.03,9.47,0.0172,0.0127,-0.0079,91962.08,810.43,-0.00,0.0227
250884,-1.41,-1.02,9.45,0.0180,0.0105,-0.0085,91962.08,810.43,-0.00,0.0225
250949,-1.43,-0.98,9.47,0.0155,0.0107,-0.0077,91962.08,810.43,-0.00,0.0203
251010,-1.41,-1.03,9.48,0.0155,0.0132,-0.0060,91962.08,810.43,-0.00,0.0212
251070,-1.41,-1.03,9.47,0.0177,0.0145,-0.0064,91962.08,810.43,-0.00,0.0238
251131,-1.44,-1.01,9.46,0.0176,0.0113,-0.0075,91962.08,810.43,-0.00,0.0222
251191,-1.42,-1.02,9.44,0.0156,0.0131,-0.0063,91962.08,810.43,-0.00,0.0213
251252,-1.39,-1.01,9.45,0.0180,0.0123,-0.0083,91962.02,810.43,0.03,0.0233
251312,-1.44,-0.99,9.50,0.0187,0.0125,-0.0057,91962.02,810.43,0.02,0.0232
251387,-1.44,-1.01,9.46,0.0160,0.0129,-0.0071,91962.02,810.43,0.01,0.0217
251447,-1.44,-1.02,9.48,0.0175,0.0140,-0.0052,91962.02,810.43,0.01,0.0230
251508,-1.44,-1.02,9.48,0.0205,0.0103,-0.0055,91962.02,810.43,0.01,0.0236
251568,-1.45,-1.02,9.45,0.0195,0.0119,-0.0060,91962.02,810.43,0.00,0.0236
251634,-1.45,-0.98,9.47,0.0176,0.0109,-0.0059,91962.02,810.43,0.00,0.0215
251694,-1.44,-1.02,9.44,0.0171,0.0139,-0.0081,91962.02,810.43,0.00,0.0234
251755,-1.40,-1.02,9.42,0.0181,0.0112,-0.0063,91962.02,810.43,0.00,0.0222
251818,-1.45,-0.99,9.44,0.0151,0.0108,-0.0073,91962.02,810.43,0.00,0.0199
251880,-1.44,-0.99,9.47,0.0171,0.0117,-0.0068,91962.02,810.43,0.00,0.0218
251939,-1.36,-1.03,9.46,0.0183,0.0128,-0.0064,91962.02,810.43,0.00,0.0232
252001,-1.43,-0.99,9.47,0.0160,0.0093,-0.0073,91962.02,810.43,0.00,0.0199
252060,-1.46,-0.99,9.47,0.0153,0.0108,-0.0052,91962.02,810.43,0.00,0.0194
252122,-1.43,-1.03,9.45,0.0176,0.0115,-0.0068,91962.02,810.43,0.00,0.0221
252181,-1.40,-1.03,9.44,0.0189,0.0111,-0.0067,91962.02,810.43,0.00,0.0229
252246,-1.45,-1.01,9.46,0.0160,0.0120,-0.0060,91962.18,810.42,-0.07,0.0209
252307,-1.41,-1.01,9.44,0.0177,0.0113,-0.0085,91962.18,810.42,-0.05,0.0227
252367,-1.46,-1.02,9.45,0.0160,0.0125,-0.0055,91962.18,810.42,-0.03,0.0210
252428,-1.45,-0.98,9.46,0.0175,0.0103,-0.0056,91962.18,810.42,-0.02,0.0210
252488,-1.45,-1.06,9.41,0.0181,0.0091,-0.0068,91962.18,810.42,-0.02,0.0214
252549,-1.40,-1.02,9.44,0.0193,0.0113,-0.0077,91962.18,810.42,-0.01,0.0237
252612,-1.45,-1.02,9.45,0.0164,0.0129,-0.0068,91962.18,810.42,-0.01,0.0219
252674,-1.43,-1.00,9.44,0.0164,0.0115,-0.0044,91962.18,810.42,-0.01,0.0205
252733,-1.39,-1.07,9.43,0.0157,0.0111,-0.0053,91962.17,810.42,0.00,0.0199
252795,-1.44,-0.99,9.48,0.0183,0.0093,-0.0069,91962.17,810.42,0.00,0.0216
252854,-1.45,-1.02,9.45,0.0183,0.0116,-0.0065,91962.17,810.42,0.00,0.0226
252916,-1.41,-1.03,9.43,0.0181,0.0113,-0.0051,91962.17,810.42,0.00,0.0220
252975,-1.42,-1.01,9.44,0.0185,0.0129,-0.0081,91962.17,810.42,0.00,0.0240
253040,-1.47,-1.03,9.48,0.0155,0.0097,-0.0049,91962.17,810.42,0.00,0.0189
253101,-1.40,-1.03,9.44,0.0184,0.0149,-0.0052,91962.17,810.42,0.00,0.0242
253161,-1.42,-1.02,9.47,0.0179,0.0131,-0.0069,91962.17,810.42,0.00,0.0232
253222,-1.46,-0.99,9.48,0.0177,0.0145,-0.0081,91962.17,810.42,0.00,0.0243
253282,-1.38,-1.04,9.48,0.0175,0.0136,-0.0075,91961.97,810.44,0.09,0.0233
253343,-1.44,-1.03,9.47,0.0199,0.0111,-0.0076,91961.97,810.44,0.06,0.0240
253403,-1.46,-0.98,9.49,0.0183,0.0133,-0.0060,91961.97,810.44,0.04,0.0234
253468,-1.42,-1.03,9.46,0.0155,0.0120,-0.0071,91961.97,810.44,0.03,0.0208
253527,-1.42,-1.00,9.45,0.0184,0.0124,-0.0077,91961.97,810.44,0.02,0.0235
253589,-1.47,-0.99,9.46,0.0197,0.0108,-0.0064,91961.97,810.44,0.02,0.0234
253653,-1.46,-1.03,9.44,0.0188,0.0112,-0.0063,91961.97,810.44,0.01,0.0227
253715,-1.42,-1.02,9.48,0.0199,0.0109,-0.0057,91961.97,810.44,0.01,0.0234
253774,-1.45,-0.98,9.46,0.0155,0.0127,-0.0080,91961.97,810.44,0.01,0.0215
253836,-1.40,-0.99,9.46,0.0168,0.0139,-0.0084,91961.97,810.44,0.00,0.0233
253900,-1.42,-1.01,9.45,0.0171,0.0124,-0.0092,91961.97,810.44,0.00,0.0230
253960,-1.47,-0.99,9.47,0.0184,0.0108,-0.0068,91961.97,810.44,0.00,0.0224
254021,-1.43,-1.01,9.46,0.0156,0.0129,-0.0051,91961.97,810.44,0.00,0.0209
254081,-1.43,-1.06,9.45,0.0167,0.0147,-0.0067,91961.97,810.44,0.00,0.0232
254142,-1.45,-1.01,9.49,0.0185,0.0127,-0.0056,91961.97,810.44,0.00,0.0231
254202,-1.40,-1.01,9.45,0.0171,0.0105,-0.0057,91961.97,810.44,0.00,0.0208
254263,-1.44,-1.06,9.44,0.0161,0.0119,-0.0053,91962.11,810.43,-0.06,0.0207
254326,-1.42,-0.98,9.47,0.0185,0.0117,-0.0080,91962.11,810.43,-0.04,0.0233
254388,-1.42,-0.99,9.47,0.0156,0.0116,-0.0057,91962.11,810.43,-0.03,0.0203
254447,-1.45,-1.02,9.44,0.0171,0.0107,-0.0068,91962.11,810.43,-0.02,0.0212
254509,-1.44,-1.00,9.47,0.0212,0.0133,-0.0085,91962.11,810.43,-0.01,0.0264
254568,-1.45,-1.01,9.47,0.0145,0.0109,-0.0075,91962.11,810.43,-0.01,0.0196
254630,-1.42,-1.00,9.45,0.0171,0.0147,-0.0063,91962.11,810.43,-0.01,0.0233
254703,-1.45,-0.99,9.45,0.0175,0.0116,-0.0041,91962.11,810.43,-0.01,0.0214
254765,-1.40,-1.02,9.44,0.0149,0.0119,-0.0067,91962.08,810.43,0.01,0.0202
254824,-1.38,-1.00,9.45,0.0172,0.0121,-0.0071,91962.08,810.43,0.01,0.0222
254886,-1.41,-0.99,9.46,0.0149,0.0112,-0.0075,91962.08,810.43,0.00,0.0201
254945,-1.44,-1.01,9.45,0.0153,0.0116,-0.0061,91962.08,810.43,0.00,0.0202
255007,-1.40,-1.02,9.44,0.0167,0.0116,-0.0079,91962.08,810.43,0.00,0.0218
255066,-1.41,-1.01,9.46,0.0179,0.0131,-0.0080,91962.08,810.43,0.00,0.0235
255131,-1.42,-1.01,9.47,0.0156,0.0124,-0.0053,91962.08,810.43,0.00,0.0206
255192,-1.43,-1.04,9.45,0.0153,0.0124,-0.0071,91962.08,810.43,0.00,0.0209
255252,-1.43,-1.02,9.48,0.0179,0.0116,-0.0075,91962.08,810.43,0.00,0.0226
255313,-1.45,-0.97,9.45,0.0135,0.0112,-0.0055,91962.24,810.41,-0.07,0.0183
255373,-1.38,-1.03,9.42,0.0161,0.0125,-0.0073,91962.24,810.41,-0.05,0.0217
255434,-1.41,-1.02,9.46,0.0168,0.0133,-0.0088,91962.24,810.41,-0.04,0.0232
255494,-1.41,-0.98,9.47,0.0171,0.0113,-0.0077,91962.24,810.41,-0.02,0.0219
255559,-1.43,-1.05,9.45,0.0161,0.0140,-0.0076,91962.24,810.41,-0.02,0.0227
255618,-1.41,-1.02,9.44,0.0180,0.0120,-0.0060,91962.24,810.41,-0.01,0.0224
255685,-1.44,-1.00,9.46,0.0168,0.0117,-0.0060,91962.24,810.41,-0.01,0.0213
255744,-1.39,-1.02,9.43,0.0165,0.0104,-0.0087,91962.24,810.41,-0.01,0.0214
255806,-1.41,-1.02,9.47,0.0196,0.0119,-0.0076,91962.23,810.41,0.00,0.0241
255865,-1.44,-0.96,9.49,0.0159,0.0108,-0.0076,91962.23,810.41,0.00,0.0206
255927,-1.47,-1.01,9.45,0.0151,0.0116,-0.0048,91962.23,810.41,0.00,0.0196
255990,-1.41,-1.03,9.47,0.0196,0.0111,-0.0063,91962.23,810.41,0.00,0.0233
256050,-1.47,-1.00,9.49,0.0164,0.0109,-0.0061,91962.23,810.41,0.00,0.0206
256111,-1.44,-1.02,9.46,0.0147,0.0091,-0.0064,91962.23,810.41,0.00,0.0184
256171,-1.42,-1.02,9.45,0.0168,0.0129,-0.0065,91962.23,810.41,0.00,0.0222
256232,-1.42,-0.98,9.47,0.0157,0.0115,-0.0077,91962.23,810.41,0.00,0.0209
256292,-1.47,-1.00,9.46,0.0184,0.0131,-0.0033,91962.38,810.40,-0.07,0.0228
256352,-1.43,-1.04,9.44,0.0176,0.0107,-0.0043,91962.38,810.40,-0.05,0.0210
256415,-1.43,-1.02,9.45,0.0180,0.0128,-0.0059,91962.38,810.40,-0.03,0.0228
256474,-1.40,-1.00,9.48,0.0148,0.0145,-0.0089,91962.38,810.40,-0.02,0.0226
256735,-1.38,-1.02,9.46,0.0197,0.0101,-0.0060,91962.38,810.40,-0.02,0.0230
256994,-1.43,-1.02,9.47,0.0192,0.0135,-0.0040,91962.55,810.39,-0.03,0.0238
257246,-1.42,-1.06,9.47,0.0179,0.0107,-0.0060,91962.55,810.39,-0.02,0.0216
257352,-1.46,-1.00,9.48,0.0161,0.0101,-0.0063,91962.20,810.42,0.07,0.0200
257416,-1.42,-1.03,9.43,0.0183,0.0104,-0.0057,91962.20,810.42,0.05,0.0218
257476,-1.41,-1.06,9.42,0.0183,0.0121,-0.0100,91962.20,810.42,0.04,0.0241
257537,-1.45,-0.96,9.49,0.0163,0.0101,-0.0055,91962.20,810.42,0.03,0.0199
257597,-1.42,-1.01,9.45,0.0180,0.0123,-0.0043,91962.20,810.42,0.02,0.0222
257658,-1.38,-1.06,9.44,0.0161,0.0113,-0.0089,91962.20,810.42,0.01,0.0216
257723,-1.44,-1.00,9.49,0.0172,0.0109,-0.0065,91962.20,810.42,0.01,0.0214
257784,-1.41,-1.02,9.46,0.0147,0.0140,-0.0075,91962.20,810.42,0.01,0.0216
257847,-1.42,-1.02,9.45,0.0168,0.0104,-0.0067,91962.51,810.39,-0.13,0.0208
257909,-1.46,-0.97,9.48,0.0164,0.0108,-0.0081,91962.51,810.39,-0.09,0.0212
257968,-1.45,-1.00,9.46,0.0184,0.0115,-0.0071,91962.51,810.39,-0.06,0.0228
258030,-1.43,-1.05,9.44,0.0184,0.0119,-0.0067,91962.51,810.39,-0.04,0.0229
258089,-1.41,-1.01,9.47,0.0165,0.0125,-0.0073,91962.51,810.39,-0.03,0.0220
258151,-1.45,-0.99,9.46,0.0161,0.0105,-0.0061,91962.51,810.39,-0.02,0.0202
258210,-1.44,-1.05,9.46,0.0167,0.0128,-0.0059,91962.51,810.39,-0.02,0.0218
258275,-1.43,-1.00,9.44,0.0205,0.0109,-0.0045,91962.51,810.39,-0.01,0.0237
258336,-1.45,-0.97,9.48,0.0159,0.0124,-0.0077,91962.48,810.39,0.00,0.0216
258396,-1.38,-1.04,9.48,0.0168,0.0120,-0.0059,91962.48,810.39,0.00,0.0214
258457,-1.41,-1.01,9.45,0.0189,0.0121,-0.0075,91962.48,810.39,0.00,0.0237
258517,-1.45,-0.97,9.52,0.0172,0.0140,-0.0076,91962.48,810.39,0.00,0.0234
258578,-1.43,-1.01,9.47,0.0155,0.0147,-0.0068,91962.48,810.39,0.00,0.0224
258638,-1.43,-1.03,9.42,0.0177,0.0113,-0.0083,91962.48,810.39,0.00,0.0226
258713,-1.43,-0.99,9.45,0.0171,0.0117,-0.0059,91962.48,810.39,0.00,0.0215
258773,-1.42,-1.04,9.46,0.0177,0.0129,-0.0056,91962.48,810.39,0.00,0.0226
258834,-1.40,-1.06,9.44,0.0193,0.0087,-0.0081,91962.65,810.38,-0.07,0.0227
258894,-1.45,-0.98,9.47,0.0168,0.0127,-0.0079,91962.65,810.38,-0.05,0.0224
258955,-1.43,-1.03,9.45,0.0152,0.0101,-0.0068,91962.65,810.38,-0.04,0.0195
259015,-1.39,-1.03,9.46,0.0192,0.0141,-0.0069,91962.65,810.38,-0.02,0.0248
259080,-1.48,-0.96,9.47,0.0168,0.0117,-0.0044,91962.65,810.38,-0.02,0.0209
259139,-1.42,-1.01,9.47,0.0152,0.0128,-0.0060,91962.65,810.38,-0.01,0.0207
259201,-1.42,-1.05,9.43,0.0156,0.0111,-0.0077,91962.65,810.38,-0.01,0.0206
259260,-1.40,-1.00,9.47,0.0153,0.0125,-0.0055,91962.65,810.38,-0.01,0.0205
259322,-1.43,-0.97,9.48,0.0172,0.0135,-0.0051,91962.47,810.39,0.07,0.0224
259381,-1.41,-1.04,9.46,0.0167,0.0141,-0.0049,91962.47,810.39,0.05,0.0224
259443,-1.43,-0.99,9.48,0.0196,0.0116,-0.0049,91962.47,810.39,0.04,0.0233
259507,-1.44,-0.99,9.47,0.0188,0.0095,-0.0055,91962.47,810.39,0.02,0.0217
259567,-1.41,-1.04,9.43,0.0156,0.0132,-0.0085,91962.47,810.39,0.02,0.0221
259628,-1.42,-1.01,9.48,0.0167,0.0109,-0.0085,91962.47,810.39,0.01,0.0217
259688,-1.44,-0.97,9.49,0.0133,0.0105,-0.0063,91962.47,810.39,0.01,0.0181
259754,-1.38,-1.03,9.45,0.0183,0.0131,-0.0069,91962.47,810.39,0.01,0.0235
259814,-1.40,-0.98,9.47,0.0193,0.0129,-0.0068,91962.47,810.39,0.00,0.0242
259875,-1.44,-1.00,9.48,0.0200,0.0089,-0.0059,91962.44,810.40,0.02,0.0227
259938,-1.41,-1.03,9.42,0.0183,0.0099,-0.0053,91962.44,810.40,0.01,0.0214
260000,-1.43,-1.02,9.45,0.0175,0.0135,-0.0063,91962.44,810.40,0.01,0.0229
260059,-1.45,-0.95,9.44,0.0163,0.0123,-0.0071,91962.44,810.40,0.01,0.0215
260121,-1.42,-1.03,9.43,0.0160,0.0119,-0.0051,91962.44,810.40,0.00,0.0205
260180,-1.44,-1.05,9.43,0.0189,0.0112,-0.0065,91962.44,810.40,0.00,0.0229
260242,-1.44,-1.02,9.49,0.0192,0.0093,-0.0072,91962.44,810.40,0.00,0.0225
260301,-1.42,-0.99,9.47,0.0137,0.0136,-0.0057,91962.44,810.40,0.00,0.0201
260366,-1.41,-1.06,9.43,0.0177,0.0111,-0.0080,91962.61,810.38,-0.07,0.0224
260427,-1.46,-1.02,9.50,0.0159,0.0116,-0.0045,91962.61,810.38,-0.05,0.0202
260487,-1.47,-1.00,9.48,0.0173,0.0125,-0.0059,91962.61,810.38,-0.03,0.0222
260548,-1.40,-1.01,9.46,0.0183,0.0120,-0.0081,91962.61,810.38,-0.02,0.0233
260608,-1.42,-1.00,9.44,0.0179,0.0104,-0.0064,91962.61,810.38,-0.02,0.0216
260669,-1.43,-0.98,9.49,0.0175,0.0119,-0.0039,91962.61,810.38,-0.01,0.0215
260729,-1.42,-1.02,9.43,0.0168,0.0139,-0.0068,91962.61,810.38,-0.01,0.0228
260794,-1.44,-1.00,9.48,0.0171,0.0120,-0.0033,91962.61,810.38,-0.01,0.0211
260853,-1.47,-0.97,9.50,0.0180,0.0119,-0.0073,91962.60,810.38,-0.00,0.0228
260915,-1.42,-1.05,9.44,0.0159,0.0112,-0.0069,91962.60,810.38,-0.00,0.0206
260974,-1.41,-1.02,9.42,0.0177,0.0145,-0.0072,91962.60,810.38,-0.00,0.0240
261036,-1.47,-0.98,9.48,0.0153,0.0119,-0.0071,91962.60,810.38,-0.00,0.0206
261095,-1.40,-1.00,9.46,0.0185,0.0131,-0.0056,91962.60,810.38,-0.00,0.0233
261160,-1.42,-1.05,9.44,0.0213,0.0108,-0.0063,91962.60,810.38,-0.00,0.0247
261221,-1.45,-0.97,9.47,0.0185,0.0123,-0.0048,91962.60,810.38,-0.00,0.0227
261281,-1.46,-1.00,9.46,0.0167,0.0093,-0.0053,91962.60,810.38,-0.00,0.0198
261342,-1.44,-1.03,9.46,0.0140,0.0103,-0.0040,91962.60,810.44,0.30,0.0178
261402,-1.43,-0.98,9.45,0.0161,0.0117,-0.0059,91962.59,810.38,-0.09,0.0208
261463,-1.49,-1.00,9.46,0.0199,0.0136,-0.0061,91962.59,810.38,-0.06,0.0248
261523,-1.42,-1.03,9.45,0.0165,0.0127,-0.0061,91962.59,810.38,-0.04,0.0217
261588,-1.45,-1.04,9.46,0.0192,0.0116,-0.0061,91962.59,810.38,-0.03,0.0232
261647,-1.45,-1.01,9.48,0.0152,0.0133,-0.0081,91962.59,810.38,-0.02,0.0218
261709,-1.42,-1.07,9.45,0.0153,0.0119,-0.0064,91962.59,810.38,-0.02,0.0204
261773,-1.41,-1.03,9.47,0.0167,0.0112,-0.0064,91962.59,810.38,-0.01,0.0211
261835,-1.45,-0.99,9.48,0.0161,0.0108,-0.0064,91962.59,810.38,-0.01,0.0204
261894,-1.42,-1.02,9.47,0.0189,0.0135,-0.0075,91962.55,810.39,0.01,0.0244
261956,-1.43,-0.99,9.47,0.0173,0.0116,-0.0091,91962.55,810.39,0.01,0.0227
262030,-1.47,-1.02,9.45,0.0157,0.0115,-0.0076,91962.55,810.39,0.01,0.0209
262092,-1.39,-1.05,9.46,0.0143,0.0109,-0.0075,91962.55,810.39,0.00,0.0194
262151,-1.41,-1.00,9.50,0.0137,0.0140,-0.0064,91962.55,810.39,0.00,0.0206
262213,-1.44,-1.01,9.47,0.0173,0.0109,-0.0080,91962.55,810.39,0.00,0.0220
262272,-1.41,-1.03,9.43,0.0171,0.0108,-0.0085,91962.55,810.39,0.00,0.0219
262334,-1.48,-0.98,9.49,0.0173,0.0128,-0.0069,91962.55,810.39,0.00,0.0226
262393,-1.39,-1.01,9.48,0.0163,0.0133,-0.0067,91962.37,810.40,0.09,0.0220
262458,-1.36,-1.02,9.43,0.0185,0.0113,-0.0053,91962.37,810.40,0.06,0.0224
262519,-1.47,-0.99,9.50,0.0168,0.0123,-0.0043,91962.37,810.40,0.04,0.0212
262579,-1.47,-0.98,9.47,0.0177,0.0117,-0.0065,91962.37,810.40,0.03,0.0222
262640,-1.44,-1.04,9.43,0.0163,0.0119,-0.0072,91962.37,810.40,0.02,0.0214
262700,-1.41,-1.03,9.47,0.0177,0.0117,-0.0071,91962.37,810.40,0.01,0.0224
262761,-1.42,-0.97,9.45,0.0139,0.0131,-0.0056,91962.37,810.40,0.01,0.0198
262821,-1.41,-1.05,9.41,0.0195,0.0116,-0.0059,91962.37,810.40,0.01,0.0234
262886,-1.44,-1.01,9.45,0.0160,0.0125,-0.0060,91962.36,810.40,0.01,0.0212
262945,-1.46,-0.97,9.46,0.0175,0.0123,-0.0048,91962.36,810.40,0.01,0.0219
263007,-1.44,-1.01,9.46,0.0179,0.0105,-0.0055,91962.36,810.40,0.00,0.0214
263066,-1.42,-1.06,9.44,0.0189,0.0139,-0.0085,91962.36,810.40,0.00,0.0250
263128,-1.44,-0.96,9.45,0.0177,0.0121,-0.0075,91962.36,810.40,0.00,0.0227
263187,-1.44,-1.01,9.45,0.0131,0.0091,-0.0055,91962.36,810.40,0.00,0.0168
263252,-1.41,-1.02,9.45,0.0173,0.0121,-0.0061,91962.36,810.40,0.00,0.0220
263313,-1.46,-0.98,9.44,0.0195,0.0120,-0.0065,91962.36,810.40,0.00,0.0238
263374,-1.45,-1.06,9.47,0.0208,0.0107,-0.0049,91962.50,810.39,-0.06,0.0239
263435,-1.38,-1.02,9.46,0.0181,0.0107,-0.0073,91962.50,810.39,-0.04,0.0223
263496,-1.45,-0.99,9.48,0.0183,0.0136,-0.0065,91962.50,810.39,-0.03,0.0237
263557,-1.43,-1.01,9.47,0.0175,0.0127,-0.0047,91962.50,810.39,-0.02,0.0221
263618,-1.44,-1.00,9.49,0.0167,0.0109,-0.0072,91962.50,810.39,-0.02,0.0212
263683,-1.47,-1.00,9.51,0.0163,0.0149,-0.0055,91962.50,810.39,-0.01,0.0227
263742,-1.44,-1.02,9.45,0.0171,0.0101,-0.0063,91962.50,810.39,-0.01,0.0208
263809,-1.43,-1.03,9.48,0.0192,0.0113,-0.0075,91962.50,810.39,-0.01,0.0235
263868,-1.43,-0.98,9.49,0.0173,0.0133,-0.0080,91962.50,810.39,-0.00,0.0233
263930,-1.44,-1.01,9.44,0.0188,0.0121,-0.0075,91962.33,810.41,0.07,0.0236
263989,-1.41,-1.07,9.44,0.0192,0.0144,-0.0081,91962.33,810.41,0.05,0.0253
264051,-1.41,-0.96,9.45,0.0173,0.0117,-0.0065,91962.33,810.41,0.04,0.0219
264115,-1.44,-1.01,9.43,0.0193,0.0123,-0.0064,91962.33,810.41,0.03,0.0238
264176,-1.44,-1.00,9.45,0.0181,0.0121,-0.0076,91962.33,810.41,0.02,0.0231
264237,-1.40,-1.00,9.46,0.0163,0.0120,-0.0091,91962.33,810.41,0.01,0.0221
264297,-1.45,-1.00,9.45,0.0171,0.0112,-0.0080,91962.33,810.41,0.01,0.0219
264358,-1.36,-1.06,9.45,0.0144,0.0132,-0.0036,91962.33,810.41,0.01,0.0198
264418,-1.40,-1.03,9.47,0.0179,0.0108,-0.0072,91962.49,810.39,-0.07,0.0221
264479,-1.45,-0.99,9.48,0.0159,0.0139,-0.0059,91962.49,810.39,-0.05,0.0219
264542,-1.44,-1.05,9.41,0.0149,0.0119,-0.0067,91962.49,810.39,-0.04,0.0202
264604,-1.44,-1.00,9.46,0.0173,0.0125,-0.0089,91962.49,810.39,-0.02,0.0232
264663,-1.48,-0.98,9.46,0.0163,0.0113,-0.0041,91962.49,810.39,-0.02,0.0202
264725,-1.43,-1.01,9.44,0.0149,0.0151,-0.0060,91962.49,810.39,-0.01,0.0220
264784,-1.40,-1.00,9.45,0.0155,0.0113,-0.0065,91962.49,810.39,-0.01,0.0202
264846,-1.44,-0.98,9.47,0.0195,0.0143,-0.0068,91962.49,810.39,-0.01,0.0251
264910,-1.42,-1.05,9.42,0.0168,0.0123,-0.0076,91962.30,810.41,0.08,0.0221
264971,-1.40,-0.99,9.46,0.0176,0.0116,-0.0055,91962.30,810.41,0.06,0.0218
265032,-1.45,-1.00,9.46,0.0148,0.0101,-0.0048,91962.30,810.41,0.04,0.0186
265093,-1.41,-1.01,9.47,0.0165,0.0092,-0.0047,91962.30,810.41,0.03,0.0195
265154,-1.42,-1.04,9.43,0.0176,0.0115,-0.0055,91962.30,810.41,0.02,0.0217
265215,-1.46,-1.00,9.45,0.0136,0.0137,-0.0073,91962.30,810.41,0.01,0.0207
265276,-1.45,-1.01,9.45,0.0144,0.0116,-0.0060,91962.30,810.41,0.01,0.0194
265351,-1.44,-1.03,9.48,0.0185,0.0109,-0.0056,91962.30,810.41,0.01,0.0222
265412,-1.37,-1.01,9.49,0.0171,0.0132,-0.0077,91961.92,810.44,0.17,0.0229
265472,-1.43,-1.04,9.48,0.0156,0.0108,-0.0047,91961.92,810.44,0.12,0.0195
265533,-1.43,-0.98,9.43,0.0155,0.0119,-0.0067,91961.92,810.44,0.08,0.0206
265594,-1.47,-1.00,9.50,0.0177,0.0128,-0.0060,91961.92,810.44,0.06,0.0227
265655,-1.40,-1.03,9.44,0.0168,0.0111,-0.0067,91961.92,810.44,0.04,0.0212
265716,-1.41,-1.03,9.48,0.0180,0.0116,-0.0064,91961.92,810.44,0.03,0.0223
265781,-1.43,-0.99,9.44,0.0181,0.0143,-0.0067,91961.92,810.44,0.02,0.0240
265845,-1.43,-1.03,9.41,0.0143,0.0111,-0.0051,91961.92,810.44,0.01,0.0187
265907,-1.44,-1.01,9.46,0.0171,0.0116,-0.0071,91961.41,810.43,-0.06,0.0218
265966,-1.42,-1.00,9.48,0.0167,0.0103,-0.0055,91962.09,810.43,-0.04,0.0203
266028,-1.42,-1.02,9.43,0.0168,0.0135,-0.0075,91962.09,810.43,-0.03,0.0228
266087,-1.42,-1.06,9.44,0.0156,0.0115,-0.0072,91962.09,810.43,-0.02,0.0206
266149,-1.42,-0.98,9.45,0.0157,0.0129,-0.0052,91962.09,810.43,-0.01,0.0210
266213,-1.41,-1.02,9.44,0.0168,0.0096,-0.0059,91962.09,810.43,-0.01,0.0202
266274,-1.41,-1.03,9.46,0.0177,0.0120,-0.0051,91962.09,810.43,-0.01,0.0220
266335,-1.45,-0.98,9.49,0.0156,0.0112,-0.0051,91962.09,810.43,-0.01,0.0198
266395,-1.41,-1.02,9.47,0.0147,0.0121,-0.0064,91962.09,810.43,-0.00,0.0201
266456,-1.38,-1.04,9.43,0.0175,0.0131,-0.0057,91962.25,810.41,-0.07,0.0225
266517,-1.48,-1.00,9.46,0.0155,0.0120,-0.0068,91962.25,810.41,-0.05,0.0207
266578,-1.45,-1.00,9.47,0.0172,0.0129,-0.0077,91962.25,810.41,-0.04,0.0228
266641,-1.38,-1.03,9.44,0.0171,0.0155,-0.0073,91962.25,810.41,-0.03,0.0242
266703,-1.42,-1.01,9.45,0.0173,0.0125,-0.0077,91962.25,810.41,-0.02,0.0227
266762,-1.46,-1.02,9.44,0.0177,0.0123,-0.0052,91962.25,810.41,-0.01,0.0222
266824,-1.42,-1.04,9.44,0.0151,0.0119,-0.0040,91962.25,810.41,-0.01,0.0196
266883,-1.40,-1.04,9.50,0.0179,0.0117,-0.0068,91962.25,810.41,-0.01,0.0224
266945,-1.45,-1.02,9.49,0.0167,0.0117,-0.0056,91961.91,810.44,0.14,0.0211
267009,-1.42,-1.04,9.45,0.0157,0.0133,-0.0051,91961.91,810.44,0.10,0.0212
267070,-1.42,-0.98,9.45,0.0175,0.0101,-0.0061,91961.91,810.44,0.07,0.0211
267131,-1.46,-0.98,9.50,0.0188,0.0139,-0.0075,91961.91,810.44,0.05,0.0245
267192,-1.44,-1.03,9.48,0.0152,0.0123,-0.0040,91961.91,810.44,0.03,0.0199
267253,-1.43,-1.02,9.45,0.0180,0.0135,-0.0071,91961.91,810.44,0.02,0.0235
267314,-1.45,-1.01,9.49,0.0173,0.0128,-0.0063,91961.91,810.44,0.02,0.0224
267375,-1.44,-1.02,9.47,0.0163,0.0128,-0.0073,91961.91,810.44,0.01,0.0219
267438,-1.42,-1.02,9.45,0.0179,0.0107,-0.0097,91961.71,810.46,0.09,0.0230
267500,-1.45,-0.99,9.49,0.0184,0.0133,-0.0056,91961.71,810.46,0.07,0.0234
267559,-1.44,-0.98,9.49,0.0181,0.0103,-0.0088,91961.71,810.46,0.05,0.0226
267621,-1.44,-1.04,9.45,0.0188,0.0116,-0.0068,91961.71,810.46,0.03,0.0231
267680,-1.42,-1.02,9.46,0.0149,0.0125,-0.0079,91961.71,810.46,0.02,0.0210
267742,-1.39,-1.00,9.46,0.0160,0.0120,-0.0041,91961.71,810.46,0.02,0.0204
267801,-1.42,-1.04,9.46,0.0167,0.0120,-0.0064,91961.71,810.46,0.01,0.0215
267871,-1.44,-0.99,9.46,0.0177,0.0125,-0.0077,91961.71,810.46,0.01,0.0230
267932,-1.45,-1.02,9.46,0.0159,0.0121,-0.0048,91961.71,810.46,0.01,0.0205
267993,-1.41,-1.04,9.46,0.0171,0.0111,-0.0067,91961.88,810.45,-0.07,0.0214
268054,-1.40,-1.01,9.48,0.0185,0.0133,-0.0053,91961.88,810.45,-0.05,0.0234
268115,-1.44,-0.99,9.45,0.0177,0.0088,-0.0063,91961.88,810.45,-0.03,0.0207
268176,-1.41,-1.02,9.42,0.0189,0.0125,-0.0060,91961.88,810.45,-0.02,0.0235
268237,-1.44,-1.02,9.45,0.0168,0.0117,-0.0069,91961.88,810.45,-0.02,0.0216
268302,-1.45,-0.99,9.48,0.0165,0.0116,-0.0052,91961.88,810.45,-0.01,0.0208
268361,-1.41,-1.02,9.44,0.0177,0.0092,-0.0071,91961.88,810.45,-0.01,0.0212
268423,-1.41,-1.00,9.44,0.0193,0.0083,-0.0056,91961.88,810.45,-0.01,0.0217
268482,-1.46,-0.96,9.47,0.0168,0.0092,-0.0056,91961.70,810.46,0.08,0.0199
268544,-1.43,-1.03,9.47,0.0164,0.0095,-0.0053,91961.70,810.46,0.06,0.0197
268603,-1.40,-1.03,9.48,0.0196,0.0116,-0.0055,91961.70,810.46,0.04,0.0234
268665,-1.43,-1.00,9.49,0.0175,0.0109,-0.0057,91961.70,810.46,0.03,0.0214
268739,-1.43,-1.07,9.45,0.0173,0.0121,-0.0067,91961.70,810.46,0.02,0.0222
268801,-1.42,-1.02,9.46,0.0175,0.0113,-0.0080,91961.70,810.46,0.01,0.0223
268860,-1.47,-1.02,9.45,0.0193,0.0137,-0.0076,91961.70,810.46,0.01,0.0249
268922,-1.42,-1.03,9.48,0.0183,0.0135,-0.0061,91961.70,810.46,0.01,0.0235
268981,-1.43,-1.01,9.49,0.0181,0.0099,-0.0072,91961.87,810.45,-0.07,0.0218
269043,-1.44,-1.03,9.47,0.0136,0.0089,-0.0069,91961.87,810.45,-0.05,0.0177
269107,-1.41,-1.04,9.43,0.0188,0.0124,-0.0069,91961.87,810.45,-0.04,0.0235
269168,-1.43,-1.00,9.47,0.0197,0.0127,-0.0073,91961.87,810.45,-0.03,0.0246
269229,-1.44,-0.99,9.46,0.0189,0.0131,-0.0055,91961.87,810.45,-0.02,0.0236
269290,-1.39,-1.02,9.46,0.0192,0.0123,-0.0073,91961.87,810.45,-0.01,0.0239
269351,-1.43,-0.99,9.44,0.0151,0.0117,-0.0065,91961.87,810.45,-0.01,0.0202
269412,-1.45,-0.98,9.48,0.0172,0.0125,-0.0076,91961.87,810.45,-0.01,0.0226
269473,-1.43,-1.04,9.45,0.0171,0.0117,-0.0067,91961.98,810.44,-0.06,0.0217
269536,-1.42,-1.00,9.46,0.0183,0.0113,-0.0068,91961.98,810.44,-0.04,0.0225
269598,-1.46,-0.97,9.45,0.0161,0.0104,-0.0065,91961.98,810.44,-0.03,0.0203
269657,-1.39,-1.04,9.46,0.0165,0.0120,-0.0053,91961.98,810.44,-0.02,0.0211
269719,-1.41,-0.99,9.46,0.0172,0.0135,-0.0061,91961.98,810.44,-0.01,0.0227
269778,-1.47,-0.98,9.49,0.0175,0.0121,-0.0069,91961.98,810.44,-0.01,0.0224
269840,-1.45,-1.03,9.44,0.0165,0.0111,-0.0059,91961.98,810.44,-0.01,0.0207
269904,-1.42,-1.01,9.44,0.0177,0.0116,-0.0069,91961.98,810.44,-0.00,0.0223
269969,-1.48,-0.99,9.45,0.0152,0.0107,-0.0051,91961.81,810.45,0.07,0.0192
270030,-1.40,-1.03,9.45,0.0160,0.0132,-0.0060,91961.81,810.45,0.05,0.0216
270091,-1.39,-1.02,9.46,0.0179,0.0139,-0.0060,91961.81,810.45,0.04,0.0234
270152,-1.46,-0.99,9.46,0.0176,0.0123,-0.0073,91961.81,810.45,0.02,0.0227
270213,-1.40,-1.03,9.44,0.0165,0.0113,-0.0065,91961.81,810.45,0.02,0.0211
270274,-1.38,-1.05,9.46,0.0173,0.0111,-0.0063,91961.81,810.45,0.01,0.0215
270335,-1.45,-0.97,9.50,0.0173,0.0112,-0.0052,91961.81,810.45,0.01,0.0213
270400,-1.43,-1.03,9.42,0.0124,0.0140,-0.0077,91961.81,810.45,0.01,0.0202
270459,-1.38,-1.04,9.43,0.0173,0.0135,-0.0068,91961.81,810.45,0.00,0.0230
270521,-1.45,-1.03,9.46,0.0180,0.0100,-0.0059,91961.80,810.45,0.01,0.0214
270580,-1.41,-0.96,9.49,0.0159,0.0148,-0.0053,91961.80,810.45,0.00,0.0223
270642,-1.42,-0.99,9.43,0.0160,0.0101,-0.0063,91961.80,810.45,0.00,0.0199
270701,-1.47,-0.98,9.44,0.0193,0.0128,-0.0067,91961.80,810.45,0.00,0.0241
270766,-1.46,-0.99,9.46,0.0147,0.0132,-0.0052,91961.80,810.45,0.00,0.0204
270827,-1.40,-1.03,9.41,0.0161,0.0103,-0.0064,91961.80,810.45,0.00,0.0202
270888,-1.42,-1.02,9.43,0.0197,0.0111,-0.0068,91961.80,810.45,0.00,0.0236
270949,-1.44,-1.00,9.46,0.0167,0.0111,-0.0065,91961.80,810.45,0.00,0.0210
271010,-1.42,-1.01,9.47,0.0177,0.0099,-0.0084,91961.63,810.47,0.08,0.0219
271071,-1.44,-1.02,9.45,0.0177,0.0120,-0.0056,91961.63,810.47,0.05,0.0221
271131,-1.45,-0.96,9.45,0.0176,0.0143,-0.0037,91961.63,810.47,0.04,0.0229
271196,-1.41,-1.01,9.39,0.0173,0.0107,-0.0060,91961.63,810.47,0.03,0.0212
271255,-1.41,-1.03,9.48,0.0188,0.0125,-0.0076,91961.63,810.47,0.02,0.0238
271317,-1.40,-0.99,9.47,0.0171,0.0117,-0.0061,91961.63,810.47,0.01,0.0216
271376,-1.42,-0.99,9.43,0.0167,0.0117,-0.0057,91961.63,810.47,0.01,0.0212
271435,-1.39,-1.00,9.46,0.0156,0.0116,-0.0060,91961.63,810.47,0.01,0.0203
271514,-1.41,-0.98,9.51,0.0176,0.0112,-0.0064,91961.59,810.47,0.01,0.0218
271589,-1.38,-1.01,9.45,0.0164,0.0108,-0.0077,91961.59,810.47,0.01,0.0211
271676,-1.40,-1.03,9.44,0.0161,0.0149,-0.0068,91961.59,810.47,0.01,0.0230
271752,-1.40,-1.04,9.44,0.0171,0.0104,-0.0060,91961.59,810.47,0.01,0.0209
271844,-1.40,-1.04,9.43,0.0173,0.0112,-0.0080,91961.59,810.47,0.00,0.0221
271909,-1.46,-1.01,9.45,0.0149,0.0104,-0.0069,91961.59,810.47,0.00,0.0195
271970,-1.46,-0.96,9.48,0.0172,0.0133,-0.0055,91961.59,810.47,0.00,0.0224
272031,-1.42,-1.07,9.45,0.0176,0.0121,-0.0068,91961.77,810.46,-0.07,0.0224
272092,-1.39,-1.00,9.45,0.0187,0.0119,-0.0085,91961.77,810.46,-0.05,0.0237
272167,-1.44,-1.01,9.43,0.0199,0.0101,-0.0072,91961.77,810.46,-0.04,0.0234
272228,-1.42,-1.04,9.45,0.0201,0.0123,-0.0055,91961.77,810.46,-0.03,0.0242
272289,-1.45,-1.00,9.48,0.0189,0.0095,-0.0055,91961.77,810.46,-0.02,0.0218
272350,-1.45,-1.01,9.45,0.0181,0.0099,-0.0064,91961.77,810.46,-0.01,0.0216
272410,-1.39,-1.05,9.45,0.0177,0.0121,-0.0060,91961.77,810.46,-0.01,0.0223
272471,-1.42,-1.02,9.48,0.0200,0.0117,-0.0025,91961.77,810.46,-0.01,0.0233
272531,-1.45,-0.97,9.45,0.0180,0.0088,-0.0047,91961.93,810.44,-0.08,0.0206
272596,-1.43,-1.04,9.45,0.0168,0.0133,-0.0063,91961.93,810.44,-0.06,0.0223
272655,-1.42,-1.02,9.46,0.0176,0.0107,-0.0071,91961.93,810.44,-0.04,0.0217
272717,-1.50,-0.98,9.47,0.0144,0.0109,-0.0056,91961.93,810.44,-0.03,0.0189
272776,-1.42,-1.04,9.45,0.0159,0.0105,-0.0059,91961.93,810.44,-0.02,0.0199
272838,-1.41,-0.99,9.47,0.0171,0.0120,-0.0073,91961.93,810.44,-0.01,0.0221
272897,-1.45,-0.99,9.49,0.0135,0.0105,-0.0069,91961.93,810.44,-0.01,0.0184
272962,-1.42,-1.03,9.44,0.0151,0.0116,-0.0040,91961.93,810.44,-0.01,0.0194
273023,-1.41,-1.01,9.46,0.0193,0.0105,-0.0076,91961.88,810.45,0.02,0.0233
273083,-1.45,-0.98,9.48,0.0163,0.0137,-0.0065,91961.88,810.45,0.01,0.0223
273144,-1.42,-1.00,9.45,0.0179,0.0111,-0.0064,91961.88,810.45,0.01,0.0220
273204,-1.41,-1.02,9.43,0.0187,0.0097,-0.0068,91961.88,810.45,0.01,0.0221
273265,-1.45,-0.98,9.47,0.0147,0.0111,-0.0072,91961.88,810.45,0.00,0.0197
273325,-1.46,-1.00,9.45,0.0164,0.0104,-0.0072,91961.88,810.45,0.00,0.0207
273390,-1.40,-1.02,9.43,0.0176,0.0135,-0.0067,91961.88,810.45,0.00,0.0231
273449,-1.45,-0.99,9.47,0.0213,0.0107,-0.0069,91961.88,810.45,0.00,0.0248
273511,-1.45,-1.00,9.46,0.0159,0.0112,-0.0067,91961.88,810.46,0.08,0.0205
273570,-1.40,-1.04,9.45,0.0172,0.0139,-0.0061,91961.70,810.46,0.06,0.0229
273632,-1.44,-1.02,9.45,0.0168,0.0141,-0.0072,91961.70,810.46,0.04,0.0231
273691,-1.45,-1.02,9.47,0.0185,0.0123,-0.0073,91961.70,810.46,0.03,0.0234
273753,-1.42,-1.02,9.46,0.0184,0.0133,-0.0039,91961.70,810.46,0.02,0.0230
273817,-1.43,-0.99,9.46,0.0151,0.0129,-0.0072,91961.70,810.46,0.01,0.0211
273877,-1.44,-1.00,9.46,0.0172,0.0123,-0.0075,91961.70,810.46,0.01,0.0224
273943,-1.41,-1.04,9.43,0.0168,0.0135,-0.0069,91961.70,810.46,0.01,0.0226
274003,-1.43,-0.98,9.45,0.0187,0.0108,-0.0067,91961.70,810.46,0.00,0.0226
274064,-1.44,-0.97,9.49,0.0139,0.0123,-0.0053,91961.86,810.45,-0.07,0.0193
274124,-1.39,-1.00,9.47,0.0144,0.0135,-0.0069,91961.86,810.45,-0.05,0.0209
274185,-1.41,-1.02,9.45,0.0159,0.0097,-0.0073,91961.86,810.45,-0.03,0.0200
274248,-1.46,-0.97,9.46,0.0180,0.0129,-0.0080,91961.86,810.45,-0.02,0.0235
274310,-1.42,-1.02,9.42,0.0159,0.0121,-0.0057,91961.86,810.45,-0.02,0.0208
274369,-1.39,-1.04,9.46,0.0153,0.0133,-0.0055,91961.86,810.45,-0.01,0.0210
274431,-1.47,-0.98,9.48,0.0152,0.0099,-0.0081,91961.86,810.45,-0.01,0.0198
274490,-1.44,-1.02,9.45,0.0168,0.0123,-0.0065,91961.86,810.45,-0.01,0.0218
274552,-1.41,-1.03,9.47,0.0139,0.0125,-0.0064,91962.03,810.43,-0.08,0.0197
274611,-1.44,-1.01,9.47,0.0168,0.0127,-0.0085,91962.03,810.43,-0.05,0.0227
274676,-1.47,-0.98,9.48,0.0153,0.0111,-0.0093,91962.03,810.43,-0.04,0.0211
274737,-1.43,-1.02,9.45,0.0171,0.0083,-0.0065,91962.03,810.43,-0.03,0.0200
274798,-1.45,-1.00,9.46,0.0181,0.0143,-0.0060,91962.03,810.43,-0.02,0.0238
274859,-1.44,-1.00,9.46,0.0165,0.0141,-0.0053,91962.03,810.43,-0.01,0.0224
274919,-1.42,-1.05,9.44,0.0183,0.0113,-0.0055,91962.03,810.43,-0.01,0.0222
274980,-1.41,-1.00,9.46,0.0183,0.0139,-0.0065,91962.03,810.43,-0.01,0.0238
275193,-1.41,-1.01,9.45,0.0172,0.0136,-0.0021,91961.69,810.46,0.04,0.0220
275405,-1.43,-1.00,9.48,0.0179,0.0100,-0.0051,91961.69,810.46,0.03,0.0211
275615,-1.40,-1.02,9.44,0.0176,0.0137,-0.0073,91961.83,810.45,0.00,0.0235
275846,-1.40,-1.01,9.49,0.0181,0.0119,-0.0071,91961.83,810.45,0.00,0.0228
276060,-1.43,-1.00,9.52,0.0187,0.0104,-0.0036,91961.99,810.44,-0.02,0.0217
276273,-1.41,-1.06,9.44,0.0175,0.0103,-0.0051,91961.99,810.44,-0.01,0.0209
276483,-1.44,-0.98,9.47,0.0168,0.0128,-0.0063,91961.99,810.44,-0.01,0.0220
276711,-1.42,-0.98,9.47,0.0185,0.0095,-0.0076,91962.16,810.42,-0.03,0.0221
276771,-1.43,-1.03,9.45,0.0157,0.0139,-0.0063,91962.16,810.42,-0.02,0.0219
276834,-1.41,-1.03,9.46,0.0184,0.0119,-0.0064,91962.16,810.42,-0.01,0.0228
276894,-1.46,-1.00,9.45,0.0168,0.0123,-0.0061,91962.16,810.42,-0.01,0.0217
276957,-1.43,-1.03,9.45,0.0145,0.0128,-0.0067,91962.16,810.42,-0.01,0.0205
277017,-1.41,-1.02,9.46,0.0175,0.0136,-0.0063,91962.16,810.42,-0.00,0.0230
277080,-1.46,-1.00,9.45,0.0183,0.0105,-0.0049,91962.27,810.41,-0.05,0.0216
277145,-1.40,-1.01,9.45,0.0188,0.0115,-0.0039,91962.27,810.41,-0.04,0.0223
277205,-1.39,-1.04,9.46,0.0184,0.0119,-0.0077,91962.27,810.41,-0.03,0.0232
277266,-1.43,-0.99,9.47,0.0168,0.0103,-0.0063,91962.27,810.41,-0.02,0.0206
277326,-1.44,-1.04,9.44,0.0151,0.0124,-0.0065,91962.27,810.41,-0.01,0.0206
277387,-1.38,-1.03,9.48,0.0207,0.0139,-0.0088,91962.27,810.41,-0.01,0.0264
277447,-1.43,-0.94,9.49,0.0145,0.0091,-0.0045,91962.27,810.41,-0.01,0.0177
277508,-1.43,-0.98,9.43,0.0187,0.0125,-0.0049,91962.27,810.41,-0.00,0.0230
277571,-1.41,-1.01,9.43,0.0189,0.0113,-0.0068,91961.92,810.44,0.15,0.0231
277633,-1.46,-0.97,9.50,0.0164,0.0129,-0.0077,91961.92,810.44,0.10,0.0223
277692,-1.42,-1.01,9.45,0.0161,0.0112,-0.0056,91961.92,810.44,0.07,0.0204
277754,-1.40,-1.02,9.44,0.0181,0.0096,-0.0096,91961.92,810.44,0.05,0.0226
277813,-1.43,-1.00,9.46,0.0173,0.0131,-0.0067,91961.92,810.44,0.04,0.0227
277875,-1.45,-1.01,9.48,0.0137,0.0125,-0.0072,91961.92,810.44,0.02,0.0199
277939,-1.42,-1.07,9.45,0.0164,0.0148,-0.0072,91961.92,810.44,0.02,0.0232
277999,-1.44,-1.01,9.46,0.0172,0.0125,-0.0101,91961.92,810.44,0.01,0.0236
278065,-1.41,-1.02,9.45,0.0168,0.0112,-0.0045,91961.92,810.44,0.01,0.0207
278125,-1.43,-1.03,9.44,0.0168,0.0115,-0.0077,91961.92,810.44,0.01,0.0217
278186,-1.44,-0.99,9.48,0.0196,0.0101,-0.0052,91961.92,810.44,0.00,0.0227
278246,-1.43,-1.02,9.48,0.0173,0.0136,-0.0064,91961.92,810.44,0.00,0.0229
278307,-1.41,-1.02,9.44,0.0153,0.0107,-0.0061,91961.92,810.44,0.00,0.0196
278370,-1.42,-1.01,9.47,0.0171,0.0148,-0.0032,91961.92,810.44,0.00,0.0228
278432,-1.41,-0.99,9.44,0.0161,0.0132,-0.0049,91961.92,810.44,0.00,0.0214
278491,-1.44,-1.06,9.44,0.0173,0.0123,-0.0052,91961.92,810.44,0.00,0.0218
278553,-1.43,-0.97,9.49,0.0173,0.0105,-0.0084,91961.92,810.44,0.00,0.0219
278612,-1.43,-1.01,9.47,0.0163,0.0085,-0.0063,91961.92,810.44,0.00,0.0194
278674,-1.43,-1.03,9.45,0.0165,0.0132,-0.0052,91961.92,810.44,0.00,0.0218
278733,-1.41,-1.03,9.45,0.0199,0.0107,-0.0047,91961.92,810.44,0.00,0.0230
278798,-1.48,-0.99,9.44,0.0180,0.0149,-0.0052,91961.92,810.44,0.00,0.0239
278859,-1.41,-1.02,9.47,0.0168,0.0113,-0.0065,91961.92,810.44,0.00,0.0213
278919,-1.43,-1.02,9.43,0.0179,0.0115,-0.0047,91961.92,810.44,0.00,0.0217
278980,-1.44,-0.98,9.47,0.0148,0.0115,-0.0043,91961.92,810.44,0.00,0.0192
279040,-1.41,-1.05,9.46,0.0193,0.0116,-0.0055,91961.92,810.44,0.00,0.0232
279101,-1.41,-1.02,9.44,0.0184,0.0107,-0.0075,91961.55,810.48,0.17,0.0225
279161,-1.45,-1.00,9.48,0.0184,0.0100,-0.0061,91961.55,810.48,0.12,0.0218
279226,-1.41,-1.04,9.45,0.0196,0.0085,-0.0041,91961.55,810.48,0.08,0.0218
279285,-1.41,-1.04,9.45,0.0189,0.0132,-0.0081,91961.55,810.48,0.06,0.0245
279347,-1.46,-1.01,9.48,0.0165,0.0124,-0.0053,91961.55,810.48,0.04,0.0213
279406,-1.41,-1.02,9.45,0.0152,0.0121,-0.0064,91961.55,810.48,0.03,0.0205
279468,-1.41,-1.04,9.47,0.0180,0.0115,-0.0052,91961.55,810.48,0.02,0.0219
279527,-1.42,-1.03,9.47,0.0165,0.0113,-0.0057,91961.55,810.48,0.01,0.0208
279589,-1.43,-0.98,9.45,0.0163,0.0121,-0.0064,91961.55,810.48,0.01,0.0213
279653,-1.41,-1.05,9.42,0.0168,0.0120,-0.0069,91961.55,810.48,0.01,0.0218
279713,-1.46,-1.03,9.45,0.0161,0.0121,-0.0092,91961.55,810.48,0.00,0.0222
279774,-1.46,-1.03,9.46,0.0168,0.0119,-0.0068,91961.55,810.48,0.00,0.0216
279834,-1.42,-1.06,9.40,0.0180,0.0121,-0.0055,91961.55,810.48,0.00,0.0224
279895,-1.41,-1.00,9.46,0.0188,0.0147,-0.0056,91961.55,810.48,0.00,0.0245
279955,-1.45,-1.00,9.46,0.0171,0.0148,-0.0071,91961.55,810.48,0.00,0.0237
280016,-1.41,-1.00,9.42,0.0168,0.0153,-0.0067,91961.55,810.48,0.00,0.0237
280096,-1.47,-0.99,9.45,0.0165,0.0132,-0.0072,91961.55,810.48,0.00,0.0223
280157,-1.42,-1.02,9.44,0.0148,0.0131,-0.0024,91961.70,810.46,-0.07,0.0199
280217,-1.43,-1.04,9.42,0.0175,0.0133,-0.0059,91961.70,810.46,-0.05,0.0227
280278,-1.44,-1.02,9.50,0.0181,0.0117,-0.0077,91961.70,810.46,-0.03,0.0229
280338,-1.42,-1.01,9.46,0.0149,0.0111,-0.0051,91961.70,810.46,-0.02,0.0193
280399,-1.42,-1.07,9.48,0.0183,0.0112,-0.0052,91961.70,810.46,-0.02,0.0220
280462,-1.41,-0.99,9.48,0.0192,0.0127,-0.0089,91961.70,810.46,-0.01,0.0247
280524,-1.44,-1.00,9.44,0.0167,0.0136,-0.0073,91961.70,810.46,-0.01,0.0227
280583,-1.41,-1.04,9.45,0.0184,0.0116,-0.0067,91961.70,810.46,-0.01,0.0227
280645,-1.46,-1.01,9.47,0.0179,0.0095,-0.0043,91961.53,810.48,0.07,0.0206
280704,-1.47,-0.99,9.47,0.0172,0.0120,-0.0076,91961.53,810.48,0.05,0.0223
280766,-1.40,-1.05,9.43,0.0157,0.0137,-0.0056,91961.53,810.48,0.03,0.0216
280825,-1.41,-1.05,9.47,0.0168,0.0127,-0.0087,91961.53,810.48,0.02,0.0227
280890,-1.47,-1.01,9.45,0.0175,0.0107,-0.0063,91961.53,810.48,0.02,0.0214
280951,-1.41,-1.00,9.40,0.0196,0.0100,-0.0063,91961.53,810.48,0.01,0.0229
281011,-1.40,-1.02,9.45,0.0156,0.0107,-0.0060,91961.53,810.48,0.01,0.0198
281072,-1.47,-0.98,9.49,0.0168,0.0121,-0.0043,91961.53,810.48,0.01,0.0211
281132,-1.43,-1.02,9.45,0.0157,0.0120,-0.0065,91961.65,810.47,-0.05,0.0208
281193,-1.42,-1.03,9.44,0.0193,0.0117,-0.0060,91961.65,810.47,-0.03,0.0234
281253,-1.43,-1.02,9.48,0.0181,0.0116,-0.0075,91961.65,810.47,-0.02,0.0228
281318,-1.41,-1.06,9.49,0.0192,0.0117,-0.0059,91961.65,810.47,-0.02,0.0232
281377,-1.38,-1.06,9.45,0.0167,0.0103,-0.0065,91961.65,810.47,-0.01,0.0206
281439,-1.44,-1.00,9.48,0.0172,0.0123,-0.0063,91961.65,810.47,-0.01,0.0220
281498,-1.44,-1.01,9.47,0.0175,0.0117,-0.0067,91961.65,810.47,-0.01,0.0221
281560,-1.39,-1.00,9.43,0.0153,0.0120,-0.0056,91961.65,810.47,-0.00,0.0202
281619,-1.46,-1.01,9.47,0.0175,0.0120,-0.0071,91961.65,810.47,-0.00,0.0223
281681,-1.47,-0.99,9.47,0.0155,0.0137,-0.0057,91961.47,810.48,0.07,0.0214
281745,-1.42,-1.02,9.42,0.0176,0.0115,-0.0063,91961.47,810.48,0.05,0.0219
281805,-1.40,-1.01,9.46,0.0176,0.0108,-0.0087,91961.47,810.48,0.04,0.0224
281866,-1.46,-0.98,9.50,0.0203,0.0116,-0.0069,91961.47,810.48,0.03,0.0243
281926,-1.43,-1.03,9.44,0.0133,0.0132,-0.0069,91961.47,810.48,0.02,0.0200
281987,-1.39,-1.05,9.45,0.0188,0.0123,-0.0068,91961.47,810.48,0.01,0.0234
282047,-1.47,-0.99,9.49,0.0183,0.0115,-0.0088,91961.47,810.48,0.01,0.0233
282117,-1.40,-1.04,9.41,0.0171,0.0127,-0.0087,91961.47,810.48,0.01,0.0229
282176,-1.40,-1.02,9.41,0.0177,0.0128,-0.0084,91961.81,810.45,-0.15,0.0234
282238,-1.46,-0.99,9.47,0.0168,0.0096,-0.0069,91961.81,810.45,-0.11,0.0205
282297,-1.42,-1.03,9.44,0.0159,0.0116,-0.0055,91961.81,810.45,-0.07,0.0204
282359,-1.37,-1.03,9.43,0.0180,0.0108,-0.0047,91961.81,810.45,-0.05,0.0215
282418,-1.42,-1.02,9.48,0.0175,0.0123,-0.0076,91961.81,810.45,-0.04,0.0226
282480,-1.46,-1.00,9.45,0.0156,0.0124,-0.0053,91961.81,810.45,-0.03,0.0206
282544,-1.41,-1.02,9.44,0.0155,0.0120,-0.0080,91961.81,810.45,-0.02,0.0211
282604,-1.42,-0.99,9.47,0.0192,0.0128,-0.0069,91961.81,810.45,-0.01,0.0241
282665,-1.46,-0.98,9.46,0.0156,0.0152,-0.0067,91961.61,810.47,0.08,0.0228
282725,-1.51,-1.20,9.64,0.0282,0.0193,-0.0023,91961.61,810.47,0.06,0.0343
282786,-1.48,-1.04,9.58,0.0290,0.0116,-0.0075,91961.61,810.47,0.04,0.0321
282846,-1.51,-0.99,9.75,0.0240,0.0149,-0.0081,91961.61,810.47,0.03,0.0294
282907,-1.36,-1.02,9.66,0.0139,0.0148,-0.0039,91961.61,810.47,0.02,0.0206
282970,-1.41,-1.11,9.45,0.0185,0.0137,-0.0067,91961.61,810.47,0.01,0.0240
283032,-1.41,-1.01,9.56,0.0189,0.0128,-0.0063,91961.61,810.47,0.01,0.0237
283091,-1.47,-1.00,9.47,0.0141,0.0125,-0.0048,91961.61,810.47,0.01,0.0195
283153,-1.49,-1.01,9.49,0.0115,0.0128,-0.0056,91961.61,810.47,0.00,0.0181
283212,-1.40,-0.98,9.47,0.0141,0.0115,-0.0025,91961.61,810.47,0.00,0.0184
283274,-1.48,-1.01,9.40,0.0196,0.0119,-0.0069,91961.61,810.47,0.00,0.0239
283333,-1.41,-1.04,9.37,0.0172,0.0103,-0.0083,91961.61,810.47,0.00,0.0217
283410,-1.42,-0.97,9.54,0.0200,0.0081,-0.0043,91961.61,810.47,0.00,0.0220
283469,-1.47,-1.02,9.49,0.0135,0.0144,-0.0059,91961.61,810.47,0.00,0.0206
283531,-1.39,-1.04,9.37,0.0188,0.0116,-0.0081,91961.61,810.47,0.00,0.0235
283590,-1.46,-0.97,9.52,0.0187,0.0136,-0.0047,91961.61,810.47,0.00,0.0235
283652,-1.31,-0.86,9.35,0.0093,0.0191,-0.0004,91961.77,810.46,-0.07,0.0212
283711,-1.43,-1.06,9.38,0.0155,0.0132,-0.0088,91961.77,810.46,-0.05,0.0221
283773,-1.45,-0.98,9.43,0.0212,0.0140,-0.0084,91961.77,810.46,-0.03,0.0267
283837,-1.48,-1.01,9.46,0.0153,0.0119,-0.0077,91961.77,810.46,-0.02,0.0209
283897,-1.44,-1.06,9.40,0.0168,0.0093,-0.0075,91961.77,810.46,-0.02,0.0206
283958,-1.44,-0.99,9.41,0.0199,0.0132,-0.0039,91961.77,810.46,-0.01,0.0241
284018,-1.44,-0.99,9.45,0.0172,0.0116,-0.0068,91961.77,810.46,-0.01,0.0218
284079,-1.48,-1.02,9.50,0.0160,0.0128,-0.0060,91961.77,810.46,-0.01,0.0213
284144,-1.36,-1.03,9.43,0.0209,0.0100,-0.0071,91961.77,810.46,-0.00,0.0242
284209,-1.52,-1.02,9.45,0.0137,0.0133,-0.0080,91961.59,810.47,0.07,0.0207
284268,-1.39,-1.05,9.51,0.0152,0.0113,-0.0064,91961.59,810.47,0.05,0.0200
284330,-1.40,-1.00,9.51,0.0151,0.0101,-0.0041,91961.59,810.47,0.03,0.0186
284389,-1.44,-1.03,9.67,0.0137,0.0172,-0.0061,91961.59,810.47,0.02,0.0228
284451,-0.56,-0.98,7.85,0.0100,-0.0085,0.0140,91961.59,810.47,0.02,0.0192
284510,-1.69,-1.05,10.23,0.0633,0.0085,0.0069,91961.59,810.47,0.01,0.0642
284572,-1.36,-0.98,9.47,0.0035,0.0289,-0.0132,91961.59,810.47,0.01,0.0320
284636,-1.15,-0.88,9.47,0.0153,-0.0080,-0.0028,91961.59,810.47,0.01,0.0175
284696,-1.88,-0.98,9.59,0.0144,0.0207,-0.0304,91961.59,810.47,0.00,0.0394
284757,-1.17,-0.97,9.30,0.0272,0.0093,-0.0064,91961.59,810.47,0.00,0.0294
284817,-1.63,-1.01,9.70,0.0216,0.0105,0.0041,91961.59,810.47,0.00,0.0244
284878,-1.39,-1.07,9.29,0.0168,0.0155,-0.0080,91961.59,810.47,0.00,0.0242
284938,-1.34,-1.01,9.56,0.0285,0.0043,-0.0071,91961.59,810.47,0.00,0.0297
284999,-1.48,-0.99,9.42,0.0151,0.0128,-0.0060,91961.59,810.47,0.00,0.0206
285062,-1.38,-1.00,9.43,0.0168,0.0107,-0.0037,91961.59,810.47,0.00,0.0202
285124,-1.54,-0.98,9.31,0.0151,0.0127,-0.0040,91961.59,810.47,0.00,0.0201
285183,-1.41,-1.01,9.43,0.0193,0.0112,-0.0036,91961.77,810.46,-0.08,0.0226
285245,-1.42,-1.03,9.48,0.0165,0.0137,-0.0052,91961.77,810.46,-0.05,0.0221
285304,-1.36,-1.02,9.38,0.0168,0.0117,-0.0068,91961.77,810.46,-0.04,0.0216
285366,-1.52,-0.98,9.51,0.0192,0.0120,-0.0043,91961.77,810.46,-0.03,0.0230
285425,-1.44,-1.01,9.45,0.0173,0.0117,-0.0041,91961.77,810.46,-0.02,0.0213
285490,-1.39,-1.01,9.43,0.0180,0.0137,-0.0067,91961.77,810.46,-0.01,0.0236
285551,-1.39,-1.00,9.46,0.0161,0.0111,-0.0068,91961.77,810.46,-0.01,0.0207
285611,-1.43,-1.02,9.47,0.0167,0.0116,-0.0063,91961.77,810.46,-0.01,0.0212
285672,-1.46,-1.03,9.46,0.0177,0.0112,-0.0041,91961.77,810.46,-0.00,0.0214
285732,-1.42,-0.98,9.41,0.0179,0.0135,-0.0059,91961.91,810.44,-0.07,0.0231
285793,-1.39,-1.01,9.43,0.0159,0.0109,-0.0060,91961.91,810.44,-0.05,0.0202
285856,-1.43,-1.05,9.44,0.0172,0.0083,-0.0069,91961.91,810.44,-0.03,0.0203
285918,-1.44,-0.99,9.46,0.0157,0.0112,-0.0051,91961.91,810.44,-0.02,0.0200
285977,-1.42,-0.99,9.44,0.0168,0.0143,-0.0047,91961.91,810.44,-0.02,0.0225
286039,-1.41,-1.02,9.43,0.0199,0.0097,-0.0060,91961.91,810.44,-0.01,0.0229
286098,-1.47,-0.99,9.46,0.0192,0.0124,-0.0073,91961.91,810.44,-0.01,0.0240
286165,-1.48,-0.97,9.43,0.0160,0.0101,-0.0052,91961.91,810.44,-0.01,0.0196
286224,-1.39,-1.03,9.41,0.0163,0.0129,-0.0087,91962.22,810.42,-0.15,0.0225
286289,-1.42,-1.00,9.46,0.0195,0.0103,-0.0076,91962.22,810.42,-0.10,0.0233
286350,-1.41,-0.98,9.43,0.0160,0.0111,-0.0085,91962.22,810.42,-0.07,0.0212
286410,-1.43,-1.02,9.44,0.0148,0.0127,-0.0049,91962.22,810.42,-0.05,0.0201
286471,-1.41,-1.01,9.44,0.0207,0.0108,-0.0079,91962.22,810.42,-0.03,0.0246
286531,-1.44,-0.98,9.48,0.0175,0.0124,-0.0063,91962.22,810.42,-0.02,0.0223
286592,-1.43,-1.01,9.42,0.0171,0.0119,-0.0068,91962.22,810.42,-0.02,0.0219
286652,-1.41,-1.03,9.44,0.0168,0.0123,-0.0053,91962.22,810.42,-0.01,0.0215
286727,-1.47,-0.97,9.44,0.0185,0.0136,-0.0089,91962.05,810.43,0.05,0.0246
286787,-1.39,-1.04,9.41,0.0156,0.0104,-0.0051,91962.05,810.43,0.04,0.0194
286847,-1.45,-1.03,9.45,0.0171,0.0129,-0.0095,91962.05,810.43,0.03,0.0234
286907,-1.46,-0.98,9.47,0.0148,0.0097,-0.0071,91962.05,810.43,0.02,0.0191
286966,-1.43,-1.04,9.49,0.0177,0.0129,-0.0057,91962.05,810.43,0.01,0.0227
287180,-1.43,-0.99,9.45,0.0188,0.0101,-0.0084,91962.05,810.43,0.01,0.0229
287560,-1.45,-0.98,9.43,0.0173,0.0124,-0.0073,91962.05,810.43,0.01,0.0225
288072,-1.42,-0.99,9.44,0.0191,0.0137,-0.0064,91962.05,810.43,0.00,0.0243
288196,-1.43,-0.99,9.45,0.0193,0.0132,-0.0073,91962.05,810.43,0.00,0.0245
288255,-1.46,-0.93,9.45,0.0160,0.0131,-0.0080,91962.05,810.43,0.00,0.0221
288317,-1.41,-1.02,9.42,0.0173,0.0091,-0.0073,91962.05,810.43,0.00,0.0209
288376,-1.40,-1.01,9.44,0.0192,0.0123,-0.0077,91962.05,810.43,0.00,0.0240
288438,-1.43,-0.96,9.44,0.0161,0.0108,-0.0073,91962.05,810.43,0.00,0.0207
288497,-1.46,-1.02,9.45,0.0173,0.0120,-0.0072,91962.05,810.43,0.00,0.0223
288562,-1.39,-1.01,9.45,0.0179,0.0112,-0.0069,91962.05,810.43,0.00,0.0222
288623,-1.45,-0.98,9.46,0.0176,0.0111,-0.0084,91962.05,810.43,0.00,0.0224
288683,-1.42,-1.03,9.45,0.0163,0.0117,-0.0049,91962.05,810.43,0.00,0.0206
288744,-1.42,-1.04,9.45,0.0173,0.0135,-0.0084,91962.05,810.43,0.00,0.0235
288804,-1.40,-0.97,9.43,0.0179,0.0108,-0.0048,91962.05,810.43,0.00,0.0214
288865,-1.42,-1.00,9.47,0.0153,0.0148,-0.0077,91962.05,810.43,0.00,0.0227
288928,-1.41,-1.05,9.44,0.0172,0.0121,-0.0059,91962.05,810.43,0.00,0.0218
288990,-1.43,-0.98,9.38,0.0168,0.0120,-0.0072,91962.05,810.43,0.00,0.0218
289049,-1.47,-0.97,9.45,0.0145,0.0139,-0.0045,91962.05,810.43,0.00,0.0206
289111,-1.38,-1.02,9.44,0.0173,0.0087,-0.0055,91962.05,810.43,0.00,0.0201
289170,-1.39,-1.02,9.39,0.0164,0.0144,-0.0012,91962.05,810.43,0.00,0.0218
289232,-1.44,-0.97,9.48,0.0144,0.0124,-0.0084,91962.05,810.43,0.00,0.0208
289291,-1.42,-1.02,9.48,0.0172,0.0119,-0.0067,91962.05,810.43,0.00,0.0219
289356,-1.45,-1.01,9.50,0.0167,0.0123,-0.0067,91962.05,810.43,0.00,0.0217
289417,-1.39,-1.02,9.44,0.0188,0.0080,-0.0037,91962.05,810.43,0.00,0.0208
289477,-1.46,-0.99,9.47,0.0137,0.0116,-0.0047,91962.05,810.43,0.00,0.0186
289538,-1.35,-1.02,9.36,0.0187,0.0137,-0.0087,91962.05,810.43,0.00,0.0247
289598,-1.44,-0.98,9.47,0.0172,0.0096,-0.0087,91962.05,810.43,0.00,0.0215
289659,-1.48,-0.94,9.14,0.0077,0.0069,-0.0113,91962.05,810.43,0.00,0.0154
289719,-1.44,-1.03,9.39,0.0185,0.0112,-0.0064,91962.05,810.43,0.00,0.0226
289784,-1.45,-1.02,9.46,0.0167,0.0091,-0.0048,91962.21,810.42,-0.07,0.0196
289843,-1.46,-1.09,9.79,0.0228,0.0127,-0.0056,91962.21,810.42,-0.05,0.0267
289905,-1.43,-1.02,9.45,0.0196,0.0093,-0.0059,91962.21,810.42,-0.03,0.0225
289964,-1.41,-1.03,9.48,0.0132,0.0145,-0.0061,91962.21,810.42,-0.02,0.0206
290026,-1.43,-0.98,9.44,0.0157,0.0096,-0.0063,91962.21,810.42,-0.02,0.0195
290085,-1.50,-1.04,9.44,0.0163,0.0121,-0.0068,91962.21,810.42,-0.01,0.0214
290147,-1.41,-1.01,9.36,0.0180,0.0073,-0.0057,91962.21,810.42,-0.01,0.0202
290216,-1.51,-0.97,9.50,0.0164,0.0133,-0.0067,91962.21,810.42,-0.01,0.0221
290276,-1.37,-1.01,9.42,0.0173,0.0133,-0.0096,91962.21,810.42,-0.00,0.0239
290337,-1.45,-1.00,9.49,0.0187,0.0089,-0.0045,91962.21,810.42,-0.00,0.0212
290397,-1.44,-0.97,9.47,0.0201,0.0132,-0.0061,91962.21,810.42,-0.00,0.0248
290458,-1.44,-1.02,9.47,0.0207,0.0119,-0.0068,91962.21,810.42,-0.00,0.0248
290518,-1.38,-1.00,9.46,0.0157,0.0129,-0.0061,91962.21,810.42,-0.00,0.0213
290579,-1.45,-1.00,9.48,0.0163,0.0068,-0.0053,91962.21,810.42,-0.00,0.0184
290642,-1.42,-1.03,9.46,0.0161,0.0115,-0.0055,91962.21,810.42,-0.00,0.0205
290704,-1.37,-1.04,9.40,0.0172,0.0131,-0.0053,91962.21,810.42,-0.00,0.0222
290763,-1.47,-0.97,9.46,0.0165,0.0115,-0.0053,91962.05,810.43,0.07,0.0208
290825,-1.41,-1.01,9.43,0.0164,0.0091,-0.0079,91962.05,810.43,0.05,0.0203
290884,-1.43,-1.04,9.44,0.0181,0.0125,-0.0060,91962.05,810.43,0.04,0.0228
290946,-1.43,-1.02,9.44,0.0167,0.0121,-0.0072,91962.05,810.43,0.03,0.0218
291020,-1.41,-1.03,9.41,0.0189,0.0079,-0.0063,91962.05,810.43,0.02,0.0214
291082,-1.43,-1.03,9.47,0.0157,0.0123,-0.0059,91962.05,810.43,0.01,0.0208
291141,-1.44,-1.01,9.46,0.0180,0.0109,-0.0056,91962.05,810.43,0.01,0.0218
291203,-1.42,-1.05,9.45,0.0145,0.0092,-0.0053,91962.05,810.43,0.01,0.0180
291262,-1.39,-1.00,9.42,0.0185,0.0133,-0.0077,91962.38,810.40,-0.14,0.0241
291324,-1.47,-0.97,9.45,0.0161,0.0125,-0.0067,91962.38,810.40,-0.10,0.0215
291383,-1.46,-1.02,9.45,0.0160,0.0136,-0.0047,91962.38,810.40,-0.07,0.0215
291448,-1.41,-1.01,9.43,0.0176,0.0136,-0.0060,91962.38,810.40,-0.05,0.0230
291509,-1.43,-0.97,9.49,0.0144,0.0117,-0.0071,91962.38,810.40,-0.03,0.0199
291569,-1.44,-1.00,9.46,0.0155,0.0111,-0.0071,91962.38,810.40,-0.02,0.0203
291630,-1.39,-1.03,9.42,0.0177,0.0135,-0.0079,91962.38,810.40,-0.02,0.0236
291690,-1.43,-1.00,9.45,0.0199,0.0095,-0.0056,91962.38,810.40,-0.01,0.0227
291751,-1.43,-0.97,9.50,0.0187,0.0097,-0.0067,91962.38,810.40,-0.01,0.0221
291812,-1.41,-1.03,9.44,0.0168,0.0129,-0.0045,91962.21,810.42,0.07,0.0217
291877,-1.42,-1.01,9.49,0.0176,0.0140,-0.0077,91962.21,810.42,0.05,0.0238
291936,-1.47,-0.98,9.49,0.0172,0.0140,-0.0093,91962.21,810.42,0.03,0.0240
291998,-1.41,-1.01,9.43,0.0161,0.0136,-0.0059,91962.21,810.42,0.02,0.0219
292057,-1.38,-1.02,9.44,0.0171,0.0140,-0.0047,91962.21,810.42,0.02,0.0225
292119,-1.44,-1.01,9.47,0.0195,0.0109,-0.0051,91962.21,810.42,0.01,0.0229
292178,-1.41,-0.98,9.46,0.0171,0.0124,-0.0077,91962.21,810.42,0.01,0.0225
292245,-1.44,-1.01,9.43,0.0197,0.0128,-0.0079,91962.21,810.42,0.01,0.0248
292309,-1.45,-0.99,9.49,0.0175,0.0109,-0.0073,91962.55,810.39,-0.14,0.0219
292369,-1.45,-1.01,9.47,0.0155,0.0132,-0.0059,91962.55,810.39,-0.10,0.0211
292430,-1.40,-1.00,9.43,0.0177,0.0103,-0.0060,91962.55,810.39,-0.07,0.0213
292490,-1.44,-1.01,9.45,0.0196,0.0108,-0.0071,91962.55,810.39,-0.05,0.0234
292551,-1.46,-1.00,9.47,0.0164,0.0103,-0.0081,91962.55,810.39,-0.03,0.0210
292611,-1.39,-1.00,9.42,0.0157,0.0116,-0.0056,91962.55,810.39,-0.02,0.0203
292676,-1.44,-0.99,9.44,0.0168,0.0137,-0.0064,91962.55,810.39,-0.02,0.0226
292735,-1.45,-1.00,9.47,0.0157,0.0107,-0.0060,91962.55,810.39,-0.01,0.0199
292797,-1.43,-1.02,9.41,0.0163,0.0121,-0.0049,91962.55,810.39,-0.01,0.0209
292856,-1.39,-1.01,9.45,0.0189,0.0127,-0.0085,91962.55,810.39,-0.01,0.0243
292918,-1.47,-0.97,9.49,0.0165,0.0119,-0.0053,91962.55,810.39,-0.00,0.0210
292977,-1.47,-1.02,9.47,0.0172,0.0115,-0.0057,91962.55,810.39,-0.00,0.0214
293039,-1.39,-1.05,9.45,0.0156,0.0104,-0.0057,91962.55,810.39,-0.00,0.0196
293103,-1.44,-1.02,9.48,0.0157,0.0105,-0.0067,91962.55,810.39,-0.00,0.0201
293163,-1.44,-0.99,9.45,0.0165,0.0127,-0.0072,91962.55,810.39,-0.00,0.0220
293224,-1.38,-1.01,9.46,0.0203,0.0112,-0.0056,91962.55,810.39,-0.00,0.0238
293285,-1.44,-0.99,9.48,0.0183,0.0129,-0.0061,91962.69,810.37,-0.06,0.0232
293346,-1.42,-0.99,9.46,0.0156,0.0107,-0.0069,91962.69,810.37,-0.04,0.0201
293406,-1.41,-1.04,9.45,0.0131,0.0137,-0.0068,91962.69,810.37,-0.03,0.0201
293467,-1.43,-1.09,9.32,0.0229,0.0121,-0.0049,91962.69,810.37,-0.02,0.0264
293530,-1.38,-0.98,9.28,0.0217,0.0137,-0.0067,91962.69,810.37,-0.01,0.0265
293592,-1.46,-1.04,9.44,0.0164,0.0140,-0.0067,91962.69,810.37,-0.01,0.0226
293651,-1.38,-1.00,9.43,0.0224,0.0093,-0.0053,91962.69,810.37,-0.01,0.0248
293713,-1.53,-0.97,9.54,0.0137,0.0112,-0.0075,91962.69,810.37,-0.01,0.0192
293772,-1.33,-0.99,9.33,0.0181,0.0100,-0.0067,91962.69,810.37,-0.00,0.0217
293834,-1.69,-1.11,9.36,0.0274,-0.0001,-0.0081,91962.52,810.39,0.07,0.0286
293893,-1.38,-0.96,9.39,0.0117,0.0128,-0.0061,91962.52,810.39,0.05,0.0184
293958,-1.48,-1.02,9.45,0.0168,0.0132,-0.0067,91962.52,810.39,0.03,0.0224
294019,-1.39,-0.99,9.44,0.0147,0.0140,-0.0055,91962.52,810.39,0.02,0.0210
294080,-1.45,-1.02,9.39,0.0189,0.0125,-0.0049,91962.52,810.39,0.02,0.0232
294141,-1.48,-0.98,9.39,0.0185,0.0117,-0.0092,91962.52,810.39,0.01,0.0238
294201,-1.36,-1.01,9.36,0.0183,0.0136,-0.0075,91962.52,810.39,0.01,0.0239
294267,-1.49,-1.00,9.53,0.0181,0.0099,-0.0047,91962.52,810.39,0.01,0.0211
294327,-1.37,-1.01,9.39,0.0143,0.0112,-0.0073,91962.52,810.39,0.01,0.0195
294396,-1.48,-0.99,9.49,0.0187,0.0069,-0.0088,91962.52,810.39,0.00,0.0218
294458,-1.44,-0.98,9.42,0.0132,0.0148,-0.0063,91962.52,810.39,0.00,0.0208
294517,-1.44,-1.02,9.44,0.0165,0.0083,-0.0072,91962.52,810.39,0.00,0.0198
294579,-1.43,-0.99,9.45,0.0163,0.0141,-0.0041,91962.52,810.39,0.00,0.0219
294638,-1.43,-0.97,9.44,0.0179,0.0107,-0.0072,91962.52,810.39,0.00,0.0220
294700,-1.47,-1.05,9.46,0.0137,0.0151,-0.0061,91962.52,810.39,0.00,0.0213
294764,-1.35,-1.02,9.40,0.0184,0.0125,-0.0075,91962.52,810.39,0.00,0.0235
294825,-1.50,-1.00,9.53,0.0172,0.0115,-0.0049,91962.34,810.41,0.08,0.0212
294886,-1.34,-0.93,9.30,0.0163,0.0092,-0.0087,91962.34,810.41,0.06,0.0206
294946,-1.40,-1.02,9.48,0.0159,0.0123,-0.0047,91962.34,810.41,0.04,0.0206
295007,-1.42,-1.01,9.44,0.0129,0.0136,-0.0080,91962.34,810.41,0.03,0.0204
295068,-1.40,-1.03,9.46,0.0188,0.0096,-0.0048,91962.34,810.41,0.02,0.0216
295129,-1.48,-1.08,9.47,0.0187,0.0144,-0.0064,91962.34,810.41,0.01,0.0244
295192,-1.42,-0.97,9.47,0.0152,0.0148,-0.0064,91962.34,810.41,0.01,0.0221
295254,-1.47,-0.99,9.38,0.0129,0.0048,-0.0061,91962.34,810.41,0.01,0.0151
295313,-1.34,-1.01,9.39,0.0132,0.0148,-0.0068,91962.52,810.39,-0.08,0.0209
295375,-1.44,-1.00,9.43,0.0183,0.0115,-0.0089,91962.52,810.39,-0.05,0.0233
295434,-1.45,-1.03,9.45,0.0171,0.0148,-0.0053,91962.52,810.39,-0.04,0.0232
295496,-1.37,-0.98,9.34,0.0193,0.0128,-0.0060,91962.52,810.39,-0.03,0.0239
295555,-1.55,-1.02,9.33,0.0229,0.0135,-0.0069,91962.52,810.39,-0.02,0.0275
295620,-1.37,-0.89,9.37,0.0168,0.0091,-0.0043,91962.52,810.39,-0.01,0.0195
295681,-1.47,-0.97,9.46,0.0211,0.0100,-0.0056,91962.52,810.39,-0.01,0.0240
295741,-1.33,-0.97,9.40,0.0172,0.0159,-0.0075,91962.52,810.39,-0.01,0.0245
295802,-1.46,-0.98,9.33,0.0145,0.0121,-0.0075,91962.52,810.39,-0.00,0.0203
295863,-1.41,-1.01,9.38,0.0203,0.0113,-0.0051,91962.52,810.39,-0.00,0.0237
295924,-1.49,-1.00,9.51,0.0159,0.0127,-0.0071,91962.52,810.39,-0.00,0.0215
295984,-1.35,-0.89,9.20,0.0121,0.0156,-0.0069,91962.52,810.39,-0.00,0.0209
296049,-1.49,-1.00,9.35,0.0131,0.0141,-0.0061,91962.52,810.39,-0.00,0.0202
296108,-1.35,-1.04,9.51,0.0193,0.0156,-0.0085,91962.52,810.39,-0.00,0.0262
296170,-1.58,-0.94,9.45,0.0200,0.0120,-0.0064,91962.52,810.39,-0.00,0.0242
296229,-1.40,-1.00,9.37,0.0179,0.0164,-0.0057,91962.52,810.39,-0.00,0.0249
296296,-1.49,-1.00,9.49,0.0195,0.0089,-0.0087,91962.52,810.39,-0.00,0.0231
296355,-1.46,-0.98,9.46,0.0156,0.0135,-0.0077,91962.52,810.39,-0.00,0.0220
296420,-1.45,-1.01,9.45,0.0188,0.0104,-0.0044,91962.52,810.39,-0.00,0.0219
296481,-1.46,-1.03,9.45,0.0171,0.0112,-0.0071,91962.52,810.39,-0.00,0.0216
296542,-1.45,-1.00,9.44,0.0163,0.0135,-0.0069,91962.52,810.39,-0.00,0.0222
296603,-1.43,-1.01,9.47,0.0163,0.0103,-0.0065,91962.52,810.39,-0.00,0.0203
296664,-1.39,-1.01,9.42,0.0177,0.0113,-0.0067,91962.52,810.39,-0.00,0.0221
296725,-1.55,-1.01,9.52,0.0193,0.0103,-0.0104,91962.52,810.39,-0.00,0.0242
296786,-1.46,-1.04,9.41,0.0167,0.0088,-0.0087,91962.52,810.39,-0.00,0.0207
296851,-1.37,-1.04,9.45,0.0211,0.0140,-0.0035,91962.52,810.39,-0.00,0.0255
296910,-1.45,-0.99,9.47,0.0159,0.0107,-0.0049,91962.52,810.39,-0.00,0.0197
296972,-1.43,-1.00,9.51,0.0168,0.0113,-0.0037,91962.52,810.39,-0.00,0.0206
297031,-1.41,-1.03,9.47,0.0188,0.0079,-0.0077,91962.52,810.39,-0.00,0.0218
297093,-1.48,-1.03,9.49,0.0136,0.0059,-0.0037,91962.52,810.39,-0.00,0.0153
297152,-1.32,-1.00,9.38,0.0160,0.0125,-0.0037,91962.52,810.39,-0.00,0.0206
297214,-1.50,-1.01,9.48,0.0180,0.0117,-0.0093,91962.52,810.39,-0.00,0.0234
297278,-1.37,-0.97,9.44,0.0176,0.0141,-0.0069,91962.52,810.39,-0.00,0.0236
297339,-1.45,-1.00,9.46,0.0167,0.0131,-0.0059,91962.52,810.39,-0.00,0.0220
297400,-1.43,-1.02,9.46,0.0165,0.0140,-0.0043,91962.52,810.39,-0.00,0.0221
297461,-1.43,-1.00,9.45,0.0163,0.0108,-0.0085,91962.52,810.39,-0.00,0.0213
297522,-1.49,-0.99,9.46,0.0163,0.0127,-0.0033,91962.52,810.39,-0.00,0.0209
297583,-1.40,-1.01,9.37,0.0176,0.0124,-0.0071,91962.52,810.39,-0.00,0.0226
297644,-1.49,-0.99,9.50,0.0191,0.0127,-0.0073,91962.52,810.39,-0.00,0.0240
297719,-1.40,-1.05,9.42,0.0160,0.0151,-0.0084,91962.52,810.39,-0.00,0.0235
297780,-1.43,-0.99,9.48,0.0161,0.0127,-0.0073,91962.52,810.39,-0.00,0.0218
297841,-1.42,-0.98,9.48,0.0171,0.0143,-0.0072,91962.52,810.39,-0.00,0.0234
297902,-1.42,-1.01,9.43,0.0168,0.0128,-0.0081,91962.52,810.39,-0.00,0.0226
297963,-1.41,-1.01,9.46,0.0171,0.0116,-0.0073,91962.52,810.39,-0.00,0.0219
298024,-1.45,-1.00,9.44,0.0188,0.0135,-0.0072,91962.52,810.39,-0.00,0.0242
298087,-1.48,-1.04,9.48,0.0148,0.0116,-0.0065,91962.52,810.39,-0.00,0.0199
298149,-1.37,-1.03,9.45,0.0201,0.0127,-0.0056,91962.52,810.39,-0.00,0.0244
298208,-1.45,-0.97,9.46,0.0171,0.0132,-0.0089,91962.52,810.39,-0.00,0.0233
298270,-1.42,-1.00,9.43,0.0161,0.0120,-0.0073,91962.52,810.39,-0.00,0.0214
298334,-1.45,-1.01,9.47,0.0203,0.0124,-0.0069,91962.52,810.39,-0.00,0.0247
298396,-1.43,-0.97,9.46,0.0160,0.0109,-0.0065,91962.34,810.41,0.08,0.0204
298455,-1.41,-0.97,9.46,0.0180,0.0113,-0.0064,91962.34,810.41,0.06,0.0222
298520,-1.41,-1.01,9.44,0.0189,0.0180,-0.0052,91962.34,810.41,0.04,0.0266
298581,-1.44,-0.98,9.46,0.0180,0.0103,-0.0056,91962.34,810.41,0.03,0.0214
298642,-1.51,-1.03,9.47,0.0197,0.0091,-0.0052,91962.34,810.41,0.02,0.0223
298703,-1.36,-1.01,9.45,0.0161,0.0147,-0.0045,91962.34,810.41,0.01,0.0223
298764,-1.46,-0.98,9.48,0.0180,0.0089,-0.0081,91962.34,810.41,0.01,0.0217
298825,-1.41,-1.04,9.45,0.0137,0.0120,-0.0080,91962.34,810.41,0.01,0.0199
298886,-1.40,-1.05,9.44,0.0161,0.0112,-0.0081,91962.52,810.39,-0.08,0.0212
298951,-1.47,-1.00,9.45,0.0168,0.0131,-0.0065,91962.52,810.39,-0.05,0.0222
299010,-1.42,-1.03,9.43,0.0160,0.0113,-0.0071,91962.52,810.39,-0.04,0.0208
299072,-1.41,-1.02,9.44,0.0172,0.0121,-0.0088,91962.52,810.39,-0.03,0.0228
299131,-1.45,-0.96,9.42,0.0203,0.0115,-0.0061,91962.52,810.39,-0.02,0.0241
299193,-1.49,-0.99,9.43,0.0148,0.0124,-0.0065,91962.52,810.39,-0.01,0.0204
299252,-1.35,-1.02,9.37,0.0165,0.0124,-0.0053,91962.52,810.39,-0.01,0.0213
299314,-1.51,-0.97,9.49,0.0173,0.0088,-0.0059,91962.52,810.39,-0.01,0.0203
299378,-1.39,-0.99,9.40,0.0188,0.0101,-0.0056,91962.85,810.36,-0.14,0.0221
299439,-1.47,-1.04,9.47,0.0208,0.0085,-0.0085,91962.85,810.36,-0.10,0.0240
299500,-1.43,-0.98,9.45,0.0168,0.0107,-0.0059,91962.85,810.36,-0.07,0.0207
299560,-1.49,-1.02,9.48,0.0172,0.0089,-0.0055,91962.85,810.36,-0.05,0.0201
299621,-1.37,-1.01,9.39,0.0168,0.0113,-0.0051,91962.85,810.36,-0.03,0.0209
299682,-1.46,-0.99,9.49,0.0183,0.0124,-0.0077,91962.85,810.36,-0.02,0.0234
299747,-1.53,-1.05,9.56,0.0211,0.0115,-0.0048,91962.85,810.36,-0.02,0.0244
299806,-1.36,-1.01,9.39,0.0153,0.0111,-0.0053,91962.85,810.36,-0.01,0.0196
299868,-1.45,-0.99,9.49,0.0192,0.0080,-0.0076,91962.85,810.36,-0.01,0.0221
299927,-1.44,-0.96,9.47,0.0148,0.0107,-0.0041,91962.34,810.41,0.23,0.0187
299989,-1.41,-1.04,9.43,0.0181,0.0132,-0.0053,91962.34,810.41,0.16,0.0230
300048,-1.42,-1.01,9.43,0.0188,0.0160,-0.0068,91962.34,810.41,0.11,0.0256
300110,-1.45,-0.96,9.49,0.0160,0.0123,-0.0052,91962.34,810.41,0.08,0.0208
300174,-1.38,-1.00,9.33,0.0149,0.0139,-0.0060,91962.34,810.41,0.06,0.0212
300235,-1.49,-1.02,9.50,0.0176,0.0064,-0.0064,91962.34,810.41,0.04,0.0198
300296,-1.42,-0.96,9.36,0.0187,0.0155,-0.0067,91962.34,810.41,0.03,0.0251
300362,-1.41,-1.02,9.47,0.0176,0.0093,-0.0059,91962.34,810.41,0.02,0.0208
300423,-1.42,-1.02,9.45,0.0188,0.0117,-0.0072,91962.85,810.36,-0.21,0.0233
300484,-1.44,-0.99,9.46,0.0157,0.0125,-0.0048,91962.85,810.36,-0.15,0.0207
300545,-1.45,-1.04,9.45,0.0181,0.0120,-0.0035,91962.85,810.36,-0.10,0.0220
300608,-1.40,-0.98,9.44,0.0207,0.0125,-0.0079,91962.85,810.36,-0.07,0.0254
300670,-1.46,-1.00,9.47,0.0193,0.0141,-0.0041,91962.85,810.36,-0.05,0.0243
300729,-1.42,-1.01,9.45,0.0143,0.0113,-0.0057,91962.85,810.36,-0.04,0.0191
300791,-1.42,-1.02,9.45,0.0155,0.0120,-0.0045,91962.85,810.36,-0.03,0.0201
300850,-1.44,-0.97,9.45,0.0164,0.0119,-0.0063,91962.85,810.36,-0.02,0.0212
300912,-1.42,-1.03,9.43,0.0163,0.0125,-0.0065,91962.85,810.36,-0.01,0.0215
300971,-1.38,-0.98,9.44,0.0192,0.0156,-0.0057,91962.85,810.36,-0.01,0.0254
301048,-1.41,-1.04,9.47,0.0168,0.0129,-0.0056,91962.85,810.36,-0.01,0.0219
301107,-1.40,-1.02,9.43,0.0197,0.0127,-0.0053,91962.85,810.36,-0.00,0.0240
301169,-1.45,-1.00,9.46,0.0193,0.0116,-0.0060,91962.85,810.36,-0.00,0.0233
301228,-1.45,-1.00,9.45,0.0160,0.0116,-0.0055,91962.85,810.36,-0.00,0.0205
301290,-1.41,-1.01,9.44,0.0185,0.0136,-0.0080,91962.85,810.36,-0.00,0.0243
301349,-1.44,-1.00,9.45,0.0163,0.0111,-0.0040,91962.85,810.36,-0.00,0.0201
301414,-1.39,-1.00,9.44,0.0164,0.0116,-0.0064,91962.69,810.37,0.07,0.0211
301475,-1.38,-1.00,9.45,0.0201,0.0109,-0.0060,91962.69,810.37,0.05,0.0237
301535,-1.41,-1.01,9.44,0.0167,0.0131,-0.0055,91962.69,810.37,0.03,0.0219
301596,-1.44,-1.00,9.52,0.0152,0.0099,-0.0052,91962.69,810.37,0.02,0.0188
301656,-1.39,-1.07,9.44,0.0177,0.0147,-0.0077,91962.69,810.37,0.02,0.0243
301717,-1.43,-1.01,9.50,0.0183,0.0111,-0.0060,91962.69,810.37,0.01,0.0222
301777,-1.48,-0.97,9.50,0.0147,0.0100,-0.0075,91962.69,810.37,0.01,0.0192
301842,-1.39,-1.05,9.42,0.0161,0.0091,-0.0076,91962.69,810.37,0.01,0.0200
301901,-1.45,-0.98,9.47,0.0165,0.0119,-0.0076,91962.69,810.37,0.00,0.0217
301963,-1.44,-1.02,9.48,0.0156,0.0121,-0.0060,91962.69,810.37,0.00,0.0206
302022,-1.46,-0.99,9.46,0.0156,0.0108,-0.0055,91962.69,810.37,0.00,0.0197
302084,-1.39,-1.01,9.44,0.0197,0.0152,-0.0089,91962.69,810.37,0.00,0.0264
302143,-1.45,-1.00,9.48,0.0161,0.0111,-0.0065,91962.69,810.37,0.00,0.0206
302205,-1.41,-1.01,9.43,0.0172,0.0152,-0.0080,91962.69,810.37,0.00,0.0243
302267,-1.42,-1.01,9.48,0.0191,0.0125,-0.0080,91962.69,810.37,0.00,0.0242
302338,-1.41,-1.00,9.47,0.0180,0.0141,-0.0081,91962.69,810.37,0.00,0.0243
302418,-1.34,-0.78,9.21,-0.0032,0.0254,-0.0033,91962.85,810.36,-0.05,0.0259
302493,-1.47,-1.01,9.60,0.0215,0.0143,-0.0087,91962.85,810.36,-0.04,0.0272
302585,-1.34,-1.02,9.38,0.0167,0.0099,-0.0085,91962.85,810.36,-0.03,0.0211
302646,-1.48,-1.02,9.52,0.0177,0.0124,-0.0051,91962.85,810.36,-0.02,0.0222
302707,-1.37,-0.98,9.37,0.0168,0.0155,-0.0075,91962.85,810.36,-0.01,0.0240
302770,-1.45,-1.02,9.45,0.0212,0.0096,-0.0067,91962.85,810.36,-0.01,0.0242
302832,-1.38,-0.98,9.49,0.0143,0.0143,-0.0040,91962.85,810.36,-0.01,0.0206
302891,-1.44,-1.00,9.49,0.0160,0.0113,-0.0072,91962.85,810.36,-0.00,0.0209
302953,-1.42,-1.06,9.46,0.0163,0.0153,-0.0089,91963.03,810.34,-0.08,0.0241
303012,-1.41,-1.00,9.47,0.0201,0.0124,-0.0065,91963.03,810.34,-0.06,0.0245
303074,-1.44,-0.99,9.45,0.0152,0.0135,-0.0084,91963.03,810.34,-0.04,0.0220
303133,-1.39,-1.04,9.39,0.0180,0.0116,-0.0056,91963.03,810.34,-0.03,0.0221
303198,-1.41,-0.97,9.43,0.0188,0.0117,-0.0080,91963.03,810.34,-0.02,0.0235
303259,-1.45,-1.00,9.46,0.0148,0.0140,-0.0047,91963.03,810.34,-0.01,0.0209
303319,-1.40,-0.98,9.40,0.0179,0.0112,-0.0075,91963.03,810.34,-0.01,0.0224
303380,-1.46,-1.00,9.44,0.0164,0.0103,-0.0053,91963.03,810.34,-0.01,0.0201
303440,-1.43,-0.99,9.50,0.0176,0.0133,-0.0075,91963.36,810.31,-0.15,0.0233
303501,-1.46,-1.02,9.46,0.0172,0.0125,-0.0077,91963.36,810.31,-0.11,0.0226
303564,-1.38,-1.03,9.44,0.0180,0.0107,-0.0075,91963.36,810.31,-0.07,0.0222
303626,-1.46,-0.97,9.43,0.0203,0.0119,-0.0069,91963.36,810.31,-0.05,0.0245
303685,-1.44,-1.01,9.45,0.0188,0.0128,-0.0059,91963.36,810.31,-0.04,0.0235
303747,-1.35,-1.04,9.45,0.0168,0.0100,-0.0045,91963.36,810.31,-0.03,0.0201
303806,-1.46,-1.01,9.48,0.0192,0.0133,-0.0060,91963.36,810.31,-0.02,0.0241
303868,-1.47,-0.99,9.45,0.0176,0.0117,-0.0069,91963.36,810.31,-0.01,0.0222
303927,-1.40,-1.02,9.39,0.0181,0.0151,-0.0060,91963.36,810.31,-0.01,0.0243
304142,-1.42,-0.99,9.41,0.0185,0.0115,-0.0085,91963.36,810.31,-0.01,0.0234
304353,-1.38,-1.03,9.46,0.0180,0.0125,-0.0080,91963.36,810.31,-0.00,0.0233
304568,-1.43,-1.03,9.43,0.0147,0.0132,-0.0061,91963.19,810.33,0.02,0.0206
304798,-1.37,-1.01,9.41,0.0161,0.0109,-0.0064,91963.19,810.33,0.01,0.0205
305009,-1.41,-1.00,9.47,0.0184,0.0099,-0.0064,91963.02,810.34,0.03,0.0218
305220,-1.41,-1.01,9.43,0.0167,0.0095,-0.0057,91963.02,810.34,0.02,0.0200
305431,-1.42,-0.98,9.45,0.0149,0.0111,-0.0081,91963.02,810.34,0.01,0.0203
305658,-1.45,-0.97,9.47,0.0192,0.0113,-0.0069,91963.02,810.34,0.01,0.0233
305719,-1.41,-0.95,9.49,0.0181,0.0128,-0.0083,91963.02,810.34,0.01,0.0237
305781,-1.42,-1.04,9.49,0.0173,0.0123,-0.0049,91963.02,810.34,0.01,0.0218
305842,-1.41,-1.02,9.43,0.0183,0.0124,-0.0057,91963.02,810.34,0.00,0.0228
305904,-1.47,-1.00,9.46,0.0211,0.0107,-0.0043,91963.02,810.34,0.00,0.0240
305965,-1.37,-1.04,9.44,0.0141,0.0143,-0.0061,91962.85,810.36,0.08,0.0210
306027,-1.44,-1.00,9.48,0.0197,0.0109,-0.0069,91962.85,810.36,0.06,0.0236
306091,-1.38,-0.98,9.45,0.0153,0.0128,-0.0064,91962.85,810.36,0.04,0.0210
306153,-1.41,-1.04,9.46,0.0145,0.0133,-0.0064,91962.85,810.36,0.03,0.0207
306212,-1.37,-1.02,9.45,0.0151,0.0132,-0.0080,91962.85,810.36,0.02,0.0216
306274,-1.44,-1.00,9.45,0.0149,0.0104,-0.0059,91962.85,810.36,0.01,0.0191
306333,-1.43,-1.03,9.40,0.0179,0.0109,-0.0059,91962.85,810.36,0.01,0.0217
306395,-1.39,-1.01,9.44,0.0181,0.0168,-0.0053,91962.85,810.36,0.01,0.0253
306454,-1.43,-0.98,9.48,0.0175,0.0127,-0.0077,91962.85,810.36,0.00,0.0229
306519,-1.37,-0.99,9.44,0.0175,0.0077,-0.0056,91962.85,810.36,0.00,0.0199
306585,-1.39,-1.02,9.45,0.0180,0.0131,-0.0075,91962.85,810.36,0.00,0.0234
306645,-1.44,-0.96,9.44,0.0179,0.0128,-0.0077,91962.85,810.36,0.00,0.0233
306706,-1.44,-1.01,9.43,0.0187,0.0137,-0.0061,91962.85,810.36,0.00,0.0240
306766,-1.43,-1.03,9.47,0.0187,0.0125,-0.0053,91962.85,810.36,0.00,0.0231
306827,-1.40,-0.96,9.46,0.0153,0.0143,-0.0067,91962.85,810.36,0.00,0.0220
306890,-1.43,-1.02,9.45,0.0188,0.0119,-0.0061,91962.85,810.36,0.00,0.0230
306952,-1.44,-1.02,9.42,0.0165,0.0149,-0.0067,91962.85,810.36,0.00,0.0232
307011,-1.42,-0.99,9.53,0.0192,0.0076,-0.0071,91963.19,810.33,-0.15,0.0218
307073,-1.43,-0.99,9.46,0.0159,0.0108,-0.0083,91963.19,810.33,-0.11,0.0209
307132,-1.36,-1.07,9.41,0.0199,0.0051,-0.0093,91963.19,810.33,-0.08,0.0225
307194,-1.48,-0.98,9.47,0.0141,0.0167,-0.0063,91963.19,810.33,-0.05,0.0227
307253,-1.34,-1.01,9.37,0.0168,0.0107,-0.0045,91963.19,810.33,-0.04,0.0204
307318,-1.47,-1.02,9.49,0.0203,0.0124,-0.0081,91963.19,810.33,-0.03,0.0251
307379,-1.35,-0.98,9.43,0.0157,0.0133,-0.0063,91963.19,810.33,-0.02,0.0215
307439,-1.51,-0.96,9.47,0.0175,0.0089,-0.0048,91963.19,810.33,-0.01,0.0202
307500,-1.38,-1.03,9.41,0.0171,0.0123,-0.0061,91963.19,810.33,-0.01,0.0219
307560,-1.46,-1.01,9.43,0.0207,0.0104,-0.0076,91963.19,810.33,-0.01,0.0243
307621,-1.45,-0.97,9.43,0.0172,0.0115,-0.0061,91963.19,810.33,-0.00,0.0215
307681,-1.41,-1.03,9.45,0.0136,0.0117,-0.0057,91963.19,810.33,-0.00,0.0188
307746,-1.41,-0.99,9.45,0.0168,0.0111,-0.0075,91963.19,810.33,-0.00,0.0214
307805,-1.44,-0.97,9.44,0.0196,0.0089,-0.0067,91963.19,810.33,-0.00,0.0225
307867,-1.42,-1.03,9.48,0.0172,0.0113,-0.0065,91963.19,810.33,-0.00,0.0216
307926,-1.36,-1.02,9.43,0.0167,0.0121,-0.0060,91963.19,810.33,-0.00,0.0215
307988,-1.47,-0.99,9.48,0.0160,0.0111,-0.0064,91963.02,810.34,0.08,0.0205
308047,-1.42,-1.01,9.43,0.0159,0.0127,-0.0071,91963.02,810.34,0.05,0.0215
308109,-1.43,-1.03,9.45,0.0181,0.0143,-0.0084,91963.02,810.34,0.04,0.0245
308173,-1.40,-0.97,9.50,0.0161,0.0160,-0.0071,91963.02,810.34,0.03,0.0238
308233,-1.40,-1.01,9.46,0.0187,0.0085,-0.0049,91963.02,810.34,0.02,0.0211
308294,-1.42,-1.00,9.46,0.0185,0.0132,-0.0057,91963.02,810.34,0.01,0.0234
308354,-1.40,-1.01,9.45,0.0188,0.0113,-0.0075,91963.02,810.34,0.01,0.0232
308415,-1.26,-0.91,8.93,0.0132,0.0141,-0.0043,91963.02,810.34,0.01,0.0198
308475,-1.42,-1.03,9.41,0.0245,0.0052,-0.0079,91963.02,810.34,0.00,0.0263
308540,-1.47,-1.01,9.55,0.0184,0.0136,-0.0067,91963.19,810.33,-0.07,0.0238
308604,-1.49,-1.05,9.48,0.0152,0.0103,-0.0065,91963.19,810.33,-0.05,0.0195
308666,-1.39,-1.01,9.36,0.0168,0.0095,-0.0073,91963.19,810.33,-0.03,0.0206
308725,-1.47,-0.99,9.46,0.0171,0.0123,-0.0047,91963.19,810.33,-0.02,0.0215
308787,-1.35,-1.00,9.44,0.0156,0.0149,-0.0053,91963.19,810.33,-0.02,0.0222
308846,-1.40,-1.02,9.45,0.0165,0.0084,-0.0069,91963.19,810.33,-0.01,0.0198
308908,-1.40,-1.01,9.42,0.0160,0.0120,-0.0048,91963.19,810.33,-0.01,0.0206
308982,-1.42,-1.03,9.49,0.0171,0.0127,-0.0076,91963.19,810.33,-0.01,0.0226
309044,-1.41,-1.04,9.46,0.0164,0.0132,-0.0064,91963.02,810.34,0.07,0.0220
309103,-1.36,-1.01,9.47,0.0159,0.0136,-0.0077,91963.02,810.34,0.05,0.0223
309165,-1.54,-1.00,9.52,0.0168,0.0104,-0.0053,91963.02,810.34,0.04,0.0205
309224,-1.32,-0.96,9.31,0.0212,0.0129,-0.0084,91963.02,810.34,0.02,0.0262
309286,-1.47,-0.99,9.49,0.0199,0.0109,-0.0067,91963.02,810.34,0.02,0.0236
309345,-1.43,-0.98,9.45,0.0205,0.0119,-0.0088,91963.02,810.34,0.01,0.0253
309410,-1.40,-1.01,9.47,0.0152,0.0145,-0.0053,91963.02,810.34,0.01,0.0217
309471,-1.51,-0.99,9.42,0.0181,0.0120,-0.0052,91963.02,810.34,0.01,0.0223
309531,-1.39,-1.00,9.50,0.0145,0.0149,-0.0073,91962.67,810.38,0.16,0.0221
309592,-1.45,-1.03,9.47,0.0163,0.0129,-0.0067,91962.67,810.38,0.11,0.0218
309652,-1.39,-0.98,9.48,0.0161,0.0128,-0.0088,91962.67,810.38,0.08,0.0224
309713,-1.48,-0.97,9.47,0.0153,0.0116,-0.0029,91962.67,810.38,0.05,0.0194
309773,-1.37,-1.05,9.41,0.0160,0.0128,-0.0056,91962.67,810.38,0.04,0.0212
309838,-1.45,-1.01,9.45,0.0176,0.0117,-0.0043,91962.67,810.38,0.03,0.0216
309897,-1.44,-1.00,9.46,0.0184,0.0129,-0.0081,91962.67,810.38,0.02,0.0239
309959,-1.41,-1.01,9.42,0.0192,0.0123,-0.0063,91962.67,810.38,0.01,0.0236
310018,-1.41,-1.02,9.47,0.0168,0.0109,-0.0055,91962.67,810.38,0.01,0.0208
310080,-1.44,-1.00,9.48,0.0188,0.0109,-0.0056,91962.67,810.38,0.01,0.0224
310139,-1.41,-1.02,9.50,0.0145,0.0120,-0.0075,91962.67,810.38,0.00,0.0203
310201,-1.69,-1.05,9.39,0.0290,-0.0032,-0.0139,91962.67,810.38,0.00,0.0323
310265,-1.48,-0.99,9.45,0.0140,0.0165,-0.0068,91962.67,810.38,0.00,0.0227
310325,-1.49,-1.06,9.54,0.0195,0.0043,-0.0039,91962.67,810.38,0.00,0.0203
310386,-1.41,-1.02,9.50,0.0127,0.0107,-0.0053,91962.67,810.38,0.00,0.0174
310446,-1.47,-0.99,9.50,0.0172,0.0095,-0.0051,91962.67,810.38,0.00,0.0203
310507,-1.40,-1.01,9.49,0.0180,0.0127,-0.0084,91962.67,810.38,0.00,0.0235
310567,-1.39,-1.01,9.41,0.0176,0.0088,-0.0051,91962.80,810.36,-0.06,0.0203
310637,-1.47,-0.99,9.47,0.0175,0.0115,-0.0063,91962.80,810.36,-0.04,0.0218
310696,-1.45,-1.01,9.40,0.0168,0.0117,-0.0069,91962.80,810.36,-0.03,0.0216
310758,-1.43,-1.03,9.47,0.0168,0.0105,-0.0061,91962.80,810.36,-0.02,0.0207
310817,-1.43,-0.97,9.47,0.0168,0.0115,-0.0064,91962.80,810.36,-0.01,0.0213
310879,-1.41,-0.99,9.44,0.0153,0.0085,-0.0063,91962.80,810.36,-0.01,0.0186
310938,-1.41,-1.03,9.48,0.0181,0.0115,-0.0067,91962.80,810.36,-0.01,0.0224
311000,-1.42,-0.98,9.50,0.0168,0.0144,-0.0067,91962.80,810.36,-0.00,0.0231
311064,-1.43,-1.00,9.46,0.0180,0.0101,-0.0053,91963.12,810.33,-0.14,0.0213
311124,-1.40,-1.04,9.43,0.0148,0.0100,-0.0064,91963.12,810.33,-0.10,0.0190
311185,-1.44,-1.00,9.47,0.0197,0.0123,-0.0035,91963.12,810.33,-0.07,0.0235
311245,-1.38,-1.00,9.41,0.0191,0.0133,-0.0056,91963.12,810.33,-0.05,0.0239
311306,-1.45,-0.98,9.39,0.0199,0.0085,-0.0053,91963.12,810.33,-0.03,0.0223
311366,-1.43,-0.97,9.50,0.0171,0.0099,-0.0055,91963.12,810.33,-0.02,0.0204
311427,-1.44,-0.99,9.45,0.0175,0.0092,-0.0053,91963.12,810.33,-0.02,0.0204
311490,-1.41,-1.05,9.45,0.0181,0.0147,-0.0043,91963.12,810.33,-0.01,0.0237
311552,-1.39,-1.00,9.42,0.0180,0.0113,-0.0077,91962.79,810.36,0.14,0.0226
311611,-1.46,-0.98,9.49,0.0215,0.0127,-0.0073,91962.79,810.36,0.10,0.0260
311673,-1.40,-1.01,9.42,0.0157,0.0139,-0.0059,91962.79,810.36,0.07,0.0218
311732,-1.47,-1.02,9.50,0.0145,0.0121,-0.0045,91962.79,810.36,0.05,0.0195
311794,-1.38,-1.01,9.42,0.0163,0.0111,-0.0065,91962.79,810.36,0.03,0.0207
311853,-1.51,-0.98,9.44,0.0168,0.0116,-0.0057,91962.79,810.36,0.02,0.0212
311918,-1.41,-1.04,9.38,0.0168,0.0135,-0.0068,91962.79,810.36,0.02,0.0226
311979,-1.52,-0.98,9.44,0.0192,0.0108,-0.0056,91962.79,810.36,0.01,0.0227
312039,-1.43,-1.00,9.42,0.0145,0.0177,-0.0068,91962.79,810.35,-0.07,0.0239
312100,-1.45,-1.03,9.48,0.0161,0.0104,-0.0032,91962.95,810.35,-0.05,0.0194
312160,-1.39,-1.03,9.43,0.0171,0.0129,-0.0079,91962.95,810.35,-0.03,0.0228
312221,-1.47,-0.97,9.50,0.0168,0.0112,-0.0065,91962.95,810.35,-0.02,0.0212
312296,-1.44,-1.03,9.45,0.0181,0.0156,-0.0068,91962.95,810.35,-0.02,0.0248
312357,-1.46,-1.00,9.50,0.0200,0.0116,-0.0069,91962.95,810.35,-0.01,0.0241
312417,-1.41,-1.01,9.45,0.0164,0.0093,-0.0064,91962.95,810.35,-0.01,0.0199
312478,-1.39,-1.03,9.44,0.0185,0.0091,-0.0035,91962.95,810.35,-0.01,0.0209
312538,-1.47,-0.99,9.47,0.0159,0.0089,-0.0056,91962.95,810.35,-0.00,0.0190
312599,-1.44,-0.98,9.44,0.0157,0.0096,-0.0072,91962.61,810.38,0.15,0.0198
312664,-1.39,-1.05,9.44,0.0172,0.0132,-0.0081,91962.61,810.38,0.10,0.0231
312729,-1.44,-0.98,9.49,0.0181,0.0121,-0.0045,91962.61,810.38,0.07,0.0223
312788,-1.45,-1.01,9.38,0.0165,0.0091,-0.0085,91962.61,810.38,0.05,0.0207
312850,-1.42,-1.03,9.44,0.0226,0.0089,-0.0080,91962.61,810.38,0.04,0.0256
312909,-1.43,-0.99,9.45,0.0163,0.0132,-0.0049,91962.61,810.38,0.02,0.0215
312971,-1.48,-1.00,9.48,0.0173,0.0104,-0.0041,91962.61,810.38,0.02,0.0206
313030,-1.41,-1.02,9.43,0.0159,0.0113,-0.0091,91962.61,810.38,0.01,0.0215
313092,-1.44,-1.01,9.45,0.0188,0.0125,-0.0071,91962.61,810.38,0.01,0.0237
313156,-1.42,-1.03,9.42,0.0171,0.0104,-0.0063,91962.61,810.38,0.01,0.0209
313216,-1.44,-1.03,9.46,0.0160,0.0116,-0.0039,91962.61,810.38,0.00,0.0201
313277,-1.45,-0.98,9.45,0.0188,0.0129,-0.0061,91962.61,810.38,0.00,0.0236
313337,-1.48,-0.96,9.45,0.0160,0.0140,-0.0069,91962.61,810.38,0.00,0.0223
313398,-1.38,-1.01,9.37,0.0151,0.0135,-0.0073,91962.61,810.38,0.00,0.0215
313458,-1.47,-0.98,9.57,0.0055,0.0230,-0.0063,91962.61,810.38,0.00,0.0245
313519,-1.40,-0.96,9.40,0.0197,0.0111,-0.0052,91962.61,810.38,0.00,0.0232
313582,-1.54,-1.06,9.68,0.0221,0.0184,-0.0075,91962.27,810.41,0.15,0.0297
313644,-1.35,-1.03,9.43,0.0179,0.0095,-0.0065,91962.27,810.41,0.10,0.0212
313703,-1.48,-1.00,9.46,0.0180,0.0115,-0.0048,91962.27,810.41,0.07,0.0219
313765,-1.41,-1.02,9.41,0.0180,0.0124,-0.0055,91962.27,810.41,0.05,0.0225
313824,-1.41,-1.02,9.47,0.0193,0.0111,-0.0069,91962.27,810.41,0.03,0.0233
313886,-1.43,-0.99,9.48,0.0184,0.0140,-0.0060,91962.27,810.41,0.02,0.0239
313945,-1.40,-0.97,9.58,0.0157,0.0144,-0.0052,91962.27,810.41,0.02,0.0219
314010,-1.41,-1.04,9.48,0.0175,0.0135,-0.0060,91962.27,810.41,0.01,0.0228
314071,-1.45,-1.00,9.45,0.0168,0.0120,-0.0064,91962.27,810.41,0.01,0.0216
314131,-1.42,-1.00,9.44,0.0171,0.0148,-0.0069,91962.27,810.41,0.01,0.0236
314192,-1.40,-1.01,9.43,0.0176,0.0109,-0.0051,91962.27,810.41,0.01,0.0213
314252,-1.60,-1.03,9.07,0.0137,0.0019,-0.0128,91962.27,810.41,0.00,0.0189
314313,-1.36,-1.00,9.35,0.0165,0.0139,-0.0056,91962.27,810.41,0.00,0.0223
314373,-1.58,-1.13,9.63,0.0197,0.0123,-0.0085,91962.27,810.41,0.00,0.0247
314438,-1.32,-0.97,9.39,0.0185,0.0157,-0.0076,91962.27,810.41,0.00,0.0255
314497,-1.49,-0.99,9.43,0.0176,0.0155,-0.0069,91962.27,810.41,0.00,0.0244
314559,-1.40,-1.03,9.46,0.0144,0.0116,-0.0068,91962.27,810.41,0.00,0.0197
314618,-1.42,-1.01,9.42,0.0149,0.0148,-0.0053,91962.27,810.41,0.00,0.0217
314685,-1.44,-1.02,9.52,0.0195,0.0124,-0.0060,91962.27,810.41,0.00,0.0238
314744,-1.38,-1.03,9.44,0.0155,0.0109,-0.0068,91962.27,810.41,0.00,0.0201
314809,-1.44,-1.00,9.44,0.0187,0.0109,-0.0103,91962.27,810.41,0.00,0.0239
314870,-1.48,-1.02,9.46,0.0199,0.0111,-0.0080,91962.27,810.41,0.00,0.0241
314930,-1.43,-1.01,9.41,0.0163,0.0105,-0.0069,91962.27,810.41,0.00,0.0206
314991,-1.41,-1.03,9.37,0.0172,0.0153,-0.0084,91962.27,810.41,0.00,0.0245
315051,-1.41,-0.99,9.49,0.0200,0.0117,-0.0063,91962.27,810.41,0.00,0.0240
315112,-1.52,-1.02,9.46,0.0157,0.0107,-0.0061,91962.09,810.43,0.08,0.0200
315172,-1.39,-1.03,9.37,0.0155,0.0116,-0.0075,91962.09,810.43,0.05,0.0207
315237,-1.48,-0.98,9.46,0.0185,0.0107,-0.0076,91962.09,810.43,0.04,0.0227
315296,-1.45,-0.98,9.39,0.0168,0.0125,-0.0052,91962.09,810.43,0.03,0.0216
315358,-1.44,-1.04,9.42,0.0177,0.0115,-0.0073,91962.09,810.43,0.02,0.0223
315417,-1.66,-1.07,9.41,0.0288,-0.0040,-0.0125,91962.09,810.43,0.01,0.0316
315479,-1.44,-0.98,9.35,0.0191,0.0139,-0.0076,91962.09,810.43,0.01,0.0248
315538,-1.49,-0.99,9.49,0.0200,0.0095,-0.0073,91962.09,810.43,0.01,0.0233
315600,-1.44,-0.97,9.44,0.0157,0.0109,-0.0059,91962.23,810.41,-0.06,0.0200
315674,-1.43,-1.03,9.48,0.0181,0.0143,-0.0073,91962.23,810.41,-0.04,0.0242
315736,-1.42,-0.99,9.49,0.0180,0.0127,-0.0081,91962.23,810.41,-0.03,0.0234
315795,-1.44,-1.01,9.42,0.0159,0.0113,-0.0065,91962.23,810.41,-0.02,0.0205
315857,-1.47,-1.01,9.50,0.0149,0.0133,-0.0051,91962.23,810.41,-0.01,0.0206
315916,-1.39,-1.04,9.43,0.0161,0.0108,-0.0065,91962.23,810.41,-0.01,0.0205
315978,-1.45,-1.00,9.47,0.0185,0.0120,-0.0048,91962.23,810.41,-0.01,0.0226
316037,-1.41,-0.97,9.45,0.0172,0.0145,-0.0047,91962.23,810.41,-0.00,0.0230
316102,-1.43,-1.02,9.42,0.0183,0.0132,-0.0076,91961.89,810.45,0.14,0.0238
316163,-1.41,-0.96,9.45,0.0180,0.0121,-0.0059,91961.89,810.45,0.10,0.0225
316223,-1.42,-1.00,9.46,0.0175,0.0093,-0.0068,91961.89,810.45,0.07,0.0209
316284,-1.41,-1.05,9.44,0.0160,0.0119,-0.0057,91961.89,810.45,0.05,0.0207
316344,-1.41,-1.01,9.47,0.0137,0.0129,-0.0032,91961.89,810.45,0.03,0.0191
316405,-1.38,-0.99,9.31,0.0164,0.0163,-0.0041,91961.89,810.45,0.02,0.0234
316465,-1.39,-1.03,9.38,0.0184,0.0113,-0.0067,91961.89,810.45,0.02,0.0226
316530,-1.42,-0.98,9.49,0.0167,0.0112,-0.0084,91961.89,810.45,0.01,0.0217
316589,-1.47,-0.96,9.48,0.0173,0.0108,-0.0053,91961.89,810.45,0.01,0.0211
316651,-1.43,-1.03,9.45,0.0147,0.0148,-0.0075,91962.06,810.43,-0.07,0.0221
316715,-1.40,-1.03,9.44,0.0184,0.0097,-0.0064,91962.06,810.43,-0.05,0.0218
316777,-1.48,-0.98,9.47,0.0168,0.0117,-0.0068,91962.06,810.43,-0.03,0.0216
316836,-1.42,-0.99,9.47,0.0149,0.0121,-0.0060,91962.06,810.43,-0.02,0.0201
316901,-1.46,-1.03,9.39,0.0187,0.0121,-0.0075,91962.06,810.43,-0.02,0.0235
316962,-1.46,-1.00,9.41,0.0204,0.0131,-0.0072,91962.06,810.43,-0.01,0.0253
317022,-1.41,-1.05,9.41,0.0153,0.0108,-0.0069,91962.06,810.43,-0.01,0.0200
317083,-1.43,-1.04,9.44,0.0171,0.0112,-0.0060,91962.06,810.43,-0.01,0.0213
317143,-1.42,-0.95,9.45,0.0113,0.0168,-0.0067,91962.23,810.41,-0.08,0.0213
317204,-1.43,-1.01,9.45,0.0159,0.0157,-0.0040,91962.23,810.41,-0.06,0.0227
317264,-1.41,-1.05,9.42,0.0163,0.0140,-0.0056,91962.23,810.41,-0.04,0.0222
317329,-1.45,-1.02,9.46,0.0175,0.0091,-0.0057,91962.23,810.41,-0.03,0.0205
317388,-1.45,-1.00,9.46,0.0160,0.0116,-0.0071,91962.23,810.41,-0.02,0.0210
317450,-1.43,-1.03,9.46,0.0176,0.0117,-0.0077,91962.23,810.41,-0.01,0.0225
317509,-1.41,-1.04,9.47,0.0189,0.0124,-0.0064,91962.23,810.41,-0.01,0.0235
317571,-1.46,-0.98,9.45,0.0164,0.0104,-0.0048,91962.23,810.41,-0.01,0.0200
317630,-1.38,-1.01,9.47,0.0155,0.0129,-0.0076,91961.89,810.45,0.15,0.0215
317692,-1.42,-1.02,9.46,0.0168,0.0139,-0.0059,91961.89,810.45,0.11,0.0225
317756,-1.43,-0.99,9.44,0.0143,0.0137,-0.0053,91961.89,810.45,0.07,0.0205
317816,-1.43,-1.03,9.43,0.0171,0.0140,-0.0060,91961.89,810.45,0.05,0.0229
317875,-1.39,-1.02,9.48,0.0187,0.0141,-0.0088,91961.89,810.45,0.04,0.0250
318089,-1.44,-1.02,9.45,0.0176,0.0115,-0.0048,91961.89,810.45,0.03,0.0215
318468,-1.56,-1.11,9.31,0.0187,0.0051,-0.0065,91962.06,810.43,0.01,0.0204
318833,-1.48,-0.98,9.44,0.0207,0.0132,-0.0051,91962.05,810.43,0.00,0.0250
319100,-1.45,-0.96,9.44,0.0171,0.0104,-0.0057,91962.05,810.43,0.00,0.0208
319163,-1.40,-1.00,9.41,0.0148,0.0088,-0.0059,91962.22,810.42,-0.07,0.0182
319225,-1.42,-1.02,9.41,0.0176,0.0132,-0.0044,91962.22,810.42,-0.05,0.0224
319284,-1.38,-1.00,9.48,0.0180,0.0089,-0.0076,91962.22,810.42,-0.03,0.0215
319346,-1.47,-0.99,9.50,0.0188,0.0091,-0.0060,91962.22,810.42,-0.02,0.0217
319405,-1.36,-1.03,9.77,0.0069,0.0133,-0.0035,91962.22,810.42,-0.02,0.0154
319467,-1.38,-1.07,9.56,0.0139,0.0131,-0.0063,91962.22,810.42,-0.01,0.0200
319531,-1.44,-1.04,9.47,0.0161,0.0180,-0.0044,91962.22,810.42,-0.01,0.0246
319591,-1.33,-1.06,9.33,0.0200,0.0095,-0.0059,91962.22,810.42,-0.01,0.0229
319652,-1.53,-0.96,9.55,0.0121,0.0171,-0.0067,91962.20,810.42,0.01,0.0220
319712,-1.34,-0.97,9.34,0.0157,0.0132,-0.0029,91962.20,810.42,0.00,0.0207
319773,-1.50,-1.05,9.47,0.0133,0.0108,-0.0073,91962.20,810.42,0.00,0.0186
319833,-1.35,-1.01,9.33,0.0193,0.0128,-0.0067,91962.20,810.42,0.00,0.0241
319894,-1.53,-0.97,9.46,0.0215,0.0105,-0.0064,91962.20,810.42,0.00,0.0247
319969,-1.39,-1.05,9.50,0.0156,0.0113,-0.0053,91962.20,810.42,0.00,0.0200
320030,-1.43,-1.01,9.48,0.0164,0.0124,-0.0075,91962.20,810.42,0.00,0.0219
320091,-1.41,-1.03,9.44,0.0143,0.0128,-0.0060,91962.20,810.42,0.00,0.0201
320152,-1.12,-1.02,8.88,0.0179,0.0135,-0.0039,91962.19,810.42,0.00,0.0227
320212,-1.42,-0.91,9.38,0.0215,0.0153,-0.0060,91962.19,810.42,0.00,0.0270
320273,-1.46,-0.98,9.43,0.0173,0.0137,-0.0041,91962.19,810.42,0.00,0.0225
320333,-1.48,-1.04,9.53,0.0149,0.0108,-0.0047,91962.19,810.42,0.00,0.0190
320398,-1.37,-1.05,9.39,0.0185,0.0131,-0.0067,91962.19,810.42,0.00,0.0236
320457,-1.45,-1.01,9.45,0.0180,0.0109,-0.0075,91962.19,810.42,0.00,0.0223
320519,-1.40,-1.01,9.45,0.0165,0.0113,-0.0081,91962.19,810.42,0.00,0.0216
320578,-1.39,-0.99,9.50,0.0141,0.0091,-0.0063,91962.19,810.42,0.00,0.0179
320640,-1.46,-0.97,9.51,0.0145,0.0136,-0.0060,91962.19,810.42,0.00,0.0208
320699,-1.42,-1.00,9.42,0.0195,0.0105,-0.0065,91962.16,810.42,0.01,0.0231
320761,-1.46,-1.03,9.47,0.0175,0.0155,-0.0037,91962.16,810.42,0.01,0.0236
320825,-1.41,-0.99,9.40,0.0172,0.0144,-0.0087,91962.16,810.42,0.01,0.0240
320890,-1.46,-1.05,9.45,0.0168,0.0139,-0.0055,91962.16,810.42,0.00,0.0224
320951,-1.33,-1.02,9.45,0.0181,0.0137,-0.0077,91962.16,810.42,0.00,0.0240
321011,-1.46,-0.94,9.45,0.0188,0.0111,-0.0051,91962.16,810.42,0.00,0.0224
321072,-1.40,-1.01,9.41,0.0165,0.0120,-0.0071,91962.16,810.42,0.00,0.0216
321132,-1.45,-1.01,9.43,0.0212,0.0100,-0.0052,91962.16,810.42,0.00,0.0240
321193,-1.46,-0.99,9.42,0.0165,0.0132,-0.0041,91961.82,810.45,0.15,0.0215
321256,-1.50,-1.06,9.46,0.0112,0.0053,-0.0100,91961.82,810.45,0.11,0.0159
321318,-1.32,-0.98,9.23,0.0161,0.0111,-0.0032,91961.82,810.45,0.08,0.0198
321377,-1.50,-1.01,9.48,0.0128,0.0131,-0.0061,91961.82,810.45,0.05,0.0193
321439,-1.35,-1.02,9.28,0.0151,0.0159,-0.0072,91961.82,810.45,0.04,0.0230
321498,-1.45,-1.03,9.45,0.0197,0.0077,-0.0077,91961.82,810.45,0.03,0.0225
321560,-1.38,-0.97,9.42,0.0168,0.0149,-0.0092,91961.82,810.45,0.02,0.0243
321619,-1.47,-1.01,9.45,0.0181,0.0097,-0.0064,91961.82,810.45,0.01,0.0215
321684,-1.19,-0.68,9.33,-0.0400,0.0517,-0.0079,91961.81,810.45,0.01,0.0658
321745,-1.48,-1.05,9.20,0.0305,0.0003,-0.0091,91961.81,810.45,0.01,0.0318
321805,-1.48,-0.99,9.32,0.0195,0.0125,-0.0049,91961.81,810.45,0.01,0.0237
321866,-1.41,-1.03,9.45,0.0201,0.0108,-0.0093,91961.81,810.45,0.00,0.0247
321926,-1.42,-0.99,9.49,0.0199,0.0143,-0.0091,91961.81,810.45,0.00,0.0261
321987,-1.49,-1.07,9.42,0.0199,0.0101,-0.0061,91961.81,810.45,0.00,0.0231
322050,-1.39,-1.04,9.44,0.0232,0.0052,-0.0036,91961.81,810.45,0.00,0.0240
322112,-1.46,-0.98,9.64,0.0184,0.0157,-0.0065,91961.81,810.45,0.00,0.0251
322171,-1.39,-1.01,9.44,0.0195,0.0093,-0.0056,91961.81,810.45,0.00,0.0223
