mass_kg,beta_deg,cd0,n_wings,t_impact,v_impact,spin_rpm,theta_eq_deg,x_impact,y_impact
0.20304717079754434,4.480007946879752,1.1125676793709687,2.0,58.460568125406795,17.097584413616136,505.57214624789964,4.8982215138615866,-81.53703909836152,-77.18109344641196
0.18048964811346163,4.348910246568841,1.0191760604750928,4.0,77.71666639313729,12.74506843409007,371.3649503523543,11.217560948173448,-107.42261942677659,-101.6451869416213
0.1968375740765642,4.991599421247855,0.872043410863963,4.0,74.90354853659288,13.235732455868892,394.1254643998663,9.881207897735463,-103.63680643752679,-98.0661151155001
0.2077779193542895,5.033015348780608,1.169086181045205,2.0,57.84154072358917,17.28981164056984,519.6764828730642,4.634330613013202,-80.71573915392561,-76.40556467399348
0.20467509342252047,4.570353768558381,1.0553126176123748,4.0,73.53990025888017,13.487060208953642,396.86731986488263,9.734602448711868,-101.79321898852628,-96.32332939126093
0.20878450301307275,4.975037044506873,0.972270645468211,2.0,57.708659325448416,17.33120076380833,520.0571764502458,4.627321596400397,-80.53719451575152,-76.23687686395313
0.1931907045559606,5.611270669337015,0.9768205776896797,4.0,75.63222638783382,13.106617768631384,397.3115777169493,9.71768511149065,-104.63492896208423,-99.01006211055532
0.19647866449511772,5.266154592776674,1.0548166096546117,4.0,75.00720210626848,13.217473756430769,396.78673861031615,9.742906508835928,-103.7819635642329,-98.20343199148108
0.2041273261159599,5.215410501503941,1.3212471401305692,2.0,58.33098635655151,17.138996924733267,517.8177965983614,4.66847723948715,-81.3731132162459,-77.02665185989888
0.19487757270928463,4.593113635876061,1.0923969133863243,4.0,75.17561859168079,13.186460663447404,387.8768081989193,10.22015712780312,-103.99940945594805,-98.40894479950252
0.21128972292720893,4.943026271172562,0.8739765284556208,2.0,57.38425103824637,17.43337508858099,522.6651638183711,4.580671867083949,-80.10273573962964,-75.8264591885997
0.206505927878247,5.371627085601721,1.0814731402457793,2.0,58.0156325221507,17.236479658398622,523.123798667265,4.57358077272312,-80.9527969485299,-76.62967173912311
0.19334490292711307,5.11608066153336,1.0175028713711092,4.0,75.52522999849197,13.124117367036247,392.10231990186674,9.990493946684317,-104.47594407192061,-98.85934057570839
0.20871428777948192,5.111797774387341,1.1018370344607842,2.0,57.72045813657593,17.327835454470147,522.0172675141575,4.59258745552038,-80.55467691104802,-76.25346570285711
0.20067579069488892,5.144559699344992,1.094693233875781,2.0,58.801054918397455,16.996109874149376,512.4133720877552,4.768440882901981,-82.00170310849776,-77.62043303574976
0.196803287836427,4.764813672853602,0.9041683227634987,4.0,74.87439977052836,13.240906841215276,391.60031230109394,10.01557919980589,-103.59514435786224,-98.0267566557645
0.19724857748773317,5.747470655617198,0.8701253326460135,4.0,74.9454874510339,13.229818044765075,402.7983369811274,9.440840547208287,-103.71057670228551,-98.13625748124576
0.18317130228384196,4.832557485007112,1.0244129597657508,2.0,61.380744136338855,16.253277051444122,485.35435002284174,5.321641303543208,-85.45488649220515,-80.88269635096113
0.2058622233135928,5.355613289896428,1.1190020852799887,4.0,73.45533088612207,13.503591317745219,406.8181534488855,9.243171129596528,-101.68847313057304,-96.22432620097223
0.19537648207335434,5.428987940628577,0.9713043512677577,2.0,59.55446191469257,16.772892478740218,509.752688178596,4.819633743069557,-83.01410365062438,-78.57698285620931
0.1872431367666208,4.43335639299826,0.8620821570997583,4.0,76.49008482201897,12.954304739495317,378.8195837574506,10.748486521108532,-105.7695907589005,-100.08241066441826
0.20142425736070566,5.345242677033884,0.9359121030495199,2.0,58.70173866730327,17.026508148572205,516.3030271463422,4.696519561676115,-81.8711010156767,-77.49715155796127
0.20158539691076716,5.312795196983668,0.9535980190419643,2.0,58.67896845270676,17.03332115994998,516.0329305421996,4.701413006191478,-81.84023096486555,-77.46797574910039
0.1933807405893335,4.818473076717464,0.9427393159002506,4.0,75.47120511945798,13.133529417749367,388.9021014845387,10.164259188963074,-104.39941326240105,-98.7870087440964
0.18804160354410962,5.243486240392791,0.9295896489695914,4.0,76.49392905023704,12.954739494093744,388.265255023334,10.202400613398046,-105.78935603077745,-100.1012480492712
0.2048074665890591,5.223265588014972,1.099807766345918,4.0,73.60989433903646,13.474502237010075,404.3283514434067,9.362737567295108,-101.89595178720165,-96.42048119760399
0.1990151451549058,4.788350843977923,0.9880422683640402,4.0,74.50482394460052,13.308307218732443,393.9690100866522,9.888316447517687,-103.09764337532016,-97.55647556759216
0.18552887527576914,4.338650193822799,0.8504129758597777,2.0,60.99629582505327,16.35857643318383,481.43778531283493,5.408448914733852,-84.93293644200793,-80.38928982822169
0.20399774226723438,4.547260472319969,0.9432756168940916,4.0,73.64584451465079,13.467126858130937,395.9749657119867,9.780983817085673,-101.935611353304,-96.45793041766329
0.19643736028938574,5.368757784233543,0.8599573479985184,4.0,75.03026528539682,13.213621681540337,397.86804217480693,9.687536570742491,-103.81602578975732,-98.23571793929655
0.1979456244213237,4.524988972544709,0.9491450386149156,2.0,59.16730893995227,16.88505174438539,499.88871116864124,5.011779402284608,-82.48405597019,-78.07576455007202
0.18272679576807652,5.217211821772929,1.0356603403498417,2.0,61.46201441443083,16.231782597032307,490.1494542156081,5.217612559354183,-85.56879427311169,-80.99050740746813
0.19405850044303208,4.276971072805773,1.0108194261570804,2.0,59.715642394163716,16.72307872498304,491.38663778203954,5.188411732452218,-83.21502755059085,-78.76617878265897
0.20232676211354705,5.0109260727617215,1.2402668336981373,4.0,73.98634501492774,13.403932326868357,399.59283460272536,9.597248074931453,-102.40019632448468,-96.89710996794506
0.19760644372526978,4.488251253689068,1.0268913452434474,4.0,74.69280720768937,13.273609339874234,389.313401224866,10.139374149894312,-103.34626964137505,-97.79145433006686
0.21359187575240438,5.417555622957289,1.0535306588724265,2.0,57.09964844288984,17.52520594113777,532.6603508320732,4.409725507615625,-79.72761208395403,-75.47236092500124
0.21463302891219563,4.405618472838574,0.9040372700875379,2.0,56.949934923256876,17.57084361661219,518.5565244197392,4.653025292655778,-79.5150218025249,-75.27100453519414
0.19610190196844232,4.311656926221845,1.0952726420221606,4.0,74.91617582586159,13.23276207476548,385.94369933248623,10.32778474849501,-103.64398383616214,-98.07284258961222
0.19777777302901228,4.264596852748671,0.8476631378188688,2.0,59.18349523733127,16.879549068395686,495.8527052781558,5.094098842937432,-82.50203060458325,-78.09258501206364
0.20838126567894383,5.998365445845893,1.4370793699010993,4.0,73.12913358750099,13.566938303517237,416.4537039657634,8.803172888786182,-101.26326961595561,-95.82277352690834
0.20414409433275998,4.5052309399840675,0.6801930578903037,4.0,73.61551161999328,13.472735485544138,395.63835065296007,9.798375059885153,-101.89387397324215,-96.41846244236733
0.19187058904689674,4.792321369910157,0.9081854801410287,2.0,60.05104095440682,16.62732127526808,496.07208173939387,5.090973739627348,-83.67196112559348,-79.19819291789936
0.19859209113583615,5.5329901153938215,1.0235572851168018,4.0,74.6861649787379,13.27637606487221,401.76865642944915,9.490764819639873,-103.35569328614426,-97.80064383028358
0.1896434624717419,4.162658527647822,0.9270538136390004,2.0,60.36290575157396,16.536387766638367,484.16443848521476,5.346281373322363,-84.08081580867622,-79.58407857981761
0.1994621744918168,5.883964956789941,1.019541178220933,2.0,58.98260598949609,16.943081239582796,521.6177531581346,4.601516765706724,-82.25296919974663,-77.85811905157992
0.1950070440146085,4.407528116791488,0.8552324856651442,2.0,59.582595633228756,16.76228685532944,494.48185767545095,5.1231570446728725,-83.03870156623158,-78.59967901039144
0.19274773935464248,6.064234866217582,0.8767919981163421,2.0,59.9478224309415,16.659547597440564,515.3799832194159,4.715243296189315,-83.54791245425127,-79.08153990789377
0.19097072821912975,5.465786506437122,1.0577426449158795,4.0,76.00364927392125,13.040773887781127,393.54603136463743,9.914929069614226,-105.13307831096742,-99.48093336624564
0.1984336210234191,4.979618736932283,0.9017818456855915,2.0,59.11016758393559,16.90320321413428,507.1574759256488,4.86856785799625,-82.41372336642472,-78.00959012010371
0.19545016519659222,4.387197118116376,0.8083093638520571,2.0,59.51826776645823,16.781078255767177,494.7419762185296,5.117626154786115,-82.95220891802057,-78.51795273518388
0.2017258791772212,5.789545628205217,1.0239987420360157,2.0,58.6675454617765,17.03770992024668,523.1764550044555,4.573625380002918,-81.83009924816963,-77.458604549161
0.20285826139602545,5.653000870853412,1.0329073752045785,4.0,73.98738877688909,13.405101874870274,407.244242691379,9.224460991363095,-102.4153490370618,-96.91175666618193
0.19589072769166263,5.553144355029945,1.0643134657692421,4.0,75.15222756528355,13.192161978098556,399.34419917899766,9.613014322611871,-103.9854825241026,-98.39605234900745
0.20183234437221909,4.3877654841397495,0.7947761201131502,4.0,73.97299493089128,13.405785958145325,392.1629445927118,9.98277106049721,-102.37356167183451,-96.87187446909113
0.2165092793223125,5.861832860391648,0.97307211800761,4.0,71.84763319480633,13.815068674876038,422.6961842759306,8.532748867780077,-99.53290061013972,-94.18705017213209
0.21461444292242204,4.446477158978256,0.8657909471566261,2.0,56.95318436732614,17.569907947192366,519.1599380525302,4.642192963390046,-79.51991954251726,-75.27566019992007
0.20643326794689046,4.802697438570205,0.9992317199919893,2.0,58.014161834908755,17.23559331953727,514.5695001770838,4.727251232732173,-80.94383199405723,-76.62090387062936
0.20337574548798934,5.703740930656858,1.0135877360352619,2.0,58.441015764256115,17.106399008600636,524.0426674465873,4.558150556757934,-81.52599490323841,-77.17129826725589
0.2064393879327686,3.9749139494844887,0.9926922397104823,4.0,73.16056304380079,13.557581005533295,391.745949607647,10.00279182781791,-101.26952678552585,-95.82801209511254
0.18781186939576372,4.560923816535625,0.9498814838948781,4.0,76.41191386648693,12.96791832930786,380.73751176481534,10.63360030512087,-105.66553787779272,-99.98401577485303
0.20915902542356013,4.336803641130218,1.0045947238891626,2.0,57.64564046157282,17.349326539417728,510.9055954020952,4.794902152634403,-80.44455967383837,-76.14900236291201
0.20488514187449264,4.757915283333211,0.9508490358457059,2.0,58.21949103765319,17.17210880924147,511.98330461512154,4.775585286162196,-81.21807947890723,-76.87994954023073
0.21002757825304605,5.269057718501963,1.2006097161164115,4.0,72.78144743308673,13.631921165671113,409.79572441867583,9.101999573117476,-100.77983282898836,-95.36543758011774
0.193040573883293,4.88807059155975,1.0363745186906832,2.0,59.88150282430957,16.676483592534847,498.9510707158066,5.031880062515992,-83.44593585009326,-78.98470552502705
0.20176573358453712,4.457805963883317,1.0135734672441812,4.0,73.99551716309205,13.401731298526258,392.88500354106117,9.944287209277734,-102.40531646025845,-96.90191710304795
0.22517474037533922,5.938422305640835,0.8720134974161771,2.0,55.700113843099324,17.986964586339205,554.8665593674448,4.061765663394479,-77.86212501977462,-73.71057089094401
0.19712616638450825,4.268278999081499,0.911393947905477,4.0,74.73481594195988,13.265563654273386,386.4279417255805,10.299927284636235,-103.39841451026032,-97.84066946065332
0.21205853620888235,4.635458081128196,0.9018780339898305,2.0,57.27978193110186,17.465793541677904,518.9515828927128,4.646445473898758,-79.95910961746532,-75.69061845193542
0.17852710970261346,4.918667039727546,0.8406378382210655,4.0,78.21177173552731,12.663188236380627,375.37297443249844,10.964847575436197,-108.1003852693172,-102.28600425048798
0.22211041960592173,4.735280286316963,0.8684708832748618,4.0,70.89326491096244,14.004397314890584,414.7869205840431,8.870751826201198,-98.22927655008414,-92.95447770594905
0.19905737445747443,4.121135804321685,0.7799432131913514,4.0,74.38444434143997,13.329275134376303,386.5988517465948,10.289289648279569,-102.9226448822308,-97.39082244976149
0.1871257741872597,4.45160721077268,1.2755370292481971,2.0,60.75418343328279,16.426566676066674,485.0996773023676,5.326222313985494,-84.60990857643085,-80.08416313237036
0.2290506716924041,4.414216685587329,0.9447626564817955,2.0,55.23314227051001,18.142607717378983,535.7176180908626,4.356679621039067,-77.22129057758673,-73.1045625079665
0.21728697644405592,4.5065714607858816,0.9632083231086835,2.0,56.6234029525683,17.677004043283592,523.2866627575506,4.568631564897397,-79.07981096485489,-74.85998614444541
0.20777337576061744,5.21738303723331,0.9435765893154852,4.0,73.13184657682179,13.564843311584806,407.07961145027394,9.22992237980586,-101.25138527366886,-95.81117548651986
0.18625104191630018,4.880913128012668,0.9600418764986567,2.0,60.90129840924882,16.386276445593747,490.0672048652183,5.218471564246944,-84.81260930882492,-80.27589178294761
0.20232169889626256,4.722336390590492,1.0707307783817708,4.0,73.94635377853582,13.411322294992429,396.3662921802363,9.761599214368664,-102.34407813149663,-96.84412295895838
0.20155429327668467,5.175878204199602,1.0079733021366801,4.0,74.13741082412348,13.37615763436811,400.69067866368385,9.542729307099487,-102.60655518618593,-97.09222009371582
0.20000084393091416,4.639220983228577,1.0474741392509963,2.0,58.8828647009781,16.97028581495588,504.14094235580023,4.926855984686254,-82.10468396782213,-77.71743753286825
0.22814083863264784,6.046584154465298,1.2360032353712864,2.0,55.358116953044686,18.103556809851547,560.1637880904394,3.9848882536349817,-77.40630837239387,-73.28010763546592
0.20385846552556502,4.618471395152616,0.8331382792024873,2.0,58.35426049813173,17.130412041394333,508.6354775284037,4.83905339757866,-81.39662095788587,-77.04852997352533
0.2026274922514714,5.240071701695806,0.7383121019538711,4.0,73.96881710621204,13.407484649350396,402.43284866191874,9.456081752482554,-102.38014846675549,-96.8782051670268
0.2092743848155818,5.227210169107181,0.8334353973378283,2.0,57.64959886790981,17.350327418555676,524.4397236129832,4.550062694463432,-80.46125168103997,-76.16527172076432
0.2026371720435652,5.026233399178122,0.9561743221294667,4.0,73.93749922905623,13.413037422260807,400.0589166504701,9.573718405090355,-102.33462466357653,-96.83512999643962
0.1989651173193404,4.874011310896558,1.0228843768153704,4.0,74.52446652723468,13.304441282061484,394.86897807286886,9.841093472942605,-103.12276495288268,-97.58009994234315
0.17433341559068705,4.881574867745158,1.026476863205867,4.0,79.02441593193781,12.53023763571595,370.7734132309643,11.259912980172304,-109.19789642719664,-103.32370208593144
0.202959939896871,4.814042709339355,0.7364917326282125,2.0,58.48062848162763,17.09234345948906,510.420262910604,4.805357369951541,-81.5684285701703,-77.21094803251161
0.21727350214164187,4.233069297541931,1.1295742020547284,2.0,56.61893830835629,17.67770274914572,519.0523530127888,4.643584305390227,-79.07019666152401,-74.85073541261603
0.19671474776877107,4.969337827085576,0.8420652233944077,2.0,59.35307619525872,16.8311650542129,504.8227662879933,4.914245658243853,-82.73893592428011,-78.3168155903777
0.2130004459469896,5.291327620993854,1.2598467408114917,2.0,57.17250606495356,17.50161589862295,530.025818286125,4.453839095401803,-79.8236778785223,-75.56304487632119
0.21177411888977696,5.2195433394647885,1.261590178925169,2.0,57.32731288220284,17.452112948460123,527.4277380924294,4.498110007826573,-80.02993364582584,-75.75783874779519
0.2082798817679706,4.851714523232646,1.0099818723788807,4.0,73.00493396364917,13.588911640686158,403.4162506250508,9.405314950663213,-101.07717459374473,-95.64654498005856
0.19302576176699723,5.494791967297426,0.8232544565327702,4.0,75.6436519524584,13.104332994750543,395.89037460412897,9.791024508782256,-104.64764309857466,-99.02202696047146
0.19809348942494842,5.585623546733659,1.1126303483096889,4.0,74.77854881877182,13.259722554525473,401.8586021130382,9.48658341811626,-103.48175160659339,-97.91985001348611
0.21820646157646803,5.365387345569323,0.7641939616520139,4.0,71.538334598989,13.875295267733353,418.56574693163833,8.707163008028562,-99.10592074708191,-93.78318196418212
0.18827992807405186,4.740860078816863,1.2266842649915082,2.0,60.587059081221206,16.47431500869951,490.71256932429435,5.2041873786364,-84.3897134436939,-79.87627880566355
0.20637533810897696,4.650534785710627,0.8479423950339402,2.0,58.0183833751903,17.233894161281196,512.2233025417793,4.770786488313005,-80.94748035865759,-76.62426329767048
0.18783439850618874,4.664429861301709,1.0468014207326866,2.0,60.65258074720187,16.455654805948402,489.047551962032,5.2399679709475775,-84.47657310437985,-79.95830528373428
0.21155312036106697,5.30438073611222,0.656306573710285,4.0,72.54696490048019,13.677186196949329,411.635887382611,9.016932390866705,-100.46431661659429,-95.0671967750763
0.20072033573232578,5.2069451426863465,1.2424314522476811,4.0,74.28040410280087,13.349795811551576,400.2348605163593,9.56588251390788,-102.79980660457365,-97.27490397512223
0.17936761723195258,4.704448287404447,1.0886359484190031,4.0,78.00544714251791,12.697082742886536,373.9813783150711,11.051426032894033,-107.81735570668955,-102.0183502015907
0.2147594904805351,5.184178306350329,1.1269875978765107,2.0,56.94932540473227,17.572998917789544,530.5737455947258,4.444297454600006,-79.5239014255888,-75.27982637223552
0.19429056338478207,5.406881844983105,1.1602707333983557,4.0,75.40815269115001,13.145973286093067,396.1829849895728,9.775197811149454,-104.32731989890787,-98.7191237035322
0.20234400892698698,5.135171619640863,0.8704982102890928,4.0,74.00113151278447,13.401356414614936,400.9936860769514,9.527271394614626,-102.42215109958072,-96.91789188727373
0.1985247131975965,4.9237387337738205,1.0575090796530242,2.0,59.09606423316671,16.907268575301014,506.4568403851965,4.88208026052211,-82.39409900089849,-77.99101752428237
0.18941463918021592,4.937495484840211,1.222218332148846,4.0,76.19209777851432,13.00651147130168,386.3396099105043,10.309181063549435,-105.3741580082151,-99.70853798974282
0.19256411771187437,4.58887499135484,1.030345928774679,4.0,75.57555825781893,13.114997088574585,385.6179982172053,10.348175016689012,-104.53874597348579,-98.9188109807123
0.2001142605556066,5.664480295218494,1.128519097384979,2.0,58.88836945818374,16.970916426393163,519.2803180692249,4.642981032832542,-82.12446883125189,-77.73663989648786
0.20841820066890063,5.277058250662047,1.3491479650519127,4.0,73.03673850799,13.583036820923509,408.3645773693236,9.169244068829482,-101.12403276347243,-95.69080249860916
0.17996477707933486,5.80212718075857,0.9313450853564762,4.0,78.10131117156475,12.682950739695293,385.99051764376026,10.33441145407775,-107.96981448555213,-102.16281045035626
0.20107880444343035,5.654775342430264,0.7596610688411612,2.0,58.75465894042749,17.011151134470982,520.3807713695146,4.623113523970915,-81.9453863277253,-77.56746337707749
0.18398722062881148,4.602931854987288,1.065945490902549,2.0,61.24524207096193,16.29012480119133,483.1887499981637,5.369501601012541,-85.2702498394644,-80.70813321581828
0.20524187842812772,5.138137089664277,0.7880851174161451,2.0,58.179804048874395,17.1852566071531,518.0754681363826,4.663595831781766,-81.16982164259373,-76.83457052546676
0.20054353585390383,4.7641119831808325,1.0689078657574917,4.0,74.2462778261061,13.355838106181709,395.151444273565,9.825535114725822,-102.74908359837963,-97.22698918998812
0.2070195362622127,5.069120716029341,1.114019962806378,4.0,73.23231833069894,13.545450708689765,404.6930685461405,9.34408861168694,-101.38381483781505,-95.93629494988734
0.20530064705601467,4.647663368565059,0.9730582879252813,4.0,73.45090239821776,13.503955090861334,398.32322918329857,9.659921635607926,-101.67470492620382,-96.21132407926933
0.20196776096656957,5.410264237708709,0.9409388241663141,2.0,58.62827610647663,17.048873856569063,517.9471479300935,4.666578813129083,-81.77348329798224,-77.40496702106405
0.19734161208084622,4.941228916335935,1.124427856303611,4.0,74.80994665060288,13.252643163522855,394.0564150179114,9.88458082676643,-103.50981081228737,-97.9460504908589
0.18006939628945845,4.351763835962619,0.7776721903835769,2.0,61.86086142916773,16.121312820460307,474.55081682494915,5.569073376701247,-86.09239812843992,-81.48478394866868
0.19321735559844824,5.3747169498638705,0.9572673900426137,4.0,75.59106939077957,13.113345995920566,394.78051784275425,9.848742317929213,-104.57349579003208,-98.95184187390024
0.20197790081941852,5.5446087483553965,1.1991529198401538,2.0,58.62920728809616,17.048868720890344,519.925864498311,4.631043084363232,-81.77624250632743,-77.40763279264907
0.19230544833192875,5.676792944784698,1.0138189987651163,2.0,60.00652831998708,16.641913240052098,509.2919844714762,4.8290880992344976,-83.62253539607282,-79.15189470349263
0.1916260177617254,4.702799823900633,0.7779195231152476,2.0,60.08472554200267,16.617417411742604,494.47056450544926,5.124189898207592,-83.71591079374743,-79.2396649540258
0.19641983311925573,5.401792509689301,1.2581154746748975,2.0,59.40434154638905,16.816959669088185,510.70982761701276,4.80131806609716,-82.81271095475648,-78.38671322302729
0.1861781848462296,5.196413734129959,0.8439184091263698,2.0,60.92085251417511,16.3814582600965,494.42626006878373,5.126467658957011,-84.84266464925958,-80.30443323335602
0.19868913349312275,4.084547087076235,1.1392445487352727,2.0,59.049923463980726,16.918795606463707,494.3246757034139,5.125531266724548,-82.32048473923217,-77.92095531451055
0.1939499928719127,4.733049880813223,0.8395371383065465,4.0,75.35846732947199,13.153650956032635,388.51898531291795,10.185074348334311,-104.24672427396358,-98.64268221112435
0.20427890440694918,4.905377829531798,1.049299300342372,2.0,58.30424106488855,17.14646383100923,513.4199158354772,4.748956397544435,-81.33346170009321,-76.9890276456019
0.20361921853928844,5.660330827764083,0.9485820773703431,2.0,58.40734367643017,17.1165945702334,523.7180909109961,4.563762007702784,-81.48045233331642,-77.12825773198752
0.21067222416571985,4.834255913951373,1.1671888666866066,4.0,72.62675734363584,13.661484141352751,405.447209491762,9.30618686590303,-100.56711376739507,-95.1643885233102
0.20383377113182471,4.9344312348983275,1.0523163841069443,4.0,73.72929149895113,13.451886391526472,400.16791279357625,9.567678256634858,-102.05340436027362,-96.56931612909396
0.22076980529053755,5.03469056756639,1.0240285889975613,2.0,56.21041282526082,17.814155705694276,535.6028668614003,4.360067135378515,-78.53427853864137,-74.34500434691238
0.21076240157466386,4.577169483616326,1.0499605558927383,2.0,57.44425751847929,17.41344230306587,516.4915927263116,4.691169133399768,-80.17835166463674,-75.89768082810491
0.20313908211457554,4.5833155970252974,0.7615648760036546,4.0,73.79106825419922,13.440023428696751,395.5771490280714,9.80206219299422,-102.1321269969807,-96.64371050738218
0.1792701656400871,4.441307943505196,0.9311987072591,2.0,61.993882138464336,16.085641474725954,474.7572165355604,5.564439361254443,-86.27211832679464,-81.65464537871051
0.21937231162429519,5.552996684953649,0.8556863325487559,2.0,56.386418327256926,17.75719266839432,541.8454952359748,4.260354336494765,-78.77534347347277,-74.57294850530958
0.20347708452450958,4.796460881824838,0.9573454242939857,4.0,73.76851588575387,13.444578670367932,398.2850721557375,9.662750784110441,-102.10555061139843,-96.61865072467944
0.20619171116975393,4.830370758057993,1.1595777299101537,4.0,73.3345696160837,13.526226006006945,401.2192782809836,9.51419901683272,-101.52117208915745,-96.06625638685064
0.18858061773857598,5.003169531181134,1.389651058989375,4.0,76.35157614521817,12.9784813040095,386.2276393387564,10.315963250561424,-105.58809088637328,-99.91067566340274
0.21433214506606174,5.045760089086604,1.0871165642994696,4.0,72.08917576996936,13.76638480014257,411.2727049606133,9.032250827864987,-99.84606109644085,-94.4828600550528
0.19943216805607308,4.914796209417898,0.8830776404911871,2.0,58.96880904233758,16.945234728247403,507.4736428576072,4.862274526864207,-82.22352471046939,-77.82986903235879
0.19148462810814232,5.332792618156715,1.1627930506668864,2.0,60.12098228542283,16.608297976527894,503.3152554105283,4.945021413865613,-83.77202212227961,-79.29297515533155
0.20366531407237232,4.856875633222154,1.0680948368963044,2.0,58.38596883733493,17.121329399107083,511.935090770352,4.776732740654546,-81.44224929559364,-77.09176996698257
0.2093554712546515,4.084296957892438,0.9496588947822031,2.0,57.613524813232935,17.358703676691913,507.3137708168583,4.8631745963151785,-80.39803433734924,-76.10488752094474
0.18009188004876003,4.252469584886398,1.2045793344720863,4.0,77.77001380842799,12.736033530379263,369.96426382380884,11.308844917773833,-107.49298182307005,-101.71170577786434
0.1928051976671521,4.248748271979552,0.5553206743237523,2.0,59.89734429598556,16.67024719532207,489.40049613591515,5.231123829942049,-83.45809406452538,-78.9958008385304
0.19456504492067367,6.210207506123702,1.0652326407195472,2.0,59.684417478191655,16.736288124122936,519.8654456512911,4.633644624241105,-83.19640076139562,-78.74950685946834
0.20465080209500308,4.219520823502778,0.9554014955953547,2.0,58.2373051239569,17.16520853056312,503.6528279311311,4.935385468506522,-81.23459169547908,-76.89522172725327
0.2009947747301574,4.956949674089476,1.118620918253512,4.0,74.19861768590762,13.364538260387956,397.7237391642991,9.692573696374316,-102.68545880068743,-97.16676457335144
0.20668326018108,4.6558138588846205,1.1346723112615822,4.0,73.23060167129765,13.54562974401236,399.7053790740992,9.589475058349331,-101.37785083165069,-95.9307113625014
0.21628936947623992,4.514925240174294,0.866845651642816,4.0,71.72430809771235,13.837331939514737,406.9283577688105,9.233190040129418,-99.34483074786185,-94.00886208746486
0.1980865601330494,5.701910696033279,0.9336196432161724,4.0,74.79587336464805,13.256839752952576,403.12496351796733,9.424458478671404,-103.50778256177887,-97.94452943672282
0.21455045576270712,5.065742908402726,1.0387343234984043,2.0,56.97348153724138,17.564934738863087,528.5210458676216,4.478954887952424,-79.55480572720104,-75.30895685707647
0.1963822952255583,4.529438952037521,0.9327153687957468,2.0,59.38905909813065,16.819454152204383,497.9911837317423,5.050577082451583,-82.78118085938507,-78.35647095352712
0.2045233395064314,4.217120463909743,1.0956206353976683,2.0,58.25433259786698,17.159971392979546,503.461159624806,4.9391754668024355,-81.25734269603603,-76.91671167739327
0.21147812660733564,3.802869847549764,0.8820151337343747,2.0,57.332646211475776,17.44663248619284,505.5534466967733,4.89675544389702,-80.01824894519349,-75.74594698073365
0.183135318487659,4.586885266818023,1.0371498851663414,4.0,77.2708272659696,12.820271128993737,376.46034621123533,10.894653641194648,-106.82305802376356,-101.0782522498136
0.19746622431051986,4.920407564309969,1.0305082360929916,4.0,74.78545746468231,13.257048276046504,393.9468744745171,9.89028868612091,-103.47633898392844,-97.91439749880935
0.18991463958056892,5.353424820449526,1.0993998955578226,4.0,76.17440200570935,13.010590940112198,391.2947639507493,10.035769582540247,-105.3607286749403,-99.6960889750361
0.20556533442751265,5.1482090004043295,1.3052609954096601,4.0,73.47712508222935,13.499371709494415,404.2072419367829,9.368224382713374,-101.71577603637111,-96.25014550441121
0.19912905828947491,4.846458390832711,0.8869708629463933,2.0,59.00951975558806,16.932893553834884,506.0898924188691,4.889056236080858,-82.27714225803653,-77.88048102947975
0.18755528212398925,4.555601343384541,0.9893979427521893,4.0,76.45709897637727,12.96006741522503,380.4319837169457,10.65186698488005,-105.72639149676189,-100.04153935708284
0.20334295128497715,5.0255710292760805,0.8851697083855431,2.0,58.433309942340465,17.10729061858385,514.027560377955,4.737904385640081,-81.50781986203147,-77.15380798832442
0.2073941267230095,4.920175846288991,0.9020625783002932,2.0,57.889734485566244,17.274523190045606,517.5145462661959,4.673285132509485,-80.77882415991117,-76.46509815494436
0.205484279208298,5.093986793743052,0.7827809110877428,4.0,73.48301102219693,13.498204997810799,403.52114105041176,9.4015294678508,-101.72297141445719,-96.25694041275202
0.20262035812074383,4.550152606756123,1.0284765089256165,2.0,58.52039240991355,17.079556050524847,506.0861179097442,4.888328792132665,-81.61808904155916,-77.25770193274529
0.18545177514742212,5.668093050006085,1.1871924977589148,4.0,77.03975246336661,12.861538193455377,390.1792213325686,10.098755374637642,-106.53448362589664,-100.8058274291319
0.20363454337839074,3.7950390171000628,0.8265478509602001,4.0,73.57622872786862,13.478689877811957,387.1476262416875,10.256131237080288,-101.82596059273142,-96.35393716545542
0.19706221079847872,4.46393348928657,1.1071594723945988,4.0,74.7805338726949,13.257616787936447,388.5303624918117,10.182764668241912,-103.46410834350729,-97.9028469826557
0.18823385280570698,4.581268297957403,1.0353172552464895,4.0,76.33979188584038,12.980455120273533,381.3643824592874,10.596339419019156,-105.56839502361017,-99.8921638621349
0.2161111614849962,4.388812843730048,1.0373554183460414,4.0,71.73367984285314,13.835221753255615,405.29899658775133,9.310812432055172,-99.35499895473438,-94.01841139193787
0.18348240851820735,4.359465396577084,0.9364590090308743,4.0,77.16105108240461,12.838971780972333,374.3913658112647,11.023046136663778,-106.67339571777363,-100.93686444266187
0.1947941158714459,5.406300643876822,1.0362489579731258,2.0,59.63803227201511,16.748389428244582,508.6716721724285,4.840352025005166,-83.12581156566954,-78.68250794474078
0.20515410402900813,4.711230556322175,1.191167082541186,4.0,73.48401520450977,13.49782345980142,398.90294558077056,9.630625352112965,-101.72051778938054,-96.25465488562277
0.19372412463563082,4.681692358448882,1.0811697416206798,2.0,59.77629821146975,16.706525699244754,496.8430591208698,5.074678039225335,-83.30225265537375,-78.84884507135946
0.20448099363936204,4.157201341307596,1.0807051659892377,4.0,73.5041343908391,13.49297875503651,392.0223558077673,9.988960077380355,-101.73652132969575,-96.26955792590879
0.18965691948325603,5.1176380557941314,0.786439834690141,4.0,76.1798254116731,13.008945111354702,388.51154149310304,10.187873605777874,-105.36110356273726,-99.69624948033601
0.19193401095692628,4.358682674869739,1.10707302047236,4.0,75.6430185044372,13.10267571611275,382.5102947024315,10.527100011424757,-104.62542357573398,-99.00069694290478
0.20241644521676752,4.693011599303551,1.2176768273531597,2.0,58.55175937185388,17.07039833228234,507.9506501549436,4.852455767847699,-81.66203988177273,-77.29930818322579
0.20032107673970936,5.134456723839301,0.907050109880708,4.0,74.33675093344617,13.339332800984582,399.04866154844643,9.625666050530228,-102.87467063245577,-97.34566685376042
0.2047113629339993,4.733273826417638,0.9382542516675686,4.0,73.55876061808188,13.483796134752463,398.7361753181833,9.639274418081213,-101.8216925774553,-96.35030380149257
0.1895941394748757,3.793609834535255,1.2416405492517841,4.0,75.93613448985785,13.04979328802458,374.15192699242954,11.034352064778515,-105.00788278562719,-99.3620352690133
0.22549327952607004,4.797365367275334,0.7094742939069723,2.0,55.648586171970855,18.001806429809566,537.568168880173,4.327361551792853,-77.78082669258107,-73.63324229509944
0.1971377705015933,4.905038079488872,0.8329917937117228,2.0,59.29145293851478,16.84923315056778,504.42527851858677,4.921914604679251,-82.6556078149723,-78.23806195266688
0.2057956114247648,5.262253687643043,0.775839157027104,2.0,58.10814967955939,17.20762159237837,520.6098374966414,4.618098739492987,-81.07534524642399,-76.74538316020677
0.22052684981945891,5.08598016621853,0.9494012256897241,4.0,71.16562561779132,13.94997835774729,417.4587458313927,8.754090428101456,-98.60239000115037,-93.30729942961486
0.1985799678559248,5.307628383484281,0.7403992591739172,2.0,59.0965369919518,16.90797818990973,512.1228435622563,4.774326436440784,-82.39939582419423,-77.99621122681438
0.1960953605053719,5.923912506478023,0.9738740899292563,2.0,59.459708798915536,16.801629436265927,517.7978328401329,4.670519671576783,-82.89246393105871,-78.46227006309671
0.2166788761111952,4.448129651108997,1.0880888750204187,4.0,71.65684035748093,13.85057457734579,406.50419344413547,9.253104556785793,-99.25261855464265,-93.92166655941287
0.1913095275213522,5.08869805731847,1.18187782552474,2.0,60.14147200896028,16.601940116355653,499.6004909366535,5.0191524116707935,-83.79670799581203,-79.31619258705277
0.19676208295713402,4.154018675415118,0.9973655760283832,4.0,74.77509448736822,13.25801633523022,384.822483533476,10.391097373880344,-103.45023062265034,-97.88960487711816
0.1965765906133612,4.959206115157439,0.7441521675976724,4.0,74.94302654433362,13.228544067931058,393.5187558666601,9.913360892247375,-103.68948547283256,-98.1159014388848
0.18384341660679324,5.241033417762763,0.921592195574548,4.0,77.26704852912842,12.822269744433745,384.0628575181753,10.441955991896666,-106.8336879115635,-101.08861485306605
0.20784844036608136,5.1361848776371195,0.8929187763945274,4.0,73.10949460455666,13.569001012856472,406.23312086490677,9.269995185156546,-101.22008988154533,-95.78158212122999
0.1868316978894176,5.417903948157169,1.0524025933840644,2.0,60.82544879494466,16.408600086177746,498.40735341128743,5.044379965625608,-84.71742192537013,-80.18620828629767
0.2038510311939774,5.210094299362469,1.0581554711893022,4.0,73.76399473107065,13.445623162942542,403.2686924886493,9.414615197233896,-102.10353967167258,-96.61671919664589
0.19833072069891436,5.4083879336003955,1.093762780187223,4.0,74.71248455811372,13.271257285999605,400.1460915306827,9.571509315276693,-103.38802236224525,-97.83112418150871
0.19478677081362716,4.782296263528019,0.928134524363203,4.0,75.22092654527805,13.178133591931028,389.8605249355504,10.110938475087663,-104.06047646028951,-98.4665422362771
0.2079080172117899,5.749187220148366,0.9311739260276048,2.0,57.83632305283035,17.293014331886216,530.4864695693599,4.447047857692794,-80.71702244320593,-76.40712178458551
0.203140772238698,4.877119249993549,1.1428080479709835,4.0,73.8347993728919,13.432222522856717,398.8707115699585,9.633239909151836,-102.19559730087653,-96.70377089594362
0.17748222709380954,4.586647476541553,0.8826375499057831,2.0,62.29255781768416,16.0059930178165,474.42289131984995,5.5728418133360185,-86.67487552224057,-82.03527220438741
0.19036361555631198,4.542421942077037,0.9698343018221754,2.0,60.26762313883231,16.56460185217219,490.54900066025164,5.207151690295212,-83.95884382172764,-79.46908790898453
0.21112965891660265,4.877469674404649,0.8453779419593269,4.0,72.56132312941834,13.674199095729684,406.3662993163042,9.26214048501889,-100.47967981582892,-95.08175426747516
0.2104917362144135,4.512020591942548,0.8634137674117828,2.0,57.477602144498825,17.402736650482442,515.1759234864361,4.7152597862284225,-80.22214194609815,-75.93901106249778
0.20558548959274225,4.889231942134599,1.097122703606421,2.0,58.1287783344358,17.200378387467207,514.8077537909699,4.723051256687559,-81.09836682514809,-76.76693563354827
0.2070166364808957,4.48246094297968,0.9981873023817599,2.0,57.929616648405926,17.261008142787464,510.49119884553915,4.803176042219972,-80.82649637849413,-76.50988030902808
0.19789309985636844,4.392054537947935,0.7654783078196967,2.0,59.17094290706008,16.8836105392891,497.87105134364504,5.052670939103959,-82.48700373491745,-78.0784641566949
0.19649047617782023,4.488859859176335,0.9855731594615001,2.0,59.37248465009696,16.82423068055672,497.53399245450964,5.059877960070297,-82.75839211722655,-78.33491424446845
0.21128018857349304,3.8596310773140385,0.7755041965145011,4.0,72.38646109766678,13.706112421034435,394.8017360968248,9.838498454875232,-100.22401668187256,-94.83963404157872
0.2146117886672033,5.141293491459648,1.115097586069184,4.0,72.05703289880883,13.77263690496279,412.632176589645,8.970404083378428,-99.8029493243521,-94.44206976037799
0.1885983908087377,4.440232062364737,1.0671720575084065,2.0,60.5297264802596,16.489816298494237,486.82522811965777,5.287944193487818,-84.30878234597833,-79.79964871213848
0.2054873881886413,4.906164504535774,1.041721558968194,2.0,58.14223359545343,17.196270773377112,514.9376903605056,4.7206926320420814,-81.1165970797981,-76.78416548395808
0.2015811908490511,5.3888836945424625,1.1210512422916705,2.0,58.68095707074775,17.032882953447743,517.1416806799643,4.681242791939336,-81.84377950596152,-77.47136327763316
0.17752731444659145,5.500872698825754,1.1781587639892905,2.0,62.31313914765553,16.002414653264424,487.0759578573278,5.285352385130917,-86.71435680170744,-82.07302700550831
0.18979376980486665,4.070082296727186,1.0148552231510801,2.0,60.337140050394176,16.543470522515047,483.0175383112335,5.371820107765769,-84.0448676235202,-79.55005462508981
0.21797594522434316,5.258148786050725,0.9442424955121458,4.0,71.56069138568785,13.870617455278703,417.1086298708256,8.770399595601178,-99.13396681908341,-93.80964143902298
0.1910686937841514,5.005725645835327,0.9551102944172115,4.0,75.9091018351392,13.056236609439997,388.6891096083229,10.17728210314879,-104.99350721679322,-99.34868531146236
0.2204875565086329,5.892584201036065,1.1704073025333144,2.0,56.25544411319352,17.80114146584035,548.3931976837808,4.159004359225725,-78.6038271821994,-74.41109018091402
0.19079149602190873,5.42750966214864,1.0959439614246853,2.0,60.22606414782789,16.578356499596946,503.7580611769118,4.936453603188242,-83.91395263840896,-79.42710794555346
0.21249665267043777,5.317685571430639,1.1110021354456503,4.0,72.40197962634056,13.705315951755962,412.6756471115228,8.969373407253665,-100.26909493882961,-94.88266146138407
0.2063690628337221,5.170395704001053,0.7324583305428725,2.0,58.030215643865056,17.23152009165512,519.966162112791,4.629442181727747,-80.9699775971844,-76.64580531855749
0.19443808041150876,4.36007952117999,1.2522724928951237,2.0,59.66327258065616,16.73857942480923,493.07468957166117,5.152700526024895,-83.14610260673078,-78.70111704384598
0.21728995340885704,5.6796103001478055,1.0382820125283811,2.0,56.6423821655703,17.673597368885275,541.2015863012375,4.270861428305688,-79.11893901515572,-74.89754568052429
0.20012053180601827,5.10139863844889,0.8359792944307025,4.0,74.3655488404929,13.334005091739325,398.4902641747877,9.654018905631565,-102.91303280209304,-97.38192391043489
0.2039699130449884,5.030192964212208,0.8046021824748304,2.0,58.348573127858195,17.133192685020582,514.8823630704691,4.722015072002957,-81.3944251031095,-77.04669049321784
0.19920270436143192,5.89878058332232,1.1341319992770114,2.0,59.019117319151164,16.932191541573168,521.4946508457701,4.6037273459481325,-82.30201899215614,-77.90446317957023
0.20011445439091466,5.124393654900541,1.0066318567156296,2.0,58.878437314815926,16.97280058563407,511.4061004412642,4.787399760213778,-82.1050920621303,-77.71809376043845
0.18917572802611715,4.924474061196535,0.888085261502123,4.0,76.23270750829171,12.999417063470563,385.9663184471518,10.330375245472258,-105.42882379622861,-99.76021916033989
0.18749684461076854,5.255610907273767,1.0586896989899852,4.0,76.59521631527005,12.937260634640216,387.8547238336827,10.225491306911586,-105.92651774369365,-100.23093848052834
0.19877315362504874,5.497850692949962,1.158883560834448,4.0,74.65038814641147,13.282797236569417,401.55933814257924,9.50100900124865,-103.3064857882616,-97.7540960488691
0.2102583684288524,5.01945660345073,0.8732432008046274,2.0,57.51832695396071,17.391152137776764,522.5453965697745,4.58298160592706,-80.28306670998187,-75.9968447237524
0.20344604904750357,5.189640017182581,1.1930996667407598,4.0,73.82746407730775,13.433739377019444,402.65359136055935,9.444860872947768,-102.18877215002207,-96.6972817301561
0.21099979650342085,4.933885671734414,0.8133691181708695,2.0,57.42125014620728,17.42162808258698,522.1709757450075,4.589444037004914,-80.15212318523099,-75.87310678409791
0.20217231194810525,4.898958377305298,0.9133158837883516,2.0,58.589952871532546,17.05932901467658,510.6894863148978,4.800463797938454,-81.71593162933536,-77.35033904058123
0.202528848149699,4.7480211292946946,0.9057900874411939,4.0,73.9162949119329,13.416952388682724,396.84878260793744,9.73662963466585,-102.30398347779666,-96.80622096624913
0.19598007419870797,5.122052194489176,1.0409806034278184,4.0,75.0704709088676,13.205751814642246,394.7269840786864,9.85008875201348,-103.86405615199142,-98.28096889877841
0.18860570998908427,4.759379438067294,1.2156665409874694,4.0,76.30534761023192,12.98652547261767,383.63782618052903,10.463638270524386,-105.52386238061251,-99.8500388813326
0.2031818948767458,4.418960243632856,0.6825018326544203,4.0,73.75771891678764,13.445940572994816,393.771091539938,9.896622774942712,-102.08384763943492,-96.5980061162217
0.1813815484675749,5.014554973288335,1.0046375917049049,2.0,61.671110158018266,16.174250481859346,485.5370063468911,5.318069755521589,-85.84672154552469,-81.25300545543932
0.21214189828928504,3.663582783448531,1.0593900811646235,4.0,72.22143959911756,13.737757695474352,393.30099611306287,9.917085466929846,-99.997003925127,-94.62491263549356
0.21561438201803573,4.436109617554143,0.9430290232315157,4.0,71.81492665199085,13.819247236427518,405.3987546195181,9.3062541756368,-99.46539786618436,-94.12279238268053
0.19105653953922472,4.83686899748848,1.2141227925526756,4.0,75.88234709509717,13.060721142557302,386.853554086776,10.27936543951476,-104.95447431820632,-99.3117503983718
0.21837386675487522,4.832030387479926,1.2857590321096706,4.0,71.4540116581633,13.891700199610964,412.52181666503367,8.973770097577365,-98.98654816389148,-93.67032308844931
0.21753691026701083,4.953350675173255,1.0196586739069216,2.0,56.601334068768836,17.685343541456763,530.445609595029,4.445937534806101,-79.05584482782102,-74.83759741993578
0.20365474472642836,6.589426839683767,1.1276928362267182,2.0,58.413239363701436,17.11640871631514,537.3017106689502,4.335600837223715,-81.49743411066531,-77.14463315537441
0.2096899787027586,4.819083731457829,0.9265374725648187,2.0,57.58781367260521,17.368759512542535,518.8318850445103,4.649077210546546,-80.37352154737232,-76.08218193277662
0.20908601359892112,5.015542793885577,1.041786387176771,4.0,72.8988204234652,13.60929524817438,406.0309073499966,9.279039858681891,-100.93579380180489,-95.51289801225684
0.20336583126605437,5.212482948718074,0.7094549600941877,2.0,58.433940387648505,17.10752182232782,516.8143376319264,4.686817696801273,-81.51092535081119,-77.15683738862346
0.20666572668609534,4.508990290084849,0.7836551296660883,2.0,57.97657052596899,17.246488451245543,510.4594895906327,4.803815553298275,-80.88964459148063,-76.56954632446167
0.20083981003314455,4.65324691771386,1.1246547786501961,4.0,74.17981486800299,13.367949164905882,394.1976924866474,9.875343200512098,-102.65761362479667,-97.14049945971287
0.18657824833629094,4.796528125613721,0.9122688797600499,2.0,60.84852758375852,16.400861555146918,489.2981431808929,5.234873108716944,-84.74080590743506,-80.20800819457943
0.2027886428464724,4.496053525188228,1.1086424016184342,2.0,58.49610182333687,17.086803379333,505.4910267844425,4.899846256312337,-81.58481488836391,-77.22623455300403
0.200630023683347,4.0540268733440445,0.7062112839404453,2.0,58.77925082806198,16.999851795422,496.25998603396624,5.085012053371546,-81.95760651648398,-77.57812315193364
0.19779032682213646,4.948289943212683,0.9958026315204673,2.0,59.200090079501734,16.87640255269291,505.88406680667424,4.893339858267094,-82.53376727155273,-78.12297634835153
0.20225559839510182,5.47382480492415,0.8333342648623663,2.0,58.5899741966954,17.060619457554534,519.2447750770845,4.643183577909892,-81.72291371366363,-77.35722250435619
0.1890667614211262,5.144458333584353,1.1867421067969668,4.0,76.29098526221952,12.989696437381236,388.2187396126266,10.204404748232653,-105.51242624081665,-99.83935620982217
0.1956866056176049,3.7491500779201727,0.7444010706084436,4.0,74.87688892431488,13.238715751323369,379.34009513286765,10.712314810393243,-103.57825210988712,-98.01044498923233
0.19442271112504786,4.795805686372637,1.0057871684471376,4.0,75.28572475361217,13.16647815284751,389.65832669194185,10.122183487007602,-104.14768662203517,-98.54897422486387
0.19688253669177555,5.524669805271704,0.8985974041477947,4.0,74.97705938033918,13.223634302727117,400.0064053111336,9.579248784923028,-103.74824495382724,-98.17174691491866
0.20478875538520463,4.23217896503694,1.0584537557980003,4.0,73.4672846965729,13.500070607323531,393.15412625086543,9.928469361055118,-101.68842936372393,-96.22412471523937
0.20102553183726268,4.926278755040916,1.2382414160723894,4.0,74.18756601639716,13.366279238976182,397.41211000149747,9.708482448745174,-102.66821134651056,-97.15035120806486
0.22060298170524079,4.887284275385951,0.8084475332544658,4.0,71.13145758801032,13.956510130017673,415.2033572343996,8.85294146606122,-98.55293372920819,-93.26047512748552
0.20069919580994827,4.461877399840616,0.887236622827975,4.0,74.17190410368393,13.369080350292963,391.9316157156557,9.995746490111898,-102.6432668990645,-97.12686557095373
0.20555582088650126,4.688916149872871,1.14811077175696,2.0,58.128235255435804,17.200036435147215,511.78546277867036,4.779150503900933,-81.09501920276601,-76.76365956940627
0.21157507758021135,5.718150878281645,1.0794120110688583,4.0,72.59270411053826,13.669273220368458,416.36237974797075,8.805769221492376,-100.53470907970022,-95.13396274569625
0.18119201572025945,4.841046725685769,0.8699492115514861,2.0,61.69629902844882,16.16701639522317,482.8663451646683,5.377474268179067,-85.8782129089347,-81.28266968491191
0.20119225861127393,4.714275390401632,0.9750763237075402,2.0,58.72004440429503,17.019492322253416,506.73733747256836,4.876074887361128,-81.88766832689141,-77.51246929147563
0.19830280203579623,5.206896158595107,0.9651596005113647,2.0,59.133487671401014,16.896763555434184,510.30327796545924,4.808591255250306,-82.44770644449672,-78.0418041025459
0.20075713287956834,5.003008340218035,1.067248609895974,2.0,58.78682602044927,17.00007798467145,510.4402662874867,4.805487131579027,-81.98092968917338,-77.60073759604744
0.2164739399760333,5.154810040954583,1.0884320329053403,2.0,56.73563493153949,17.64208113323294,532.2275620242015,4.41638322934495,-79.2377958988244,-75.00956467652429
0.18849135490814434,4.95606162879219,1.1410434197325383,2.0,60.5607789774392,16.482182668154852,494.0508688829228,5.133711482352239,-84.35706596493911,-79.84553308588008
0.20211609732795052,5.443196979783976,1.0736150063490728,2.0,58.608535713258284,17.05492598259305,518.6184019232637,4.654466997182394,-81.74741808144104,-77.38035504385724
0.21200306258259322,5.144679578478556,0.9466452526643448,4.0,72.45695621664572,13.694263132005865,410.235657431112,9.080815931139322,-100.33960237269275,-94.94922411133513
0.17069405624147224,5.191442868192524,0.4527380762177825,2.0,63.47066036588653,15.699856216654416,473.53251689364936,5.595920880389527,-88.26615951494892,-83.53927635518967
0.18276536592594583,5.225884300470492,1.0716294005900193,4.0,77.46642228075798,12.788516047633752,382.82483832198096,10.514157767022683,-107.10265097094903,-101.3429029411739
0.1928789795812106,5.6852704943070655,0.9273954802640986,2.0,59.92229840703238,16.66625911612526,510.1663686236476,4.812354621821355,-83.50974724503095,-79.0453432805395
0.22242920312402986,4.999040073411827,1.06120542653219,4.0,70.8777371334764,14.00804587516251,418.18026986998854,8.722040102234919,-98.21305061398648,-92.93925467808448
0.2013102711619342,4.498828009654599,0.9835408822458565,2.0,58.69828648785031,17.02549474105799,503.6998540573805,4.935216173660212,-81.85555273088976,-77.48199785539364
0.1996438926380991,4.317629173899217,0.9616251892988765,4.0,74.32216586212803,13.341114893230849,389.33504218894615,10.137107297945395,-102.84294494980715,-97.31557151060878
0.20924357757187434,5.017305937092628,0.9575806376278645,2.0,57.64972095063454,17.349789773824995,521.2587358538332,4.6058727259079815,-80.45884861004194,-76.16289084678812
0.19893818069377425,5.111561009203083,1.0925221299534669,4.0,74.56547715481017,13.297373878498725,397.46694403173564,9.70674246706502,-103.18277273734523,-97.63691573762992
0.1895841236737873,5.552339607701265,0.9381494691692904,2.0,60.40956238690753,16.526257034247536,503.9415187340821,4.93314211325811,-84.16135874000739,-79.66089967875071
0.18583157907403128,5.221906354691552,1.069505470904903,4.0,76.89449934233866,12.88570676138589,385.8429494536044,10.339266861568055,-106.32987196697435,-100.61226550750737
0.20229481715463607,5.367791546214187,1.0561579677559394,2.0,58.58273003693243,17.06259388781419,517.7409015663992,4.6702353736485085,-81.71199912713702,-77.34686359912914
0.20631981483761397,4.2978654509546255,1.0496560232494294,4.0,73.23322867354858,13.544446208831802,395.3099581169793,9.814383719907907,-101.37426619366576,-95.92716950025157
0.20604312397805485,4.848690120264776,0.9275814761913033,4.0,73.36098903139917,13.521253500805841,401.2865291689063,9.510943014528925,-101.55706889504131,-96.1001873574875
0.20870555609419728,5.739637255337115,1.2691555081900538,4.0,73.04856036351076,13.581882615742234,413.85807262832606,8.917945099486483,-101.15031957404915,-95.71592484051787
0.19890265818369818,5.176360081513171,1.1150234307676365,4.0,74.5809241731842,13.294632649466948,398.147297964665,9.672055919246391,-103.20461046737896,-97.65757297928145
0.20121177949299462,5.0653820939557725,1.1235629697814273,2.0,58.72540125154484,17.018732328636624,511.9302644069592,4.777358736514609,-81.89939763211454,-77.52374332257716
0.1927071306362634,4.792763467082071,1.0950865566600614,4.0,75.58430093995555,13.113362078722831,387.9726216664628,10.216017692610098,-104.5514267834972,-98.93069850048502
0.20002993291199958,5.1701049884341685,1.1005118863303285,2.0,58.89113445031055,16.969093303283042,511.96745010008925,4.77691175580464,-82.12265872633219,-77.73471183043677
0.20756248163629806,5.1894213017291975,0.8147780369632782,4.0,73.1618835153378,13.5590910566825,406.5642534973168,9.254408182816928,-101.2914250419585,-95.84901774005105
0.21442304791186245,4.749627628121542,0.7517356985222224,4.0,72.03774759815549,13.775982828503858,407.94257352299627,9.186270100640098,-99.77169642845409,-94.41246961579533
0.1897895483932168,5.026086659328767,0.9589224241680644,2.0,60.36675867353002,16.53739591376124,496.734683134045,5.077830712469857,-84.09787592075011,-79.60069378994348
0.19663168032359407,5.3098509827412395,1.0509813041789056,4.0,74.98792622023969,13.221112033185564,397.4134457540216,9.71065754277075,-103.75740990022686,-98.18026785456505
0.20409828457328694,5.3080673340011195,0.6838069987333836,4.0,73.73541972797236,13.450865023426633,404.5995245334862,9.349991579134556,-102.06492676646567,-96.58015965662807
0.1963556174773554,3.909894967755263,1.0054089890196694,2.0,59.37356889434974,16.82229694257974,488.8661075887306,5.241764451951973,-82.75123564623006,-78.32776793735938
0.2104553227478968,5.59381719636056,1.030416257237855,4.0,72.75373336044971,13.637913521253392,413.88478812780477,8.915956445947458,-100.74894484402914,-95.33640031882553
0.19499638922603102,5.242580556272869,0.920812354401353,4.0,75.25931367710996,13.172107063146361,395.08676171553367,9.83178826975017,-104.12177541444616,-98.524674245929
0.20986136316960768,4.721114327005289,1.120851795886375,4.0,72.73784776978478,13.639880356195425,403.40232623178554,9.40524466010063,-100.71480237369313,-95.30395834330727
0.20677401368692302,4.522604091434589,1.14608411923261,4.0,73.19610022805978,13.55192604181198,398.280022712628,9.661392574502523,-101.32872820787794,-95.88422485371424
0.2010192588737266,4.618838270986174,0.8711190972136645,2.0,58.741471772027715,17.012776657534634,505.11231307345764,4.907620572489187,-81.91504919591263,-77.5382765678748
0.1946233742309698,5.27129723164598,0.8566562248897903,4.0,75.32885652614215,13.159777278362927,395.03549826662714,9.834664632623126,-104.21669478654205,-98.61444323015493
0.18758244471121607,4.897965707780576,1.0164471631861014,4.0,76.5150805880363,12.950278053432172,384.12342414906635,10.436284738834072,-105.80926029026021,-100.1198754522781
0.22445130145058917,4.311342172239816,1.22080218497352,4.0,70.5017852257657,14.083055883396886,411.8655750828805,9.000931925589036,-97.69144709063497,-92.44577968815875
0.20411171918015963,5.059173956694102,1.066709022729285,4.0,73.7008670955243,13.457240961279453,401.8286333120657,9.485077101214205,-102.0161281406123,-96.53405667555398
0.19846314895637984,5.727025090728729,0.9315293283662917,2.0,59.120323498726435,16.90169013680536,518.0521620044185,4.665409875732525,-82.43576425382211,-78.03074213409069
0.19355632879786977,4.969874076799356,0.8392056171564671,4.0,75.46593033502648,13.134697188740674,390.7192498631378,10.064896858921756,-104.395056267565,-98.78292369973985
0.2045502372034752,5.722562978463267,0.9883965730268719,4.0,73.71784452284469,13.455484202849723,409.6580493487934,9.110902619415914,-102.05313552651688,-96.56937404040775
0.18885383036932074,4.885353673223846,0.7610808610417709,4.0,76.28353972896409,12.990496534331921,385.23191971536994,10.37219057873669,-105.49669498394833,-99.82437640005678
0.19087122013281174,5.113393023054567,1.1978519796612095,2.0,60.20719661640769,16.583144873213936,499.385113979473,5.023596429683136,-83.88507519853633,-79.39968777173097
0.194134149149291,5.71765007832272,1.036562872060247,4.0,75.48169534424571,13.133544614723409,399.39598269405735,9.61131581785427,-104.43369591719475,-98.81984839151504
0.19848752353253626,5.216297225863076,1.0092874725519938,2.0,59.107694149561155,16.904460917672978,510.67608058587,4.801520351568306,-82.41326609198441,-78.00927075001563
0.19591666837173333,4.300945170100575,0.7684562196216878,4.0,74.94569700545838,13.227403284106757,385.65104923771173,10.344441319417,-103.6835614894187,-98.11025179876086
0.20653244883281227,4.8616499549571435,0.910586665051575,2.0,58.00230398261816,17.23941634778115,515.5724056031936,4.708821014378145,-80.92873045333387,-76.60667250474465
0.2079493225291563,5.090181971513199,0.901591759503855,4.0,73.08698272710345,13.573138433633837,405.808041597266,9.290198258543372,-101.18841513841954,-95.751600965327
0.2122629295564895,5.789592751490816,1.074183498298428,2.0,57.27326289146849,17.470538119451756,536.5851082349367,4.3456317148054255,-79.96396192993046,-75.69578179438612
0.2124195999681381,5.565049658202257,1.0921148765668935,4.0,72.4428680880756,13.697829574041974,415.4245860177223,8.846658928420535,-100.32872079290037,-94.93912728841887
0.20598347047074883,5.259830286673251,0.8353993488179434,2.0,58.08308105860603,17.21535921051524,520.809930998214,4.614505065426275,-81.04175494466818,-76.71364907440962
0.18644186028873447,4.602700272437472,1.1955347601712132,4.0,76.66580804337302,12.923689760044443,379.8553318586404,10.686849782664444,-106.00621977631566,-100.30596914585787
0.20840220162694198,5.743699144842932,0.9592488424469061,2.0,57.77141935943112,17.313269239326473,531.0314893506298,4.437834007228498,-80.63009597069072,-76.32500721537558
0.1975956280292966,5.051015648620287,1.0118483074510014,2.0,59.22992719574776,16.867778122594302,507.13282342882644,4.869242675716831,-82.57498687406097,-78.16196949352512
0.21133680478756703,4.8193647874982775,1.0528051707704387,2.0,57.37576630360987,17.43575774714755,520.856130818142,4.612604921564613,-80.08984236367765,-75.81421508075562
0.20450317278043814,5.001554275092818,0.8875279992573224,2.0,58.27612370054311,17.155323346710016,515.1260494222047,4.71743195624027,-81.29706298013738,-76.95469945454187
0.19764170637825149,4.9079121267423895,0.9594767305994356,4.0,74.7536686269002,13.26279561795748,393.9775307155371,9.88857477560342,-103.43317531774929,-97.87358779893856
0.1990155399769212,4.8780519449113315,0.6853823563584788,4.0,74.51635607573301,13.305882208969495,394.96178297992026,9.836216646385946,-103.1115414484473,-97.56947320091788
0.19105792648020523,4.8684632877718235,0.8971220985735036,2.0,60.173369409336736,16.592333418866275,496.1211173637354,5.0901523073428345,-83.83681903934766,-79.3539830880859
0.19835062224603783,5.644222124659127,1.0092556951075553,2.0,59.13481186520414,16.897222139527567,516.7090365263861,4.689773212888317,-82.45428261441477,-78.0482017275057
0.20037227836421578,4.95560177614375,1.0005694377432188,4.0,74.30195709213749,13.345486674500748,397.1153230955741,9.724019935403291,-102.82478600735563,-97.29846437595617
0.17680389273248784,3.9992271277806606,0.9185243753415829,2.0,62.38201027517237,15.980794681855588,465.3661501675397,5.793706374760732,-86.78634914272246,-82.14025818399058
0.2001452788193757,5.345052212382006,1.0709630797041212,2.0,58.87856810849993,16.973246120485047,514.6695353404856,4.726734814540509,-82.10790878018076,-77.7208630853155
0.21019043693241762,5.515097701576366,1.027608674690735,2.0,57.535493282664056,17.386862652617022,529.884335641828,4.456747719834979,-80.31183514621908,-76.02426735478412
0.20962657572486842,5.136322631716064,0.9157775459825674,2.0,57.60223736661734,17.364998011197468,523.5171195945076,4.566090424992218,-80.39677753457877,-76.10432165242456
0.2011061312257868,5.000669923377243,1.220943035828436,2.0,58.73860489951024,17.01460840170733,510.84627047507087,4.797728899840114,-81.91632417283942,-77.53970633988962
0.17549127871459913,4.291157914920215,0.8219394360438445,2.0,62.61329043470863,15.92033396509034,467.70054707327984,5.735970059786612,-87.10113354326309,-82.43787132994802
0.19745391830233971,4.246337176113476,0.8522262951533761,4.0,74.67558125636144,13.276296958718724,386.4925103122477,10.296122079406286,-103.3180373361361,-97.7646737542875
0.19139158321476432,6.228712046037946,1.270261292162072,2.0,60.15073849985298,16.601380983571413,515.8970919996917,4.706064452165382,-83.82154423837348,-79.34011300868256
0.19636416709693202,4.425398001405853,0.71378043801621,2.0,59.388646894868494,16.81929351161937,496.4471930139186,5.0821643113367525,-82.77912089713547,-78.35445891643201
0.19883119813591477,4.501074008377987,0.9872724202506985,2.0,59.042253602223624,16.922219635253963,500.645331965933,4.996403690112845,-82.3162114508858,-77.91718361435491
0.19238025541689743,5.074313547651416,1.0549314396675906,4.0,75.68706677066692,13.095222203286337,390.70952625966305,10.066064958657066,-104.69277323406166,-99.06428378021984
0.20417471958742014,4.339755507921481,1.1282028595203342,4.0,73.58391920358144,13.478347838552855,393.80163523943514,9.894511926296804,-101.84791163060125,-96.37493576410871
0.20632857914607308,4.994680661690904,0.7935418751383079,4.0,73.33411892591835,13.526281092493715,403.2015135699646,9.416691352763676,-101.52140193366745,-96.06641942788576
0.19683802295418812,5.182681871031884,1.09194480707119,4.0,74.93149760224348,13.23072836736145,396.2216896183515,9.771868568432144,-103.67619202274855,-98.10330939981505
0.21531778890601053,5.50375538549328,0.9615018825400371,4.0,71.98824221703562,13.78618860398592,417.4596719964409,8.756248469235468,-99.71257115468833,-94.35656162306242
0.20750121812136946,5.966896742594093,1.294072690117454,2.0,57.892611868192915,17.275885939969015,533.1839650340711,4.402185481209103,-80.79457544527237,-76.4804646122455
0.1907346688884285,5.742459393366925,0.8412578423743544,2.0,60.24079698290463,16.574750827851194,508.15282267609314,4.851185973315688,-83.93727959603511,-79.44928142088766
0.1867745886670832,4.756902934650476,1.0630340064211878,2.0,60.81722436800267,16.409548212904504,488.99111461666683,5.241454851040852,-84.69834004481369,-80.1678660752173
0.1934943637959441,4.662893769137746,0.8931494403380937,2.0,59.80924501104481,16.696907191630807,496.2785931121337,5.086323759735269,-83.34614673430237,-78.89030454143162
0.1912049037134106,6.140816438638031,1.0446266606778332,4.0,76.05480444839685,13.03205676938734,401.0114014536996,9.532063373482941,-105.20862603337287,-99.55224962010159
0.19510922531881078,4.907021661406976,0.8929669027944468,4.0,75.18649395717948,13.184598114927985,391.5343466854204,10.020032915539828,-104.01699104770074,-98.42549848062099
0.173482916650808,4.310995361576067,0.7284071980029407,2.0,62.95441014953065,15.831032803528307,465.3167945570887,5.795945236433878,-87.55944279627666,-82.87094634506855
0.188046410257019,5.6624778396908155,0.9933345748443468,4.0,76.56126856348,12.943782535254238,392.7318902490656,9.95976228032149,-105.8885939122757,-100.19521045021264
0.21290563762321174,5.205491288450438,1.117383823857274,2.0,57.18310564299906,17.49802948867544,528.6142542752838,4.477706771383307,-79.83685270504532,-75.57544871239888
0.2052395095419267,5.364357117037173,0.913502906164946,2.0,58.18426140682643,17.18438464658057,521.420129398186,4.603827996141402,-81.17845150884916,-76.84283412560124
0.20559540370616167,5.283093879287416,0.9175671068304876,4.0,73.48998927547025,13.49712237024433,405.7500520707725,9.294080674978169,-101.73519288258882,-96.26853304928137
0.1881587166810173,5.043252770960731,1.0490514803183972,4.0,76.4359166927976,12.964086476147727,386.24223131574934,10.315383445371957,-105.70415810775715,-100.0204915324964
0.19207474169542088,5.013292670663049,1.0855805554207727,2.0,60.02648716548055,16.63486122268164,499.50943891814654,5.020809999512195,-83.6417340986558,-79.16974206148583
0.2155188012012249,5.638490416099022,0.8498062850865185,2.0,56.861142973040835,17.60247222636538,538.3831380768853,4.3160431195178,-79.41105021832743,-75.17344610974914
0.21683586209538025,4.734511747722142,1.156730921868164,4.0,71.67133770217681,13.848261318795151,409.98008640391345,9.09044682661412,-99.27761333221734,-93.94541490641046
0.19587850621543035,4.096151570112534,0.9742653234675478,4.0,74.91360452215729,13.232794005131838,383.35600259163454,10.475816320742469,-103.63573922944241,-98.06495223170846
0.18440616764694392,5.483649617921386,1.2275188985708871,2.0,61.203640145788405,16.30345728492458,496.10541453251216,5.092084387172867,-85.22546100790706,-80.66623999780877
0.20301970742519274,4.637304238996013,0.9057272904794815,2.0,58.46828038816936,17.095649111209255,507.8751195368868,4.853785496059009,-81.5495198921089,-77.19297997031475
0.20774494703865373,4.980730869078294,1.2609472062896518,2.0,57.84483131321307,17.288658522067575,518.8544571494793,4.649059029373579,-80.71948950460776,-76.40907963170378
0.2099933633247449,5.048706706478891,1.1193667014616349,2.0,57.553115297325206,17.380253443130215,522.6573283394893,4.58106247025599,-80.32997512028938,-76.041172305174
0.19552842342670054,4.9752205812242085,0.9826751681051598,4.0,75.1252784565613,13.1956985801322,392.68435798673363,9.958225009475898,-103.93561597912658,-98.34858891504058
0.20662081534581753,5.3251245027891825,1.089033204235835,4.0,73.32997629232723,13.527376105313444,407.19920262058247,9.224805644622654,-101.52003375728589,-96.06514975724268
0.21536965653917645,5.724672400618152,0.9437582965226297,2.0,56.88080921063436,17.596296933498156,539.4975231178224,4.2982513118073005,-79.43828157748243,-75.1992042300537
0.19376399310741788,5.011677658057278,0.9100375826321703,4.0,75.43648604087603,13.139991263284175,391.3752631219948,10.029325631247957,-104.35596772476764,-98.74597749662817
0.21620070309136052,5.181849075171481,0.9672956307843367,2.0,56.76988416388109,17.631024281658984,532.3049843237919,4.4151273735844025,-79.28390682397142,-75.0531320862748
0.1782938459020459,3.992948702567355,1.1193757982829662,4.0,78.04811951583089,12.689233888426347,365.4970444072697,11.60855762613252,-107.86262676631124,-102.06112580517589
0.2006046844811737,5.12522315013038,0.8010405845022177,4.0,74.2881508205122,13.34827609894901,399.21841274959326,9.616957509152385,-102.80906004427713,-97.28364749174501
0.22003509410401342,5.412099809897931,1.0254559817714217,4.0,71.27130164881758,13.92876859684433,420.80786770238956,8.610658731254874,-98.74683693208917,-93.44378137811763
0.19560946089895062,4.802713574065303,0.6806203166199973,2.0,59.50703066282111,16.785471809594746,500.99543263899506,4.99013468332354,-82.94307399250395,-78.50958174928581
0.20845483108481855,4.212190336414692,0.9007874661539776,4.0,72.88204485277814,13.611206906079547,396.29381125183966,9.7623042389868,-100.89907127879023,-95.4779199187686
0.1884253536776658,4.5173244025956185,1.008022244023285,4.0,76.29393205347465,12.988481835096302,380.86232225189923,10.625860414204118,-105.50634553899597,-99.83354580112317
0.17453831865177138,5.307135219178532,1.1130782604900524,2.0,62.81067750975862,15.871008021651932,480.36069297560846,5.43583755372342,-87.381506392223,-82.70340848773967
0.1974889741196309,3.759645745007729,0.8505372060996416,4.0,74.57633630586176,13.29339206235106,381.1204378296915,10.60546603554141,-103.17328010460268,-97.62760101510709
0.17222005719271427,4.82623829390324,0.8229998832299111,2.0,63.192486061246335,15.770719978125612,470.6697252286939,5.664231208026551,-87.88795077689022,-83.18172448960125
0.20804570301584838,4.66244302392827,1.0605931031103417,4.0,73.01514381282733,13.586638422796584,401.0483874278849,9.521790610444937,-101.08750404610343,-95.65624149946115
0.21836225839730022,4.898529028162315,1.0564066554433917,2.0,56.4994150698347,17.718557191439537,530.6038379268464,4.443110050431256,-78.91894023457239,-74.70825554828822
0.18514944520872564,5.595206781646872,0.8859236727892953,4.0,77.08965910434885,12.853861883303791,389.1057954123694,10.157679419784248,-106.6078080949924,-100.87548818112694
0.1997775220515079,4.218557827330075,1.0343155043393406,4.0,74.28251360478443,13.348213964276285,388.3554333209356,10.190996834779734,-102.78734669518825,-97.26297207520635
0.20967466272925012,5.146466911748646,0.7616653653731913,2.0,57.59618793311735,17.36692509723981,523.7288080570098,4.56238981211288,-80.38880623529624,-76.09679678583797
0.20742028902979492,4.061005617017046,0.8387850979273429,2.0,57.86535132519769,17.279828378720637,504.6286567843397,4.9156308952993975,-80.73458666022269,-76.42278781270288
0.2087654360408152,5.135047717098644,1.061795737319013,2.0,57.71421758624978,17.329845330533868,522.428529706871,4.585338468936782,-80.5466029605375,-76.24584760962236
0.20468552778506205,5.32894400521659,1.406611829082749,4.0,73.64262485922278,13.468315755716272,405.39477612275067,9.311495935560814,-101.9404237727736,-96.46247736471769
0.1978619544190951,4.601058618190752,1.06416945973707,2.0,59.18118703382692,16.88113312737269,500.8991298158484,4.991537318599767,-82.50372621089703,-78.09439646113044
0.19473284608053792,4.483801490222576,1.3464766633135117,2.0,59.62440535637317,16.750268477783603,495.2477744993152,5.107314741883512,-83.09585479044064,-78.65372679574118
0.20326843470388023,4.633857309298962,1.1373895453419398,4.0,73.77787410945847,13.442574582660507,396.265534601437,9.766327678289818,-102.1152924311966,-96.62782041030705
0.1974711855368217,5.281136435957246,0.8062176597652465,4.0,74.83956208677156,13.247812868679405,397.9147558404529,9.684624165193114,-103.55599013148854,-97.98981064900735
0.20352627203917173,5.956477403865876,1.0699266493295967,4.0,73.9194892952269,13.419240052470549,411.25983937195184,9.037749046459876,-102.33631916743738,-96.8375047967062
0.1949289471957176,4.794830013327445,0.9619055982928328,4.0,75.19780264950917,13.182174586822766,390.13412618237686,10.095936109490808,-104.02856441472215,-98.43632682999245
0.1962219346724173,5.458155720537284,0.7400186345186526,2.0,59.433700027161485,16.808422153669746,511.2673917142884,4.790858916895989,-82.85266808250833,-78.42448919639024
0.1962031347485744,5.188473892847686,0.8309518134698705,2.0,59.43100325670058,16.808682062700434,507.3471372295698,4.865433535607336,-82.8460141359971,-78.41808172639253
0.21328631066849438,5.622817480085937,1.1439385788625112,4.0,72.31527696412738,13.722782454413512,416.90476746587524,8.781284385177527,-100.15805115468274,-94.77783774884337
0.20829121071066053,5.202427543817855,0.7592093129301148,4.0,73.04752512605167,13.580884931694303,407.4004960910571,9.21453673038407,-101.13747590479826,-95.70349587031731
0.19975702616229185,5.182267244516631,1.0834112910734726,2.0,58.92935439895625,16.957659400462568,511.79820863962215,4.780136981369926,-82.17398932547981,-77.783207763449
0.2029123141684738,5.736805696126548,1.183905086486602,4.0,73.9892670145457,13.404950084823902,408.22622775474633,9.17829726115921,-102.41978893906861,-96.91599834503434
0.17132945046217257,4.841280722581159,0.9753023458684074,2.0,63.34762979037609,15.730746402141362,469.66715431794955,5.688886269463062,-88.09644637780218,-83.37874422434696
0.20094183058232312,5.624378886205253,0.8370148210614115,2.0,58.7730917762468,17.005535508490805,519.7619360274674,4.634185768000786,-81.9697438512626,-77.59045932057366
0.20336400938689875,4.542088261351781,0.8992131964480485,4.0,73.74793016692249,13.448007654047842,395.32470967821126,9.815075058136776,-102.07314726118531,-96.58793818668165
0.19457442179888176,5.2311062445053125,0.7193172825908519,4.0,75.33070726735117,13.159297201126803,394.55052198223797,9.860075109430475,-104.21782501769684,-98.61546961704047
0.2186231756139488,5.301326223153249,0.9726250236024607,4.0,71.46890851629213,13.88900111220743,418.2100747905529,8.722326882420688,-99.0111090441323,-93.6935280750992
0.1859018057105219,5.591265370876329,0.9514022836755355,4.0,76.94540556408064,12.877811946399966,389.8220309171482,10.117986893220426,-106.40765219756574,-100.68599750829588
0.19795930484951565,4.754172192517258,0.9129022895881623,2.0,59.17147899532917,16.88441514071324,503.26332510223494,4.944547798366395,-82.49285538285292,-78.08422038094889
0.20255906850104224,5.32587407070152,0.9986807965771642,4.0,73.99146380421702,13.403347638443558,403.3218042350441,9.412651344867811,-102.41171918125308,-96.90804775764728
0.20513199811077182,4.790575628037481,1.3344597762114323,4.0,73.4992714632583,13.495080282487343,399.77598545794496,9.586681818101516,-101.74252566411147,-96.27549276373819
0.21260937323562987,5.683953725360485,0.872176179105161,4.0,72.42742182433003,13.70117405751605,416.9588962131118,8.779223952953433,-100.3109177308363,-94.92239401834622
0.22229273610555975,5.4977451414726595,1.1456708510234368,4.0,70.9485537180929,13.994070403376936,423.900696524212,8.480359805271137,-98.31371863860889,-93.03443393637406
0.19782773841781326,4.895295586480196,1.0585795894479275,2.0,59.19354506373388,16.878217046849265,505.15854439741156,4.907438719996584,-82.52431740798711,-78.11402332521921
0.21401186275033898,5.09065710893071,0.8632834565294065,2.0,57.04150389355252,17.543118448469695,528.2388534989997,4.483862543429667,-79.64607880452627,-75.39518545571575
0.20921150746394793,5.327329764223893,1.1118248359787475,2.0,57.65945066537049,17.347448719625785,525.8570540455044,4.525564400017795,-80.4755556348415,-76.1788296614694
0.19729071869842194,4.53550541643471,0.8697709854038831,4.0,74.75422974113937,13.262513785016816,389.5368738647717,10.127299268270054,-103.43001741111412,-97.87064762175517
0.20236948611545952,4.958275608386703,0.9340018443205437,2.0,58.56433497909935,17.067250023486032,511.8120209002341,4.779330153299533,-81.68239846137743,-77.31869279321457
0.17044381175654932,4.376341265152916,1.168126097710475,4.0,79.68010093507807,12.424082001405937,361.7114383099689,11.8773404030536,-110.07130277805571,-104.14934990672099
0.20360591677656842,4.304657285012372,1.2158058223538846,2.0,58.38027183511322,17.121630768333095,503.6471991202842,4.935752266973985,-81.42715505766415,-77.0771824109536
0.19855972339945324,5.145020198241768,1.3488669687822528,2.0,59.09605600732208,16.907770631223148,509.73024071401676,4.819371240773061,-82.39682523431004,-77.99370669342952
0.19693434378712943,4.70338990756482,0.9511682482720702,2.0,59.31523901031746,16.841696609107597,501.2275719462118,4.985199084175359,-82.68474443257418,-78.26547156981778
0.20509898248476538,4.947387932874564,0.9407133782494792,4.0,73.52601749201466,13.490085437668823,401.5090392265552,9.50037938182636,-101.77986810135688,-96.31075945485911
0.19885790108222165,6.14979454651866,1.0136113845628258,2.0,59.070876253796904,16.917187087940192,524.6639871894522,4.548263977623806,-82.37390123225777,-77.97246350246307
0.21785318394224729,5.178659711355313,1.1444440859874172,4.0,71.572034483247,13.868622672605019,416.07304866632296,8.815755267612378,-99.15054334078147,-93.82541673806531
0.1914624077741259,5.229852977507494,1.1482829863697972,4.0,75.87722299308867,13.062354366165604,391.4918534352511,10.024293052772268,-104.95587489551997,-99.31323380423753
0.20040256502000464,4.356803332458151,0.7959612450566009,4.0,74.20320310889076,13.363107956496524,390.48128850172975,10.074158237816894,-102.68334701209213,-97.16471343965442
0.1823237788706062,5.054742679723544,1.1687565882562039,2.0,61.521640244832234,16.215112010910154,487.3469635605613,5.278205351553893,-85.64670086919472,-81.06403649525193
0.19986584213075193,3.869792621331074,0.9713859309498177,4.0,74.20357730567471,13.362041561099383,384.53918988364023,10.405602158932881,-102.67317170195709,-97.15486567927742
0.2209599875022544,4.271431043540222,0.9413983596101206,2.0,56.17308928639005,17.82454024725404,524.0062484599717,4.5553445531024,-78.4748756293954,-74.28846172590524
0.21705852680544566,5.224989170673274,1.0844969610274637,2.0,56.66462400172771,17.665349631169356,534.0110530359126,4.38679765970804,-79.14367096879107,-74.92069617302447
0.20329943538657266,5.388804765139268,0.8785770521660851,4.0,73.87864653464646,13.424558644257782,404.7336579335564,9.343907232403991,-102.26158754924552,-96.76619068976022
0.208780585789082,4.3134984915572305,1.0492551959247307,2.0,57.69425274939863,17.334009776059304,510.0940469831672,4.810280362241632,-80.50927086219211,-76.21011449558038
0.19383706911807894,4.988657362337177,0.906618977100167,2.0,59.76775619547905,16.709721413781054,501.42301875841986,4.982010264782708,-83.29477500733817,-78.84194537149446
0.18928298673138258,4.823192629193178,0.8344017046942508,2.0,60.437653861383424,16.516808539280092,493.1834175408769,5.151666587254718,-84.19043016749276,-79.68804037682499
0.18849914505847637,5.355988511495526,0.822778139810677,4.0,76.43033428029025,12.96605604002199,389.91942881935455,10.111193616223677,-105.70652258771777,-100.02301158941303
0.19433705084418995,4.68769829589241,1.1987720093312257,2.0,59.68745682988372,16.73240383825301,497.7093502628142,5.056815726797183,-83.1832768886104,-78.73644837533952
0.19788266197455606,5.249359720534862,0.6839211479005468,2.0,59.19360166996513,16.878989741855197,510.38318366306373,4.807159315997756,-82.5287292612357,-78.11836786517016
0.19956866410359095,5.998757088902382,1.0198519759604008,2.0,58.9693402375554,16.94725810531055,523.4153540221453,4.5698807713823815,-82.23638253729015,-77.84249524595822
0.20548128379642197,5.447802621657173,0.7003799960665211,2.0,58.153353101031804,17.194088637757744,522.958118257691,4.576675015291019,-81.13803431323014,-76.80469159249985
0.18317673518208974,5.1051456455430735,0.8927685157153735,2.0,61.38766028512348,16.25194927137149,489.1812700625207,5.2382692955252645,-85.46760953128734,-80.89484762348606
0.19684825610114778,4.032734632143441,0.8097979124734005,2.0,59.307680902766236,16.84210759836409,491.2850724607851,5.189903987804796,-82.66489334685835,-78.24628561570127
0.17250323980369425,4.882937231358544,0.9717423809103425,4.0,79.39004688739422,12.47133086717121,368.93489537083803,11.381589148600485,-109.69184935332724,-103.7907316144256
0.2107887903902974,5.599259918258347,0.9744417364965833,4.0,72.70193676465658,13.64789012356594,414.2640905694715,8.898878461667248,-100.67919014750385,-95.2704645610955
0.17865306332523145,5.3086407902461294,1.0833040342762863,2.0,62.122199788498854,16.053025546069758,485.9610339343898,5.309462784066501,-86.45564953657154,-81.82849156255315
0.20981479749308116,4.41758595176948,1.3013133079277708,4.0,72.70100780901478,13.64638335734925,399.88964236048895,9.578731683899289,-100.65919106707447,-95.25125174313028
0.19040572246858134,5.374611463600427,0.7468978458379973,4.0,76.08984684072193,13.025431873048293,392.00777190252484,9.997156830779822,-105.24711251640156,-99.58869124325683
0.21516368646725337,4.869550088499575,1.1259883907699197,4.0,71.94073767961557,13.795271373324898,410.00989123764714,9.08981216671931,-99.6431340837039,-94.29098770610025
0.20236955388719247,4.947520921999914,1.2045775487399035,4.0,73.96938329909545,13.406857390079379,398.92636721478806,9.630812134279589,-102.37531642717641,-96.87352510384576
0.1821926189243653,4.598379954024147,1.082678759305254,4.0,77.44906940585085,12.790143751040434,375.65723772107333,10.944865737151467,-107.06402445608519,-101.30608258212384
0.20395509106362508,4.216470874882281,0.8913486220887699,4.0,73.59887129068278,13.475294342248409,392.2072398548902,9.979327607565759,-101.86549491234672,-96.39150276269078
0.19634530405885775,4.312043205699224,0.9057443337820782,4.0,74.87492033808341,13.240229655275941,386.17726391078867,10.31447092895601,-103.58834532471977,-98.02024442162053
0.19271389514740472,5.38576662988096,1.1213681966485365,4.0,75.68145622602151,13.097353125615344,394.40493784059174,9.868702339624766,-104.69584144683546,-99.06751594337018
0.19607960204129268,5.069962156019557,0.8775137338816638,2.0,59.44606581385923,16.80399423630105,505.4723724360297,4.9017199931744315,-82.86477150538792,-78.43574610512745
0.1885316791783256,4.5298893955371415,0.9047780254042815,2.0,60.54266160825595,16.48638418969785,488.0234811219484,5.261920484762061,-84.32740800438042,-79.81729898035532
0.20162059559062875,5.364857836891854,0.7619352548802638,4.0,74.15296618425153,13.373640063647192,402.85134971000826,9.436072365437811,-102.63130603521202,-97.11569415125524
0.20025128711216034,4.890032102366832,1.0512263028305204,4.0,74.31217582788042,13.343501151801345,396.27250737727735,9.767477814454706,-102.83736837993881,-97.31034038535596
0.1854640072006837,4.368805350571417,1.004413536337746,2.0,61.007375197443885,16.355566126996884,481.78319947108326,5.400660906744843,-84.94823684201305,-80.40376737969977
0.2102878091974551,3.8929063144784983,1.051858986970237,2.0,57.487756278336335,17.39777096907467,505.5152733261134,4.8977484070109405,-80.22701593857285,-75.94321029206915
0.19846974123793787,5.27510124801322,0.8945396378653296,2.0,59.11138678694236,16.903487112498468,511.50881067908193,4.785846235510584,-82.41891355394938,-78.01463768339013
0.19880633800723124,4.189543240845924,0.648348503737169,2.0,59.036767708434716,16.923017802545083,496.0218319614993,5.090339322881368,-82.3044148364063,-77.90583988803712
0.1901500507227556,4.772236077498285,0.792033662009471,2.0,60.30619125188793,16.554144662110403,493.5730702496232,5.143293073885337,-84.01367127047045,-79.5210192252853
0.18590030296916124,4.913081149952692,0.890563420879653,2.0,60.95636808770406,16.370966748024905,490.06404678961127,5.218641588867365,-84.8868340257754,-80.3460290310677
0.20452538418979593,5.1604248231623036,1.0357901186392666,4.0,73.6473529958273,13.467394879729447,403.35583728987996,9.410039603214132,-101.94551129182015,-96.46732415608707
0.21577768204931888,4.4662031154775566,0.9917597700695623,4.0,71.79452134804089,13.82334036216266,405.8968333403766,9.282387351750653,-99.43848398282464,-94.09736097685962
0.21264539809338037,4.2891181753277134,0.9531466837516195,2.0,57.19730332491217,17.491166140820585,514.3883871164066,4.729293148102095,-79.84423246664133,-75.58190051080302
0.2135812109586726,5.254039552599533,1.029289454721966,2.0,57.0984889192528,17.525220049369068,530.1806074658084,4.45110569250547,-79.7242376071715,-75.46909862516766
0.19616199074292257,5.144109531545162,0.9621438812523275,4.0,75.04086756726474,13.21080677062278,395.1444743113628,9.828169348840122,-103.82221567627438,-98.24130503365647
0.19957421378955556,5.039299353057519,0.8982892707259751,4.0,74.4478912134617,13.318803009647363,397.27939679324015,9.716020197653433,-103.02303275707197,-97.4858968459106
0.22914244648415422,4.111506680336962,1.048601878628497,2.0,55.21663390023863,18.147415253612863,531.0195345297512,4.434158546076328,-77.1952813204409,-73.0798057663781
0.19239809911381095,5.288701288759625,1.0069836209991792,2.0,59.98513950330961,16.647343981220267,503.87475142478803,4.9337974421406185,-83.58955021158056,-79.12056895581027
0.21175506576508782,5.09621055888409,1.1698078432621268,4.0,72.49102309332699,13.687897007237938,409.4497002785254,9.11722252995628,-100.3868450146687,-94.99397007761111
0.17655702106211324,5.795226148958012,1.056259322783851,4.0,78.76681934443845,12.573449782393652,382.4041635276777,10.542485974322624,-108.86853547201841,-103.01251235720929
0.18780124255158478,4.584615059197332,1.0218907441217162,4.0,76.4179971771022,12.966827585426115,380.9813719155769,10.619185833137584,-105.67366029132451,-99.99166321597447
0.1998296211066254,5.141534294004995,1.1626772741394948,2.0,58.918400174244844,16.96085105440611,511.29520271898724,4.7895570852937634,-82.1588277993705,-77.76886738998938
0.2097381907171731,5.004140954978964,0.9694327208313178,4.0,72.7949996558599,13.629258921121897,406.5125442590488,9.255845750160683,-100.79610341642939,-95.38086652888292
0.1852888476561511,5.251524334188432,0.6378838223453445,2.0,61.06012636396855,16.342770115873773,494.0275982872714,5.134999706754601,-85.03012524581703,-80.4815749205457
0.18507894164527008,5.026728956308737,0.982124674400812,2.0,61.086981849414684,16.33485380218925,490.59026874816857,5.207587015492268,-85.0634099341406,-80.51291836609205
0.21169538147293884,4.910672415493055,0.8958792158281501,4.0,72.47786485381395,13.690413649582355,407.2721163120172,9.21902415363313,-100.36777279855163,-94.97598538062078
0.21272882768754664,5.268148484590447,0.9421555027715258,4.0,72.36018941557593,13.71336907792312,412.32755964067906,8.9850128099004,-100.21199348042543,-94.82867087964812
0.19763553580035487,4.216411454707276,1.0582711301277312,2.0,59.202097301026726,16.8738943105982,494.9665482588387,5.1124487776118785,-82.52622799093295,-78.11540822776419
0.20751796465835456,5.064310796245633,1.3580427699360884,4.0,73.15078039091647,13.560680714129536,405.1088856335816,9.323859806141309,-101.27209074731844,-95.83059704007069
0.18899864446275697,4.948668954479683,1.2697431551384595,2.0,60.48384498331055,16.50395865733026,494.60462220207717,5.122043211622943,-84.25386621729484,-79.74803313794928
0.193037879484201,5.1119837141867235,1.000299903462263,4.0,75.57835356649785,13.11467337910474,391.7587143019766,10.009085414721756,-104.54759556421841,-98.92708224890522
0.20281955867394158,4.650659782007585,0.9866019395948898,4.0,73.85374146844255,13.428446399086457,396.0325848911772,9.778596210592923,-102.21790084904305,-96.72482056197026
0.20135123451868084,5.225010336710916,0.9658870881034174,4.0,74.17790175825264,13.368724774177776,401.04124370972283,9.525399099920145,-102.66184951450117,-97.14449561052034
0.18384949109415213,5.494265931425732,1.0546787556989203,4.0,77.31145405062483,12.81532149455512,386.7330446555171,10.290271312082439,-106.90008705769448,-101.15152921731868
0.19719399553161937,4.249665298609081,0.8461884808333143,4.0,74.71997060025366,13.268225546599298,386.2856202190133,10.307901877454158,-103.37797673690656,-97.82134376451347
0.19462188653642862,5.614210406140075,0.9040744913668787,2.0,59.66684843438115,16.740358689563624,511.4321760075313,4.788126735114145,-83.16665792516149,-78.72118071106894
0.1946168379713842,5.1239737804259375,0.9787906746784297,2.0,59.65775104484071,16.742066662598287,504.3768801677135,4.923433345217296,-83.1490107051461,-78.70430044178114
0.20873056600092743,4.732594330890721,0.7641207624996339,4.0,72.91706722987317,13.605509111735078,402.48285565971184,9.450696424549937,-100.95660835953139,-95.53253500265701
0.19468122506057245,4.375470014660974,1.0615318023519327,4.0,75.17050408384912,13.187036675214653,385.30343393718255,10.364846155662086,-103.98837508870072,-98.39844303988563
0.19534231835141924,6.187303275013216,0.7393428107294302,2.0,59.57166558824649,16.769209911824685,520.5697455535756,4.620932202199922,-83.04507172571316,-78.60653206929277
0.18872046976494333,4.7532993298086605,1.0212129210010816,2.0,60.520676306064416,16.493123587207837,491.4591268784068,5.188206674182097,-84.30089652608248,-79.79237188003962
0.17674628625125716,5.1184130583940135,1.2854361193411252,2.0,62.43221320188084,15.970014346616443,480.77484639275605,5.425821270652494,-86.86938059790023,-82.2193253269242
0.20259807856805512,5.5124608465627,0.9754069749959505,2.0,58.543834159862364,17.074710082120276,520.2474540863607,4.6251777024643275,-81.66157254997411,-77.29929221251605
0.1941903981146852,3.862131798139124,1.096148607909246,2.0,59.6826168042604,16.731530984484873,485.4862717228594,5.315911127639721,-83.16445557357235,-78.71811658202154
0.18987316148611838,5.063298355138847,0.9124479464790728,2.0,60.355133715556356,16.54078364667816,497.3738954391291,5.0647234411558575,-84.08273471198054,-79.58640578037725
0.19471573868884476,5.303145578054354,0.7992426383014233,2.0,59.64728248801559,16.74548408849062,507.0862447629056,4.87079182357286,-83.13704375724599,-78.69307559390307
0.18602313836881598,4.668649295822368,1.2884419291099865,2.0,60.93039209111051,16.377709709766673,486.76384325941945,5.28997086858332,-84.84899839672475,-80.31016782873803
0.21127354761642422,5.04880199624772,0.8589204676748176,4.0,72.56051154880657,13.674491808540536,408.457976188547,9.163571443713762,-100.48055324339938,-95.08258359953665
0.20073275314585698,5.018761616169799,0.9863693605561056,4.0,74.25132515526063,13.354909380711291,398.1602481512475,9.670468356714016,-102.75760965717093,-97.23498011339382
0.19969167485915817,4.892812445147443,0.7837031896539981,2.0,58.932119118266094,16.956165278122235,507.4789908971792,4.862110443575161,-82.17409441855654,-77.7831591539815
0.20914624053986847,4.3158328512244415,0.9715666732691082,2.0,57.64677079871013,17.348913602022886,510.57270062542585,4.8011547240086605,-80.4457719507986,-76.15013235988619
0.19180246071229157,5.055675214699056,0.9417050228399773,4.0,75.78755656132597,13.077727812606563,389.9444285612489,10.107994569730106,-104.83029844479687,-99.19440014460932
0.20506583154190255,4.344098417111394,1.1006842017420548,2.0,58.185127807735974,17.18160207161064,506.0270742195119,4.888970635979441,-81.16652026813513,-76.83099631200969
0.1922534814373794,4.711501814311233,1.0470728530160682,2.0,59.9923883213215,16.64403097053327,495.39842093759097,5.104791521638454,-83.59228077098341,-79.12287194333211
0.20892855816322956,4.612744969243303,0.9071580171112955,2.0,57.68217400764113,17.33858809835815,514.7911132884088,4.722646531006698,-80.4971045706285,-76.19880237740628
0.19343629106451893,4.717180625822481,1.164878733332172,2.0,59.81921928879764,16.694149467110943,496.990049433487,5.071730729272125,-83.3602697148107,-78.90367921650665
0.21709943954012073,6.133822101949628,0.845392445210149,4.0,71.78884792362147,13.827994537647296,426.3776307876037,8.381035985403214,-99.46384633692846,-94.12216091854532
0.2007041912732729,4.4118998416782835,0.88335911083776,4.0,74.16267807499678,13.37068841266442,391.37848030327467,10.025480268697317,-102.62979102886241,-97.11410984204441
0.18942845125861726,4.474056363550793,0.9783573432219618,4.0,76.10671818432806,13.021147913401139,381.36274635695327,10.595745799050382,-105.25319412132123,-99.59422148965275
0.18783281581613595,5.421063479568817,0.8623369693873728,4.0,76.56253492144907,12.943330986392725,389.9504790381271,10.10987720664672,-105.88681060995174,-100.19351003233955
0.19548615549035606,5.036008820958526,0.8056988223300947,4.0,75.14219232891323,13.192743990548415,393.30824399294795,9.925089454095883,-103.95949440824214,-98.37117661145662
0.2170609175812764,5.559750340401458,1.0445373806104168,4.0,71.73039052985958,13.83726247797796,419.7415008276179,8.657215303330013,-99.36661401468416,-94.02960011642529
0.2021066687772462,4.439284476991372,1.2193532895210042,2.0,58.58756812899522,17.058858956421844,503.8041719561175,4.932969409602564,-81.70648628312897,-77.34113853314201
0.20809194731853173,5.047719519243868,0.6345436505129016,4.0,73.05926950771097,13.578464022262905,405.4617955065246,9.306679323016983,-101.15110495991817,-95.71635807704979
0.20687761131599874,5.606441845861578,1.1663754717238197,4.0,73.32518601145486,13.529023238462948,410.60482894573204,9.066172672360322,-101.52042426395789,-96.06570484956087
0.18407986997758546,5.1507761534064525,1.1523272824724393,2.0,61.24653113667488,16.290920424158546,491.01534136155567,5.198784678955865,-85.27887776689086,-80.71655080946029
0.19992095484626765,5.136921199154228,0.9548853122729898,2.0,58.90559533345316,16.96468007719597,511.3437511666544,4.7886284160237755,-82.14162115856615,-77.7526099479648
0.181478381445988,4.837150944963136,0.9509041854617464,4.0,77.63210550692261,12.759669650843746,377.4629359379257,10.834246164350445,-107.31582838375034,-101.54420861758321
0.19436528574574932,4.7784939233792665,0.9940440576479533,2.0,59.68581226426057,16.733111418979483,499.061109400414,5.029332571935342,-83.18231360447031,-78.73558870330756
0.20442454604969712,4.847786618571666,0.9385526607447997,2.0,58.28336679898002,17.152720403640735,512.7468407889439,4.7614218110286135,-81.3047668644547,-76.96189067482443
0.1807908407410482,5.238517563613229,0.9999155354315562,4.0,77.84314057393226,12.72533682365612,380.97432599658254,10.62382032132038,-107.61204630095548,-101.82452452792774
0.20039693526597563,5.480367153797232,0.7070776704927628,4.0,74.37395139377253,13.333301709141507,402.94559983571423,9.432061568672033,-102.93285339138622,-97.40086329016631
0.2027380384532352,4.996441572435742,1.0255265414787897,2.0,58.51490285827049,17.082365254135574,512.8379131934031,4.760095300117057,-81.61670062905782,-77.2566499133766
0.19537872924827557,5.332176837119966,1.139895826448668,2.0,59.552225001365535,16.7733587998668,508.36117256461125,4.846152270567709,-83.01002421127859,-78.57308707745817
0.19739171541595418,3.9461553061927983,1.1153854312055693,4.0,74.62946712293495,13.284085211591885,383.104627530105,10.48952657667215,-103.24915435920838,-97.69941602508415
0.21221728666217593,5.32227920599199,0.868053635894874,2.0,57.27243480469702,17.46979204320813,529.521979894068,4.462477364647894,-79.95765635738218,-75.68961163295884
0.20860529707961448,5.779408123899543,0.8685835113658064,2.0,57.745322147710134,17.3215039214568,531.8178612626602,4.424658070744837,-80.59555158292736,-76.29238965782554
0.19773545415455862,5.373636025571727,1.0086115107157236,2.0,59.21684554915689,16.872342883652276,511.9974388124937,4.776845581326949,-82.56127369605589,-78.14916827672687
0.20414616285026704,5.289330816907583,1.0131944344496504,2.0,58.3298354828417,17.139516847937056,518.932413784345,4.648391230447104,-81.37246217993439,-77.02607475864426
0.20219584927179945,4.870647049157135,1.221741840357409,4.0,73.98866921805357,13.403540368926942,397.9038517328133,9.682782195072335,-102.40269536415441,-96.89952065450579
0.19412679237236222,5.005492756763763,1.1318431041551338,2.0,59.72604810159109,16.721897423980792,502.03774486187757,4.969697543971804,-83.23910060460368,-78.78935795972905
0.18502626829905464,4.344851625117281,0.6943407238397923,2.0,61.07452103529254,16.336835782939808,480.87917546668416,5.421228049458823,-85.03792490510726,-80.4884888890424
0.18881694182793457,4.807724944991041,1.0992067284837561,4.0,76.27619349097782,12.991664757110883,384.3625497462036,10.421846291565114,-105.4853417324332,-99.81362167409766
0.19358457279217153,5.115641011371682,0.9550993138372417,4.0,75.48316657842632,13.131584375794494,392.3309367619896,9.978131742972371,-104.41902831954721,-98.8055275899703
0.20475128067348008,4.654033151912695,0.9747022369899321,2.0,58.23500249605514,17.167072534148794,510.27019342265527,4.807826352093805,-81.23745970081339,-76.89819644466891
0.21043743397720496,5.196688435127048,0.7904556913373303,2.0,57.49847050392609,17.39784253092766,525.4281239413956,4.53273036948784,-80.25865031359335,-75.97387362252438
0.18915389377563763,5.706256534980503,1.1536148259761538,2.0,60.47753875073867,16.50724925119782,505.54723002129407,4.901847877582693,-84.25426021183782,-79.74874350062574
0.202898854759184,5.078616421718097,0.968645161595887,4.0,73.90186550005212,13.419727929449692,400.892544615248,9.532010440907174,-102.28735119678367,-96.7904475330037
0.1962922183053794,5.117784935319947,1.1307901549779176,4.0,75.01624691705993,13.215526670628407,394.98248919282923,9.836562283480754,-103.79084889898748,-98.21175309165663
0.19438193456474412,4.691903630004653,0.8208451778913312,4.0,75.27757696830662,13.168224083504265,388.4840035016739,10.186778197912574,-104.13804920586864,-98.53999951374564
0.181716046885585,5.364914394507765,1.2713371813124157,4.0,77.69098610843223,12.751099287720608,383.22631971949596,10.491505964390376,-107.40983488310262,-101.63341339328387
0.21425328943470306,4.186957755686742,1.10872820073343,2.0,56.992234952923425,17.55660868883451,514.7487142490723,4.722319995814799,-79.5686077710168,-75.3214868465337
0.19543190019261336,5.050723715325025,0.6988160423792995,2.0,59.53853361853067,16.776794861528277,504.3646184033267,4.923504988175799,-82.98842185322205,-78.55255449341705
0.20266736167976643,4.468220135282642,1.0299452526867272,4.0,73.84960265720386,13.42889042961694,393.8444462684377,9.893014683740219,-102.2087708580038,-96.71612660982103
0.20542858224477598,5.512256337713345,0.8825230207427248,4.0,73.54745198659886,13.486869603223559,408.15763719584817,9.180313436683038,-101.81800589830891,-96.346957969186
0.18863077418589566,3.9219884787250097,0.9600379698887235,4.0,76.1345739549844,13.015260930358709,374.63667860170034,11.004523433850528,-105.27867656765484,-99.61810406383384
0.18448980587651947,5.226509378156086,0.9325044427203026,2.0,61.184221172448545,16.308303533978687,492.6192504578413,5.164733131410631,-85.19625188664457,-80.6385209045768
0.18924264041354769,4.722713797179776,1.1606956808394424,4.0,76.18431338505518,13.00755227231492,383.8625886880681,10.450315094430248,-105.3596222791567,-99.69473942703472
0.19869973938501512,5.309552509232426,0.8258632065419892,4.0,74.63497371869353,13.285058767391753,399.41794690656747,9.607866989571102,-103.28050403652459,-97.72938854055614
0.20032370100727032,5.0736611652432355,0.929524523725191,2.0,58.84831862178388,16.981730143098275,510.9285115174344,4.796366223995793,-82.0641204582652,-77.67936050858695
0.1921956654535555,5.254910353888059,1.0827788157296938,4.0,75.7515824023921,13.084587410786902,392.4819459841274,9.970807052086718,-104.78691767506547,-99.15351831982612
0.17082840119302933,5.595152851755059,0.5428551151970868,2.0,63.459241635417634,15.703508847311895,479.14363194938124,5.464704557087908,-88.25568056987113,-83.5295385218335
0.21025348034257757,4.84135663737378,0.7800721026295687,2.0,57.51543619323872,17.391624368096736,519.859553512539,4.630572817901529,-80.27696986941059,-75.99098843033292
0.1890626293828333,5.513452873160309,0.7117743204177043,4.0,76.35439692760436,12.979625065057471,392.1608038562995,9.989701394830732,-105.60797919003475,-99.92994781461616
0.19944897900957712,4.403802334778783,0.9125327391545963,2.0,58.953268347882,16.948553361957938,499.982492566506,5.009568145995306,-82.19564395814616,-77.80321902178815
0.1898277565889836,5.433112600429264,1.1098641714644257,2.0,60.370412484837814,16.537161719210843,502.5730729100924,4.9600661399604675,-84.10750331767498,-79.60996859958719
0.19596407881480668,4.568407168827862,1.1940264952689055,2.0,59.449893618412204,16.80165080484704,498.03339780591307,5.0498072381193095,-82.86324281714349,-78.43401914596112
0.1864990088187358,5.802114552342507,0.9950057890724594,2.0,60.88476198471916,16.39271156760589,503.3546327466479,4.945411361245956,-84.80128896100098,-80.26560360568712
0.19322725815990724,4.599190579615775,0.8088072396976741,4.0,75.46193168888333,13.135235906300037,386.3657899416193,10.30556472836534,-104.38569063223586,-98.7741187889403
0.20094826859730378,4.386042224654078,0.6729450686892717,4.0,74.11807260068376,13.378893372892486,391.31798714161414,10.028611564702562,-102.5691580049969,-97.05678120064583
0.1819714380358212,4.62391956596624,0.8636345667094967,2.0,61.564705141336,16.20240836149774,480.8527316075282,5.4226485324614115,-85.69885457094487,-81.11309277127972
0.19128783927974186,6.000481550795077,1.0084617350754357,2.0,60.16275241056925,16.59755178562708,512.5368506530322,4.768161103438376,-83.83534740767709,-79.35307598486594
0.18223601703657707,4.673018433181539,1.0322953944912268,2.0,61.524141112399114,16.213605865992008,481.88827628094253,5.399156657778395,-85.64510528558196,-81.06233441969157
0.18975471087086995,5.454031421758993,0.8195955121148455,2.0,60.38183724308521,16.533950810231175,502.77370432781566,4.956121339534969,-84.12306752152276,-79.62468441414049
0.1941394836002444,5.082160329690958,0.9039264892216861,4.0,75.38243501240359,13.149733399499032,392.50655733134914,9.968454275746419,-104.28423472298336,-98.67817339582922
0.19729106372929064,4.881934954111007,0.8898418363913049,2.0,59.26914847971311,16.855776419380412,504.2832158427014,4.924673106903686,-82.62541756536068,-78.20952451661232
0.20238388374837427,4.9556930273734165,0.9354312499807063,2.0,58.56231193386203,17.0678579395793,511.79200705634776,4.779676478835788,-81.6796507807807,-77.31609400346153
0.20796544030519998,4.882082878092909,0.9539954068261094,2.0,57.81386879854988,17.298072146344822,517.6518470162779,4.6706669454483745,-80.67680408875762,-76.36870444115814
0.21696586682970853,4.329821895989398,1.115478533958303,2.0,56.65896875178563,17.664922311611413,520.1802470829555,4.623495523200026,-79.12501478757653,-74.90257545682748
0.18106828838761896,5.108636579114312,1.2362624241413096,2.0,61.72417028168183,16.160030779571105,486.4301571896972,5.298540785499464,-85.91915186352914,-81.32148831219925
0.20170625078539794,4.719775265598463,1.004657080073283,2.0,58.64955593446727,17.040814364754283,507.46077851463485,4.86202629541072,-81.79335520121444,-77.42337605167943
0.19747937184596645,4.607011696034323,0.9565186576787695,4.0,74.73443906536518,13.266225864269693,390.5051987570061,10.074403774401436,-103.40466315271011,-97.84669656673827
0.1923278293146936,4.5968590896576575,0.7959634843611738,4.0,75.61820733264686,13.107425236601559,385.478211500672,10.356230795136744,-104.59634983441914,-98.97327064322555
0.20390725026088896,5.272661630983531,1.0347490666354777,4.0,73.76311835501812,13.445857158858026,404.02131896453153,9.378016890282886,-102.1032503064734,-96.61645144637518
0.20087867637080728,5.196005468682879,1.0455756138456345,4.0,74.25249091097463,13.354928797830727,400.2657935637337,9.564258349049988,-102.76202741285256,-97.23919773976831
0.19908459980581794,4.734589085935176,1.3321228923687867,4.0,74.4850218675905,13.311922574416563,393.4397901014689,9.91623626963863,-103.07048440508643,-97.53080955077507
0.19334122288879566,5.217004911725054,1.0377781622942508,2.0,59.84526516182203,16.68767700784315,504.07018883571527,4.929739751602737,-83.40130628078052,-78.94269608404585
0.18595208452389675,5.561339127281869,0.9858708136973751,2.0,60.964445077570105,16.370032325048093,499.2533923269792,5.027427899932053,-84.90553588992577,-80.36400340561013
0.21188784114353876,5.312837785798077,0.8103187012078129,2.0,57.31434046624697,17.456451935705452,528.9714313217038,4.471850203099663,-80.01367735982633,-75.74253081949858
0.21777182840257725,5.329398684183096,0.9984705826562431,4.0,71.59949473129036,13.863071432792088,417.7444875802238,8.742838251503768,-99.18779967261635,-93.86056916071364
0.2015929778382964,4.985958462447984,0.9009549825967016,4.0,74.10379299062224,13.382113776321747,398.6161547920611,9.646890354756456,-102.55810382923973,-97.04637743095248
0.20581850439307078,5.23830148366199,1.0022020209834568,4.0,73.44812683705328,13.50495606741481,405.4597682870534,9.307849327269766,-101.67807663224711,-96.21453211538865
0.20129929854166076,4.965100607118931,0.7999788521898699,4.0,74.14930299810096,13.373656929850407,398.10442138782633,9.673014180060058,-102.61906047099653,-97.10398948095383
0.18528187648675815,5.282576689404885,0.6097167527422467,4.0,77.00706128474516,12.866616337343736,385.9378006777161,10.334227876288427,-106.48360451884949,-100.75764921806844
0.19521916942246176,5.654123303439955,0.9259797686269187,2.0,59.581243360420885,16.76546361522796,512.7837490654521,4.76273507267983,-83.05240687416622,-78.61326287470237
0.20659484214251897,4.801543079381104,1.0170622230229216,4.0,73.26591709467975,13.539180756925115,401.2715320069388,9.511412471918968,-101.42812422367645,-95.9782828419025
0.1953744428367542,5.4982774422492025,0.8509453184340275,2.0,59.55602472250971,16.772552699909536,510.7470307255277,4.8008387784755024,-83.01690395034876,-78.57965784858182
0.2029459284255838,5.4613198613939264,1.0990056237685502,2.0,58.495551664512426,17.089290453313055,519.9409386676487,4.630601374463229,-81.59634524558314,-77.2376514495004
0.1923656068268934,4.310425374325706,0.8508497337257321,4.0,75.55851140463687,13.117592044448655,382.39504851885886,10.533572956477753,-104.51041762718047,-98.89195294380104
0.20660442566548437,5.24896146713469,1.0153384989471124,2.0,58.00040799971289,17.240920736673267,521.4278977250224,4.603419367626687,-80.93096378683585,-76.60898636266192
0.2076686729332906,4.38764761117473,1.173842437356535,2.0,57.84147327311678,17.288189026867506,509.86139697408623,4.814945996419915,-80.7072617532999,-76.39718853983102
0.22857438423139867,5.1832255732857755,1.0874662203486614,4.0,70.01814687657149,14.184765355666071,425.94513393495384,8.394055575241623,-97.05561627874769,-91.84516107503731
0.18189786678913183,4.698640318484889,0.8360657138351876,4.0,77.52510117953939,12.777480573218135,376.42274885402253,10.897738770902267,-107.16873430463262,-101.40511657679026
0.18552995423584986,5.861179970997824,1.040929377703866,2.0,61.03599963981862,16.35062188481591,502.8785543352243,4.955028636570272,-85.00472247029977,-80.4578308510058
0.19690977634803752,4.913564458778282,1.1446826023359,4.0,74.87902580349856,13.24007051968322,393.337740024844,9.922770859243265,-103.60244508086603,-98.03361241398801
0.19967662881304785,5.265346969012366,0.9705993553232476,2.0,58.94223361398803,16.953982921255857,512.9086202054832,4.759431245375495,-82.19223484888006,-77.80048576637347
0.1859308583439814,4.011125468816436,0.9607657148400397,2.0,60.922126217931684,16.378341813563676,477.27823833241337,5.503588627095247,-84.82832195226759,-80.29022659275078
0.20056496691993234,4.356934981645605,0.9948287702448051,2.0,58.797135534537894,16.995303135358565,500.6749164579257,4.995402277647511,-81.98592113037205,-77.605067316741
0.17843991993940622,4.54243767026025,1.0610895840603203,2.0,62.13322261837444,16.048457013400842,475.0744020536105,5.557191135657429,-86.46045507562026,-81.83265028706313
0.20387058729395746,4.42316254180012,1.0237672075749602,4.0,73.6466375465401,13.46673754828546,394.45936683005476,9.860060122731724,-101.93414936449464,-96.45649061890721
0.207770729589909,4.952357106493032,0.9298035530013562,4.0,73.0991071670918,13.571036008498986,404.08019149702636,9.373326079507851,-101.20533206273764,-95.76769965857194
0.19370655515665497,5.233909891454829,1.0292655959714332,4.0,75.48254932678557,13.132234671321157,393.7338724220615,9.903520136198026,-104.42301650991804,-98.80946857778639
0.20131873813121154,5.409381975173721,1.014188879943655,4.0,74.20964104887187,13.363320652920386,403.05332938764417,9.426343608662883,-102.70909262281026,-97.18927064608313
0.20784688716131688,5.435411385183319,0.879321005466278,2.0,57.83966041968391,17.291312242255113,525.7568307308206,4.527553622115665,-80.71798749168573,-76.40788957267085
0.21543492856014554,5.128329365356131,0.7428271156755818,2.0,56.864100952248165,17.60037916827581,530.5540671473173,4.444476257995864,-79.40927358763345,-75.17152401304732
0.1928618050278129,5.385937146184914,0.9580484753300661,4.0,75.65541244449757,13.101965866774652,394.5523043655431,9.860889192890808,-104.66067216226416,-99.03426620983512
0.21400881860312967,4.476356426808095,0.8802769963367749,4.0,72.06351833704949,13.770393590139392,404.40436886687905,9.354768524972473,-99.80117976495156,-94.44021304672754
0.20211386475048268,5.1952274660269415,1.0744514551511097,4.0,74.04749345853924,13.392836483373902,401.44183566996696,9.505169530764073,-102.48562288257823,-96.97790563406463
0.20198578620681518,5.244691969469205,0.9611186111027376,2.0,58.62271519145993,17.050199145055,515.5425062494368,4.710322999172604,-81.76408993980039,-77.39601169064478
0.20062698303236715,5.053767090026817,1.0322647203728554,4.0,74.27405717674448,13.350768629487716,398.44754062761916,9.655923504229165,-102.78883899133174,-97.26450619438133
0.2055514568194483,5.0221085014500915,0.878631102258844,2.0,58.13611396621761,17.198442710640325,516.7410986295301,4.687695313100069,-81.10989292616063,-76.77789782832811
0.2006767125806271,4.985991107552128,1.0289772369719798,4.0,74.25586929255682,13.354034974455587,397.74301273334373,9.691749912889426,-102.7632600619886,-97.24032048443372
0.19476227221458767,5.21114450956268,1.1602693100866448,2.0,59.638620919313176,16.747831597403774,505.82117796064193,4.895242114306921,-83.12439079213023,-78.6810798356195
0.20098001914099384,6.168922559586083,0.9432941062402785,2.0,58.77537509377304,17.005822088552357,527.7155304959424,4.495303181094903,-81.97832709333821,-77.59877523336677
0.19201194255107018,4.824237632428353,1.0373400865594986,4.0,75.71176548578687,13.090836819288704,387.6424448480802,10.234757242895162,-104.72419674644641,-99.0940585517617
0.2084630406230773,5.159547417011787,1.1888672274002103,2.0,57.75416507107472,17.317399314769784,522.4183941004121,4.585598820887626,-80.60036034817372,-76.29664011964611
0.19667831470160996,6.351992553639693,1.0591356474163045,2.0,59.38196822291877,16.825243924912023,524.688382762337,4.548256178675218,-82.79254296700795,-78.36802365279281
0.19280518454021453,4.652868118875966,0.8585980128202989,2.0,59.909708165308935,16.667767936955585,495.2561640015896,5.107601620780432,-83.48065213623174,-79.017375942066
0.1963562270710676,5.063681237828243,0.9904736988342597,4.0,74.99697697254794,13.218933756671163,394.45188561877137,9.86431539132842,-103.76398616809797,-98.18635506843616
0.20731492407940935,4.57662795355799,0.8386641570785477,2.0,57.8925423182103,17.272773735568027,512.2708859510333,4.7696759518287335,-80.77810422962149,-76.46422174933147
0.206009592846999,5.16626615654882,0.8785819406354008,4.0,73.40786056364821,13.512460871979174,404.8318011722048,9.337888757968125,-101.62268863652366,-96.16215591503199
0.20677484842091395,4.628069536452183,0.9217692032820425,4.0,73.21187871398413,13.549132062577662,399.4764062595729,9.600930910341127,-101.35208221229684,-95.9063407544706
0.21301158348652033,5.316710770513675,1.090749006351831,2.0,57.171501668659204,17.501995204508887,530.4221517703127,4.447188236204341,-79.82263243705268,-75.5620705905919
0.2124721142114245,6.406324624119362,0.7436160844134767,4.0,72.51946282761375,13.683951788283652,425.01916364705954,8.438363981843597,-100.44324068683237,-95.04751404062257
0.19383824915825476,4.574590188808654,0.8383625128594431,4.0,75.35168296100261,13.154891450586915,386.6818174356336,10.287463940861393,-104.23662417974202,-98.6332015323847
0.19700346935944635,4.391698142355297,1.0502563551306119,4.0,74.77780592650943,13.25799366705137,387.6770527154778,10.230101115864333,-103.45903862387611,-97.8980305300613
0.20481028664763656,5.253864225819126,1.0904510280140014,2.0,58.23980366375153,17.167053971845394,519.246154021835,4.642633678298563,-81.25149420173734,-76.91177908493239
0.1962659106317612,6.060571701316833,1.0351646674723147,2.0,59.437279822739555,16.808473555828176,519.9788629789704,4.631261988420791,-82.86383778678517,-78.43527856207538
0.18997624254233783,4.129748505486092,1.002600194372696,2.0,60.3119048901423,16.55082127097008,484.1099821284272,5.347394148613948,-84.01191623136263,-79.51895866306425
0.19878194775946667,4.765787151050271,1.301638916860077,4.0,74.54052397111589,13.301766005068629,393.4974593897266,9.913339871787032,-103.14555607553628,-97.60176992634847
0.20726098361446335,4.534463256028948,0.8501282663003482,4.0,73.12049305910188,13.566319478094593,398.8661358632865,9.631463573579266,-101.22703263306153,-95.78809309037864
0.20036805499096955,5.086503569826113,0.7215532649328315,4.0,74.32201960855889,13.341986803378992,398.5625751649457,9.650227586559001,-102.8540756177284,-97.32618480505388
0.20014072082873505,4.892425417114436,0.8779914381479985,2.0,58.869681138345456,16.97489144599558,508.0394569814785,4.851260328217874,-82.09045630619582,-77.70414495052286
0.1946046481807886,4.911570403213602,1.0136200035415073,2.0,59.65451487208635,16.742546308546544,501.29280223931596,4.9844371236502765,-83.14207052036548,-78.69764043270933
0.21080856204950874,4.8528261382363755,0.9315765705826964,4.0,72.60801062021162,13.66513501730166,405.78609793871107,9.289926157892411,-100.54217344938854,-95.14081750714091
0.20437655673534308,5.3054224582054275,0.9348699350111671,4.0,73.6894741498631,13.459426960682064,404.83622988642145,9.338456380798917,-102.00268665442036,-96.52130323348725
0.20979585341155974,5.645843232829336,1.2667481360079733,4.0,72.86414947051713,13.616876013183353,413.8443794561149,8.918058445367189,-100.89924643345408,-95.47851479168811
0.1913358386134056,5.006949104666256,1.001691654492799,2.0,60.135599886547844,16.60345875788992,498.46428270464344,5.042148612925508,-83.78786645130225,-79.3077985476082
0.19350737080389865,4.257218998384464,1.0139019169043506,4.0,75.35035327157179,13.154589902649782,382.8960341872665,10.503774466975242,-104.22846733726732,-98.62538249003411
0.1923164434045209,5.0429967403738125,0.8808934687451719,4.0,75.69494535380973,13.094099050878269,390.3082768728256,10.087890109842615,-104.70519530751997,-99.07613579554632
0.20234298360376898,5.075460763403248,1.08689229569814,4.0,73.99285964347919,13.402805869401654,400.327575943778,9.560439656907702,-102.40999347207861,-96.906380058254
0.22185863766417627,5.138644765605424,1.0727622650596194,2.0,56.08180291332416,17.857137660170856,538.5187040702906,4.312740435038406,-78.36360452680682,-74.18385211906755
0.18713092559463626,5.791414723386667,0.8614780330100045,2.0,60.78727013261671,16.42000128156426,504.0504340440354,4.931564721288863,-84.67042536978883,-80.14196157023827
0.1895605592853136,4.9804505393917236,0.9864711379933917,2.0,60.400006289998515,16.52783861020881,495.7867386420661,5.097399176115195,-84.14187786425722,-79.64224097661118
0.196950267812869,5.614687858825052,0.8791009586752303,2.0,59.33256437852384,16.838533071671677,514.4682376846705,4.731122249562417,-82.71883982055749,-78.29812016186868
0.1860632751563383,5.471296810449896,1.0738445367907055,4.0,76.89573121957375,12.886117179303792,388.71565212045255,10.178646197572178,-106.33815914383894,-100.6202587004611
0.18417832983873084,4.6276883217807185,0.9917943344726093,2.0,61.21606112263919,16.29824361764119,483.78697127042693,5.35609990210161,-85.23145105231136,-80.67149110807547
0.2116567208988382,4.4817090125651715,0.987322017773279,2.0,57.32760085600935,17.45018906882583,516.1295354549493,4.697575029145419,-80.02109420346335,-75.74908184842211
0.1761873265987808,5.51689308396945,0.8226324141690344,2.0,62.538199505067155,15.943072990802284,485.4684854732101,5.320972427864412,-87.01826296752493,-82.3602792900382
0.20331995493456936,5.123341574805372,1.1626879587195766,4.0,73.83905802265726,13.431495549835923,401.7930602118096,9.487222616016357,-102.20341030895341,-96.71111338733039
0.1762270950827002,4.607610376422004,1.020730769402992,4.0,78.58979760781698,12.600474220276162,369.854667132698,11.318562435043903,-108.60419545859965,-102.76225521372463
0.19805020113880215,5.238805364878385,1.1184049833504557,2.0,59.16973964574108,16.88605417729045,510.4443057278114,4.805982103246027,-82.49664576266521,-78.08805416006952
0.19785725057445536,4.07683149443976,0.9316778126717774,2.0,59.16647844798567,16.884075422832687,493.1833004662304,5.149587119172391,-82.47645100943886,-78.06829240964029
0.20416368148138955,4.454776373724761,1.0946912095182364,4.0,73.60430206335717,13.474740319951364,395.0881940051646,9.827002548097052,-101.87771961240945,-96.40316080917873
0.20126866976295843,3.468110066843802,0.8082867455932294,2.0,58.67170751495918,17.030552400964535,488.2771825859652,5.253252680224729,-81.80458665735854,-77.43314968431854
0.21886189158556082,4.726731103485811,0.7023785165306506,4.0,71.36850029558023,13.908593133689632,411.7381913859888,9.009076495239642,-98.8693995525912,-93.55954742617385
0.20013355591543674,5.5524702444788625,1.0415438012829048,4.0,74.4283066910418,13.323519160216085,403.4849659155729,9.405894165736123,-103.00804299130796,-97.47199351229733
0.2045855913621217,5.181504623857259,1.10462324678815,4.0,73.6404124437811,13.468726629549858,403.64924278082543,9.3957382527899,-101.93650216564461,-96.4588123301755
0.2097100633595919,4.209830341077232,1.0669992272918356,2.0,57.57098515969392,17.372448327996374,509.64759284634886,4.818539415513125,-80.34291813632002,-76.05290814132157
0.21141480768103219,5.601350403268073,0.9360092525411351,2.0,57.37916410027205,17.436488123938684,532.7066831503402,4.4093488818536395,-80.1036167485974,-75.82761889833608
0.20927742399551205,6.286258718484865,0.8874997395627233,4.0,73.0140174088986,13.588953346426003,420.555456833621,8.625912443006463,-101.1101557500465,-95.67799577577222
0.19492599423599577,4.846940475770023,0.9264666774941837,4.0,75.20818236109955,13.180606752153876,390.701106878271,10.06513024215102,-104.04511291779484,-98.45207283261297
0.1723732449432626,4.782650263138433,1.0554037089549857,4.0,79.39177102438862,12.4707135597103,367.78246385962694,11.458251760716845,-109.690467481488,-103.78932709297443
0.1950677815449409,5.967690591764555,1.0020063719073793,4.0,75.35045417421203,13.157007281737757,403.0293440824156,9.430645269329716,-104.2585105792267,-98.65418722857876
0.2026142041272997,5.413203654946629,1.0418862330900343,4.0,73.99529577339172,13.402999973389985,404.34559842880543,9.36295266890935,-102.42002639568459,-96.91600870935483
0.21368784631903565,5.0279696750662,1.0744181062133178,4.0,72.18558014910396,13.747486906325008,410.4695391401172,9.069311618837958,-99.97570407519156,-94.60539625252004
0.19711714541872682,5.202491159462339,1.3351579369296522,4.0,74.88708045131919,13.238853206635001,396.7091752217428,9.746568055751268,-103.61703483018012,-98.04741041633743
0.1972960305790456,5.209732446426624,1.1886668426304163,4.0,74.85770993474425,13.244199332345683,396.96184534719885,9.733478909420995,-103.5776517200093,-98.01018983835195
0.20011716417719366,3.808305648521319,1.07750542279727,2.0,58.84216447870741,16.98019142806572,491.9742681734069,5.174509739192043,-82.03806418367974,-77.65395666179776
0.17780525741376949,5.734968615470615,1.0254210806789892,2.0,62.27291052370885,16.013572308013853,490.65676994337565,5.20803421816596,-86.66314889431133,-82.0247431995069
0.1909788886181895,4.223746263349973,1.0391131576211752,4.0,75.78383453815462,13.077512197298452,380.1338656522865,10.667585862863321,-104.81251237663577,-99.17752394081914
0.1996639656004386,4.754229586921417,1.0126991921099147,2.0,58.93262104161671,16.95566515918347,505.41027152371214,4.902117641116253,-82.1729066053022,-77.7819594671148
0.2083452554736906,5.524749302931659,1.1265905337330033,4.0,73.07969561937293,13.575396598987941,411.09147386724754,9.043211901375608,-101.1872276907715,-95.7506711373034
0.21479462143852193,4.904964163549628,0.6917858038487059,4.0,72.00126885806245,13.783426653845709,410.07833815965165,9.086827905179039,-99.72531585611483,-94.36867675264263
0.20811735709996504,4.515099802442463,0.9735451074266005,2.0,57.78576729186035,17.30590683157964,512.3284613615072,4.768434376240566,-80.63441500397069,-76.32845200570168
0.19308230256997688,5.751014625921565,1.1124185523109846,4.0,75.66995083133315,13.099883611923968,398.7115994441559,9.646422471429645,-104.68643513274775,-99.0586939630021
0.2062160131312097,4.981375373723936,1.0296334423791256,4.0,73.35059065967252,13.523189648786337,402.9453944575133,9.429245046040691,-101.54367649924417,-96.0874779412338
0.18814815419467684,3.9067790106247164,1.0225121695517536,4.0,76.21688362562692,13.000849649816116,374.0160449399669,11.043770839321189,-105.38935889132703,-99.72273730032057
0.2120926456842538,5.785667908041184,1.235499772749842,2.0,57.294928675568094,17.46363363848727,536.3124233010598,4.35008385555488,-79.99291648881817,-75.72313501537292
0.19001976406706123,4.823867482525116,1.072050144382207,4.0,76.0640640481354,13.028767564917045,385.7065270291588,10.3445853118877,-105.19942890844578,-99.54333356208832
0.21480099203713918,5.55969858099919,0.9418318066676065,2.0,56.94972688380142,17.573703591573018,536.3030429561118,4.34974741400775,-79.52866907147357,-75.28450904699164
0.19116800368844877,5.394453941691619,0.834900810364846,2.0,60.1693112422242,16.594549575033277,503.78055841994603,4.935930136143787,-83.83750978823578,-79.35487458602117
0.19885222050998078,5.796456044561404,0.9467954045560484,2.0,59.0667270697608,16.917790665342206,519.560495126499,4.638213830680057,-82.36471840279107,-77.96365456137194
0.17560750361427385,5.252222323831234,0.895146722034411,4.0,78.85318381831397,12.558955671992292,375.86468353217,10.93622153172265,-108.97734497976835,-103.11541590302176
0.19913295299157877,4.8631480020911155,1.1185510872677056,4.0,74.49520078435789,13.309891594499657,394.9089443672201,9.838922939266395,-103.08389891735995,-97.54339668657462
0.18467135121647293,4.74149288752282,1.1026056869676073,2.0,61.142389935416205,16.318871245735604,486.0360417775061,5.306249964935497,-85.13407873201649,-80.5795472143322
0.1839119329073003,5.334277671628368,1.1684641945662309,4.0,77.27142913836833,12.821768691146941,385.11322658479133,10.381822703770133,-106.84220068534951,-101.09672153232539
0.19955004792356995,4.019577200765234,1.1058954620048225,2.0,58.92775660000324,16.9551332033585,494.42217116703955,5.123273923453623,-82.15590995261813,-77.76543390286838
0.20308799276848166,4.55626808762892,0.8260241071349552,2.0,58.456980054784644,17.098878679794534,506.7563921956979,4.875276488563775,-81.53327848591555,-77.177587204508
0.1955808998292031,4.90835122178637,0.9033687624420328,4.0,75.1056233593581,13.199157125197125,392.0031552410532,9.994598547760555,-103.90806138180022,-98.32253095163625
0.19553930621541168,5.490095435835911,1.042175974846522,4.0,75.20369912634789,13.182761905672903,398.3127585989559,9.665368101222597,-104.05339387110652,-98.46021591092361
0.19302442793403693,4.567030058083857,0.7528755551428842,2.0,59.87513065195337,16.67755331144381,494.29354764602317,5.127550157659876,-83.43308390048526,-78.97238106189033
0.19645412452748642,3.813902235968243,0.91964276908459,2.0,59.356212135382094,16.82712939339712,487.57153851819766,5.2697070821043575,-82.72647800454315,-78.3043108531832
0.1909896597074505,5.78783879608533,0.7445832082160035,2.0,60.20359795284826,16.585483217319588,509.1327471894965,4.83238892729806,-83.88791990058256,-79.40266657605709
0.211099696431057,5.678381578731981,0.8882525591911538,4.0,72.66257973211634,13.655691817277734,415.45765790403044,8.845786464381751,-100.62804819222792,-95.22217399775201
0.1936791417719109,5.308117698276656,0.6509350304582036,2.0,59.79789885281267,16.70161032297395,505.81586608738036,4.895589872012293,-83.33888995580507,-78.88376842597005
0.1971926659914929,5.774945283064563,0.9346404867749891,4.0,74.95882958829405,13.227462493895537,403.04289081313806,9.428909752016759,-103.72916710282891,-98.15384129928464
0.20100936791735155,5.566894636282006,1.316032709991722,4.0,74.28337750359358,13.350174706457375,404.49572306333386,9.356489067314582,-102.8127490052749,-97.2873776159466
0.19983163276266575,5.911027610671422,0.7716701087212857,4.0,74.52502953824381,13.30627977670819,407.1325480296968,9.231196439158804,-103.14421627804715,-97.60079879414567
0.21027581070553822,4.490842233819371,1.0153708550654734,4.0,72.64004897332542,13.658277731142572,401.1521184867668,9.515582524526529,-100.57849243199735,-95.17500148066422
0.1904198839929877,4.5084490361708625,1.0414621546380631,4.0,75.93745595099125,13.050905927973602,382.6873768472467,10.51765904574573,-105.02550130819967,-99.37896395458019
0.20995539328162682,4.935131898405748,1.0105169738099824,4.0,72.75229281372955,13.637454518649022,405.9300888670514,9.28344608796334,-100.73801740108581,-95.32596620209806
0.1902838122698704,5.369846254206461,1.1229014645589621,4.0,76.11089837992503,13.021735149902307,391.8360723993586,10.006437451198309,-105.27541346903898,-99.61543746852743
0.22603626298750412,4.811947904720209,0.9312877297497808,4.0,70.33661232087621,14.118038853779426,419.23640263778907,8.675145217246623,-97.47810983140961,-92.2443506196914
0.2081910416891214,4.732456423311644,0.9395255984604927,4.0,73.00223348231295,13.589227068823316,401.9791860728765,9.475706315917124,-101.07141652827518,-95.64107016286415
0.2054113083821804,4.586207879632669,0.9384199017977478,4.0,73.42377695613476,13.5089598783717,397.73281293534643,9.689915469498562,-101.63694836158867,-96.17560895175123
0.2099593868482226,4.69770069191023,0.7236423306953992,4.0,72.71922384290366,13.64342171197259,403.22587570785083,9.413789917138063,-100.6892642506989,-95.27980210189342
0.1808340253248179,4.370293466646933,0.8030248422700095,2.0,61.738206489228354,16.1545914667438,475.80778295255476,5.539286551109382,-85.92814832142095,-81.329604030602
0.18811119846402397,4.648622520089398,0.8838871172526925,2.0,60.610024013016194,16.467626969310977,489.1792385921008,5.237066280801225,-84.41932396934224,-79.9042067452087
0.19559492139152007,5.661252165761561,1.0992921384145775,4.0,75.21909331439693,13.180401652080219,400.2291197384717,9.568766306147422,-104.07825143290539,-98.4838127986496
0.19538973719419164,4.783383671688489,1.0491619704927924,4.0,75.11795320497724,13.196749258516814,390.4510643433518,10.078451495183801,-103.92242352224187,-98.33607269951241
0.2058416907335229,4.5461912469497,1.0054721133421347,4.0,73.34859328693348,13.523082097777223,397.6812823154596,9.692326285190777,-101.53479538744298,-96.07902670514378
0.20211713784170598,5.381074620979343,0.9579897059678687,4.0,74.07289521727384,13.388500542826709,403.50983526659724,9.403706490035825,-102.52372475647202,-97.0140127088959
0.21816526996140106,4.559380776281975,1.0326160622954892,2.0,56.516997937698434,17.711933126708814,525.150660677409,4.536017090707879,-78.9382568734211,-74.72631351520849
0.19899702332556593,4.942838915997626,1.0160657545014207,2.0,59.030278286030104,16.926931483915617,507.3339571273597,4.865056153086877,-82.30622605134681,-77.90801382783015
0.20847958743463701,5.688868118137372,0.9996624633243764,2.0,57.760530782448974,17.316561697011913,530.3165819397683,4.449792768939151,-80.61492350970069,-76.3106498703634
0.1929823305373322,5.382977726363117,0.8857012714259515,4.0,75.63371766652804,13.105802884367284,394.6388585087931,9.856292010814057,-104.63129857065834,-99.00649024261493
0.21090659936088132,6.105320438696619,0.9816874168042913,4.0,72.73848998648583,13.641707513859885,420.1019544020456,8.644472485080309,-100.73719378164097,-95.32546586303236
0.19451927066755179,5.615937567144652,1.0829615180537868,4.0,75.39986095884346,13.147971424323718,398.6757428924571,9.647493166894339,-104.32135106211659,-98.71361544692489
0.2024891359867503,5.5043341779774195,1.0726680158872632,4.0,74.02853872491472,13.39707844787428,405.2370423941691,9.320108091834829,-102.46718480850086,-96.9606534068552
0.20919423676646987,5.760850226368479,1.0538194125859381,4.0,72.97328218070228,13.596300454700073,414.56645669779584,8.886127273688919,-101.04925136636756,-95.62040298707876
0.20905259401493956,4.846436463457107,0.9097808782661492,4.0,72.88220547921588,13.612378713326098,404.0778588997663,9.372831177948406,-100.91165367464953,-95.49007771541395
0.20216204676322688,5.40244028293119,1.0185610021617084,2.0,58.601521530257244,17.05696718317336,518.0799478553962,4.664162263431265,-81.7375683237646,-77.37103610869634
0.19413484349080037,5.005491446291201,1.2153991026651572,2.0,59.724879120617736,16.72223790836596,502.0480625116556,4.969503683118099,-83.23753421606013,-78.78787809796914
0.18288526840269542,4.892377771711923,1.2673440689057067,4.0,77.3766567265841,12.802460586382004,379.437557025666,10.713986605285134,-106.96930099041478,-101.21645896193475
0.19786203138150046,4.0997606541329095,1.2839573328133815,4.0,74.57995984430852,13.293435862391384,385.2481987068802,10.366256355932826,-103.18584243715155,-97.63963922127002
0.199299871411872,4.814291131958965,1.1623527894687604,2.0,58.98487010441923,16.94018005973658,505.83373817008527,4.893971142137973,-82.24369923277101,-77.84886991179066
0.19458016599773809,5.574128212257994,1.0813292928586384,4.0,75.38304943529215,13.150874406433502,398.28249542930035,9.667410346859812,-104.29765777078936,-98.6911921504297
0.20145514805335596,4.912515981642911,1.15684601803139,4.0,74.11580872189596,13.379794116428789,397.66760187623066,9.695208518326114,-102.57313939664861,-97.06056941430104
0.19134657167898167,4.189037436584895,1.0921660184338713,4.0,75.71247585556151,13.090059042824981,380.1053793808453,10.669067219445772,-104.71546067240983,-99.08575363037012
0.2048024115251177,5.203864184809019,0.9519189432493679,4.0,73.60817502921938,13.474806904972484,404.10619452232305,9.373473001747627,-101.89339480125659,-96.41806865525467
0.20787482704385526,4.97722093662273,0.9269329658777233,2.0,57.82770665412344,17.293989919207334,518.9630785725776,4.647086374331436,-80.69652885962641,-76.38738875911444
0.22020639698775835,4.132511958977283,1.0749682156443698,2.0,56.26032701296815,17.795236399197062,520.9550401217111,4.6091216678868925,-78.58955872123855,-74.3966888696764
0.18320889572376284,4.945883330838513,0.9349558772268718,4.0,77.32770515911062,12.811027202841846,380.3218606008246,10.66101573606225,-106.90583462102994,-101.15655029503431
0.20389037590433765,4.809980968903902,0.6851190486158134,2.0,58.35449289022529,17.130835519643565,511.52040547718866,4.784452048004495,-81.39949704806571,-77.05135738697398
0.20839568090774252,5.717503088994468,1.2235186513444858,4.0,73.095349782266,13.572913110956435,413.31118640870665,8.942596566834071,-101.21293366558574,-95.77510110945798
0.20046058138577116,5.6640783104478984,1.2523575378010148,4.0,74.38861428298715,13.331078998386527,405.0336567237396,9.330863036539187,-102.95717226203278,-97.42397402505513
0.21133568702875627,4.5292311988851,1.0302017279822382,4.0,72.4811313204093,13.689079580287224,402.5666284083357,9.445357862380192,-100.36504608185224,-94.97324817500737
0.1819038303108277,5.234680329810387,1.3409487738969084,4.0,77.63078520917443,12.760881532464587,382.0531172869437,10.559690743655679,-107.32499237576239,-101.55312270754193
0.20639936165800793,5.736706540720878,1.0274372095193058,4.0,73.41863656941437,13.511713223728028,411.60427132272787,9.020709466647157,-101.64967515521198,-96.18798208730936
0.20381271390080977,4.592086676007784,0.8554337219148417,4.0,73.68286426576591,13.460272301444531,396.30622868434546,9.763945138307454,-101.98640436987611,-96.50596030778325
0.21266304557169366,5.6861711714332595,0.8513340526618974,4.0,72.41933520409715,13.70274903579042,417.0351829860806,8.775864389034243,-100.30007232999927,-94.91214076153042
0.1991304002439398,5.169904287245215,1.0690327959152595,4.0,74.5416125754119,13.301811773195777,398.2955805362574,9.664401319430706,-103.15152611358282,-97.60739887870307
0.2099435046812432,5.041359100931595,1.2115242992952904,4.0,72.76712881608074,13.63457832349209,407.12833354781446,9.226602956886204,-100.75851558093932,-95.34531013174475
0.20624184272469534,4.583368704231376,1.323798851605725,4.0,73.29023934847939,13.534193583469726,398.4741702988117,9.651796780897252,-101.45683798754253,-96.00534379381301
0.20469824923204968,5.35649871267255,0.7587721283182688,2.0,58.25671739136026,17.162088626899212,520.6206238118292,4.618115662011162,-81.27536203205788,-76.93437960551594
0.21237883687918732,5.143445559146302,0.712933039775661,2.0,57.24892384969004,17.476880667691667,527.0285000029469,4.5048328472732795,-79.92415749967253,-75.65788394724062
0.2103828992898382,4.728108597823638,1.2116975478815069,4.0,72.65733540506994,13.655400225139733,403.9657379256451,9.377650359072666,-100.60640935417798,-95.2014957994794
0.20204706686020532,5.589477289295824,0.8653760543718007,2.0,58.62046130083977,17.05160783179613,520.6701996141579,4.617784814646335,-81.76502302508347,-77.39705443793562
0.19007153192166062,4.901750789800946,1.1240759199431833,4.0,76.0685680501868,13.028089848367422,386.59598329085776,10.294380685398352,-105.20692624680663,-99.55043993232128
0.18331965400110906,5.411860463521896,0.9095532531149495,4.0,77.39651185646593,12.800777213406489,385.3338559993215,10.36962528816767,-107.0131806965923,-101.25841734341549
0.19607773987079719,4.071594799029917,0.8981531028472027,2.0,59.418596458039346,16.809500499735243,490.9018536207879,5.198216405846058,-82.81404069531386,-78.38721492112356
0.20930377857622892,4.61438491688268,1.2486064180348744,4.0,72.80999241426868,13.625816743156458,401.6677425551584,9.490523567425205,-100.81001006946767,-95.39390544511292
0.193154439758202,4.658454099207413,1.2306036327846703,2.0,59.85874544058485,16.682537945697835,495.7817332407691,5.096647550532516,-83.41242504246405,-78.95292020648637
0.19447975270988424,4.922433434409704,1.2029610366313088,2.0,59.6728581251315,16.737217327506855,501.29020865955613,4.9845038410777525,-83.16678887648719,-78.72099710564783
0.21466202819625682,4.591603410364872,0.9936349284881337,2.0,56.95040817303628,17.571190910746623,521.436766248656,4.601650411407094,-79.51810802177206,-75.27403455521244
0.19013759889483403,4.9721574736750025,1.0007984290677552,4.0,76.06896818716666,13.02811372209478,387.41854321210957,10.248293478074055,-105.20868669183957,-99.55211156778454
0.21140209478936736,5.603712514155601,0.9506185902461488,4.0,72.60627366849933,13.66633773886233,414.8982556845798,8.870402663671099,-100.5502156525696,-95.14854220144193
0.20664292302055637,4.707405775536494,1.0882960227606104,2.0,57.98425967037887,17.244618263683456,513.4041929403277,4.748748605027245,-80.90256892139281,-76.58187241472399
0.19912093512630785,4.515300711130689,0.856474493068053,2.0,59.0021234865275,16.934241436017288,501.2165962222351,4.984922276511188,-82.26266804637643,-77.86661208623282
0.19843578520856703,5.820177046949156,0.9229545608927635,2.0,59.125634214505624,16.900281998910643,519.3621565801125,4.641847881962794,-82.44386053675417,-78.03842739339052
0.20291205201131496,6.19633836150912,0.8413919883005081,2.0,58.51043975575689,17.08611831661683,530.6291396601202,4.4456184625365704,-81.62384824686352,-77.26391879690225
0.2016251407967365,5.643295065643617,0.8759786341910389,2.0,58.67922503502124,17.03391674706564,520.9151873692147,4.6135101358313015,-81.84425837804501,-77.47192196242801
0.19979293635893766,4.707040894774208,1.0402244171432975,2.0,58.91348990658778,16.961276774581364,504.87860630143956,4.912472538247712,-82.14662720516483,-77.75709951082713
0.19820059912116694,5.224907663278267,0.8487536670588607,4.0,74.70606394378127,13.271757620812258,398.0039106522795,9.679711555994444,-103.37330167872018,-97.81700649811408
0.19299915970354112,4.826308583200734,0.7856776848660583,4.0,75.53913257066665,13.121459111639469,388.6191229275257,10.180068927317016,-104.49126767185244,-98.87385255811968
0.20118796539902903,4.800225529205786,0.9592935260602413,4.0,74.1448957297637,13.374587795704809,396.16388716596765,9.772620587353309,-102.61284717166177,-97.09820072787706
0.19980098329093415,4.672128268783843,1.1036593848800316,2.0,58.91148263917147,16.961787620746552,504.37511145644766,4.92230567090549,-82.14346306105186,-77.7540916464726
0.19535619607804552,5.242599115738853,0.964057426684803,2.0,59.55362746169244,16.772769836419016,507.04021709266664,4.871506028469419,-83.01089258660552,-78.57386910636792
0.20365487345038505,5.782889765601627,1.0762989314527147,4.0,73.87240894872059,13.426768699176998,409.4598069930271,9.120498879945226,-102.26300393484672,-96.76779965970246
0.2045399563144696,5.6164318716545045,0.9667605745002846,2.0,58.28232347164116,17.15477950984942,524.248257422892,4.554337366895598,-81.31259920595434,-76.9696766408959
0.20995634806117833,4.654942229424027,0.7771691260716589,4.0,72.71364220279834,13.644416313685944,402.73465100913967,9.437782636778426,-100.68091230871799,-95.27189036079938
0.18243523279253687,4.880114493553204,1.1930263393968255,2.0,61.49886387639618,16.22098003601937,485.0526400977256,5.328491989413381,-85.61393848370624,-81.0329937353114
0.1809023709425372,4.360251602043051,0.8451951632257634,4.0,77.6415409039709,12.757690325013886,371.88732364043244,11.183656364261775,-107.32144213732441,-101.54952622645266
0.19634283214353793,5.699568190848043,1.1431522493637547,4.0,75.09500484938185,13.202773912180652,401.3834812630468,9.510947222902328,-103.91154332258334,-98.32622613229633
0.204952729460686,5.072815157171942,1.0589844665477242,4.0,73.56610703795873,13.482537030077694,402.779503868086,9.437962697884664,-101.83464902487668,-96.3625076097875
0.20857210353556613,4.443977872820399,1.1253065490853347,4.0,72.89962746088902,13.608297215028736,399.0480294147339,9.621644007457974,-100.927458825718,-95.5048615593162
0.21186142502118832,5.105432301044043,0.9735680411557036,2.0,57.31417437179902,17.45601967685073,525.8173349860772,4.52570789413075,-80.01098435457895,-75.7398787377235
0.17138481629899327,5.1511291092427305,0.982996900324029,4.0,79.67856422843339,12.42597480105808,370.5149382901713,11.278733998618133,-110.0901208952114,-104.16750023778145
0.1994937188694301,5.353266256448913,0.9887846617652908,4.0,74.50753807914252,13.30848200703656,400.6682433933236,9.544865371873346,-103.10991278923348,-97.56816609861407
0.19858597329174624,5.033777742040412,1.0172400867371518,2.0,59.089940059250004,16.909339503618593,508.14138296029046,4.849649454394913,-82.38724200699097,-77.98459258328748
0.2016191936728507,5.5196845224592765,0.8370948170448779,2.0,58.678031734441916,17.034038193572822,519.1028574583903,4.6458344058465215,-81.84134575735858,-77.46912394873411
0.21289929698618243,4.132694251531403,1.026947002117008,4.0,72.18210867131195,13.746490982108309,399.41966829992214,9.600878446666297,-99.95422386110626,-94.58473577791197
0.19414621498026957,4.814644807763448,0.8642788745178367,2.0,59.718524965794934,16.72366523422027,499.3051273607649,5.024453878033689,-83.22663918992593,-78.77748612273756
0.21841255614426905,4.367784819411393,0.8245584996281758,2.0,56.482766837455145,17.72263184595668,522.4875416817115,4.582377003176095,-78.88999737208051,-74.68061331387993
0.18698065429836497,5.8637091433140505,0.9306490441718069,4.0,76.78678636073369,12.905064224330204,393.79088528187145,9.904182445069859,-106.19576114904176,-100.48560235872695
0.19597217058893762,4.527788560798454,0.9647274030078347,4.0,74.9768147563949,13.222169885942671,388.20143399645974,10.201551496212138,-103.73004472038228,-98.15427214259387
0.2245824360573656,5.696035460487128,0.8720593273311592,2.0,55.76703958882122,17.963864269707617,550.41278546917,4.127876099948767,-77.94905436046584,-73.79256764507542
0.19168477227333625,4.11181618057689,1.1529266376496945,4.0,75.63783044140011,13.1031247420521,379.58435088523896,10.699968220716155,-104.61298925386183,-98.9888395239814
0.21160092846643552,5.52302612552395,0.9295202126170641,2.0,57.3542046815279,17.444239563035598,531.7673741609598,4.424937241810498,-80.06935048262224,-75.79521551775805
0.20749765553658125,5.1957480186740534,0.9409543793054433,2.0,57.88149624016567,17.277751295315962,521.7544374613216,4.597471073657035,-80.77122567918218,-76.45806811523657
0.18380928179881836,5.056937597071006,1.161851445885417,2.0,61.28652803123374,16.279684037390478,489.3423798588007,5.2346439790286245,-85.33133237904678,-80.76606669224222
0.20638759381675978,5.165770847566846,1.11252223948485,2.0,58.02766877376309,17.232297849904874,519.9206328094003,4.630233383214996,-80.96651258316555,-76.6425295053648
0.2087197549971901,4.652767379037323,0.757456089975258,4.0,72.90734725070978,13.607226011615401,401.56414855902375,9.495927416095977,-100.94200841222485,-95.51870536847244
0.2088912731752701,4.728998048237014,0.8958935014213537,4.0,72.8912401145961,13.610448179312726,402.591361334081,9.445301832654017,-100.92172662326409,-95.49956001290656
0.18178649658075363,5.87632377727547,1.1238570462137965,4.0,77.76328541055588,12.73936897824479,388.63052265843174,10.185834998613743,-107.51437499109076,-101.73223219890082
0.20967725386779476,5.288354180771701,0.9633506717230707,2.0,57.59830062268476,17.36657596173977,525.8557729669147,4.5254982270063335,-80.393266748886,-76.10107959120943
0.198362358958778,4.786217817703937,1.39521111316225,4.0,74.61407795176201,13.288307025266421,393.3238398530118,9.922747958575224,-103.24471245560287,-97.69549098350348
0.19536199558648568,5.23274838708314,0.8483696623215524,2.0,59.55258630312474,16.773055286593006,506.9055283179317,4.87411072514861,-83.00938510615723,-78.57244139556622
0.21504506718589228,4.66946545209643,1.0751628148933698,4.0,71.93267869588085,13.796484585015026,407.5864694039547,9.202709723738064,-99.6285761495139,-94.27714443873701
0.20384768544204995,5.047234995909819,1.0016203127284022,2.0,58.36543689464506,17.128074784685854,514.9811612128996,4.720225964128208,-81.41722179386052,-77.06823591099537
0.19943558903112893,4.711650755536249,0.9325774855345443,2.0,58.96337486145758,16.94634722647721,504.49796797421226,4.919982982568496,-82.21350522980264,-77.82028384798478
0.19891463367314843,4.607101865308613,0.9225553604707737,2.0,59.03344205527634,16.92513238874572,502.308490515042,4.96321456964666,-82.30590390691897,-77.9075110061562
0.21100370680697225,5.33780331658224,1.0840493767348385,4.0,72.63668348689727,13.659889968457236,411.4984023612993,9.023444834168139,-100.58571631618508,-95.18195789127071
0.20573362470172946,4.678219437524676,0.9610578952981338,4.0,73.38589137738458,13.516275098536424,399.0726595876485,9.621779324337595,-101.58762885211611,-96.12902321008036
0.20969804487391747,5.437138839459532,0.8527135231073795,2.0,57.59804105817856,17.36699149716667,528.1042787440243,4.486983224001065,-80.39464880439236,-76.10245619799508
0.2010870215281341,5.863066187334755,0.7126652253296508,4.0,74.3128810659106,13.346075402242544,407.8388571310926,9.197328685139453,-102.8639269181788,-97.33615984131595
0.20278332939570506,4.311978334213426,0.9048503509711682,2.0,58.49193889291381,17.087587209846266,502.7455366213547,4.953709382758152,-81.57673269949562,-77.21849025164575
0.1957949165656311,4.733102030170396,1.0010810590564556,2.0,59.47861288725435,16.793640479423438,500.21889298971485,5.005661537351747,-82.90404130848624,-78.47266264840371
0.19464744433369421,4.268771307572924,1.1169804418784164,2.0,59.63017599063158,16.747989357771072,492.00585419980416,5.175162204706312,-83.10038805114078,-78.65786715942659
0.2084317431002267,4.229632751867959,1.0448377228876227,2.0,57.73754217369427,17.320216331346934,508.4027141290019,4.842497263312814,-80.56600071132179,-76.26364629138786
0.20675978855806926,4.4843989657802075,1.0013759872273194,2.0,57.96353655350763,17.250468307481075,510.2057477309406,4.808593281093214,-80.87187296924415,-76.55274435082946
0.21842150658568266,5.962248018506287,0.7503465410004699,2.0,56.506747879171236,17.71852074326926,546.8859421383469,4.182333866399278,-78.94052477672932,-74.72914397887794
0.2249392700572799,4.542387139423338,1.147100994149114,2.0,55.70853747195123,17.980855010523804,532.9252733965232,4.403252369667462,-77.85776647664711,-73.70576595834153
0.19004309773158196,5.246633896919549,0.9838699383600904,2.0,60.334007546961104,16.54717696429392,500.20632585094717,5.0072400593872235,-84.05659353082748,-79.5617914852649
0.20554330004632393,5.115336151190313,1.179450922805537,2.0,58.13907329369914,17.197753971935796,518.1150157205672,4.662829381838433,-81.1150228289815,-76.78279574929248
0.1983212593057369,5.54803211652859,1.0870593947287905,2.0,59.13735706437304,16.896297152785078,515.2786914805547,4.715913332221477,-82.45672364632992,-78.05047306132688
0.2073181339432089,4.667706663870701,0.8432105827902289,4.0,73.13126675650993,13.56452111471998,400.4314465659567,9.552832536104921,-101.24415112673981,-95.80432475001535
0.19379178614319412,5.3930996343264574,1.1463976075441078,2.0,59.78323442509354,16.706039681500837,507.18133011851944,4.869156756509822,-83.32020568633936,-78.86615592371759
0.198448697104676,5.7154595094121765,1.2052704090647695,4.0,74.73595933882163,13.267751949836464,403.62889368053794,9.399732619860144,-103.42721285119693,-97.86836768786642
0.1917810822845696,5.78768832471777,0.9908473973457388,2.0,60.08603022460413,16.619225206737113,510.1769844930077,4.812385784140608,-83.73032231634691,-79.25377416128974
0.20126165196430976,4.830197487196716,0.8665314510554204,2.0,58.71329160434954,17.021827780234123,508.5335270961004,4.841562591660666,-81.88018484999552,-77.50546784517367
0.20632868323557288,4.60829947305169,1.4589296843495236,4.0,73.28012521922078,13.536155734334994,398.8371815214701,9.633375509621713,-101.44371139351415,-95.9929479063422
0.18913926417387522,4.371308762509315,1.0765208073420163,4.0,76.13813123859224,13.015490011900518,379.9761825935858,10.67805721654079,-105.29355111233812,-99.6323435089915
0.2006458965694322,5.286121210093637,0.7234678873811935,4.0,74.30356826245097,13.345574073336254,401.0397453555027,9.525823427360049,-102.83187388453584,-97.30521470578384
0.19322488454308234,4.463192135431217,0.7157431225078179,4.0,75.4378609525772,13.139328606166439,384.8797584197331,10.389780543652343,-104.35074132858156,-98.74104977210082
0.17757172378389569,4.3389020169562755,0.9194209308979873,2.0,62.2686751358683,16.011796242279008,471.10116591381103,5.652237111735693,-86.63936997996338,-82.00158689592082
0.19168714164048925,5.198204251103534,1.045837028785372,2.0,60.088063333113965,16.617507804387323,501.6566385832113,4.977845203088974,-83.7264249043734,-79.24984408264532
0.2075238373271268,5.57040639468069,0.9997122399986419,2.0,57.88428916453395,17.277698923080983,527.3528145422937,4.500206770889432,-80.77925902793399,-76.46583314725495
0.20303466900816672,5.255756850959596,1.021248504608654,2.0,58.47974976875169,17.09365571427472,517.0331909712806,4.682916454434342,-81.57277832387153,-77.21528739214556
0.19667557465660232,4.591220800835018,1.0632425244864745,4.0,74.8680044993307,13.241956281659231,389.56781295047915,10.125936627029914,-103.58449471747214,-98.01669472351891
0.19905984825914846,4.668413124681617,0.9006632771013111,4.0,74.47862236452958,13.313011841048604,392.68313807640794,9.956431826788005,-103.06080048254381,-97.52164534482148
0.209788413412372,5.039308834765894,0.8705799970640095,2.0,57.57945742439305,17.371933928028522,522.2628061723384,4.588069452022745,-80.36510529236217,-76.07435164041468
0.2080854774960202,4.7197755951028135,0.7890249059481651,4.0,73.01712206018253,13.586362827838197,401.7368379341597,9.487703356446525,-101.09125331979591,-95.65981485095449
0.19462903010433888,4.795550454895605,1.0061770030523767,2.0,59.64808696522285,16.744161717006804,499.6441437819366,5.0175047720826855,-83.13198709590442,-78.68805112137986
0.21142589222790115,5.0100186454331554,0.8201324310782154,2.0,57.36809255389455,17.438664599812114,523.8427013975559,4.56006162002327,-80.0819459853795,-75.80685670007685
0.19515010275738276,5.943961985764733,0.9998320417003165,4.0,75.33309867543902,13.160100655936377,402.85456834577815,9.439150214408228,-104.234858237924,-98.63182878298639
0.17764964502101335,5.178682486077837,1.2916896688390342,4.0,78.43695798281121,12.626816551879031,377.1824023052545,10.853795573137507,-108.41280111999382,-102.58159254771378
0.21830954288756566,4.490119907309269,1.1368228593965168,4.0,71.41972793305885,13.897881925286189,408.47078978072443,9.159845704237684,-98.93395611176908,-93.6204656271455
0.1927800546026329,5.1121446997084625,0.8090571356890401,4.0,75.6237073849692,13.106641285016101,391.5090941575649,10.022653133654535,-104.60892733273579,-98.98506564680446
0.19323753302636384,5.449277640071308,1.1201078682504484,4.0,75.59927870006749,13.11208444754279,395.607116995017,9.805614764422181,-104.58654036370947,-98.96422653268667
0.20276819729330822,4.324789290972308,0.953254084907542,2.0,58.494349124667814,17.086888705615284,502.91775310609,4.9503179251441365,-81.58013941109749,-77.22171437634742
0.20869675756694492,5.589092426408592,1.1584578379046324,2.0,57.730695467021704,17.325688645887332,529.1095590386893,4.470107657733987,-80.57389674651661,-76.27184975003388
0.19244780580582982,3.63023343885526,0.7349557152804919,2.0,59.92759521611862,16.65969712710945,479.93130181804736,5.440801619271329,-83.48889421555269,-79.02445893588455
0.19598745060680178,4.624637690867444,1.246399044015435,2.0,59.44811432836472,16.802323079666035,498.8829351609466,5.032578139327496,-82.86166451660478,-78.43256382967911
0.21265159945488327,5.012224360959894,0.955989536340404,2.0,57.21191917274238,17.48836744516089,525.3827219684574,4.533076288112638,-79.87305886947469,-75.60954331878962
0.20227162798387466,5.800023640659804,1.063370113635584,4.0,74.10355696224848,13.383906869078894,408.30193056413856,9.17506000370235,-102.57539231934491,-97.06312789728325
0.20726029033039142,5.584635054535085,0.8245485998463371,4.0,73.26085707216684,13.541138806957365,410.72722275035375,9.060389093637513,-101.43308442508979,-95.9831297491003
0.1970543124533839,3.741952402113617,0.6807745687021283,2.0,59.268507034400486,16.852828004579493,487.2448609357541,5.276669934794464,-82.60786630220501,-78.19220148180295
0.18981882388481316,5.265611614296291,1.0170699348010446,2.0,60.36803077452492,16.537504092293066,500.1831032403571,5.00777136347471,-84.10234543723135,-79.60502140415653
0.21950943482686694,4.365455192570094,0.9958849968724415,2.0,56.34962611355633,17.766407999003153,523.7533188867595,4.5600151735086225,-78.7120244990871,-74.51250968866132
0.20304435522813816,4.631863441730832,1.0042490117624412,2.0,58.46479900149449,17.096695631977376,507.8249641450156,4.85473772657715,-81.54478028954676,-77.18849775870432
0.2140990621727503,4.659192723734783,1.3047100247167753,2.0,57.02232458657868,17.548210988105872,521.7879107709535,4.595573052325371,-79.61510497670525,-75.36569327576694
0.19967525676082545,5.514026782699592,0.9920045696513269,4.0,74.50010590463971,13.31027173093153,402.61553309027727,9.448573717848843,-103.1040097596687,-97.5626944715023
0.19415970666777993,5.059561964683139,1.047699804162107,2.0,59.72254092171144,16.72303605695184,502.8599966692461,4.953398374296011,-83.23505790810891,-78.7855626231907
0.1921574149108482,4.937477792070058,0.9084851700914329,4.0,75.70544823923832,13.092106931842046,389.0107283937307,10.158954189843351,-104.71762862261706,-99.08787129243811
0.19910269230088382,5.77261607584828,0.9706566503788467,2.0,59.03123691596237,16.928339428482268,519.5405741392443,4.638534724812763,-82.31693291854835,-77.91850184266744
0.2025928764153491,4.339317964177365,0.9329391112198203,2.0,58.51859612159658,17.079550941514018,502.9182498504909,4.950341490943073,-81.61280856575576,-77.25258805129432
0.21586003830959868,5.110991388838135,1.20755805417895,2.0,56.81096082523903,17.61753741538384,530.8103843446554,4.440114337635625,-79.33800099142972,-75.10419236691212
0.2064072911020292,5.813700669732343,0.9911436674042416,2.0,58.03548278940313,17.231253838587985,529.530623014896,4.463432115591258,-80.98427941037812,-76.65960908636333
0.19514603797085878,4.616769082901166,0.8184920725466449,2.0,59.56865259282666,16.766932333763364,497.7047955671561,5.056706303575374,-83.02306518805679,-78.5850414862523
0.22331024671558072,5.409723786308949,0.9498818899929538,4.0,70.79157108043061,14.025817148083748,423.8106413413607,8.483673802718522,-98.10081015114665,-92.83315435399942
0.20687692185117784,5.983063735687795,0.7678250750890133,4.0,73.3688150529194,13.521353307964727,414.8224572492652,8.875793060377223,-101.5855356203658,-96.12737018901748
0.19734639891685746,4.768739308028588,0.7039475985387098,2.0,59.25847786125625,16.858653037483055,502.7021874561959,4.955785154624637,-82.60960578671002,-78.1945259298915
0.19729603444196642,5.369815602493281,1.3539657901494417,4.0,74.88312163137228,13.24019523581634,398.7163469069145,9.64399482021342,-103.61735168458108,-98.04789070892875
0.19646756308172392,4.7894235086714225,1.0177996254585995,4.0,74.9350141499115,13.229861350990035,391.5498477163361,10.018471403262248,-103.67652855892587,-98.10365537484647
0.1943328697468985,4.684519201433934,1.1585783905362048,2.0,59.687975214708715,16.73224454239743,497.65792408902576,5.0578535846516965,-83.18391961720951,-78.73705015679369
0.20378639323838035,3.9776358684975897,0.8161912300796338,2.0,58.346453669523,17.131042111757814,498.9717845354693,5.028972375686007,-81.37711984345972,-77.02969760773287
0.20401928283078813,4.618902034481375,0.9744385514147527,2.0,58.33257812125596,17.13704963215484,508.8410320219951,4.835097522341425,-81.36760189913551,-77.02111707238141
0.2001323667280167,5.367866680140082,0.7962604907711816,2.0,58.88079110808213,16.972626610159296,514.9858817074377,4.720917761644518,-82.11115014145709,-77.7239358373795
0.2027295575486339,4.950082709752275,1.0857788773955064,4.0,73.9108018352464,13.417792356664084,399.2966901098193,9.611946731340533,-102.29664062233955,-96.79916923813137
0.18770492602640404,5.1785643381356605,1.1637375429066208,2.0,60.68597458813986,16.447290907022236,496.1807378022664,5.089734509509919,-84.52751352586792,-80.00667010864379
0.20139111739761592,4.9520581987170145,0.8747723270842748,4.0,74.13165624015568,13.376806193790586,398.04675516932616,9.675902738999149,-102.59437983554965,-97.08062581892443
0.1992800140756021,5.629852926440203,0.9821457240099812,2.0,59.004131482730095,16.936170596373763,517.7017226538327,4.671562732957886,-82.279119372488,-77.88272232077219
0.19507752911234616,5.1004251486379655,0.943972900422873,2.0,59.59069092203397,16.761623752767076,504.62888247953947,4.918401969874153,-83.05890598338839,-78.6191671638651
0.20485303283063142,5.261421880374515,1.1333474770606973,4.0,73.60752073701435,13.474995605063071,404.79913842933644,9.340006915222633,-101.89333550042979,-96.41801859579645
0.20995858724372363,4.53288046792602,0.8644698330135592,2.0,57.546824875904846,17.38094538096105,514.8429640159098,4.7214825202856545,-80.31501334405498,-76.026749015791
0.19924228523540177,4.774412321380293,0.8292509909558586,2.0,58.99192963433981,16.93796806148492,505.17635777850757,4.906766166300767,-82.25261955147735,-77.85727554646918
0.19525487066380962,4.664076130119397,0.9526315770767492,2.0,59.554298562422275,16.771260060408295,498.53060250971083,5.039870771765736,-83.00450588168013,-78.56753733880518
0.2117845085031833,5.09961902062462,1.3707713614083203,4.0,72.48682350645178,13.68870538034686,409.5161791514515,9.114132516301444,-100.38117132073228,-94.98860544543284
0.1970993422606275,5.002066441327433,1.038473796766531,2.0,59.299153769450854,16.847170185100946,505.7884859320725,4.895336808687944,-82.6671084286952,-78.24897373988131
0.20435253957171065,6.038355662929511,0.8732019302533647,2.0,58.31329147949996,17.14606172428381,530.1918551595707,4.452666128878723,-81.35836117588134,-77.0130671608187
0.20207750597614124,4.214451128714691,1.1156048173142146,4.0,73.90337619723978,13.418381840499334,390.4472396879497,10.07514461445633,-102.27601244450965,-96.77957938316833
0.21267623560803905,4.571411798111285,0.9986599198162044,2.0,57.19995039035428,17.491088194668404,518.7280219988749,4.650326916440466,-79.8515539650438,-75.58898896752999
0.18741193540315665,5.524014788808627,0.9300375240988848,4.0,76.65653939055888,12.92732798543792,390.62501141753614,10.07340976442064,-106.01624195381112,-100.315929152625
0.18891197025061962,5.114730182229215,0.9216381352853465,4.0,76.3133785278916,12.985677899078606,387.7479884177096,10.230628201925445,-105.54152780994514,-99.86683051177468
0.20739326025674903,4.4191333205328265,0.8641952180977251,4.0,73.08185836292866,13.573446405049339,397.67782334214934,9.691760699228281,-101.172609373221,-95.73659677092432
0.2015407999214887,5.484704895374103,1.1857240452234774,2.0,58.6882107690934,17.030888934658908,518.4914654806578,4.656858660323265,-81.85457551445963,-77.4816040741426
0.2093737696691965,4.607928853264796,1.27393140203602,4.0,72.79808026939187,13.62809146241047,401.6588224854152,9.490929032545607,-100.79382551894014,-95.37860526970236
0.18866228974580274,5.664239405395866,0.9015270839771914,2.0,60.55114057151592,16.486318879566394,504.3025275035445,4.926256274760682,-84.35247491505366,-79.84151693138479
0.20591320728852486,4.491991735295889,0.921664228068624,4.0,73.32876587935456,13.526725734387135,397.1344610934999,9.720280450381098,-101.50697381248547,-96.05270693656867
0.20781181205223742,5.52632220880778,0.9893926612413306,2.0,57.8457152724067,17.289621754115636,527.0624018647585,4.50509943263672,-80.72713011618035,-76.41656851675226
0.20758353032644067,5.06589921350541,0.8059742710992437,4.0,73.14050129956892,13.562630166735792,405.18863944171386,9.319999073171063,-101.25819977326826,-95.8174568224484
0.1918702597535982,5.117559971575832,1.182322362474654,4.0,75.78524434082365,13.078135066577026,390.6794624964516,10.06797553833144,-104.82762664448266,-99.19185983270305
0.2077952942077145,5.143645380518182,1.1123220828973714,4.0,73.11883459447391,13.567215752483223,406.2672654504455,9.268400476428871,-101.23265949150839,-95.79345198579158
0.19333249149793144,4.9233845198708925,0.8763803917990785,2.0,59.839712397406046,16.688676586778683,499.8344375311387,5.013966518888244,-83.39037687456273,-78.9322307369474
0.20333549011636207,5.092756653292372,1.103147872676352,4.0,73.8322436381206,13.432721150783538,401.4662540750127,9.503356103274122,-102.19370425624348,-96.70192626762632
0.2054611183089245,5.121322135661931,1.083492499851633,4.0,73.49035219861706,13.496842426689003,403.80631524381164,9.387694717653227,-101.73318140347399,-96.26659257049982
0.20412891395222402,4.63692779865682,1.0554558888458696,4.0,73.63849961795478,13.468664526174502,397.10639168583504,9.72260280736928,-101.92744037701712,-96.45024213330262
0.2066841768528601,4.665159285963899,1.007774814848927,2.0,57.97783103661339,17.246502658881916,512.8227418723568,4.7595263966347225,-80.8933977912033,-76.57318160672267
0.19473493303483885,4.437535322448923,1.1898662387749832,2.0,59.622731654407104,16.750631748200416,494.5766675524278,5.121247187923503,-83.09293650236806,-78.65094134216628
0.2106568517472005,5.268716927113669,1.295829392791572,4.0,72.6826527076189,13.650933510367569,410.3853782042935,9.074542746340407,-100.64664790402419,-95.23954041354295
0.23031762415110635,4.88623529231839,1.0382790027634026,2.0,55.097924158003416,18.190528641228322,544.6586820369146,4.21456029541579,-77.04653367035233,-72.93978567177781
0.19602222086059792,5.186162780030153,1.1253422391829366,2.0,59.45683832963594,16.801075177598733,507.08141600579006,4.870583936096913,-82.88060187454447,-78.45075828791087
0.2177671984711762,5.1195746423167305,1.04057280791653,4.0,71.57870957207749,13.867318610659057,415.30805817359135,8.849501660830162,-99.15935760989822,-93.8337735763988
0.19091002305486285,5.209249537275192,0.9798959168785951,2.0,60.203653444353016,16.584353385594575,500.8040200053258,4.995055757599664,-83.88144342620683,-79.3962976509906
0.19223525591851637,6.3358816898783425,0.9604784124731447,2.0,60.02716004211868,16.637100763721836,518.5384378022833,4.657951416829444,-83.65697584585693,-79.18467412548435
0.18543014579218733,4.650889270133714,0.992264824078568,2.0,61.02163000644304,16.352233658278294,485.7425527753148,5.312504389080995,-84.97107558650154,-80.42549610538477
0.20554796521725316,5.338307275888263,0.9032709540044006,4.0,73.50369327034474,13.494408443148851,406.32396432880967,9.26676170414242,-101.75307538375908,-96.28537494888569
0.20340440443501548,4.5619702679447105,0.9070535525478982,4.0,73.74450107802437,13.448685175703483,395.5858328896294,9.801469241758474,-102.06891820330331,-96.58395273077629
0.18811611145401733,5.532104744429004,1.103291755146833,2.0,60.631418210482195,16.46338187933258,501.71587620418677,4.977508763050732,-84.4585874001312,-79.9417116219393
0.2097666536997813,5.0196565330121485,1.116521154829772,2.0,57.58189978910565,17.37111746600083,521.9409443777397,4.593716073945084,-80.36813357502682,-76.07720195879605
0.20863087518045356,5.088559915002515,1.0940664400223747,4.0,72.97693280281183,13.59381054186461,406.43160974071884,9.260198343654277,-101.03780364478446,-95.60910693441883
0.20380023299048614,4.506472422731557,0.775294033691343,4.0,73.67141456411612,13.462257961088133,395.3316702511884,9.814496970878801,-101.96927554246584,-96.48973635479544
0.20564917281272913,5.345045707587698,0.7948086583927205,2.0,58.129166235104954,17.201321896907842,521.6512973675759,4.599677626056634,-81.10446557949868,-76.7729336916442
0.19018900632531788,4.6383821570295805,0.9464042409599777,4.0,76.00133359821774,13.039660930948925,383.86951885600973,10.449378325013083,-105.11254248680781,-99.46120404306595
0.18577948233859867,4.589082351796223,1.012938075433751,2.0,60.96562989858143,16.36770283940087,485.31930610822195,5.321728145997862,-84.89521762614973,-80.35379442618581
0.1881940566024651,4.942098245014117,1.1587829224212722,2.0,60.60552812634342,16.469505607339926,493.4657915557036,5.146019629770143,-84.41687815759249,-79.902037691463
0.19793554241589462,5.512378366875386,0.9372597414454286,4.0,74.79497499658154,13.256551102042566,400.9016854692389,9.534035591251913,-103.50206981948729,-97.93901046406246
0.19426330309141582,5.581747907153237,0.9540696881542678,2.0,59.718258824772334,16.725301992199924,510.4991395863223,4.805764204053965,-83.23518704188729,-78.78591014653628
0.204289653911272,4.828577673545082,1.0719535795896296,2.0,58.30108660024544,17.14723822337987,512.2936646950275,4.769912614028347,-81.32824493331137,-76.984059185339
0.2032044951384604,5.510441410501237,0.9177481693202473,4.0,73.91119261246301,13.418880419036778,405.9957964566074,9.28348804739175,-102.30894798619434,-96.81107010921768
0.19938484320395364,5.352074070819892,0.8462231208333737,4.0,74.5257266604603,13.305154459003125,400.5496772990225,9.550828927724066,-103.13444210306002,-97.59135308528187
0.21016977048237856,5.233164386085209,0.802461238955058,4.0,72.75467096105223,13.637017411436254,409.5221114559122,9.114592051840901,-100.74317514093728,-95.33077693685162
0.22234093080797732,5.500916984774704,1.2140477150839704,4.0,70.9418369425744,13.995437366259091,423.9824414566403,8.476956869909818,-98.30472267981504,-93.02593009424592
0.2008537138160259,4.169247540130745,0.7233819323248714,2.0,58.75190536519538,17.00842200839559,498.247639098085,5.044319079898195,-81.9226994357758,-77.54522412922408
0.1940802119227002,4.542711860836325,0.9905879974046987,2.0,59.72059330189378,16.722368240673486,495.27962010762843,5.106811951090168,-83.22560536234117,-78.77634414972474
0.2061558528786129,4.273621226618927,0.9326683569579423,2.0,58.03810171613433,17.22679301009055,506.3013146435632,4.883368652563447,-80.96877816911412,-76.64415440294523
0.18924711619778625,5.434880593582478,0.9272903857676509,4.0,76.30819485854859,12.987476474246108,391.5049560484247,10.02481545582671,-105.54362250228831,-99.86905722743485
0.20545793759849953,5.548663753601433,1.1111922650477533,2.0,58.15811898800982,17.192834207939487,524.4170273587611,4.5512172170535115,-81.14556800458956,-76.81185809406554
0.18848406466592044,5.556829853370649,0.872096032804777,2.0,60.57598732825593,16.479083914512458,502.55154706889215,4.960805865205712,-84.38454686227189,-79.8717690240192
0.2025954176557154,5.129123093498613,1.0727683838304372,4.0,73.9588596217095,13.409199737462002,401.1664255171478,9.5185725822777,-102.36505178517014,-96.86391506291316
0.19156190021475278,4.325066293852142,1.1308523019942653,4.0,75.70162180869657,13.09223591654516,381.79009454372044,10.569403938167515,-104.70378545007269,-99.07476628158784
0.20185834577518916,5.574688420478909,0.9932900598718198,4.0,74.14279926395663,13.376116991522196,405.4061440632115,9.312314308675424,-102.62317546358894,-97.10817206781908
0.2096612968100411,4.814814695169447,1.0513005186131532,2.0,57.59143955737286,17.367607687790386,518.7323843754123,4.650877736155242,-80.3783171930159,-76.08670910646497
0.19352540571520482,5.8221508551168455,0.8685152763725205,2.0,59.830019336882344,16.693254200089566,512.9669815290456,4.759659514481168,-83.38757391438435,-78.92997383190597
0.20107448702697317,4.453908836456521,1.0495779292881393,4.0,74.1086111616285,13.380765558460963,392.19436912226496,9.981480865047006,-102.55775111104559,-97.04601937367521
0.2161191047746749,4.754768919653145,1.0592714228547588,2.0,56.77240769882964,17.62916338905854,525.6911018214346,4.527071145907467,-79.28214002677856,-75.0512380135685
0.1996107079951516,4.843478857036898,0.8772253596384423,2.0,58.94222275847427,16.95301582860805,506.6534106529277,4.878051605800308,-82.18696767271346,-77.79529178059765
0.21081450469628532,4.836878159188086,0.9733783769359619,4.0,72.60493987458624,13.665700979362557,405.6093777700608,9.298357111996722,-100.53774420035559,-95.13662331072095
0.18083184128234925,4.4340067799615195,1.1441640229180323,2.0,61.740824227083,16.154028625069234,476.6987075734958,5.518459366565709,-85.93254605310605,-81.33379405406805
0.1789004935312003,4.616842325192147,0.9400419915565355,4.0,78.07579413027612,12.685251665128426,372.604963805217,11.13899403223694,-107.91047200632573,-102.10636452502274
0.2076860376549637,4.7214147364734504,1.1956770545673328,2.0,57.8470647455769,17.28731121438396,514.8995698826653,4.7209187949289015,-80.71915208827451,-76.40861698429201
0.1925948417949888,5.504549901867003,0.7961684131115476,2.0,59.960610663257995,16.65483612121527,507.2161121656388,4.868758141421031,-83.55906296638291,-79.09185596562271
0.19593866354529016,4.485747879529365,0.9674284580385529,2.0,59.45117284127789,16.801052367897004,496.7949371790205,5.075139814889629,-82.86377140857583,-78.43446971033775
0.20277344179720216,4.752625784737144,1.0830930258992986,4.0,73.87692470938805,13.42429003306811,397.13090489118446,9.72201855642611,-102.25099831677396,-96.75613904350385
0.20620372393931358,5.2211110310182995,0.9908615417938097,2.0,58.053074382737165,17.224548224967542,520.5120775277635,4.619743810332239,-81.00112603695989,-76.67525116477576
0.1955861768763405,5.075770397882633,1.0825380614550548,4.0,75.13116742503699,13.194777326867879,393.839591520673,9.896940012286777,-103.94526052355272,-98.35773508790945
0.20939420421798183,5.48799497490792,1.4632768292290426,2.0,57.638282289341625,17.35445236603907,528.4819793281259,4.4806073090510266,-80.44907450213722,-76.15389076137036
0.20515958476767845,5.242321755655851,1.1056022611482481,4.0,73.55528988609683,13.484789899688623,404.8774436885461,9.336097832128198,-101.82266816534612,-96.35121452459063
0.19556098363581245,4.746915366653833,1.0971420965829342,4.0,75.08352237513294,13.203080690092971,390.21554079410765,10.091168778809202,-103.87669872569255,-98.29290708958045
0.19825825437778802,5.069111712737151,1.1631181930222696,2.0,59.136809284399426,16.895469078930244,508.2400523562511,4.847824969849915,-82.4504795136039,-78.04435808333142
0.19838278996958755,4.6650024515608886,1.1702912097479783,4.0,74.59170468613691,13.292326232618276,392.00332858137466,9.99311245667441,-103.21324017775565,-97.6657513058094
0.20773891180909868,4.196871590852309,0.9530269091637579,2.0,57.827287100097294,17.292082921084702,507.0682600506118,4.868255019700438,-80.68561504952476,-76.37661944845772
0.20778829717121033,5.455050747469886,1.042585900176321,4.0,73.15930695224684,13.559981117804439,409.77437435389686,9.104016016348622,-101.29234252313174,-95.84995979894127
0.20585247531358858,5.032068401189076,0.8989222467729159,2.0,58.09618481997888,17.21079033510966,517.2648626552188,4.678132691608514,-81.05656905830011,-76.72753209125169
0.2001899118664011,4.982660374990705,0.7171640643334793,4.0,74.3365214311449,13.339185204565394,397.24130187987015,9.717655867682188,-102.87199611830154,-97.34311372445742
0.1960251666507057,5.0281028265445755,0.9577945012141449,4.0,75.04827755088489,13.209641322299971,393.74253049075116,9.90182988540453,-103.83266939921324,-98.25128356824362
0.2048799137080459,4.460521406475683,0.7557936679073183,2.0,58.2129966655602,17.173330879324485,507.54086301989474,4.859772771911921,-81.20539508078934,-76.86779101582145
0.19651830209163326,5.382057202750895,1.2531329559229958,2.0,59.389903640738204,16.82117686119495,510.5518462853785,4.804280225495737,-82.79314989100939,-78.36822576041882
0.18531736240131153,4.883816380311615,1.0384951571622294,4.0,76.92603292003318,12.879501297760939,381.7482487963431,10.575509111250623,-106.36365620311857,-100.64399894430063
0.20177591116923593,5.269652276471437,0.8624426580308859,4.0,74.11249445066919,13.380673995840166,401.9446101381095,9.48050866984625,-102.5728972111739,-97.06034039285838
0.2042032282977613,5.412835476651829,0.8791422750080812,4.0,73.73375620788538,13.451659722684633,405.8698542811653,9.289022299291728,-102.06673708043454,-96.58201346549573
0.19654843132757102,3.6480911599633297,0.9067807048633338,2.0,59.336813320677884,16.8323458095636,485.2357954438817,5.320812752180518,-82.69782782782423,-78.277120959169
0.18980415491832558,5.082806075116326,0.9916081851932098,4.0,76.14686427756129,13.014534169471315,388.28205002413426,10.20048636963592,-105.31506275726018,-99.65266901352749
0.1774078612242239,5.107753984650878,0.8607513803816459,2.0,62.32196452705974,15.999294627979062,481.5191110504721,5.408779092909453,-86.72134346492761,-82.07945077033942
0.18718148752271335,5.0150032692654705,0.9575255006670241,2.0,60.761911212699424,16.425612988130982,493.1801544717172,5.1522508139500065,-84.62739845944019,-80.1009691425105
0.2030310188495033,5.062348638825673,0.9617253737467818,4.0,73.87788853642407,13.424171436590889,400.8368029111231,9.534725916631752,-102.25476434487652,-96.75963997887739
0.1852279203653897,4.708056530453891,0.9987580174105619,4.0,76.90896792575359,12.882194834250885,379.7934475347284,10.691269913919019,-106.337482287357,-100.61922670516917
0.19391752052800884,5.312605965289733,0.9581168621182474,2.0,59.76327476435273,16.711686463338904,506.1892512063282,4.888296105649754,-83.29254517241685,-78.83998620312562
0.19721903707012092,5.112929918158276,1.0487327078236877,4.0,74.85712438316821,13.244311033576706,395.82519998367906,9.792203879140501,-103.57624823970097,-98.00889295333559
0.2187837913199313,4.66554532999829,0.9889782007614399,2.0,56.44378511892499,17.736231135791495,527.5274347362027,4.495097311731001,-78.84175137951506,-74.63522116343965
0.19976577040799187,4.749690927005673,0.7676114235483635,2.0,58.91833855150963,16.959933389574672,505.4714667426736,4.900926152551139,-82.15371198897358,-77.76382238315156
0.19489165440946984,4.4631487936411,0.7410089978314333,4.0,75.15030769348542,13.190816275690215,386.4651799154567,10.299054507599674,-103.9628916457908,-98.37438232293181
0.18952908279233546,5.291893272646474,1.090163775612144,2.0,60.412190133868506,16.52499199900195,500.17738306128444,5.007969733676187,-84.16184724610378,-79.66124919597817
0.19096120710419126,4.869885684718439,0.7212636006831197,2.0,60.18778016466006,16.588205384879167,496.01691297869615,5.092317718768134,-83.85613281576533,-79.37222526757829
0.20398981900702345,5.412468944807052,0.893042937746303,4.0,73.7686672086988,13.445142363745207,405.66081895548575,9.299102115532127,-102.11388606667614,-96.6265903254215
0.21051854860527522,4.242154039243264,0.8128558301284311,4.0,72.56492386717909,13.672294834181695,398.5215089796601,9.64734695940234,-100.47228149052636,-95.0744896277386
0.21671121228563248,5.246715994091848,0.9939486420198982,4.0,71.74815635453984,13.833142663923429,415.801422894036,8.828187192398373,-99.38479617309095,-94.04664755483745
0.17804816253477793,3.9887764719782606,1.0194114305343804,4.0,78.09377617574074,12.68164593700457,365.2151513205144,11.627995125135033,-107.92414763847941,-102.11928864562363
0.18894164817847883,5.032766290415025,1.0172697051261714,4.0,76.29230542935257,12.98894310095842,386.89896473080194,10.278021999439778,-105.50942760521785,-99.83635622809511
0.20944415868540273,5.068301141506351,1.1842591552501576,2.0,57.62464066472384,17.357791663965894,522.2715463910416,4.587968938664904,-80.42592032572752,-76.13181487280602
0.19884665005192664,5.532156093123591,0.8532338679937849,2.0,59.063230763234024,16.918350739503367,515.7259195814094,4.7076055973128135,-82.35727967572545,-77.95652139130522
0.22814447453266162,5.187628739083368,1.0571243879256509,2.0,55.34880693232674,18.104880871783823,546.8182233193713,4.181728798496325,-77.38494737814348,-73.25955308903445
0.21877136475331643,5.396253705836303,0.7592416031494115,2.0,56.45741582342839,17.733514865520984,538.7179178433632,4.3100901227690835,-78.86858194708488,-74.6609424852
0.21403470384767506,4.829551710277491,1.0160732609258984,4.0,72.10739959202583,13.76247013238519,408.50704187812687,9.160045797243967,-99.86702901966281,-94.50261293179423
0.20526202018123896,4.674312854966224,1.015025445699021,4.0,73.46112306066033,13.502074446690477,398.5877437309525,9.646520207871529,-101.68897428219007,-96.22481999820916
0.19715900994639218,5.962506400867926,1.2973390450218385,4.0,74.9872842242927,13.222286454005175,405.0532530914357,9.331547714439072,-103.76849975072544,-98.19095702909866
0.20063977711368855,4.8132785168252425,1.165900943725418,2.0,58.79867338291861,16.996041732850017,507.5040055873996,4.861419302995107,-81.99430277353562,-77.61326322605998
0.19671080129666624,4.78933136267715,1.1467889295497447,2.0,59.34926281777049,16.831868763906257,502.1981926060916,4.965928733180957,-82.73151419442517,-78.30970805583394
0.1996224496555147,4.2093446092445035,1.105628551768475,2.0,58.923536036740444,16.956938519514445,497.323924781947,5.063431186311795,-82.15308773932753,-77.76289813188582
0.2194086693918187,5.360612686399896,1.2192698751320958,4.0,71.35869442246613,13.911170530236992,419.62764191857565,8.661109737284695,-98.86381223915822,-93.55433097511765
0.202363242820282,4.528420037815305,0.9658351681627986,4.0,73.90907057910199,13.41792991770877,394.2349996053472,9.872604598474314,-102.29017539808312,-96.79309926463753
0.20772211477352506,5.050910306551649,0.7881038466098168,2.0,57.84922341071513,17.287460022710082,519.8743542413837,4.630803412522761,-80.72625193489625,-76.41550783564367
0.18618836068509229,5.245726294969796,1.3095841803485002,2.0,60.92051146527328,16.381655693052426,495.1340913442656,5.111746784890461,-84.8428163751893,-80.30460122608379
0.21362458244000215,4.052007400426968,1.2131613907104675,4.0,72.05939386577238,13.770354352369282,399.13818512543054,9.614715305713293,-99.78723913136777,-94.42684372312623
0.18454700054471243,4.848399191644751,1.1643283617243714,4.0,77.06130439972748,12.856321878032427,380.6141283136631,10.642858350694409,-106.54551545001739,-100.81592409784113
0.20550433510934787,4.345452473806008,1.0916113233694291,4.0,73.37107056619057,13.51844781265903,395.0968318370058,9.825895962937727,-101.56106265758699,-96.10377224942614
0.1977717782424279,5.568978384700024,1.002759132335698,4.0,74.83111299765959,13.2501485851783,401.36148879142974,9.511308542472017,-103.55232984906559,-97.98657028485981
0.19501062450038056,5.444673126886174,1.1462127722629871,2.0,59.60750537909727,16.757390146156837,509.5040983181244,4.824441858951401,-83.08533945264487,-78.64428865197615
0.20874342428446388,5.540687396968574,1.1099362836156301,4.0,73.01810152577518,13.587144736608824,411.6514212394201,9.017482778997133,-101.10429249972142,-95.67227665923413
