millis,ax_ms2,ay_ms2,az_ms2,gx_rads,gy_rads,gz_rads,pressao_Pa,altura_m,vz_ms,mag_giroscopia_rads
3283,0.24,6.03,7.45,0.0152,0.0140,-0.0051,91965.64,810.11,0.00,0.0213
3343,0.23,6.15,7.49,0.0175,0.0148,-0.0049,91965.64,810.11,0.00,0.0234
3400,0.27,6.10,7.42,0.0147,0.0133,-0.0071,91965.64,810.11,0.00,0.0210
3460,0.22,6.02,7.45,0.0201,0.0095,-0.0061,91965.82,810.09,-0.08,0.0231
3517,0.20,6.00,7.47,0.0168,0.0132,-0.0041,91965.82,810.09,-0.06,0.0217
3577,0.28,6.00,7.44,0.0172,0.0099,-0.0047,91965.82,810.09,-0.04,0.0204
3639,0.24,6.05,7.43,0.0177,0.0144,-0.0057,91965.82,810.09,-0.03,0.0235
3698,0.26,6.02,7.50,0.0168,0.0101,-0.0064,91965.82,810.09,-0.02,0.0206
3757,0.25,6.07,7.44,0.0167,0.0113,-0.0069,91965.82,810.09,-0.01,0.0213
3816,0.27,6.10,7.48,0.0172,0.0072,-0.0063,91965.82,810.09,-0.01,0.0197
3875,0.23,6.06,7.47,0.0167,0.0131,-0.0039,91965.82,810.09,-0.01,0.0215
3934,0.24,6.05,7.48,0.0181,0.0143,-0.0059,91966.33,810.05,-0.24,0.0238
3993,0.24,6.05,7.45,0.0171,0.0125,-0.0059,91966.33,810.05,-0.17,0.0220
4055,0.31,6.11,7.38,0.0187,0.0188,-0.0043,91966.33,810.05,-0.12,0.0268
4115,0.22,6.01,7.45,0.0165,0.0096,-0.0075,91966.33,810.05,-0.08,0.0205
4172,0.20,6.12,7.46,0.0145,0.0081,-0.0056,91966.33,810.05,-0.06,0.0176
4232,0.26,6.09,7.45,0.0161,0.0127,-0.0048,91966.33,810.05,-0.04,0.0210
4289,0.22,6.06,7.46,0.0168,0.0123,-0.0044,91966.33,810.05,-0.03,0.0212
4349,0.22,5.99,7.42,0.0168,0.0137,-0.0040,91966.33,810.05,-0.02,0.0220
4406,0.25,6.00,7.42,0.0163,0.0120,-0.0080,91966.33,810.05,-0.01,0.0217
4466,0.26,6.15,7.42,0.0177,0.0120,-0.0051,91966.84,810.00,-0.24,0.0220
4522,0.24,6.03,7.43,0.0177,0.0137,-0.0056,91966.84,810.00,-0.17,0.0231
4582,0.22,6.00,7.46,0.0196,0.0113,-0.0055,91966.84,810.00,-0.12,0.0233
4639,0.25,6.05,7.45,0.0216,0.0127,-0.0073,91966.84,810.00,-0.08,0.0261
4699,0.25,6.06,7.44,0.0216,0.0145,-0.0053,91966.84,810.00,-0.06,0.0266
4756,0.22,6.01,7.43,0.0149,0.0101,-0.0067,91966.84,810.00,-0.04,0.0192
4816,0.21,6.02,7.50,0.0211,0.0089,-0.0056,91966.84,810.00,-0.03,0.0235
4873,0.26,6.04,7.44,0.0173,0.0131,-0.0055,91966.84,810.00,-0.02,0.0224
4936,0.27,6.10,7.46,0.0180,0.0111,-0.0060,91966.84,809.95,-0.23,0.0219
4995,0.22,6.04,7.45,0.0167,0.0113,-0.0067,91967.02,809.98,-0.01,0.0212
5054,0.24,6.04,7.46,0.0193,0.0092,-0.0053,91967.02,809.98,-0.01,0.0220
5113,0.31,6.13,7.48,0.0153,0.0063,-0.0071,91967.02,809.98,-0.00,0.0180
5172,0.24,6.05,7.48,0.0159,0.0064,-0.0057,91967.02,809.98,-0.00,0.0180
5231,0.22,6.02,7.43,0.0175,0.0083,-0.0073,91967.02,809.98,-0.00,0.0207
5295,0.29,6.11,7.42,0.0157,0.0139,-0.0077,91967.02,809.98,-0.00,0.0223
5358,0.25,6.04,7.42,0.0172,0.0140,-0.0079,91967.02,809.98,-0.00,0.0235
5415,0.24,6.04,7.47,0.0184,0.0103,-0.0060,91967.02,809.98,-0.00,0.0219
5475,0.28,6.09,7.47,0.0193,0.0141,-0.0057,91967.19,809.97,-0.08,0.0246
5532,0.29,6.11,7.45,0.0164,0.0109,-0.0071,91967.19,809.97,-0.05,0.0209
5592,0.22,6.06,7.42,0.0168,0.0140,-0.0053,91967.19,809.97,-0.04,0.0225
5649,0.23,6.04,7.43,0.0197,0.0104,-0.0056,91967.19,809.97,-0.03,0.0230
5709,0.26,6.12,7.47,0.0180,0.0107,-0.0048,91967.19,809.97,-0.02,0.0215
5771,0.26,6.05,7.45,0.0180,0.0124,-0.0059,91967.19,809.97,-0.01,0.0226
5830,0.24,6.03,7.47,0.0136,0.0115,-0.0048,91967.19,809.97,-0.01,0.0184
5889,0.23,6.08,7.47,0.0159,0.0121,-0.0059,91967.19,809.97,-0.01,0.0208
5948,0.28,6.10,7.47,0.0177,0.0136,-0.0035,91967.19,809.97,-0.00,0.0226
6007,0.28,6.04,7.46,0.0168,0.0129,-0.0064,91967.53,809.94,-0.16,0.0221
6066,0.18,5.95,7.45,0.0179,0.0104,-0.0069,91967.53,809.94,-0.11,0.0218
6125,0.27,6.04,7.44,0.0179,0.0143,-0.0083,91967.53,809.94,-0.08,0.0243
6186,0.28,6.11,7.46,0.0192,0.0141,-0.0069,91967.53,809.94,-0.05,0.0248
6246,0.23,6.01,7.43,0.0156,0.0145,-0.0051,91967.53,809.94,-0.04,0.0219
6303,0.22,6.00,7.46,0.0188,0.0135,-0.0044,91967.53,809.94,-0.03,0.0235
6363,0.25,6.10,7.47,0.0191,0.0092,-0.0069,91967.53,809.94,-0.02,0.0223
6420,0.26,6.12,7.48,0.0177,0.0123,-0.0067,91967.53,809.94,-0.01,0.0226
6480,0.23,6.05,7.46,0.0167,0.0083,-0.0069,91968.05,809.89,-0.24,0.0198
6537,0.21,6.03,7.47,0.0179,0.0101,-0.0055,91968.05,809.89,-0.17,0.0212
6615,0.22,6.09,7.43,0.0160,0.0156,-0.0076,91968.05,809.89,-0.12,0.0236
6675,0.23,6.03,7.45,0.0189,0.0121,-0.0067,91968.05,809.89,-0.08,0.0234
6735,0.25,6.09,7.47,0.0165,0.0113,-0.0063,91968.05,809.89,-0.06,0.0210
6815,0.22,6.05,7.43,0.0200,0.0136,-0.0067,91968.05,809.89,-0.04,0.0251
6891,0.16,6.00,7.47,0.0181,0.0080,-0.0076,91968.05,809.89,-0.03,0.0212
6967,0.30,6.04,7.43,0.0185,0.0125,-0.0069,91968.38,809.86,-0.14,0.0234
7068,0.24,6.09,7.44,0.0175,0.0100,-0.0064,91968.38,809.86,-0.10,0.0211
7133,0.26,6.01,7.49,0.0222,0.0117,-0.0100,91968.38,809.86,-0.07,0.0271
7195,0.27,6.09,7.43,0.0177,0.0125,-0.0072,91968.38,809.86,-0.05,0.0229
7257,0.23,6.09,7.41,0.0168,0.0119,-0.0071,91968.38,809.86,-0.03,0.0217
7324,0.22,5.99,7.47,0.0164,0.0143,-0.0063,91968.38,809.86,-0.02,0.0226
7386,0.28,6.07,7.47,0.0179,0.0133,-0.0081,91968.38,809.86,-0.02,0.0237
7448,0.27,6.10,7.44,0.0152,0.0141,-0.0073,91968.38,809.86,-0.01,0.0220
7510,0.22,6.02,7.42,0.0168,0.0097,-0.0083,91968.24,809.87,0.05,0.0211
7575,0.25,6.12,7.49,0.0168,0.0100,-0.0057,91968.24,809.87,0.04,0.0204
7639,0.24,6.03,7.44,0.0155,0.0127,-0.0072,91968.24,809.87,0.03,0.0212
7699,0.18,6.02,7.47,0.0189,0.0091,-0.0079,91968.24,809.87,0.02,0.0224
7762,0.25,6.03,7.46,0.0204,0.0141,-0.0061,91968.24,809.87,0.01,0.0255
7822,0.25,6.08,7.25,0.0160,0.0212,-0.0036,91968.24,809.87,0.01,0.0268
7885,0.22,6.00,7.38,0.0200,0.0111,-0.0087,91968.24,809.87,0.01,0.0244
7945,0.37,6.20,7.41,0.0189,0.0326,-0.0089,91968.24,809.87,0.00,0.0388
8008,0.21,6.04,7.38,0.0180,0.0181,-0.0049,91968.41,809.86,-0.07,0.0260
8067,0.24,6.04,7.45,0.0180,0.0153,-0.0027,91968.41,809.86,-0.05,0.0238
8130,0.26,6.00,7.46,0.0199,0.0095,-0.0063,91968.41,809.86,-0.03,0.0229
8190,0.26,6.11,7.45,0.0161,0.0072,-0.0056,91968.41,809.86,-0.02,0.0185
8253,0.22,6.03,7.42,0.0137,0.0123,-0.0044,91968.41,809.86,-0.02,0.0189
8313,0.25,6.04,7.49,0.0168,0.0101,-0.0080,91968.41,809.86,-0.01,0.0212
8376,0.28,6.10,7.46,0.0152,0.0095,-0.0065,91968.41,809.86,-0.01,0.0190
8436,0.20,6.07,7.48,0.0185,0.0121,-0.0061,91968.41,809.86,-0.01,0.0230
8502,0.27,6.04,7.45,0.0196,0.0131,-0.0064,91968.59,809.84,-0.07,0.0244
8564,0.27,6.02,7.39,0.0164,0.0112,-0.0060,91968.59,809.84,-0.05,0.0207
8626,0.22,6.09,7.44,0.0144,0.0111,-0.0076,91968.59,809.84,-0.04,0.0197
8688,0.27,6.02,7.43,0.0137,0.0081,-0.0072,91968.59,809.84,-0.03,0.0175
8750,0.24,6.09,7.47,0.0183,0.0128,-0.0037,91968.59,809.84,-0.02,0.0226
8812,0.16,6.03,7.49,0.0180,0.0131,-0.0065,91968.59,809.84,-0.01,0.0232
8874,0.21,6.06,7.46,0.0171,0.0124,-0.0059,91968.59,809.84,-0.01,0.0219
8940,0.24,6.00,7.40,0.0177,0.0116,-0.0068,91968.59,809.84,-0.01,0.0222
9000,0.23,6.01,7.42,0.0207,0.0133,-0.0060,91968.59,809.84,-0.00,0.0253
9063,0.26,6.12,7.52,0.0185,0.0117,-0.0076,91968.59,809.84,-0.00,0.0232
9123,0.24,6.05,7.50,0.0173,0.0136,-0.0056,91968.59,809.84,-0.00,0.0227
9186,0.24,6.01,7.50,0.0168,0.0108,-0.0065,91968.59,809.84,-0.00,0.0210
9246,0.23,6.06,7.46,0.0183,0.0139,-0.0068,91968.59,809.84,-0.00,0.0239
9309,0.25,6.08,7.42,0.0199,0.0108,-0.0057,91968.59,809.84,-0.00,0.0233
9379,0.20,6.04,7.47,0.0192,0.0120,-0.0060,91968.59,809.84,-0.00,0.0234
9441,0.23,6.10,7.49,0.0163,0.0109,-0.0048,91968.59,809.84,-0.00,0.0202
9503,0.24,6.01,7.44,0.0167,0.0140,-0.0064,91968.76,809.83,-0.08,0.0227
9565,0.26,6.00,7.42,0.0167,0.0113,-0.0053,91968.76,809.83,-0.05,0.0208
9627,0.27,6.13,7.43,0.0115,0.0116,-0.0071,91968.76,809.83,-0.04,0.0178
9689,0.26,6.05,7.44,0.0191,0.0141,-0.0069,91968.76,809.83,-0.03,0.0247
9751,0.23,6.08,7.46,0.0167,0.0116,-0.0084,91968.76,809.83,-0.02,0.0220
9816,0.29,6.10,7.49,0.0168,0.0119,-0.0031,91968.76,809.83,-0.01,0.0208
9879,0.24,6.01,7.46,0.0181,0.0139,-0.0061,91968.76,809.83,-0.01,0.0236
9939,0.23,6.03,7.49,0.0173,0.0119,-0.0075,91968.76,809.83,-0.01,0.0223
10002,0.27,6.08,7.44,0.0143,0.0120,-0.0065,91968.76,809.83,-0.00,0.0197
10062,0.20,6.02,7.39,0.0168,0.0129,-0.0060,91969.09,809.80,-0.15,0.0220
10125,0.26,6.08,7.46,0.0180,0.0127,-0.0061,91969.09,809.80,-0.11,0.0228
10185,0.27,6.11,7.46,0.0177,0.0129,-0.0044,91969.09,809.80,-0.07,0.0224
10263,0.21,6.06,7.45,0.0180,0.0132,-0.0073,91969.09,809.80,-0.05,0.0235
10324,0.25,6.07,7.46,0.0163,0.0083,-0.0073,91969.09,809.80,-0.04,0.0197
10388,0.21,6.02,7.44,0.0173,0.0145,-0.0069,91969.09,809.80,-0.03,0.0236
10449,0.21,6.05,7.44,0.0191,0.0156,-0.0053,91969.09,809.80,-0.02,0.0252
10513,0.27,6.03,7.40,0.0155,0.0071,-0.0092,91969.09,809.77,-0.16,0.0193
10574,0.27,6.04,7.44,0.0160,0.0073,-0.0061,91969.44,809.77,-0.11,0.0186
10638,0.25,6.06,7.44,0.0164,0.0132,-0.0065,91969.44,809.77,-0.08,0.0220
10703,0.26,6.08,7.46,0.0168,0.0124,-0.0043,91969.44,809.77,-0.06,0.0213
10765,0.22,6.04,7.45,0.0181,0.0087,-0.0063,91969.44,809.77,-0.04,0.0210
10827,0.24,6.07,7.44,0.0179,0.0129,-0.0065,91969.44,809.77,-0.03,0.0230
10889,0.24,6.07,7.45,0.0173,0.0121,-0.0039,91969.44,809.77,-0.02,0.0215
10951,0.25,5.97,7.43,0.0189,0.0132,-0.0056,91969.44,809.77,-0.01,0.0237
11013,0.28,6.05,7.45,0.0168,0.0147,-0.0069,91969.44,809.77,-0.01,0.0233
11075,0.28,6.04,7.42,0.0156,0.0117,-0.0076,91969.61,809.75,-0.08,0.0209
11140,0.23,6.03,7.45,0.0211,0.0108,-0.0056,91969.61,809.75,-0.06,0.0243
11204,0.30,6.11,7.47,0.0176,0.0112,-0.0061,91969.61,809.75,-0.04,0.0217
11265,0.23,6.07,7.44,0.0153,0.0116,-0.0048,91969.61,809.75,-0.03,0.0198
11329,0.21,6.06,7.46,0.0168,0.0123,-0.0085,91969.61,809.75,-0.02,0.0225
11395,0.28,6.07,7.45,0.0180,0.0117,-0.0063,91969.61,809.75,-0.01,0.0224
11459,0.22,6.04,7.43,0.0168,0.0123,-0.0080,91969.61,809.75,-0.01,0.0223
11520,0.26,6.05,7.46,0.0163,0.0117,-0.0065,91969.61,809.75,-0.01,0.0211
11587,0.24,6.06,7.46,0.0153,0.0120,-0.0065,91969.78,809.73,-0.07,0.0205
11649,0.25,5.99,7.43,0.0184,0.0104,-0.0073,91969.78,809.73,-0.05,0.0224
11711,0.30,6.04,7.40,0.0132,0.0113,-0.0027,91969.78,809.73,-0.04,0.0176
11773,0.26,6.03,7.43,0.0188,0.0107,-0.0029,91969.78,809.73,-0.03,0.0218
11835,0.18,6.03,7.44,0.0148,0.0083,-0.0045,91969.78,809.73,-0.02,0.0175
11897,0.28,6.11,7.47,0.0185,0.0105,-0.0064,91969.78,809.73,-0.01,0.0222
11959,0.23,6.05,7.44,0.0168,0.0124,-0.0065,91969.78,809.73,-0.01,0.0219
12026,0.27,6.09,7.47,0.0167,0.0116,-0.0087,91969.78,809.73,-0.01,0.0221
12087,0.26,6.08,7.43,0.0168,0.0120,-0.0073,91969.95,809.72,-0.08,0.0219
12151,0.25,6.03,7.47,0.0201,0.0101,-0.0047,91969.95,809.72,-0.06,0.0230
12212,0.26,6.22,7.64,0.0191,0.0168,-0.0083,91969.95,809.72,-0.04,0.0267
12276,0.29,6.06,7.52,0.0183,0.0127,-0.0021,91969.95,809.72,-0.03,0.0223
12337,0.27,6.06,7.47,0.0171,0.0084,-0.0063,91969.95,809.72,-0.02,0.0200
12401,0.27,6.10,7.49,0.0165,0.0121,-0.0059,91969.95,809.72,-0.01,0.0213
12466,0.25,6.05,7.46,0.0188,0.0132,-0.0051,91969.95,809.72,-0.01,0.0235
12528,0.23,6.04,7.43,0.0168,0.0127,-0.0068,91969.95,809.72,-0.01,0.0221
12591,0.28,6.02,7.44,0.0172,0.0145,-0.0055,91970.13,809.70,-0.08,0.0232
12653,0.21,6.01,7.42,0.0203,0.0157,-0.0049,91970.13,809.70,-0.05,0.0261
12715,0.26,6.06,7.48,0.0165,0.0148,-0.0063,91970.13,809.70,-0.04,0.0230
12777,0.28,6.08,7.50,0.0171,0.0137,-0.0055,91970.13,809.70,-0.03,0.0226
12839,0.22,6.08,7.45,0.0180,0.0052,-0.0083,91970.13,809.70,-0.02,0.0205
12904,0.28,6.05,7.43,0.0173,0.0087,-0.0069,91970.13,809.70,-0.01,0.0206
12968,0.25,6.10,7.47,0.0153,0.0131,-0.0040,91970.13,809.70,-0.01,0.0205
13029,0.24,6.02,7.43,0.0173,0.0140,-0.0067,91970.13,809.70,-0.01,0.0232
13093,0.25,6.07,7.44,0.0192,0.0108,-0.0073,91969.95,809.72,0.07,0.0232
13154,0.26,6.08,7.47,0.0157,0.0088,-0.0059,91969.95,809.72,0.05,0.0189
13218,0.23,6.01,7.45,0.0201,0.0145,-0.0069,91969.95,809.72,0.03,0.0258
13279,0.25,6.07,7.48,0.0168,0.0097,-0.0049,91969.95,809.72,0.02,0.0200
13346,0.24,6.02,7.42,0.0176,0.0083,-0.0072,91969.95,809.72,0.02,0.0207
13414,0.23,6.05,7.46,0.0203,0.0108,-0.0044,91969.95,809.72,0.01,0.0234
13476,0.24,6.07,7.46,0.0149,0.0116,-0.0052,91969.95,809.72,0.01,0.0196
13538,0.23,6.06,7.47,0.0196,0.0156,-0.0075,91969.95,809.72,0.01,0.0261
13600,0.26,6.12,7.39,0.0191,0.0160,-0.0068,91969.95,809.72,0.00,0.0258
13663,0.30,6.09,7.44,0.0172,0.0100,-0.0073,91969.95,809.72,0.00,0.0212
13725,0.19,6.04,7.44,0.0155,0.0093,-0.0063,91969.95,809.72,0.00,0.0191
13802,0.26,6.09,7.47,0.0181,0.0117,-0.0073,91969.95,809.72,0.00,0.0228
13864,0.26,6.06,7.46,0.0145,0.0103,-0.0057,91969.95,809.72,0.00,0.0187
13927,0.25,6.05,7.46,0.0160,0.0165,-0.0075,91969.95,809.72,0.00,0.0242
13989,0.28,6.02,7.40,0.0165,0.0112,-0.0040,91969.95,809.72,0.00,0.0204
14052,0.19,6.09,7.45,0.0191,0.0125,-0.0081,91969.95,809.72,0.00,0.0242
14114,0.26,6.07,7.50,0.0172,0.0137,-0.0072,91970.13,809.70,-0.07,0.0231
14177,0.29,6.04,7.43,0.0184,0.0105,-0.0053,91970.13,809.70,-0.05,0.0218
14242,0.24,5.96,7.41,0.0173,0.0129,-0.0071,91970.13,809.70,-0.04,0.0227
14306,0.28,6.09,7.49,0.0179,0.0152,-0.0065,91970.13,809.70,-0.03,0.0243
14367,0.27,6.00,7.43,0.0179,0.0107,-0.0092,91970.13,809.70,-0.02,0.0227
14431,0.23,6.02,7.41,0.0204,0.0147,-0.0061,91970.13,809.70,-0.01,0.0258
14492,0.27,6.15,7.48,0.0176,0.0115,-0.0069,91970.13,809.70,-0.01,0.0221
14556,0.20,6.12,7.56,0.0116,0.0023,-0.0067,91970.13,809.70,-0.01,0.0136
14617,0.24,6.08,7.45,0.0195,0.0081,-0.0067,91970.30,809.69,-0.08,0.0221
14684,0.25,6.08,7.48,0.0187,0.0109,-0.0068,91970.30,809.69,-0.06,0.0227
14746,0.21,6.04,7.45,0.0157,0.0127,-0.0048,91970.30,809.69,-0.04,0.0207
14808,0.25,6.00,7.47,0.0164,0.0125,-0.0055,91970.30,809.69,-0.03,0.0213
14870,0.28,6.10,7.51,0.0175,0.0104,-0.0052,91970.30,809.69,-0.02,0.0210
14932,0.26,6.02,7.47,0.0173,0.0089,-0.0064,91970.30,809.69,-0.01,0.0205
14994,0.23,6.04,7.48,0.0171,0.0083,-0.0061,91970.30,809.69,-0.01,0.0199
15056,0.25,6.14,7.47,0.0172,0.0131,-0.0048,91970.30,809.69,-0.01,0.0221
15123,0.23,5.98,7.42,0.0176,0.0131,-0.0040,91970.47,809.67,-0.08,0.0223
15184,0.25,6.06,7.44,0.0167,0.0119,-0.0071,91970.47,809.67,-0.05,0.0216
15248,0.28,6.08,7.49,0.0172,0.0136,-0.0048,91970.47,809.67,-0.04,0.0224
15309,0.23,6.05,7.43,0.0184,0.0135,-0.0072,91970.47,809.67,-0.03,0.0239
15373,0.22,6.06,7.45,0.0208,0.0113,-0.0040,91970.47,809.67,-0.02,0.0240
15439,0.24,6.09,7.44,0.0159,0.0128,-0.0072,91970.47,809.67,-0.01,0.0216
15503,0.26,6.03,7.46,0.0187,0.0113,-0.0055,91970.47,809.67,-0.01,0.0225
15568,0.25,6.07,7.43,0.0168,0.0133,-0.0075,91970.47,809.67,-0.01,0.0227
15630,0.26,6.06,7.44,0.0161,0.0132,-0.0056,91970.64,809.66,-0.08,0.0216
15692,0.24,6.05,7.50,0.0165,0.0119,-0.0055,91970.64,809.66,-0.05,0.0211
15754,0.27,6.04,7.49,0.0155,0.0107,-0.0069,91970.64,809.66,-0.04,0.0200
15816,0.23,6.12,7.49,0.0161,0.0096,-0.0049,91970.64,809.66,-0.03,0.0194
15878,0.23,6.01,7.45,0.0171,0.0120,-0.0051,91970.64,809.66,-0.02,0.0215
15940,0.26,6.09,7.44,0.0160,0.0097,-0.0052,91970.64,809.66,-0.01,0.0194
16005,0.21,6.03,7.45,0.0153,0.0111,-0.0080,91970.64,809.66,-0.01,0.0205
16069,0.22,6.03,7.48,0.0211,0.0132,-0.0073,91970.64,809.66,-0.01,0.0259
16130,0.24,6.08,7.45,0.0165,0.0127,-0.0065,91970.47,809.67,0.07,0.0218
16194,0.24,6.03,7.46,0.0195,0.0113,-0.0055,91970.47,809.67,0.05,0.0232
16255,0.23,6.05,7.47,0.0164,0.0105,-0.0080,91970.47,809.67,0.03,0.0211
16319,0.29,6.08,7.41,0.0168,0.0120,-0.0077,91970.47,809.67,0.02,0.0220
16380,0.23,6.02,7.43,0.0175,0.0123,-0.0055,91970.47,809.67,0.02,0.0220
16447,0.22,6.06,7.45,0.0181,0.0129,-0.0052,91970.47,809.67,0.01,0.0229
16510,0.26,6.08,7.44,0.0185,0.0117,-0.0063,91970.47,809.67,0.01,0.0228
16572,0.20,6.01,7.44,0.0168,0.0109,-0.0059,91970.47,809.67,0.01,0.0209
16634,0.26,6.06,7.48,0.0168,0.0103,-0.0089,91970.47,809.67,0.00,0.0216
16696,0.27,6.09,7.44,0.0149,0.0151,-0.0057,91970.47,809.67,0.00,0.0220
16759,0.24,6.06,7.45,0.0199,0.0125,-0.0075,91970.47,809.67,0.00,0.0246
16821,0.26,6.07,7.47,0.0195,0.0109,-0.0063,91970.47,809.67,0.00,0.0232
16883,0.23,6.09,7.45,0.0168,0.0129,-0.0048,91970.47,809.67,0.00,0.0217
16948,0.21,5.98,7.46,0.0205,0.0113,-0.0048,91970.47,809.67,0.00,0.0239
17012,0.28,6.03,7.51,0.0164,0.0100,-0.0056,91970.47,809.67,0.00,0.0200
17073,0.24,6.05,7.42,0.0168,0.0099,-0.0064,91970.47,809.67,0.00,0.0205
17137,0.22,6.05,7.41,0.0205,0.0101,-0.0057,91970.64,809.66,-0.07,0.0236
17198,0.31,6.09,7.46,0.0167,0.0123,-0.0075,91970.64,809.66,-0.05,0.0220
17262,0.26,6.05,7.46,0.0168,0.0111,-0.0056,91970.64,809.66,-0.03,0.0209
17323,0.23,6.03,7.46,0.0136,0.0120,-0.0056,91970.64,809.66,-0.02,0.0190
17402,0.25,6.06,7.47,0.0168,0.0117,-0.0051,91970.64,809.66,-0.02,0.0211
17468,0.19,6.01,7.47,0.0172,0.0087,-0.0072,91970.64,809.66,-0.01,0.0205
17532,0.25,6.07,7.43,0.0176,0.0127,-0.0075,91970.64,809.66,-0.01,0.0229
17593,0.20,6.02,7.44,0.0181,0.0120,-0.0075,91970.64,809.66,-0.01,0.0230
17657,0.26,6.07,7.48,0.0181,0.0103,-0.0087,91970.64,809.66,-0.00,0.0226
17718,0.30,6.17,7.47,0.0176,0.0115,-0.0072,91970.64,809.66,-0.00,0.0222
17782,0.24,6.01,7.47,0.0199,0.0115,-0.0076,91970.64,809.66,-0.00,0.0241
17847,0.22,6.02,7.45,0.0179,0.0128,-0.0069,91970.64,809.66,-0.00,0.0230
17909,0.30,6.08,7.44,0.0175,0.0133,-0.0059,91970.64,809.66,-0.00,0.0227
17971,0.23,6.00,7.46,0.0160,0.0116,-0.0057,91970.64,809.66,-0.00,0.0206
18033,0.27,6.06,7.45,0.0197,0.0109,-0.0093,91970.64,809.66,-0.00,0.0244
18095,0.25,6.07,7.44,0.0176,0.0129,-0.0055,91970.64,809.66,-0.00,0.0225
18157,0.23,6.00,7.48,0.0211,0.0132,-0.0053,91970.81,809.64,-0.07,0.0254
18219,0.24,6.05,7.47,0.0197,0.0113,-0.0071,91970.81,809.64,-0.05,0.0238
18284,0.26,6.07,7.46,0.0164,0.0125,-0.0071,91970.81,809.64,-0.04,0.0218
18348,0.21,6.01,7.45,0.0211,0.0140,-0.0085,91970.81,809.64,-0.03,0.0267
18409,0.24,6.05,7.47,0.0203,0.0095,-0.0077,91970.81,809.64,-0.02,0.0236
18473,0.25,6.07,7.44,0.0177,0.0117,-0.0053,91970.81,809.64,-0.01,0.0219
18534,0.25,6.02,7.44,0.0203,0.0120,-0.0055,91970.81,809.64,-0.01,0.0242
18598,0.26,6.10,7.45,0.0172,0.0119,-0.0052,91970.81,809.64,-0.01,0.0215
18659,0.23,6.10,7.42,0.0168,0.0135,-0.0057,91970.98,809.63,-0.08,0.0223
18726,0.22,6.00,7.42,0.0172,0.0131,-0.0060,91970.98,809.63,-0.06,0.0224
18788,0.23,6.09,7.46,0.0167,0.0124,-0.0055,91970.98,809.63,-0.04,0.0215
18850,0.23,6.07,7.45,0.0168,0.0104,-0.0053,91970.98,809.63,-0.03,0.0205
18912,0.21,6.03,7.44,0.0209,0.0085,-0.0063,91970.98,809.63,-0.02,0.0234
18974,0.20,6.14,7.49,0.0171,0.0045,-0.0096,91970.98,809.63,-0.01,0.0201
19036,0.26,6.04,7.44,0.0199,0.0107,-0.0081,91970.98,809.63,-0.01,0.0240
19098,0.22,6.03,7.42,0.0196,0.0128,-0.0055,91970.98,809.63,-0.01,0.0240
19165,0.25,6.12,7.47,0.0177,0.0153,-0.0060,91970.98,809.63,-0.00,0.0242
19226,0.27,6.04,7.50,0.0179,0.0151,-0.0068,91970.98,809.63,-0.00,0.0243
19290,0.25,6.15,7.56,0.0140,0.0117,-0.0084,91970.98,809.63,-0.00,0.0201
19351,0.28,6.09,7.44,0.0163,0.0131,-0.0049,91970.98,809.63,-0.00,0.0214
19415,0.24,6.01,7.40,0.0164,0.0147,-0.0071,91970.98,809.63,-0.00,0.0231
19481,0.27,6.05,7.41,0.0171,0.0105,-0.0069,91970.98,809.63,-0.00,0.0212
19545,0.24,6.09,7.43,0.0168,0.0121,-0.0053,91970.98,809.63,-0.00,0.0214
19610,0.20,5.97,7.45,0.0207,0.0097,-0.0081,91970.98,809.63,-0.00,0.0242
19672,0.28,6.14,7.39,0.0147,0.0140,-0.0076,91970.82,809.64,0.07,0.0216
19734,0.22,6.08,7.46,0.0157,0.0080,-0.0064,91970.82,809.64,0.05,0.0188
19796,0.24,6.06,7.46,0.0176,0.0136,-0.0064,91970.82,809.64,0.03,0.0231
19858,0.21,6.05,7.46,0.0168,0.0105,-0.0092,91970.82,809.64,0.02,0.0218
19920,0.27,6.08,7.45,0.0173,0.0112,-0.0047,91970.82,809.64,0.02,0.0211
19982,0.24,6.06,7.46,0.0173,0.0141,-0.0083,91970.82,809.64,0.01,0.0238
20047,0.25,6.05,7.42,0.0191,0.0089,-0.0065,91970.82,809.64,0.01,0.0220
20111,0.25,6.02,7.44,0.0188,0.0100,-0.0063,91970.82,809.64,0.01,0.0222
20172,0.23,6.03,7.49,0.0204,0.0120,-0.0095,91971.16,809.61,-0.15,0.0255
20236,0.28,6.11,7.42,0.0187,0.0093,-0.0057,91971.16,809.61,-0.10,0.0216
20297,0.16,6.00,7.34,0.0135,0.0056,-0.0063,91971.16,809.61,-0.07,0.0159
20361,0.22,6.04,7.43,0.0197,0.0081,-0.0071,91971.16,809.61,-0.05,0.0225
20422,0.29,6.05,7.40,0.0199,0.0124,-0.0061,91971.16,809.61,-0.03,0.0242
20489,0.22,5.99,7.51,0.0181,0.0137,-0.0057,91971.16,809.61,-0.02,0.0234
20551,0.23,6.07,7.48,0.0188,0.0113,-0.0068,91971.16,809.61,-0.02,0.0230
20613,0.28,6.11,7.47,0.0148,0.0135,-0.0053,91971.16,809.61,-0.01,0.0207
20676,0.20,6.04,7.45,0.0173,0.0136,-0.0052,91971.05,809.62,0.04,0.0226
20738,0.24,6.07,7.44,0.0179,0.0116,-0.0099,91971.05,809.62,0.03,0.0235
20800,0.26,6.09,7.45,0.0180,0.0088,-0.0068,91971.05,809.62,0.02,0.0211
20862,0.22,6.06,7.43,0.0171,0.0129,-0.0059,91971.05,809.62,0.01,0.0222
20939,0.30,6.06,7.43,0.0195,0.0125,-0.0067,91971.05,809.62,0.01,0.0241
21001,0.25,6.05,7.46,0.0164,0.0116,-0.0061,91971.05,809.62,0.01,0.0210
21063,0.22,6.05,7.47,0.0175,0.0115,-0.0051,91971.05,809.62,0.00,0.0215
21125,0.24,6.14,7.43,0.0197,0.0127,-0.0069,91971.05,809.62,0.00,0.0244
21187,0.26,6.01,7.41,0.0153,0.0141,-0.0079,91971.05,809.62,0.00,0.0223
21249,0.25,6.07,7.41,0.0175,0.0119,-0.0069,91971.05,809.62,0.00,0.0222
21311,0.27,6.03,7.41,0.0171,0.0103,-0.0064,91971.05,809.62,0.00,0.0209
21376,0.20,6.02,7.45,0.0193,0.0123,-0.0043,91971.05,809.62,0.00,0.0233
21439,0.23,6.05,7.50,0.0165,0.0113,-0.0077,91971.05,809.62,0.00,0.0215
21505,0.20,6.08,7.46,0.0176,0.0137,-0.0048,91971.05,809.62,0.00,0.0228
21566,0.23,6.00,7.46,0.0208,0.0111,-0.0053,91971.05,809.62,0.00,0.0241
21631,0.27,6.15,7.47,0.0152,0.0132,-0.0068,91971.05,809.62,0.00,0.0212
21692,0.28,6.09,7.52,0.0160,0.0053,-0.0088,91971.22,809.61,-0.07,0.0190
21753,0.22,6.01,7.53,0.0179,0.0119,-0.0065,91971.22,809.61,-0.05,0.0224
21970,0.27,6.03,7.46,0.0180,0.0137,-0.0057,91971.22,809.61,-0.04,0.0233
22033,0.23,6.06,7.45,0.0168,0.0113,-0.0063,91971.22,809.61,-0.03,0.0212
22095,0.23,6.04,7.45,0.0159,0.0127,-0.0072,91971.22,809.61,-0.02,0.0215
22157,0.26,6.06,7.46,0.0145,0.0095,-0.0061,91971.22,809.61,-0.01,0.0184
22219,0.21,5.97,7.47,0.0164,0.0097,-0.0061,91971.05,809.62,0.07,0.0200
22281,0.29,6.08,7.47,0.0179,0.0108,-0.0081,91971.05,809.62,0.05,0.0224
22343,0.23,6.07,7.44,0.0176,0.0121,-0.0081,91971.05,809.62,0.03,0.0229
22410,0.25,6.07,7.47,0.0191,0.0121,-0.0064,91971.05,809.62,0.02,0.0235
22471,0.26,6.08,7.46,0.0172,0.0124,-0.0067,91971.05,809.62,0.02,0.0222
22535,0.25,6.02,7.46,0.0199,0.0115,-0.0059,91971.05,809.62,0.01,0.0237
22596,0.22,6.05,7.46,0.0185,0.0120,-0.0076,91971.05,809.62,0.01,0.0233
22660,0.27,6.09,7.43,0.0179,0.0136,-0.0040,91971.05,809.62,0.01,0.0228
22721,0.24,6.13,7.48,0.0153,0.0145,-0.0059,91971.22,809.61,-0.07,0.0219
22785,0.26,6.00,7.44,0.0177,0.0129,-0.0087,91971.22,809.61,-0.05,0.0236
22850,0.34,6.31,7.45,0.0172,0.0185,-0.0047,91971.22,809.61,-0.03,0.0257
22912,0.26,5.96,7.44,0.0179,0.0092,-0.0063,91971.22,809.61,-0.02,0.0210
22974,0.23,6.05,7.45,0.0187,0.0111,-0.0053,91971.22,809.61,-0.02,0.0223
23036,0.28,6.05,7.48,0.0168,0.0125,-0.0049,91971.22,809.61,-0.01,0.0215
23099,0.22,6.00,7.46,0.0176,0.0111,-0.0064,91971.22,809.61,-0.01,0.0217
23161,0.24,6.05,7.46,0.0184,0.0091,-0.0072,91971.22,809.61,-0.01,0.0217
23223,0.26,6.14,7.47,0.0171,0.0144,-0.0067,91971.56,809.57,-0.15,0.0233
23288,0.25,6.04,7.46,0.0160,0.0139,-0.0072,91971.56,809.57,-0.11,0.0223
23352,0.28,6.08,7.47,0.0180,0.0129,-0.0065,91971.56,809.57,-0.08,0.0231
23413,0.25,6.04,7.45,0.0172,0.0121,-0.0063,91971.56,809.57,-0.05,0.0219
23477,0.23,5.99,7.46,0.0173,0.0124,-0.0056,91971.56,809.57,-0.04,0.0220
23543,0.23,6.10,7.43,0.0181,0.0135,-0.0045,91971.56,809.57,-0.03,0.0230
23607,0.26,6.00,7.43,0.0176,0.0140,-0.0049,91971.56,809.57,-0.02,0.0230
23668,0.22,6.06,7.49,0.0149,0.0061,-0.0073,91971.56,809.57,-0.01,0.0177
23735,0.25,6.03,7.40,0.0165,0.0136,-0.0065,91971.39,809.59,0.06,0.0224
23797,0.23,6.04,7.43,0.0176,0.0136,-0.0057,91971.39,809.59,0.04,0.0230
23859,0.28,6.07,7.48,0.0188,0.0109,-0.0069,91971.39,809.59,0.03,0.0228
23921,0.28,6.05,7.45,0.0171,0.0113,-0.0077,91971.39,809.59,0.02,0.0219
23983,0.25,6.04,7.47,0.0147,0.0101,-0.0065,91971.39,809.59,0.01,0.0190
24046,0.26,6.08,7.40,0.0167,0.0116,-0.0079,91971.39,809.59,0.01,0.0218
24108,0.26,6.01,7.41,0.0152,0.0083,-0.0079,91971.39,809.59,0.01,0.0190
24343,0.26,6.07,7.38,0.0188,0.0132,-0.0064,91971.73,809.56,-0.03,0.0238
24554,0.23,6.08,7.40,0.0161,0.0097,-0.0049,91971.73,809.56,-0.02,0.0195
24768,0.24,6.03,7.45,0.0197,0.0076,-0.0064,91971.73,809.56,-0.02,0.0221
24979,0.24,6.09,7.49,0.0189,0.0107,-0.0059,91971.73,809.56,-0.01,0.0225
25193,0.28,6.05,7.46,0.0200,0.0109,-0.0073,91971.73,809.56,-0.01,0.0239
25404,0.27,6.05,7.44,0.0184,0.0108,-0.0047,91971.39,809.59,0.04,0.0218
25623,0.24,6.04,7.49,0.0133,0.0104,-0.0073,91971.39,809.59,0.03,0.0184
25868,0.26,6.06,7.44,0.0165,0.0112,-0.0059,91971.39,809.59,0.02,0.0208
25933,0.23,6.00,7.42,0.0171,0.0127,-0.0081,91971.39,809.59,0.01,0.0227
25995,0.26,6.05,7.43,0.0176,0.0104,-0.0060,91971.39,809.59,0.01,0.0213
26060,0.24,6.10,7.40,0.0176,0.0136,-0.0048,91971.39,809.59,0.01,0.0227
26122,0.26,6.03,7.47,0.0181,0.0104,-0.0060,91971.39,809.59,0.00,0.0217
26187,0.27,6.10,7.49,0.0183,0.0125,-0.0075,91971.39,809.59,0.00,0.0234
26249,0.22,6.08,7.46,0.0184,0.0116,-0.0053,91971.56,809.57,-0.07,0.0224
26314,0.24,6.04,7.46,0.0189,0.0115,-0.0063,91971.56,809.57,-0.05,0.0230
26380,0.25,6.07,7.44,0.0180,0.0128,-0.0068,91971.56,809.57,-0.03,0.0231
26442,0.24,5.98,7.44,0.0161,0.0113,-0.0068,91971.56,809.57,-0.02,0.0208
26504,0.24,6.09,7.48,0.0175,0.0104,-0.0071,91971.56,809.57,-0.02,0.0215
26566,0.27,6.09,7.45,0.0180,0.0099,-0.0049,91971.56,809.57,-0.01,0.0211
26628,0.22,6.06,7.52,0.0183,0.0117,-0.0055,91971.56,809.57,-0.01,0.0224
26690,0.24,6.09,7.47,0.0148,0.0109,-0.0087,91971.56,809.57,-0.01,0.0203
26752,0.28,6.07,7.44,0.0165,0.0135,-0.0052,91971.73,809.56,-0.08,0.0219
26817,0.22,6.04,7.42,0.0167,0.0107,-0.0071,91971.73,809.56,-0.06,0.0210
26881,0.30,6.06,7.43,0.0192,0.0097,-0.0072,91971.73,809.56,-0.04,0.0227
26941,0.25,6.07,7.45,0.0164,0.0103,-0.0060,91971.73,809.56,-0.03,0.0202
27005,0.19,6.00,7.43,0.0180,0.0129,-0.0060,91971.73,809.56,-0.02,0.0229
27065,0.26,6.08,7.43,0.0180,0.0111,-0.0048,91971.73,809.56,-0.01,0.0217
27128,0.25,6.03,7.42,0.0195,0.0124,-0.0087,91971.73,809.56,-0.01,0.0246
27188,0.25,6.07,7.47,0.0180,0.0125,-0.0056,91971.73,809.56,-0.01,0.0226
27254,0.26,6.05,7.46,0.0208,0.0139,-0.0065,91971.91,809.54,-0.07,0.0258
27316,0.26,6.05,7.45,0.0193,0.0140,-0.0063,91971.91,809.54,-0.05,0.0247
27378,0.24,6.08,7.44,0.0168,0.0107,-0.0049,91971.91,809.54,-0.04,0.0205
27440,0.26,6.05,7.46,0.0171,0.0100,-0.0067,91971.91,809.54,-0.03,0.0209
27502,0.25,6.01,7.43,0.0176,0.0153,-0.0059,91971.91,809.54,-0.02,0.0240
27564,0.28,6.02,7.49,0.0200,0.0160,-0.0064,91971.91,809.54,-0.01,0.0264
27631,0.27,6.08,7.45,0.0167,0.0160,-0.0073,91971.91,809.54,-0.01,0.0242
27697,0.23,6.07,7.48,0.0179,0.0123,-0.0065,91971.91,809.54,-0.01,0.0226
27757,0.26,6.05,7.45,0.0187,0.0119,-0.0063,91972.08,809.53,-0.08,0.0230
27821,0.26,6.05,7.47,0.0159,0.0141,-0.0051,91972.08,809.53,-0.06,0.0218
27881,0.23,6.05,7.48,0.0204,0.0113,-0.0063,91972.08,809.53,-0.04,0.0241
27945,0.27,6.08,7.49,0.0163,0.0111,-0.0053,91972.08,809.53,-0.03,0.0204
28005,0.26,6.07,7.49,0.0179,0.0121,-0.0057,91972.08,809.53,-0.02,0.0223
28068,0.21,5.99,7.42,0.0177,0.0109,-0.0071,91972.08,809.53,-0.01,0.0220
28133,0.26,6.10,7.40,0.0163,0.0111,-0.0037,91972.08,809.53,-0.01,0.0200
28195,0.30,6.11,7.47,0.0180,0.0117,-0.0063,91972.08,809.53,-0.01,0.0224
28257,0.24,6.00,7.48,0.0187,0.0120,-0.0051,91972.25,809.51,-0.08,0.0227
28319,0.23,6.11,7.48,0.0168,0.0111,-0.0076,91972.25,809.51,-0.06,0.0215
28381,0.25,6.00,7.44,0.0172,0.0111,-0.0043,91972.25,809.51,-0.04,0.0209
28443,0.23,6.04,7.47,0.0191,0.0108,-0.0067,91972.25,809.51,-0.03,0.0229
28505,0.23,6.06,7.44,0.0180,0.0127,-0.0064,91972.25,809.51,-0.02,0.0229
28570,0.24,6.04,7.41,0.0161,0.0109,-0.0080,91972.25,809.51,-0.01,0.0211
28634,0.24,6.06,7.47,0.0177,0.0108,-0.0069,91972.25,809.51,-0.01,0.0219
28694,0.25,6.07,7.46,0.0188,0.0121,-0.0072,91972.25,809.51,-0.01,0.0235
28758,0.23,6.07,7.41,0.0181,0.0116,-0.0035,91972.25,809.51,-0.00,0.0218
28818,0.22,6.01,7.45,0.0172,0.0127,-0.0068,91972.42,809.50,-0.08,0.0224
28882,0.24,6.10,7.43,0.0185,0.0124,-0.0055,91972.42,809.50,-0.06,0.0229
28942,0.25,6.09,7.48,0.0172,0.0151,-0.0057,91972.42,809.50,-0.04,0.0236
29009,0.20,6.04,7.46,0.0192,0.0125,-0.0065,91972.42,809.50,-0.03,0.0238
29071,0.29,6.09,7.44,0.0163,0.0156,-0.0061,91972.42,809.50,-0.02,0.0233
29133,0.22,6.04,7.44,0.0177,0.0120,-0.0065,91972.42,809.50,-0.01,0.0224
29195,0.23,6.03,7.44,0.0199,0.0113,-0.0081,91972.42,809.50,-0.01,0.0243
29257,0.28,6.12,7.43,0.0159,0.0113,-0.0031,91972.42,809.50,-0.01,0.0197
29319,0.22,6.05,7.45,0.0157,0.0139,-0.0048,91972.08,809.53,0.15,0.0215
29381,0.24,6.06,7.45,0.0161,0.0097,-0.0064,91972.08,809.53,0.10,0.0199
29458,0.23,6.05,7.45,0.0175,0.0121,-0.0071,91972.08,809.53,0.07,0.0224
29520,0.25,6.04,7.47,0.0175,0.0127,-0.0065,91972.08,809.53,0.05,0.0225
29582,0.26,6.10,7.48,0.0176,0.0135,-0.0076,91972.08,809.53,0.04,0.0234
29649,0.23,6.06,7.46,0.0183,0.0129,-0.0041,91972.08,809.53,0.02,0.0227
29711,0.21,6.05,7.47,0.0152,0.0097,-0.0067,91972.08,809.53,0.02,0.0192
29773,0.26,6.10,7.43,0.0187,0.0136,-0.0076,91972.08,809.53,0.01,0.0243
29835,0.24,6.02,7.47,0.0189,0.0140,-0.0059,91972.25,809.51,-0.07,0.0242
29900,0.26,6.07,7.45,0.0173,0.0101,-0.0075,91972.25,809.51,-0.05,0.0214
29964,0.26,6.05,7.45,0.0147,0.0129,-0.0073,91972.25,809.51,-0.03,0.0209
30024,0.21,6.00,7.46,0.0171,0.0107,-0.0075,91972.25,809.51,-0.02,0.0214
30087,0.31,6.29,7.77,0.0179,0.0076,-0.0060,91972.25,809.51,-0.02,0.0203
30147,0.23,6.06,7.54,0.0132,0.0129,-0.0040,91972.25,809.51,-0.01,0.0189
30211,0.21,6.04,7.49,0.0160,0.0120,-0.0067,91972.25,809.51,-0.01,0.0211
30271,0.27,5.96,7.44,0.0140,0.0076,-0.0075,91972.25,809.51,-0.01,0.0176
30337,0.25,6.08,7.46,0.0211,0.0121,-0.0061,91972.59,809.48,-0.14,0.0251
30399,0.27,5.94,7.32,0.0201,0.0165,-0.0071,91972.59,809.48,-0.10,0.0270
30461,0.27,6.05,7.42,0.0145,0.0100,-0.0060,91972.59,809.48,-0.07,0.0186
30523,0.22,6.12,7.43,0.0161,0.0101,-0.0047,91972.59,809.48,-0.05,0.0196
30585,0.23,5.99,7.41,0.0195,0.0111,-0.0067,91972.59,809.48,-0.03,0.0233
30647,0.23,6.13,7.47,0.0163,0.0121,-0.0068,91972.59,809.48,-0.02,0.0214
30709,0.29,6.04,7.38,0.0155,0.0081,-0.0065,91972.59,809.48,-0.02,0.0186
30775,0.24,6.01,7.41,0.0165,0.0117,-0.0081,91972.59,809.48,-0.01,0.0218
30835,0.25,6.09,7.45,0.0164,0.0125,-0.0080,91972.42,809.50,0.07,0.0221
30899,0.21,6.03,7.47,0.0177,0.0097,-0.0036,91972.42,809.50,0.05,0.0205
30959,0.20,6.04,7.47,0.0159,0.0137,-0.0059,91972.42,809.50,0.03,0.0218
31023,0.26,6.06,7.46,0.0191,0.0131,-0.0069,91972.42,809.50,0.02,0.0241
31083,0.28,6.08,7.45,0.0160,0.0120,-0.0057,91972.42,809.50,0.02,0.0208
31147,0.22,6.00,7.44,0.0189,0.0101,-0.0089,91972.42,809.50,0.01,0.0232
31212,0.29,6.11,7.44,0.0179,0.0113,-0.0047,91972.42,809.50,0.01,0.0216
31274,0.21,6.04,7.48,0.0163,0.0117,-0.0059,91972.42,809.50,0.01,0.0209
31336,0.23,6.02,7.44,0.0160,0.0132,-0.0053,91972.77,809.47,-0.14,0.0214
31398,0.24,6.10,7.44,0.0196,0.0097,-0.0045,91972.77,809.47,-0.10,0.0223
31460,0.24,6.08,7.45,0.0177,0.0121,-0.0073,91972.77,809.47,-0.07,0.0227
31522,0.24,6.02,7.46,0.0148,0.0121,-0.0085,91972.77,809.47,-0.05,0.0209
31584,0.24,6.09,7.38,0.0143,0.0116,-0.0045,91972.77,809.47,-0.03,0.0189
31654,0.27,5.99,7.28,0.0161,0.0092,-0.0085,91972.77,809.47,-0.02,0.0204
31718,0.27,5.98,7.34,0.0171,0.0113,-0.0085,91972.77,809.47,-0.02,0.0222
31778,0.23,6.19,7.43,0.0184,0.0101,-0.0076,91972.77,809.47,-0.01,0.0223
31842,0.24,6.01,7.48,0.0176,0.0117,-0.0093,91972.77,809.47,-0.01,0.0231
31902,0.27,6.10,7.43,0.0160,0.0080,-0.0055,91972.77,809.47,-0.01,0.0187
31966,0.23,6.05,7.41,0.0173,0.0111,-0.0064,91972.77,809.47,-0.00,0.0215
32026,0.25,6.00,7.46,0.0164,0.0129,-0.0073,91972.77,809.47,-0.00,0.0221
32093,0.29,6.12,7.44,0.0188,0.0119,-0.0069,91972.77,809.47,-0.00,0.0233
32155,0.19,6.00,7.42,0.0160,0.0131,-0.0049,91972.77,809.47,-0.00,0.0212
32217,0.22,6.07,7.44,0.0167,0.0124,-0.0073,91972.77,809.47,-0.00,0.0220
32279,0.23,6.12,7.47,0.0145,0.0115,-0.0055,91972.77,809.47,-0.00,0.0193
32341,0.30,6.01,7.50,0.0171,0.0097,-0.0057,91972.45,809.49,0.13,0.0205
32403,0.25,6.04,7.45,0.0159,0.0089,-0.0077,91972.45,809.49,0.09,0.0198
32465,0.28,6.05,7.43,0.0180,0.0112,-0.0051,91972.45,809.49,0.07,0.0218
32532,0.26,6.03,7.44,0.0185,0.0103,-0.0053,91972.45,809.49,0.05,0.0218
32592,0.26,6.07,7.48,0.0149,0.0099,-0.0055,91972.45,809.49,0.03,0.0187
32656,0.25,6.05,7.46,0.0157,0.0100,-0.0048,91972.45,809.49,0.02,0.0192
32717,0.24,6.03,7.46,0.0175,0.0135,-0.0061,91972.45,809.49,0.02,0.0229
32781,0.25,6.08,7.48,0.0160,0.0125,-0.0061,91972.45,809.49,0.01,0.0212
32841,0.23,6.08,7.44,0.0203,0.0096,-0.0059,91972.63,809.48,-0.07,0.0232
32905,0.22,6.02,7.46,0.0173,0.0117,-0.0056,91972.63,809.48,-0.05,0.0217
32980,0.27,6.07,7.46,0.0165,0.0136,-0.0075,91972.63,809.48,-0.03,0.0227
33044,0.24,6.01,7.47,0.0160,0.0124,-0.0061,91972.63,809.48,-0.02,0.0211
33104,0.26,6.07,7.45,0.0156,0.0128,-0.0057,91972.63,809.48,-0.02,0.0210
33168,0.28,6.02,7.44,0.0155,0.0108,-0.0052,91972.63,809.48,-0.01,0.0196
33228,0.20,6.00,7.49,0.0168,0.0145,-0.0051,91972.63,809.48,-0.01,0.0228
33292,0.29,6.09,7.42,0.0159,0.0133,-0.0052,91972.63,809.48,-0.01,0.0214
33352,0.26,6.07,7.47,0.0179,0.0121,-0.0069,91972.63,809.48,-0.00,0.0227
33419,0.25,6.03,7.50,0.0181,0.0103,-0.0069,91972.63,809.48,-0.00,0.0219
33481,0.27,6.11,7.47,0.0159,0.0141,-0.0071,91972.63,809.48,-0.00,0.0224
33543,0.26,6.07,7.44,0.0157,0.0121,-0.0043,91972.63,809.48,-0.00,0.0203
33605,0.21,6.02,7.46,0.0196,0.0132,-0.0073,91972.63,809.48,-0.00,0.0247
33672,0.25,6.06,7.46,0.0188,0.0105,-0.0049,91972.63,809.48,-0.00,0.0221
33734,0.24,6.05,7.42,0.0145,0.0128,-0.0051,91972.63,809.48,-0.00,0.0200
33796,0.25,6.00,7.48,0.0172,0.0115,-0.0071,91972.63,809.48,-0.00,0.0218
33863,0.26,6.15,7.57,0.0136,0.0133,-0.0045,91972.63,809.48,-0.00,0.0196
33923,0.27,5.97,7.49,0.0171,0.0117,-0.0069,91972.63,809.48,-0.00,0.0218
33987,0.26,6.06,7.47,0.0180,0.0113,-0.0083,91972.63,809.48,-0.00,0.0228
34047,0.28,6.08,7.46,0.0195,0.0128,-0.0063,91972.63,809.48,-0.00,0.0241
34111,0.22,6.06,7.43,0.0189,0.0136,-0.0057,91972.63,809.48,-0.00,0.0240
34172,0.23,5.99,7.43,0.0156,0.0088,-0.0051,91972.63,809.48,-0.00,0.0186
34236,0.22,6.08,7.42,0.0177,0.0121,-0.0072,91972.63,809.48,-0.00,0.0226
34301,0.23,6.04,7.50,0.0177,0.0091,-0.0075,91972.63,809.48,-0.00,0.0213
34363,0.24,6.10,7.48,0.0151,0.0119,-0.0060,91972.63,809.48,-0.00,0.0201
34425,0.25,6.09,7.44,0.0144,0.0105,-0.0052,91972.63,809.48,-0.00,0.0186
34487,0.23,6.02,7.45,0.0185,0.0136,-0.0059,91972.63,809.48,-0.00,0.0237
34549,0.25,6.12,7.51,0.0191,0.0111,-0.0061,91972.63,809.48,-0.00,0.0229
34611,0.26,6.06,7.47,0.0171,0.0093,-0.0073,91972.63,809.48,-0.00,0.0208
34673,0.22,6.08,7.48,0.0152,0.0096,-0.0057,91972.63,809.48,-0.00,0.0189
34738,0.24,6.03,7.41,0.0176,0.0109,-0.0072,91972.63,809.48,-0.00,0.0219
34802,0.24,6.07,7.46,0.0184,0.0113,-0.0073,91972.63,809.48,-0.00,0.0228
34863,0.21,6.04,7.45,0.0175,0.0121,-0.0075,91972.45,809.49,0.08,0.0225
34927,0.23,6.09,7.48,0.0167,0.0117,-0.0084,91972.45,809.49,0.05,0.0220
34987,0.25,6.09,7.46,0.0168,0.0124,-0.0060,91972.45,809.49,0.04,0.0217
35051,0.18,5.99,7.46,0.0180,0.0085,-0.0084,91972.45,809.49,0.03,0.0216
35111,0.25,6.02,7.44,0.0184,0.0117,-0.0087,91972.45,809.49,0.02,0.0235
35178,0.29,6.05,7.47,0.0188,0.0149,-0.0069,91972.45,809.49,0.01,0.0250
35240,0.27,6.00,7.46,0.0171,0.0096,-0.0060,91972.45,809.49,0.01,0.0205
35302,0.26,6.08,7.46,0.0157,0.0120,-0.0072,91972.45,809.49,0.01,0.0210
35364,0.27,6.06,7.42,0.0176,0.0143,-0.0075,91972.45,809.49,0.00,0.0238
35426,0.25,6.03,7.47,0.0208,0.0073,-0.0033,91972.45,809.49,0.00,0.0223
35488,0.28,6.09,7.45,0.0157,0.0103,-0.0069,91972.45,809.49,0.00,0.0200
35550,0.26,6.03,7.48,0.0168,0.0100,-0.0063,91972.45,809.49,0.00,0.0205
35617,0.22,6.06,7.44,0.0155,0.0103,-0.0079,91972.45,809.49,0.00,0.0201
35682,0.26,6.05,7.44,0.0173,0.0100,-0.0060,91972.45,809.49,0.00,0.0209
35746,0.22,6.05,7.48,0.0165,0.0120,-0.0060,91972.45,809.49,0.00,0.0213
35806,0.27,6.10,7.44,0.0168,0.0123,-0.0071,91972.45,809.49,0.00,0.0220
35870,0.25,6.05,7.42,0.0173,0.0121,-0.0089,91972.28,809.51,0.07,0.0229
35930,0.25,6.03,7.46,0.0164,0.0120,-0.0068,91972.28,809.51,0.05,0.0214
35994,0.28,6.09,7.44,0.0159,0.0099,-0.0060,91972.28,809.51,0.04,0.0196
36059,0.23,6.06,7.47,0.0192,0.0132,-0.0057,91972.28,809.51,0.02,0.0240
36121,0.22,6.06,7.45,0.0173,0.0105,-0.0088,91972.28,809.51,0.02,0.0221
36183,0.27,6.08,7.44,0.0143,0.0137,-0.0052,91972.28,809.51,0.01,0.0205
36245,0.25,6.04,7.47,0.0167,0.0129,-0.0067,91972.28,809.51,0.01,0.0221
36307,0.24,6.02,7.47,0.0183,0.0112,-0.0049,91972.28,809.51,0.01,0.0220
36369,0.29,6.08,7.45,0.0153,0.0105,-0.0068,91972.28,809.51,0.00,0.0198
36431,0.21,6.06,7.48,0.0179,0.0125,-0.0051,91972.28,809.51,0.00,0.0224
36493,0.27,6.07,7.46,0.0161,0.0129,-0.0076,91972.28,809.51,0.00,0.0220
36570,0.25,6.03,7.45,0.0148,0.0149,-0.0071,91972.28,809.51,0.00,0.0222
36632,0.24,6.07,7.46,0.0187,0.0088,-0.0052,91972.28,809.51,0.00,0.0213
36694,0.26,6.06,7.44,0.0171,0.0127,-0.0063,91972.28,809.51,0.00,0.0221
36756,0.22,6.04,7.46,0.0153,0.0141,-0.0063,91972.28,809.51,0.00,0.0218
36818,0.25,6.03,7.45,0.0149,0.0132,-0.0065,91972.28,809.51,0.00,0.0210
36880,0.24,6.09,7.41,0.0163,0.0137,-0.0043,91972.28,809.51,0.00,0.0217
36942,0.25,6.01,7.48,0.0201,0.0120,-0.0053,91972.28,809.51,0.00,0.0240
37007,0.24,6.10,7.45,0.0155,0.0127,-0.0036,91972.28,809.51,0.00,0.0203
37071,0.23,6.06,7.43,0.0168,0.0115,-0.0072,91972.28,809.51,0.00,0.0216
37131,0.24,6.02,7.46,0.0173,0.0111,-0.0104,91972.28,809.51,0.00,0.0230
37195,0.26,6.12,7.47,0.0175,0.0127,-0.0061,91972.28,809.51,0.00,0.0224
37255,0.28,6.08,7.47,0.0197,0.0127,-0.0041,91972.28,809.51,0.00,0.0238
37319,0.24,6.04,7.48,0.0175,0.0132,-0.0076,91972.28,809.51,0.00,0.0232
37379,0.25,6.10,7.45,0.0135,0.0129,-0.0081,91972.28,809.51,0.00,0.0204
37446,0.24,6.03,7.44,0.0172,0.0129,-0.0067,91972.11,809.53,0.07,0.0225
37508,0.26,6.05,7.48,0.0160,0.0103,-0.0036,91972.11,809.53,0.05,0.0193
37570,0.25,6.10,7.47,0.0171,0.0116,-0.0048,91972.11,809.53,0.04,0.0212
37630,0.23,6.06,7.47,0.0181,0.0135,-0.0051,91972.11,809.53,0.03,0.0231
37850,0.27,6.09,7.48,0.0137,0.0156,-0.0060,91972.11,809.53,0.02,0.0216
38212,0.25,6.08,7.47,0.0164,0.0103,-0.0089,91971.95,809.54,0.02,0.0213
38572,0.21,6.04,7.49,0.0167,0.0104,-0.0053,91971.95,809.54,0.02,0.0203
38695,0.25,6.07,7.43,0.0168,0.0133,-0.0043,91971.95,809.54,0.01,0.0219
38756,0.24,6.00,7.47,0.0140,0.0125,-0.0061,91971.95,809.54,0.01,0.0198
38819,0.23,6.09,7.47,0.0156,0.0103,-0.0061,91971.95,809.54,0.01,0.0196
38879,0.24,6.09,7.42,0.0157,0.0135,-0.0077,91971.95,809.54,0.00,0.0221
38943,0.24,6.01,7.47,0.0179,0.0100,-0.0079,91972.09,809.53,-0.06,0.0219
39004,0.27,6.10,7.46,0.0179,0.0128,-0.0055,91972.09,809.53,-0.04,0.0226
39068,0.25,6.07,7.43,0.0181,0.0140,-0.0049,91972.09,809.53,-0.03,0.0234
39133,0.25,6.03,7.47,0.0189,0.0104,-0.0065,91972.09,809.53,-0.02,0.0226
39195,0.25,6.10,7.45,0.0176,0.0099,-0.0059,91972.09,809.53,-0.01,0.0210
39257,0.24,6.03,7.46,0.0217,0.0108,-0.0087,91972.09,809.53,-0.01,0.0258
39319,0.27,6.07,7.46,0.0191,0.0147,-0.0059,91972.09,809.53,-0.01,0.0247
39381,0.27,6.06,7.42,0.0180,0.0140,-0.0063,91972.09,809.53,-0.00,0.0236
39443,0.23,6.01,7.44,0.0193,0.0092,-0.0092,91971.91,809.54,0.08,0.0233
39505,0.24,6.05,7.47,0.0156,0.0116,-0.0068,91971.91,809.54,0.05,0.0206
39570,0.27,6.10,7.44,0.0181,0.0133,-0.0065,91971.91,809.54,0.04,0.0234
39633,0.24,6.04,7.50,0.0168,0.0116,-0.0053,91971.91,809.54,0.03,0.0211
39693,0.26,6.08,7.47,0.0168,0.0115,-0.0061,91971.91,809.54,0.02,0.0212
39756,0.29,6.11,7.44,0.0168,0.0109,-0.0056,91971.91,809.54,0.01,0.0208
39816,0.25,6.01,7.46,0.0175,0.0107,-0.0069,91971.91,809.54,0.01,0.0216
39885,0.25,6.07,7.46,0.0188,0.0108,-0.0069,91971.91,809.54,0.01,0.0227
39945,0.27,6.07,7.44,0.0159,0.0105,-0.0055,91971.58,809.57,0.15,0.0198
40011,0.23,6.05,7.48,0.0181,0.0129,-0.0069,91971.58,809.57,0.11,0.0233
40073,0.29,6.11,7.46,0.0144,0.0156,-0.0076,91971.58,809.57,0.08,0.0225
40135,0.28,6.05,7.44,0.0165,0.0145,-0.0049,91971.58,809.57,0.05,0.0225
40197,0.23,6.03,7.44,0.0173,0.0127,-0.0061,91971.58,809.57,0.04,0.0223
40259,0.30,6.09,7.45,0.0153,0.0108,-0.0035,91971.58,809.57,0.03,0.0191
40321,0.24,6.07,7.46,0.0161,0.0121,-0.0049,91971.58,809.57,0.02,0.0208
40383,0.23,5.99,7.45,0.0187,0.0105,-0.0067,91971.58,809.57,0.01,0.0224
40449,0.27,6.11,7.47,0.0168,0.0123,-0.0099,91971.58,809.57,0.01,0.0230
40509,0.25,6.02,7.43,0.0192,0.0132,-0.0063,91971.58,809.57,0.01,0.0241
40573,0.25,6.01,7.47,0.0165,0.0129,-0.0065,91971.58,809.57,0.00,0.0220
40634,0.26,6.13,7.48,0.0188,0.0088,-0.0057,91971.58,809.57,0.00,0.0215
40697,0.22,6.04,7.45,0.0177,0.0104,-0.0041,91971.58,809.57,0.00,0.0210
40757,0.23,6.05,7.44,0.0156,0.0101,-0.0087,91971.58,809.57,0.00,0.0205
40821,0.26,6.08,7.44,0.0188,0.0072,-0.0056,91971.58,809.57,0.00,0.0209
40896,0.24,6.01,7.47,0.0173,0.0137,-0.0059,91971.58,809.57,0.00,0.0229
40960,0.26,6.08,7.44,0.0181,0.0105,-0.0056,91971.73,809.56,-0.07,0.0217
41021,0.24,6.06,7.46,0.0191,0.0129,-0.0033,91971.73,809.56,-0.05,0.0233
41085,0.23,6.06,7.47,0.0177,0.0104,-0.0068,91971.73,809.56,-0.03,0.0216
41146,0.28,6.10,7.40,0.0167,0.0108,-0.0063,91971.73,809.56,-0.02,0.0208
41210,0.22,6.03,7.44,0.0140,0.0121,-0.0040,91971.73,809.56,-0.02,0.0189
41271,0.22,6.05,7.48,0.0168,0.0127,-0.0060,91971.73,809.56,-0.01,0.0219
41338,0.28,6.08,7.44,0.0188,0.0111,-0.0068,91971.73,809.56,-0.01,0.0228
41401,0.23,6.06,7.45,0.0165,0.0141,-0.0057,91971.73,809.56,-0.01,0.0225
41463,0.24,6.03,7.45,0.0209,0.0149,-0.0057,91971.57,809.57,0.07,0.0263
41526,0.28,6.09,7.45,0.0156,0.0101,-0.0051,91971.57,809.57,0.05,0.0193
41588,0.22,6.01,7.47,0.0191,0.0129,-0.0060,91971.57,809.57,0.03,0.0238
41650,0.25,6.07,7.45,0.0164,0.0112,-0.0055,91971.57,809.57,0.02,0.0206
41712,0.27,6.11,7.45,0.0168,0.0100,-0.0073,91971.57,809.57,0.02,0.0209
41779,0.23,6.00,7.44,0.0177,0.0100,-0.0057,91971.57,809.57,0.01,0.0211
41840,0.25,6.11,7.47,0.0168,0.0107,-0.0045,91971.57,809.57,0.01,0.0204
41909,0.15,6.06,7.62,0.0159,-0.0031,-0.0068,91971.57,809.57,0.01,0.0175
41970,0.20,6.01,7.51,0.0184,0.0116,-0.0067,91971.57,809.57,0.00,0.0227
42034,0.28,6.11,7.43,0.0197,0.0117,-0.0048,91971.57,809.57,0.00,0.0234
42095,0.21,6.00,7.46,0.0193,0.0149,-0.0045,91971.57,809.57,0.00,0.0248
42159,0.21,6.06,7.56,0.0175,0.0127,-0.0081,91971.57,809.57,0.00,0.0230
42220,0.20,6.17,7.38,0.0149,0.0151,-0.0068,91971.57,809.57,0.00,0.0223
42287,0.24,6.04,7.45,0.0159,0.0093,-0.0063,91971.57,809.57,0.00,0.0194
42350,0.25,6.05,7.48,0.0145,0.0079,-0.0084,91971.57,809.57,0.00,0.0185
42412,0.30,6.04,7.41,0.0167,0.0111,-0.0080,91971.57,809.57,0.00,0.0215
42475,0.19,6.05,7.43,0.0172,0.0125,-0.0051,91971.73,809.56,-0.07,0.0219
42537,0.25,6.05,7.43,0.0188,0.0123,-0.0076,91971.73,809.56,-0.05,0.0237
42599,0.26,6.07,7.43,0.0195,0.0129,-0.0065,91971.73,809.56,-0.04,0.0242
42661,0.23,6.05,7.45,0.0193,0.0128,-0.0063,91971.73,809.56,-0.02,0.0240
42728,0.28,6.10,7.48,0.0175,0.0128,-0.0065,91971.73,809.56,-0.02,0.0226
42789,0.28,6.08,7.44,0.0172,0.0157,-0.0080,91971.73,809.56,-0.01,0.0246
42853,0.20,5.99,7.38,0.0165,0.0084,-0.0055,91971.73,809.56,-0.01,0.0193
42914,0.28,6.04,7.44,0.0216,0.0132,-0.0080,91971.73,809.56,-0.01,0.0265
42978,0.28,6.17,7.41,0.0152,0.0163,-0.0064,91971.73,809.56,-0.00,0.0231
43039,0.22,6.06,7.48,0.0191,0.0123,-0.0076,91971.73,809.56,-0.00,0.0239
43103,0.31,6.05,7.39,0.0180,0.0137,-0.0063,91971.73,809.56,-0.00,0.0235
43168,0.26,6.06,7.39,0.0161,0.0112,-0.0075,91971.73,809.56,-0.00,0.0210
43230,0.32,6.10,7.49,0.0093,0.0023,-0.0103,91971.73,809.56,-0.00,0.0140
43292,0.27,6.07,7.49,0.0155,0.0104,-0.0079,91971.73,809.56,-0.00,0.0202
43354,0.27,6.16,7.55,0.0183,0.0161,-0.0053,91971.73,809.56,-0.00,0.0249
43417,0.23,6.06,7.51,0.0129,0.0067,-0.0084,91971.73,809.56,-0.00,0.0168
43479,0.22,6.10,7.44,0.0143,0.0115,-0.0052,91971.73,809.56,-0.00,0.0190
43542,0.25,6.07,7.43,0.0156,0.0092,-0.0072,91971.73,809.56,-0.00,0.0195
43607,0.26,6.03,7.47,0.0187,0.0073,-0.0087,91971.73,809.56,-0.00,0.0218
43671,0.23,6.10,7.46,0.0191,0.0137,-0.0057,91971.73,809.56,-0.00,0.0242
43732,0.22,6.05,7.41,0.0153,0.0120,-0.0031,91971.73,809.56,-0.00,0.0197
43796,0.26,5.98,7.41,0.0204,0.0128,-0.0067,91971.73,809.56,-0.00,0.0250
43857,0.25,6.05,7.40,0.0172,0.0092,-0.0061,91971.73,809.56,-0.00,0.0204
43926,0.25,6.06,7.46,0.0163,0.0120,-0.0055,91971.73,809.56,-0.00,0.0209
43987,0.23,6.05,7.45,0.0133,0.0127,-0.0080,91972.08,809.53,-0.15,0.0200
44054,0.23,6.01,7.44,0.0204,0.0111,-0.0063,91972.08,809.53,-0.10,0.0240
44117,0.26,6.06,7.47,0.0192,0.0119,-0.0071,91972.08,809.53,-0.07,0.0236
44179,0.29,6.10,7.46,0.0179,0.0123,-0.0041,91972.08,809.53,-0.05,0.0220
44242,0.26,6.05,7.48,0.0168,0.0117,-0.0099,91972.08,809.53,-0.04,0.0227
44304,0.25,6.04,7.45,0.0181,0.0115,-0.0069,91972.08,809.53,-0.03,0.0225
44366,0.25,6.11,7.46,0.0171,0.0107,-0.0081,91972.08,809.53,-0.02,0.0217
44428,0.23,6.03,7.46,0.0168,0.0133,-0.0096,91972.08,809.53,-0.01,0.0235
44505,0.26,6.11,7.47,0.0188,0.0145,-0.0059,91972.25,809.51,-0.07,0.0245
44567,0.22,6.04,7.47,0.0188,0.0153,-0.0061,91972.25,809.51,-0.05,0.0250
44629,0.26,6.05,7.46,0.0164,0.0108,-0.0063,91972.25,809.51,-0.03,0.0206
44691,0.29,6.05,7.45,0.0188,0.0103,-0.0064,91972.25,809.51,-0.02,0.0223
44753,0.25,6.01,7.47,0.0173,0.0137,-0.0057,91972.25,809.51,-0.02,0.0228
44815,0.23,6.05,7.47,0.0163,0.0133,-0.0071,91972.25,809.51,-0.01,0.0222
44878,0.24,6.10,7.45,0.0191,0.0087,-0.0063,91972.25,809.51,-0.01,0.0218
44943,0.24,6.03,7.45,0.0180,0.0111,-0.0071,91972.25,809.51,-0.01,0.0223
45007,0.24,6.07,7.49,0.0139,0.0105,-0.0068,91972.25,809.51,-0.00,0.0187
45068,0.25,6.09,7.46,0.0171,0.0135,-0.0065,91972.25,809.51,-0.00,0.0227
45132,0.25,6.05,7.47,0.0175,0.0129,-0.0077,91972.25,809.51,-0.00,0.0231
45193,0.28,6.06,7.44,0.0168,0.0123,-0.0037,91972.25,809.51,-0.00,0.0211
45257,0.25,6.04,7.47,0.0205,0.0124,-0.0043,91972.25,809.51,-0.00,0.0243
45318,0.24,6.06,7.36,0.0163,0.0132,-0.0093,91972.25,809.51,-0.00,0.0229
45385,0.26,6.07,7.45,0.0176,0.0123,-0.0061,91972.25,809.51,-0.00,0.0223
45448,0.26,5.98,7.49,0.0181,0.0133,-0.0052,91972.25,809.51,-0.00,0.0231
45510,0.22,6.06,7.45,0.0189,0.0137,-0.0057,91972.42,809.50,-0.08,0.0241
45573,0.25,6.10,7.43,0.0161,0.0129,-0.0037,91972.42,809.50,-0.05,0.0210
45635,0.21,6.02,7.44,0.0201,0.0151,-0.0045,91972.42,809.50,-0.04,0.0255
45697,0.26,6.08,7.43,0.0196,0.0104,-0.0061,91972.42,809.50,-0.03,0.0230
45759,0.30,6.08,7.43,0.0195,0.0112,-0.0056,91972.42,809.50,-0.02,0.0231
45826,0.24,6.02,7.47,0.0173,0.0096,-0.0084,91972.42,809.50,-0.01,0.0215
45887,0.26,6.17,7.63,0.0185,0.0185,-0.0077,91972.42,809.50,-0.01,0.0273
45956,0.23,6.01,7.49,0.0156,0.0092,-0.0071,91972.42,809.50,-0.01,0.0194
46017,0.25,6.05,7.48,0.0197,0.0084,-0.0075,91972.42,809.50,-0.00,0.0227
46081,0.25,6.09,7.39,0.0160,0.0103,-0.0063,91972.42,809.50,-0.00,0.0200
46142,0.26,6.04,7.45,0.0168,0.0081,-0.0069,91972.42,809.50,-0.00,0.0199
46206,0.24,6.07,7.46,0.0188,0.0109,-0.0075,91972.42,809.50,-0.00,0.0230
46271,0.28,6.07,7.44,0.0152,0.0104,-0.0056,91972.42,809.50,-0.00,0.0192
46333,0.24,6.02,7.48,0.0189,0.0103,-0.0057,91972.42,809.50,-0.00,0.0223
46396,0.26,6.07,7.44,0.0175,0.0121,-0.0077,91972.42,809.50,-0.00,0.0226
46458,0.27,6.01,7.44,0.0159,0.0123,-0.0056,91972.42,809.50,-0.00,0.0208
46521,0.26,6.06,7.45,0.0177,0.0127,-0.0072,91972.59,809.48,-0.07,0.0229
46583,0.26,6.10,7.43,0.0184,0.0132,-0.0063,91972.59,809.48,-0.05,0.0235
46645,0.27,6.06,7.45,0.0183,0.0152,-0.0063,91972.59,809.48,-0.03,0.0246
46710,0.21,6.01,7.45,0.0171,0.0115,-0.0076,91972.59,809.48,-0.02,0.0219
46774,0.30,6.07,7.47,0.0171,0.0111,-0.0073,91972.59,809.48,-0.02,0.0216
46835,0.24,6.06,7.47,0.0160,0.0101,-0.0065,91972.59,809.48,-0.01,0.0200
46899,0.22,6.03,7.48,0.0177,0.0115,-0.0048,91972.59,809.48,-0.01,0.0216
46960,0.29,6.11,7.45,0.0173,0.0100,-0.0043,91972.59,809.48,-0.01,0.0204
47024,0.24,6.03,7.43,0.0181,0.0127,-0.0083,91972.76,809.47,-0.08,0.0236
47085,0.23,6.04,7.47,0.0189,0.0129,-0.0071,91972.76,809.47,-0.05,0.0240
47152,0.25,6.10,7.46,0.0160,0.0119,-0.0065,91972.76,809.47,-0.04,0.0209
47214,0.20,6.03,7.42,0.0140,0.0097,-0.0080,91972.76,809.47,-0.03,0.0188
47276,0.17,6.03,7.42,0.0152,0.0064,-0.0064,91972.76,809.47,-0.02,0.0177
47339,0.27,6.03,7.53,0.0172,0.0165,-0.0017,91972.76,809.47,-0.01,0.0239
47401,0.21,6.01,7.48,0.0180,0.0119,-0.0067,91972.76,809.47,-0.01,0.0225
47463,0.25,6.05,7.47,0.0152,0.0128,-0.0075,91972.76,809.47,-0.01,0.0212
47525,0.27,6.08,7.44,0.0164,0.0119,-0.0047,91972.92,809.45,-0.08,0.0208
47592,0.21,6.01,7.46,0.0168,0.0145,-0.0068,91972.92,809.45,-0.05,0.0232
47653,0.24,6.10,7.44,0.0168,0.0121,-0.0097,91972.92,809.45,-0.04,0.0229
47717,0.27,6.07,7.46,0.0180,0.0129,-0.0049,91972.92,809.45,-0.03,0.0227
47778,0.24,6.07,7.44,0.0180,0.0128,-0.0057,91972.92,809.45,-0.02,0.0228
47842,0.24,6.05,7.45,0.0163,0.0113,-0.0059,91972.92,809.45,-0.01,0.0207
47903,0.24,6.06,7.43,0.0180,0.0113,-0.0060,91972.92,809.45,-0.01,0.0221
47972,0.25,6.06,7.47,0.0160,0.0117,-0.0084,91972.92,809.45,-0.01,0.0215
48047,0.23,6.02,7.45,0.0151,0.0109,-0.0060,91972.92,809.45,-0.00,0.0195
48111,0.26,6.07,7.48,0.0168,0.0116,-0.0060,91972.92,809.45,-0.00,0.0213
48172,0.27,6.06,7.44,0.0173,0.0139,-0.0056,91972.92,809.45,-0.00,0.0229
48236,0.20,6.05,7.46,0.0164,0.0136,-0.0049,91972.92,809.45,-0.00,0.0219
48297,0.23,6.04,7.44,0.0195,0.0133,-0.0059,91972.92,809.45,-0.00,0.0243
48361,0.26,6.07,7.42,0.0168,0.0113,-0.0060,91972.92,809.45,-0.00,0.0211
48422,0.23,6.00,7.46,0.0189,0.0101,-0.0053,91972.92,809.45,-0.00,0.0221
48489,0.26,6.09,7.43,0.0185,0.0012,-0.0135,91972.92,809.45,-0.00,0.0229
48552,0.29,6.02,7.46,0.0168,0.0109,-0.0072,91972.76,809.47,0.07,0.0213
48614,0.27,6.03,7.45,0.0196,0.0121,-0.0100,91972.76,809.47,0.05,0.0251
48677,0.23,6.06,7.47,0.0185,0.0116,-0.0049,91972.76,809.47,0.04,0.0224
48739,0.28,6.13,7.50,0.0168,0.0119,-0.0053,91972.76,809.47,0.02,0.0212
48801,0.23,6.02,7.45,0.0149,0.0125,-0.0068,91972.76,809.47,0.02,0.0206
48863,0.32,6.08,7.37,0.0149,0.0125,-0.0060,91972.76,809.47,0.01,0.0204
48930,0.27,5.98,7.39,0.0168,0.0135,-0.0045,91972.76,809.47,0.01,0.0220
48991,0.23,6.04,7.42,0.0188,0.0147,-0.0065,91972.76,809.47,0.01,0.0247
49055,0.31,6.08,7.54,0.0205,0.0132,-0.0065,91972.76,809.47,0.00,0.0253
49116,0.27,6.09,7.46,0.0205,0.0128,-0.0067,91972.76,809.47,0.00,0.0251
49180,0.19,6.09,7.45,0.0156,0.0096,-0.0099,91972.76,809.47,0.00,0.0208
49241,0.28,6.10,7.45,0.0164,0.0069,-0.0093,91972.76,809.47,0.00,0.0201
49305,0.28,6.07,7.45,0.0188,0.0085,-0.0053,91972.76,809.47,0.00,0.0213
49370,0.26,6.03,7.52,0.0184,0.0092,-0.0065,91972.76,809.47,0.00,0.0216
49432,0.23,6.06,7.49,0.0140,0.0105,-0.0045,91972.76,809.47,0.00,0.0181
49495,0.33,6.00,7.40,0.0160,0.0069,-0.0091,91972.76,809.47,0.00,0.0196
49557,0.27,6.05,7.46,0.0168,0.0097,-0.0079,91973.09,809.44,-0.15,0.0209
49619,0.30,6.05,7.41,0.0144,0.0103,-0.0059,91973.09,809.44,-0.10,0.0186
49681,0.24,6.06,7.49,0.0176,0.0119,-0.0080,91973.09,809.44,-0.07,0.0227
49743,0.25,6.08,7.47,0.0151,0.0117,-0.0080,91973.09,809.44,-0.05,0.0207
49808,0.26,6.02,7.46,0.0160,0.0103,-0.0067,91973.09,809.44,-0.04,0.0201
49872,0.25,6.03,7.45,0.0189,0.0123,-0.0051,91973.09,809.44,-0.02,0.0231
49933,0.26,6.07,7.46,0.0180,0.0132,-0.0069,91973.09,809.44,-0.02,0.0234
50002,0.22,6.09,7.45,0.0172,0.0160,-0.0048,91973.09,809.44,-0.01,0.0240
50063,0.24,6.06,7.47,0.0187,0.0115,-0.0071,91972.75,809.47,0.15,0.0230
50127,0.27,6.07,7.47,0.0131,0.0113,-0.0053,91972.75,809.47,0.10,0.0181
50188,0.25,6.03,7.49,0.0173,0.0127,-0.0055,91972.75,809.47,0.07,0.0221
50255,0.27,6.06,7.46,0.0153,0.0107,-0.0076,91972.75,809.47,0.05,0.0202
50317,0.26,6.06,7.44,0.0204,0.0120,-0.0069,91972.75,809.47,0.04,0.0246
50379,0.19,6.04,7.53,0.0200,0.0109,-0.0059,91972.75,809.47,0.02,0.0235
50441,0.27,6.09,7.47,0.0201,0.0120,-0.0073,91972.75,809.47,0.02,0.0245
50503,0.25,6.03,7.46,0.0143,0.0069,-0.0084,91972.75,809.47,0.01,0.0179
50565,0.27,6.01,7.46,0.0188,0.0115,-0.0073,91972.75,809.47,0.01,0.0232
50627,0.25,6.11,7.46,0.0183,0.0124,-0.0061,91972.75,809.47,0.01,0.0229
50694,0.25,6.02,7.44,0.0183,0.0116,-0.0060,91972.75,809.47,0.00,0.0224
50755,0.19,6.06,7.46,0.0159,0.0120,-0.0071,91972.75,809.47,0.00,0.0211
50819,0.24,6.08,7.46,0.0187,0.0107,-0.0051,91972.75,809.47,0.00,0.0221
50880,0.25,6.10,7.47,0.0137,0.0116,-0.0081,91972.75,809.47,0.00,0.0197
50944,0.25,6.03,7.48,0.0164,0.0097,-0.0067,91972.75,809.47,0.00,0.0202
51005,0.29,6.10,7.49,0.0151,0.0124,-0.0049,91972.75,809.47,0.00,0.0201
51069,0.19,6.14,7.60,0.0172,0.0143,-0.0096,91972.92,809.45,-0.08,0.0243
51134,0.22,5.99,7.43,0.0135,0.0055,-0.0055,91972.92,809.45,-0.05,0.0155
51196,0.09,5.68,7.20,0.0203,-0.0011,-0.0117,91972.92,809.45,-0.04,0.0234
51259,0.19,6.08,7.42,0.0153,0.0140,-0.0056,91972.92,809.45,-0.03,0.0215
51321,0.26,6.11,7.51,0.0212,0.0155,-0.0077,91972.92,809.45,-0.02,0.0273
51383,0.25,6.12,7.46,0.0172,0.0129,-0.0087,91972.92,809.45,-0.01,0.0232
51445,0.22,6.06,7.47,0.0159,0.0144,-0.0073,91972.92,809.45,-0.01,0.0226
51507,0.25,6.08,7.44,0.0175,0.0104,-0.0057,91972.92,809.45,-0.01,0.0211
51584,0.23,6.05,7.41,0.0201,0.0153,-0.0060,91972.75,809.47,0.06,0.0260
51646,0.26,6.06,7.47,0.0168,0.0132,-0.0063,91972.75,809.47,0.04,0.0222
51708,0.23,6.09,7.41,0.0168,0.0129,-0.0048,91972.75,809.47,0.03,0.0217
51770,0.22,6.05,7.48,0.0163,0.0136,-0.0076,91972.75,809.47,0.02,0.0225
51832,0.22,6.08,7.47,0.0185,0.0132,-0.0073,91972.75,809.47,0.01,0.0239
51894,0.24,6.06,7.45,0.0164,0.0125,-0.0063,91972.75,809.47,0.01,0.0216
51956,0.24,6.05,7.42,0.0189,0.0116,-0.0043,91972.75,809.47,0.01,0.0226
52028,0.25,6.08,7.44,0.0153,0.0100,-0.0056,91972.75,809.47,0.00,0.0191
52089,0.27,6.09,7.46,0.0159,0.0155,-0.0079,91973.03,809.44,-0.12,0.0235
52153,0.23,6.03,7.46,0.0192,0.0143,-0.0060,91973.03,809.44,-0.09,0.0246
52214,0.25,6.05,7.41,0.0188,0.0097,-0.0072,91973.03,809.44,-0.06,0.0223
52278,0.26,6.03,7.48,0.0176,0.0129,-0.0057,91973.03,809.44,-0.04,0.0226
52339,0.22,6.07,7.44,0.0171,0.0117,-0.0083,91973.03,809.44,-0.03,0.0223
52403,0.29,6.09,7.40,0.0191,0.0188,-0.0068,91973.03,809.44,-0.02,0.0276
52468,0.23,6.08,7.39,0.0187,0.0147,-0.0053,91973.03,809.44,-0.01,0.0243
52530,0.22,5.70,7.36,0.0167,-0.0093,-0.0092,91973.03,809.44,-0.01,0.0212
52592,0.21,5.95,7.37,0.0168,0.0140,-0.0052,91972.87,809.46,0.06,0.0225
52654,0.28,6.03,7.34,0.0171,0.0183,-0.0051,91972.87,809.46,0.04,0.0255
52716,0.29,6.04,7.38,0.0187,0.0125,-0.0065,91972.87,809.46,0.03,0.0234
52778,0.28,6.12,7.39,0.0189,0.0155,-0.0035,91972.87,809.46,0.02,0.0247
52840,0.24,6.03,7.47,0.0226,0.0144,-0.0061,91972.87,809.46,0.01,0.0275
52902,0.26,6.14,7.51,0.0224,0.0192,-0.0047,91972.87,809.46,0.01,0.0298
52963,0.22,6.04,7.49,0.0180,0.0141,-0.0027,91972.87,809.46,0.01,0.0230
53025,0.22,6.09,7.47,0.0213,0.0120,-0.0047,91972.87,809.46,0.01,0.0249
53087,0.25,6.03,7.47,0.0191,0.0145,-0.0021,91972.87,809.46,0.00,0.0241
53149,0.37,6.29,7.51,0.0226,0.0306,-0.0051,91972.70,809.47,0.08,0.0384
53210,0.24,5.98,7.45,0.0153,0.0164,-0.0009,91972.70,809.47,0.05,0.0225
53283,0.22,6.05,7.37,0.0197,0.0157,-0.0072,91972.70,809.47,0.04,0.0262
53359,0.25,6.03,7.55,0.0195,0.0103,-0.0059,91972.70,809.47,0.03,0.0228
53462,0.30,6.24,7.47,0.0163,0.0165,-0.0099,91972.70,809.47,0.02,0.0252
53526,0.31,6.16,7.50,0.0155,0.0181,-0.0068,91972.70,809.47,0.01,0.0248
53587,0.16,6.02,7.52,0.0160,0.0037,-0.0072,91972.70,809.47,0.01,0.0179
53651,0.33,6.08,7.73,0.0188,0.0290,-0.0073,91972.86,809.46,-0.06,0.0354
53712,0.27,6.05,7.51,0.0197,0.0256,-0.0036,91972.86,809.46,-0.04,0.0325
53776,0.19,6.06,7.53,0.0208,0.0067,-0.0071,91972.86,809.46,-0.03,0.0229
53837,0.28,6.04,7.44,0.0175,0.0149,-0.0067,91972.86,809.46,-0.02,0.0239
53904,0.24,6.06,7.45,0.0200,0.0149,-0.0044,91972.86,809.46,-0.01,0.0253
53966,0.21,6.03,7.48,0.0184,0.0140,-0.0071,91972.86,809.46,-0.01,0.0242
54033,0.26,6.15,7.47,0.0183,0.0109,-0.0079,91972.86,809.46,-0.01,0.0227
54095,0.24,6.00,7.41,0.0179,0.0104,-0.0059,91972.86,809.46,-0.00,0.0215
54157,0.22,6.02,7.44,0.0203,0.0135,-0.0056,91972.70,809.47,0.07,0.0249
54219,0.27,6.14,7.46,0.0187,0.0127,-0.0041,91972.70,809.47,0.05,0.0229
54281,0.23,6.03,7.46,0.0163,0.0125,-0.0069,91972.70,809.47,0.03,0.0217
54348,0.23,6.12,7.47,0.0176,0.0125,-0.0053,91972.70,809.47,0.02,0.0222
54409,0.24,6.12,7.44,0.0173,0.0113,-0.0093,91972.70,809.47,0.02,0.0227
54473,0.24,6.00,7.44,0.0191,0.0159,-0.0043,91972.70,809.47,0.01,0.0252
54534,0.27,6.06,7.44,0.0180,0.0120,-0.0085,91972.70,809.47,0.01,0.0232
54598,0.25,6.05,7.46,0.0161,0.0127,-0.0052,91972.70,809.47,0.01,0.0211
54659,0.21,6.10,7.51,0.0165,0.0123,-0.0068,91972.86,809.46,-0.07,0.0217
54723,0.26,6.05,7.47,0.0184,0.0131,-0.0060,91972.86,809.46,-0.05,0.0233
54938,0.15,6.05,7.42,0.0213,0.0117,-0.0043,91972.86,809.46,-0.03,0.0247
55169,0.22,6.05,7.47,0.0171,0.0137,-0.0063,91972.86,809.46,-0.02,0.0228
55382,0.28,6.07,7.46,0.0164,0.0132,-0.0057,91972.86,809.46,-0.02,0.0218
55594,0.31,6.03,7.41,0.0188,0.0183,-0.0057,91972.86,809.46,-0.01,0.0268
55807,0.25,6.23,7.49,0.0148,0.0183,-0.0071,91973.03,809.44,-0.03,0.0245
56019,0.21,5.98,7.46,0.0189,0.0084,-0.0052,91973.03,809.44,-0.02,0.0213
56237,0.23,6.06,7.47,0.0213,0.0128,-0.0033,91973.03,809.44,-0.01,0.0251
56484,0.17,6.03,7.50,0.0221,0.0152,-0.0047,91973.03,809.44,-0.01,0.0272
56547,0.27,5.98,7.40,0.0175,0.0172,-0.0065,91973.03,809.44,-0.01,0.0254
56610,0.18,6.14,7.43,0.0179,0.0133,-0.0057,91973.03,809.44,-0.01,0.0230
56673,0.21,6.01,7.41,0.0184,0.0139,-0.0085,91973.20,809.43,-0.08,0.0246
56736,0.29,6.02,7.30,0.0167,0.0242,-0.0039,91973.20,809.43,-0.05,0.0297
56799,0.25,6.02,7.40,0.0181,0.0115,-0.0076,91973.20,809.43,-0.04,0.0227
56862,0.29,6.16,7.48,0.0136,0.0199,-0.0060,91973.20,809.43,-0.03,0.0248
56930,0.32,6.28,7.38,0.0207,0.0336,-0.0076,91973.20,809.43,-0.02,0.0401
56990,0.30,6.05,7.40,0.0181,0.0155,-0.0039,91973.20,809.43,-0.01,0.0241
57053,0.28,5.99,7.39,0.0207,0.0099,-0.0063,91973.20,809.43,-0.01,0.0237
57113,0.33,6.10,7.44,0.0129,0.0079,-0.0093,91973.20,809.43,-0.01,0.0178
57177,0.27,6.08,7.42,0.0153,0.0183,-0.0052,91973.20,809.43,-0.00,0.0244
57237,0.20,6.06,7.41,0.0201,0.0119,-0.0057,91973.20,809.43,-0.00,0.0240
57300,0.23,6.08,7.41,0.0139,0.0077,-0.0063,91973.20,809.43,-0.00,0.0171
57365,0.24,6.00,7.41,0.0157,0.0065,-0.0075,91973.20,809.43,-0.00,0.0186
57427,0.26,6.13,7.41,0.0179,0.0140,-0.0080,91973.20,809.43,-0.00,0.0240
57489,0.28,6.03,7.45,0.0153,0.0151,-0.0057,91973.20,809.43,-0.00,0.0222
57551,0.26,6.05,7.46,0.0167,0.0109,-0.0064,91973.20,809.43,-0.00,0.0209
57613,0.25,6.09,7.46,0.0164,0.0111,-0.0063,91973.20,809.43,-0.00,0.0207
57675,0.25,6.04,7.45,0.0165,0.0128,-0.0068,91973.20,809.43,-0.00,0.0220
57737,0.25,6.08,7.46,0.0173,0.0124,-0.0051,91973.20,809.43,-0.00,0.0219
57802,0.28,6.11,7.46,0.0171,0.0124,-0.0076,91973.20,809.43,-0.00,0.0224
57866,0.23,6.03,7.45,0.0175,0.0121,-0.0043,91973.20,809.43,-0.00,0.0217
57927,0.22,5.94,7.36,0.0180,0.0045,-0.0085,91973.20,809.43,-0.00,0.0204
57991,0.26,6.08,7.44,0.0184,0.0113,-0.0056,91973.20,809.43,-0.00,0.0223
58052,0.28,6.06,7.47,0.0183,0.0123,-0.0112,91973.20,809.43,-0.00,0.0247
58116,0.26,6.02,7.43,0.0177,0.0092,-0.0091,91973.20,809.43,-0.00,0.0219
58177,0.23,6.12,7.43,0.0173,0.0109,-0.0044,91973.02,809.44,0.08,0.0209
58249,0.25,6.01,7.44,0.0193,0.0127,-0.0068,91973.02,809.44,0.06,0.0241
58311,0.31,6.06,7.48,0.0151,0.0124,-0.0077,91973.02,809.44,0.04,0.0210
58373,0.21,6.09,7.47,0.0171,0.0135,-0.0059,91973.02,809.44,0.03,0.0225
58435,0.26,5.94,7.36,0.0196,0.0064,-0.0096,91973.02,809.44,0.02,0.0227
58497,0.27,6.09,7.39,0.0171,0.0115,-0.0076,91973.02,809.44,0.01,0.0219
58559,0.27,6.04,7.46,0.0164,0.0143,-0.0035,91973.02,809.44,0.01,0.0220
58621,0.21,6.11,7.53,0.0147,0.0112,-0.0027,91973.02,809.44,0.01,0.0186
58687,0.26,6.09,7.45,0.0152,0.0111,-0.0053,91973.34,809.41,-0.13,0.0195
58747,0.22,6.05,7.47,0.0136,0.0069,-0.0053,91973.34,809.41,-0.09,0.0162
58810,0.26,6.06,7.46,0.0175,0.0108,-0.0087,91973.34,809.41,-0.06,0.0223
58870,0.27,6.15,7.46,0.0152,0.0103,-0.0057,91973.34,809.41,-0.04,0.0192
58933,0.28,5.94,7.40,0.0116,0.0164,-0.0024,91973.34,809.41,-0.03,0.0202
58993,0.20,5.99,7.44,0.0176,0.0117,-0.0053,91973.34,809.41,-0.02,0.0218
59057,0.27,6.10,7.44,0.0215,0.0167,-0.0049,91973.34,809.41,-0.02,0.0276
59122,0.21,6.01,7.45,0.0167,0.0124,-0.0075,91973.34,809.41,-0.01,0.0221
59184,0.23,6.07,7.47,0.0172,0.0075,-0.0079,91973.16,809.43,0.07,0.0203
59246,0.24,6.07,7.48,0.0172,0.0112,-0.0061,91973.16,809.43,0.05,0.0214
59308,0.22,6.00,7.44,0.0181,0.0119,-0.0041,91973.16,809.43,0.04,0.0220
59370,0.26,6.11,7.48,0.0191,0.0113,-0.0065,91973.16,809.43,0.03,0.0231
59432,0.27,6.07,7.41,0.0163,0.0105,-0.0077,91973.16,809.43,0.02,0.0208
59494,0.22,6.05,7.47,0.0168,0.0140,-0.0057,91973.16,809.43,0.01,0.0226
59559,0.24,6.10,7.36,0.0124,0.0072,-0.0076,91973.16,809.43,0.01,0.0162
59622,0.28,6.05,7.47,0.0165,0.0139,-0.0067,91973.16,809.43,0.01,0.0226
59682,0.21,6.05,7.43,0.0177,0.0100,-0.0049,91973.16,809.43,0.00,0.0209
59746,0.28,6.05,7.48,0.0167,0.0128,-0.0104,91973.16,809.43,0.00,0.0234
59806,0.22,6.07,7.44,0.0176,0.0100,-0.0064,91973.16,809.43,0.00,0.0212
59870,0.22,6.07,7.49,0.0168,0.0108,-0.0085,91973.16,809.43,0.00,0.0217
59930,0.29,6.00,7.39,0.0176,0.0107,-0.0052,91973.16,809.43,0.00,0.0212
60008,0.21,6.04,7.48,0.0145,0.0084,-0.0052,91973.16,809.43,0.00,0.0176
60069,0.26,6.10,7.47,0.0132,0.0065,-0.0083,91973.16,809.43,0.00,0.0169
60133,0.24,5.99,7.45,0.0161,0.0116,-0.0060,91973.16,809.43,0.00,0.0207
60194,0.24,6.02,7.38,0.0168,0.0093,-0.0101,91972.99,809.45,0.08,0.0217
60263,0.27,6.11,7.45,0.0161,0.0129,-0.0063,91972.99,809.45,0.05,0.0216
60323,0.22,6.08,7.53,0.0167,0.0099,-0.0080,91972.99,809.45,0.04,0.0209
60386,0.23,6.01,7.47,0.0163,0.0101,-0.0077,91972.99,809.45,0.03,0.0207
60451,0.25,6.13,7.43,0.0168,0.0083,-0.0059,91972.99,809.45,0.02,0.0196
60513,0.23,5.97,7.43,0.0179,0.0107,-0.0073,91972.99,809.45,0.01,0.0220
60575,0.26,6.18,7.48,0.0181,0.0111,-0.0072,91972.99,809.45,0.01,0.0224
60637,0.25,6.00,7.48,0.0173,0.0120,-0.0057,91972.99,809.45,0.01,0.0218
60699,0.25,6.01,7.37,0.0159,0.0093,-0.0032,91973.16,809.43,-0.07,0.0187
60761,0.31,6.06,7.45,0.0191,0.0101,-0.0053,91973.16,809.43,-0.05,0.0222
60823,0.27,6.11,7.48,0.0179,0.0133,-0.0035,91973.16,809.43,-0.03,0.0225
60888,0.22,6.02,7.49,0.0187,0.0139,-0.0043,91973.16,809.43,-0.02,0.0236
60952,0.26,6.06,7.47,0.0183,0.0141,-0.0041,91973.16,809.43,-0.02,0.0234
61013,0.22,6.03,7.46,0.0176,0.0140,-0.0051,91973.16,809.43,-0.01,0.0230
61076,0.22,6.05,7.50,0.0177,0.0119,-0.0051,91973.16,809.43,-0.01,0.0219
61136,0.29,6.11,7.44,0.0173,0.0101,-0.0063,91973.16,809.43,-0.01,0.0210
61200,0.22,6.09,7.40,0.0139,0.0128,-0.0072,91973.16,809.43,-0.00,0.0202
61260,0.23,6.01,7.47,0.0189,0.0103,-0.0079,91973.33,809.42,-0.08,0.0229
61327,0.28,6.05,7.43,0.0177,0.0121,-0.0071,91973.33,809.42,-0.06,0.0226
61389,0.28,5.99,7.43,0.0164,0.0120,-0.0059,91973.33,809.42,-0.04,0.0211
61451,0.25,6.07,7.46,0.0179,0.0115,-0.0063,91973.33,809.42,-0.03,0.0221
61513,0.25,6.02,7.39,0.0184,0.0088,-0.0056,91973.33,809.42,-0.02,0.0211
61575,0.22,6.04,7.47,0.0195,0.0117,-0.0044,91973.33,809.42,-0.01,0.0231
61637,0.21,6.08,7.51,0.0191,0.0141,-0.0069,91973.33,809.42,-0.01,0.0247
61699,0.26,6.06,7.44,0.0179,0.0133,-0.0048,91973.33,809.42,-0.01,0.0228
61765,0.15,5.82,7.27,0.0188,-0.0003,-0.0063,91973.50,809.40,-0.08,0.0198
61826,0.26,6.13,7.43,0.0183,0.0140,-0.0033,91973.50,809.40,-0.05,0.0232
61890,0.24,5.87,7.35,0.0234,0.0075,-0.0092,91973.50,809.40,-0.04,0.0263
61951,0.24,6.09,7.45,0.0185,0.0164,-0.0059,91973.50,809.40,-0.03,0.0254
62015,0.24,6.17,7.61,0.0149,0.0057,-0.0077,91973.50,809.40,-0.02,0.0178
62076,0.18,6.06,7.47,0.0168,0.0103,-0.0047,91973.50,809.40,-0.01,0.0202
62140,0.21,6.03,7.45,0.0185,0.0116,-0.0073,91973.50,809.40,-0.01,0.0230
62205,0.26,6.06,7.43,0.0180,0.0139,-0.0077,91973.50,809.40,-0.01,0.0240
62272,0.23,6.02,7.43,0.0171,0.0129,-0.0048,91973.33,809.42,0.07,0.0219
62334,0.21,6.08,7.44,0.0195,0.0144,-0.0071,91973.33,809.42,0.05,0.0252
62396,0.24,6.08,7.46,0.0173,0.0139,-0.0059,91973.33,809.42,0.03,0.0229
62458,0.23,6.03,7.45,0.0183,0.0152,-0.0077,91973.33,809.42,0.02,0.0250
62520,0.24,6.03,7.40,0.0176,0.0093,-0.0088,91973.33,809.42,0.02,0.0218
62582,0.25,6.05,7.41,0.0165,0.0128,-0.0085,91973.33,809.42,0.01,0.0226
62644,0.20,6.05,7.46,0.0181,0.0116,-0.0068,91973.33,809.42,0.01,0.0226
62710,0.26,6.02,7.46,0.0155,0.0108,-0.0071,91973.33,809.42,0.01,0.0201
62770,0.21,6.09,7.42,0.0191,0.0121,-0.0047,91973.50,809.40,-0.08,0.0231
62834,0.25,6.02,7.45,0.0211,0.0115,-0.0097,91973.50,809.40,-0.05,0.0259
62895,0.26,6.05,7.46,0.0168,0.0113,-0.0084,91973.50,809.40,-0.04,0.0219
62959,0.19,6.07,7.42,0.0177,0.0124,-0.0052,91973.50,809.40,-0.03,0.0222
63020,0.24,6.03,7.43,0.0179,0.0119,-0.0060,91973.50,809.40,-0.02,0.0223
63084,0.24,6.08,7.48,0.0188,0.0121,-0.0067,91973.50,809.40,-0.01,0.0233
63149,0.22,6.05,7.46,0.0185,0.0131,-0.0065,91973.50,809.40,-0.01,0.0236
63211,0.23,6.09,7.47,0.0163,0.0127,-0.0072,91973.50,809.40,-0.01,0.0218
63273,0.26,6.07,7.42,0.0201,0.0112,-0.0071,91973.47,809.40,0.01,0.0241
63335,0.22,6.04,7.41,0.0177,0.0124,-0.0069,91973.47,809.40,0.01,0.0227
63397,0.25,6.07,7.47,0.0168,0.0119,-0.0069,91973.47,809.40,0.00,0.0217
63459,0.26,6.07,7.45,0.0187,0.0116,-0.0067,91973.47,809.40,0.00,0.0229
63521,0.25,6.03,7.45,0.0167,0.0113,-0.0069,91973.47,809.40,0.00,0.0213
63597,0.26,6.06,7.46,0.0164,0.0136,-0.0076,91973.47,809.40,0.00,0.0226
63659,0.37,6.62,7.95,0.0211,0.0513,0.0160,91973.47,809.40,0.00,0.0577
63721,0.11,6.09,7.52,0.0185,0.0137,-0.0080,91973.47,809.40,0.00,0.0244
63783,0.21,6.10,7.54,0.0215,0.0127,-0.0055,91973.63,809.39,-0.07,0.0255
63845,0.25,6.05,7.47,0.0176,0.0100,-0.0036,91973.63,809.39,-0.05,0.0205
63907,0.26,6.07,7.46,0.0187,0.0099,-0.0089,91973.63,809.39,-0.03,0.0229
63969,0.17,6.14,7.44,0.0144,0.0053,-0.0015,91973.63,809.39,-0.02,0.0154
64035,0.21,6.00,7.43,0.0181,0.0065,-0.0079,91973.63,809.39,-0.02,0.0208
64095,0.24,6.12,7.47,0.0171,0.0127,-0.0057,91973.63,809.39,-0.01,0.0220
64159,0.22,6.08,7.43,0.0168,0.0139,-0.0075,91973.63,809.39,-0.01,0.0230
64219,0.20,6.10,7.52,0.0165,0.0057,-0.0079,91973.63,809.39,-0.01,0.0192
64288,0.27,6.10,7.43,0.0171,0.0135,-0.0055,91973.47,809.40,0.06,0.0224
64348,0.23,6.04,7.44,0.0191,0.0119,-0.0052,91973.47,809.40,0.04,0.0230
64412,0.27,6.03,7.47,0.0203,0.0115,-0.0056,91973.47,809.40,0.03,0.0239
64477,0.23,6.07,7.42,0.0176,0.0125,-0.0032,91973.47,809.40,0.02,0.0218
64539,0.22,6.04,7.46,0.0193,0.0145,-0.0071,91973.47,809.40,0.01,0.0252
64601,0.28,6.07,7.48,0.0184,0.0104,-0.0065,91973.47,809.40,0.01,0.0221
64663,0.26,6.05,7.45,0.0161,0.0127,-0.0059,91973.47,809.40,0.01,0.0213
64725,0.21,6.01,7.47,0.0196,0.0139,-0.0057,91973.47,809.40,0.00,0.0247
64787,0.24,6.07,7.49,0.0161,0.0133,-0.0044,91973.44,809.41,0.02,0.0214
64849,0.25,6.06,7.45,0.0163,0.0135,-0.0063,91973.44,809.41,0.01,0.0220
64914,0.20,6.06,7.52,0.0211,0.0171,-0.0084,91973.44,809.41,0.01,0.0284
64978,0.27,6.04,7.48,0.0160,0.0080,-0.0057,91973.44,809.41,0.01,0.0188
65038,0.22,6.00,7.45,0.0175,0.0041,-0.0048,91973.44,809.41,0.00,0.0186
65102,0.27,6.05,7.45,0.0157,0.0104,-0.0064,91973.44,809.41,0.00,0.0199
65162,0.25,6.11,7.49,0.0203,0.0160,-0.0045,91973.44,809.41,0.00,0.0262
65226,0.24,6.01,7.45,0.0163,0.0165,-0.0056,91973.44,809.41,0.00,0.0238
65286,0.20,6.01,7.46,0.0168,0.0117,-0.0060,91973.61,809.39,-0.08,0.0213
65353,0.28,6.06,7.46,0.0155,0.0132,-0.0073,91973.61,809.39,-0.05,0.0216
65415,0.23,6.01,7.44,0.0197,0.0131,-0.0061,91973.61,809.39,-0.04,0.0244
65477,0.25,6.07,7.45,0.0179,0.0124,-0.0061,91973.61,809.39,-0.03,0.0226
65539,0.28,6.09,7.47,0.0193,0.0129,-0.0035,91973.61,809.39,-0.02,0.0235
65601,0.23,6.05,7.45,0.0155,0.0151,-0.0064,91973.61,809.39,-0.01,0.0225
65663,0.24,6.05,7.49,0.0173,0.0092,-0.0077,91973.61,809.39,-0.01,0.0211
65725,0.25,6.09,7.43,0.0196,0.0097,-0.0056,91973.61,809.39,-0.01,0.0226
65791,0.23,6.01,7.46,0.0189,0.0113,-0.0059,91973.60,809.39,-0.00,0.0228
65851,0.23,6.06,7.45,0.0180,0.0120,-0.0049,91973.60,809.39,-0.00,0.0222
65915,0.27,6.05,7.44,0.0168,0.0121,-0.0053,91973.60,809.39,-0.00,0.0214
65975,0.23,6.05,7.43,0.0191,0.0135,-0.0096,91973.60,809.39,-0.00,0.0252
66039,0.25,6.04,7.46,0.0201,0.0161,-0.0047,91973.60,809.39,-0.00,0.0262
66099,0.26,6.07,7.49,0.0173,0.0136,-0.0072,91973.60,809.39,-0.00,0.0232
66163,0.22,6.00,7.48,0.0127,0.0120,-0.0079,91973.60,809.39,-0.00,0.0191
66228,0.28,6.08,7.46,0.0168,0.0119,-0.0093,91973.60,809.39,-0.00,0.0226
66295,0.22,6.06,7.46,0.0179,0.0124,-0.0033,91973.26,809.42,0.14,0.0220
66357,0.25,6.04,7.45,0.0192,0.0109,-0.0063,91973.26,809.42,0.10,0.0229
66419,0.29,6.07,7.40,0.0161,0.0147,-0.0071,91973.26,809.42,0.07,0.0229
66481,0.24,5.97,7.43,0.0144,0.0139,-0.0056,91973.26,809.42,0.05,0.0207
66543,0.24,6.07,7.42,0.0189,0.0129,-0.0067,91973.26,809.42,0.03,0.0239
66605,0.23,6.02,7.44,0.0167,0.0145,-0.0057,91973.26,809.42,0.02,0.0228
66670,0.23,6.01,7.43,0.0181,0.0136,-0.0061,91973.26,809.42,0.02,0.0235
66734,0.25,6.10,7.47,0.0172,0.0129,-0.0065,91973.26,809.42,0.01,0.0225
66794,0.26,6.11,7.46,0.0176,0.0092,-0.0039,91973.26,809.42,0.01,0.0202
66858,0.24,6.03,7.44,0.0191,0.0145,-0.0052,91973.26,809.42,0.01,0.0245
66918,0.23,6.12,7.48,0.0149,0.0093,-0.0076,91973.26,809.42,0.00,0.0192
66982,0.27,6.08,7.42,0.0161,0.0091,-0.0083,91973.26,809.42,0.00,0.0203
67042,0.24,6.05,7.44,0.0192,0.0121,-0.0071,91973.26,809.42,0.00,0.0238
67120,0.27,6.04,7.46,0.0181,0.0115,-0.0044,91973.26,809.42,0.00,0.0219
67180,0.23,6.03,7.43,0.0157,0.0127,-0.0067,91973.26,809.42,0.00,0.0213
67244,0.23,6.05,7.47,0.0177,0.0103,-0.0052,91973.26,809.42,0.00,0.0211
67304,0.26,6.05,7.45,0.0183,0.0131,-0.0084,91973.25,809.42,0.01,0.0240
67368,0.22,6.08,7.46,0.0171,0.0117,-0.0040,91973.25,809.42,0.00,0.0211
67428,0.17,6.07,7.37,0.0133,0.0035,-0.0076,91973.25,809.42,0.00,0.0157
67492,0.25,6.07,7.43,0.0151,0.0119,-0.0041,91973.25,809.42,0.00,0.0196
67557,0.23,6.10,7.50,0.0209,0.0145,-0.0060,91973.25,809.42,0.00,0.0262
67619,0.26,6.06,7.52,0.0200,0.0119,-0.0069,91973.25,809.42,0.00,0.0242
67681,0.22,6.09,7.47,0.0152,0.0116,-0.0065,91973.25,809.42,0.00,0.0202
67743,0.24,6.04,7.45,0.0164,0.0144,-0.0063,91973.25,809.42,0.00,0.0227
67805,0.26,6.06,7.46,0.0185,0.0129,-0.0065,91973.23,809.42,0.01,0.0235
67867,0.30,6.10,7.46,0.0177,0.0124,-0.0073,91973.23,809.42,0.01,0.0228
67929,0.24,6.03,7.44,0.0181,0.0099,-0.0068,91973.23,809.42,0.01,0.0217
67994,0.24,6.02,7.35,0.0173,0.0133,-0.0069,91973.23,809.42,0.00,0.0229
68058,0.25,6.07,7.42,0.0199,0.0176,-0.0052,91973.23,809.42,0.00,0.0270
68118,0.23,6.06,7.43,0.0181,0.0143,-0.0021,91973.23,809.42,0.00,0.0232
68182,0.25,6.08,7.48,0.0179,0.0127,-0.0088,91973.23,809.42,0.00,0.0236
68242,0.28,6.01,7.46,0.0179,0.0111,-0.0071,91973.23,809.42,0.00,0.0222
68311,0.22,6.04,7.48,0.0168,0.0088,-0.0068,91973.22,809.43,0.00,0.0201
68371,0.25,6.07,7.48,0.0179,0.0123,-0.0069,91973.22,809.43,0.00,0.0227
68435,0.22,6.07,7.45,0.0163,0.0116,-0.0045,91973.22,809.43,0.00,0.0205
68500,0.24,6.04,7.48,0.0193,0.0117,-0.0055,91973.22,809.43,0.00,0.0232
68562,0.29,6.11,7.44,0.0144,0.0143,-0.0063,91973.22,809.43,0.00,0.0212
68624,0.24,6.05,7.44,0.0201,0.0140,-0.0065,91973.22,809.43,0.00,0.0254
68686,0.23,6.04,7.47,0.0175,0.0132,-0.0071,91973.22,809.43,0.00,0.0230
68748,0.25,6.15,7.47,0.0173,0.0136,-0.0072,91973.22,809.43,0.00,0.0232
68810,0.20,5.89,7.30,0.0172,0.0043,-0.0061,91973.22,809.43,0.00,0.0187
68872,0.29,6.03,7.38,0.0240,0.0176,-0.0071,91973.22,809.43,0.00,0.0306
68936,0.28,6.14,7.47,0.0193,0.0083,-0.0057,91973.22,809.43,0.00,0.0218
69000,0.23,6.03,7.45,0.0181,0.0115,-0.0067,91973.22,809.43,0.00,0.0224
69061,0.25,5.99,7.43,0.0168,0.0116,-0.0044,91973.22,809.43,0.00,0.0209
69124,0.27,6.07,7.46,0.0148,0.0147,-0.0064,91973.22,809.43,0.00,0.0218
69184,0.23,6.12,7.42,0.0157,0.0128,-0.0045,91973.22,809.43,0.00,0.0208
69244,0.20,6.03,7.40,0.0144,0.0123,-0.0049,91973.22,809.43,0.00,0.0195
69610,0.21,6.10,7.46,0.0185,0.0129,-0.0068,91973.22,809.43,0.00,0.0236
70126,0.24,6.04,7.46,0.0173,0.0101,-0.0045,91973.39,809.41,-0.01,0.0206
70400,0.24,6.00,7.46,0.0157,0.0131,-0.0049,91973.22,809.43,0.01,0.0210
70462,0.25,6.07,7.45,0.0148,0.0117,-0.0061,91973.22,809.43,0.01,0.0198
70524,0.30,6.07,7.46,0.0156,0.0105,-0.0088,91973.22,809.43,0.01,0.0208
70586,0.23,6.02,7.45,0.0189,0.0123,-0.0060,91973.22,809.43,0.00,0.0233
70648,0.27,6.02,7.46,0.0183,0.0112,-0.0079,91973.22,809.43,0.00,0.0228
70710,0.29,6.10,7.46,0.0183,0.0136,-0.0053,91973.22,809.43,0.00,0.0234
70776,0.21,6.03,7.46,0.0193,0.0124,-0.0069,91973.22,809.43,0.00,0.0240
70836,0.26,6.05,7.48,0.0177,0.0136,-0.0065,91973.36,809.41,-0.06,0.0233
70899,0.26,6.11,7.45,0.0161,0.0109,-0.0051,91973.36,809.41,-0.05,0.0201
70959,0.23,6.01,7.44,0.0216,0.0137,-0.0067,91973.36,809.41,-0.03,0.0264
71022,0.25,6.09,7.48,0.0171,0.0136,-0.0051,91973.36,809.41,-0.02,0.0224
71082,0.26,6.07,7.46,0.0180,0.0131,-0.0072,91973.36,809.41,-0.02,0.0234
71145,0.25,6.05,7.44,0.0177,0.0131,-0.0043,91973.36,809.41,-0.01,0.0224
71210,0.27,6.13,7.46,0.0176,0.0096,-0.0053,91973.36,809.41,-0.01,0.0207
71272,0.25,6.06,7.44,0.0175,0.0120,-0.0053,91973.36,809.41,-0.01,0.0218
71334,0.24,6.05,7.42,0.0177,0.0112,-0.0073,91973.36,809.41,-0.00,0.0222
71396,0.28,6.07,7.46,0.0197,0.0129,-0.0059,91973.02,809.44,0.15,0.0243
71458,0.24,6.09,7.46,0.0167,0.0140,-0.0044,91973.02,809.44,0.10,0.0222
71520,0.23,6.00,7.45,0.0177,0.0121,-0.0072,91973.02,809.44,0.07,0.0226
71582,0.24,6.10,7.46,0.0187,0.0135,-0.0063,91973.02,809.44,0.05,0.0238
71658,0.22,6.00,7.45,0.0184,0.0100,-0.0063,91973.02,809.44,0.04,0.0218
71721,0.25,6.13,7.46,0.0160,0.0123,-0.0035,91973.02,809.44,0.02,0.0204
71783,0.22,6.07,7.43,0.0195,0.0145,-0.0060,91973.02,809.44,0.02,0.0250
71845,0.23,6.06,7.47,0.0176,0.0116,-0.0041,91973.02,809.44,0.01,0.0215
71907,0.28,6.08,7.46,0.0172,0.0103,-0.0051,91972.98,809.45,0.02,0.0206
71969,0.21,6.10,7.42,0.0161,0.0145,-0.0051,91972.98,809.45,0.02,0.0223
72031,0.26,5.99,7.45,0.0172,0.0099,-0.0052,91972.98,809.45,0.01,0.0205
72098,0.24,6.09,7.42,0.0180,0.0121,-0.0068,91972.98,809.45,0.01,0.0227
72159,0.26,6.04,7.43,0.0188,0.0097,-0.0041,91972.98,809.45,0.01,0.0216
72223,0.23,6.04,7.45,0.0199,0.0117,-0.0052,91972.98,809.45,0.00,0.0236
72284,0.25,6.07,7.45,0.0157,0.0103,-0.0068,91972.98,809.45,0.00,0.0200
72348,0.22,6.03,7.47,0.0181,0.0095,-0.0061,91972.98,809.45,0.00,0.0213
72414,0.26,6.10,7.48,0.0149,0.0088,-0.0100,91972.98,809.45,0.00,0.0200
72478,0.21,6.06,7.41,0.0181,0.0127,-0.0065,91972.98,809.45,0.00,0.0230
72543,0.23,6.06,7.45,0.0172,0.0120,-0.0049,91972.98,809.45,0.00,0.0215
72605,0.28,6.07,7.45,0.0184,0.0081,-0.0067,91972.98,809.45,0.00,0.0212
72667,0.25,6.06,7.43,0.0176,0.0136,-0.0067,91972.98,809.45,0.00,0.0232
72729,0.25,6.02,7.49,0.0177,0.0137,-0.0041,91972.98,809.45,0.00,0.0228
72792,0.25,6.09,7.45,0.0161,0.0087,-0.0065,91972.98,809.45,0.00,0.0194
72854,0.21,6.05,7.42,0.0168,0.0125,-0.0072,91972.98,809.45,0.00,0.0221
72917,0.23,6.03,7.48,0.0189,0.0101,-0.0072,91972.81,809.46,0.07,0.0226
72982,0.25,6.08,7.47,0.0197,0.0105,-0.0080,91972.81,809.46,0.05,0.0237
73046,0.22,6.02,7.49,0.0191,0.0120,-0.0075,91972.81,809.46,0.04,0.0237
73107,0.24,6.06,7.48,0.0203,0.0128,-0.0071,91972.81,809.46,0.02,0.0250
73171,0.28,6.12,7.44,0.0207,0.0115,-0.0064,91972.81,809.46,0.02,0.0245
73232,0.22,6.05,7.45,0.0140,0.0144,-0.0077,91972.81,809.46,0.01,0.0215
73296,0.27,6.06,7.44,0.0168,0.0100,-0.0065,91972.81,809.46,0.01,0.0206
73357,0.27,6.10,7.43,0.0153,0.0124,-0.0067,91972.81,809.46,0.01,0.0208
73424,0.23,6.00,7.46,0.0176,0.0089,-0.0061,91972.80,809.46,0.01,0.0207
73486,0.27,6.08,7.46,0.0189,0.0120,-0.0064,91972.80,809.46,0.01,0.0233
73548,0.25,6.08,7.46,0.0212,0.0112,-0.0055,91972.80,809.46,0.00,0.0246
73611,0.23,6.04,7.46,0.0165,0.0125,-0.0071,91972.80,809.46,0.00,0.0219
73673,0.25,6.07,7.45,0.0159,0.0101,-0.0051,91972.80,809.46,0.00,0.0195
73735,0.23,6.05,7.49,0.0131,0.0128,-0.0063,91972.80,809.46,0.00,0.0193
73797,0.25,6.00,7.48,0.0195,0.0133,-0.0068,91972.80,809.46,0.00,0.0245
73860,0.27,6.11,7.44,0.0213,0.0121,-0.0048,91972.80,809.46,0.00,0.0250
73925,0.22,5.95,7.42,0.0189,0.0081,-0.0051,91972.97,809.45,-0.07,0.0212
73989,0.25,6.10,7.48,0.0155,0.0057,-0.0064,91972.97,809.45,-0.05,0.0177
74050,0.26,6.11,7.43,0.0167,0.0103,-0.0049,91972.97,809.45,-0.03,0.0202
74114,0.22,6.04,7.48,0.0181,0.0133,-0.0041,91972.97,809.45,-0.02,0.0229
74175,0.27,6.05,7.46,0.0155,0.0125,-0.0071,91972.97,809.45,-0.02,0.0211
74239,0.27,6.10,7.46,0.0176,0.0109,-0.0080,91972.97,809.45,-0.01,0.0222
74300,0.23,6.00,7.43,0.0180,0.0117,-0.0071,91972.97,809.45,-0.01,0.0226
74367,0.26,6.24,7.48,0.0141,0.0107,-0.0063,91972.97,809.45,-0.01,0.0188
74434,0.21,6.01,7.41,0.0165,0.0140,-0.0047,91973.14,809.43,-0.07,0.0221
74496,0.21,6.06,7.45,0.0183,0.0125,-0.0061,91973.14,809.43,-0.05,0.0230
74558,0.26,6.00,7.51,0.0187,0.0105,-0.0017,91973.14,809.43,-0.04,0.0215
74620,0.23,6.05,7.45,0.0185,0.0137,-0.0053,91973.14,809.43,-0.02,0.0237
74683,0.22,6.03,7.47,0.0212,0.0121,-0.0064,91973.14,809.43,-0.02,0.0252
74745,0.28,6.10,7.46,0.0156,0.0124,-0.0072,91973.14,809.43,-0.01,0.0212
74812,0.20,6.04,7.45,0.0197,0.0145,-0.0051,91973.14,809.43,-0.01,0.0250
74873,0.25,6.03,7.48,0.0189,0.0112,-0.0085,91973.14,809.43,-0.01,0.0236
74937,0.28,6.02,7.41,0.0171,0.0093,-0.0048,91973.11,809.44,0.01,0.0200
74998,0.23,5.99,7.42,0.0180,0.0136,-0.0063,91973.11,809.44,0.01,0.0234
75062,0.24,6.11,7.46,0.0192,0.0108,-0.0065,91973.11,809.44,0.00,0.0230
75123,0.27,6.08,7.51,0.0155,0.0117,-0.0081,91973.11,809.44,0.00,0.0210
75187,0.22,6.01,7.43,0.0195,0.0141,-0.0075,91973.11,809.44,0.00,0.0252
75262,0.22,6.08,7.44,0.0163,0.0123,-0.0076,91973.11,809.44,0.00,0.0217
75326,0.25,6.01,7.47,0.0168,0.0113,-0.0065,91973.11,809.44,0.00,0.0213
75387,0.24,6.05,7.46,0.0183,0.0143,-0.0061,91973.11,809.44,0.00,0.0240
75451,0.26,6.09,7.44,0.0179,0.0128,-0.0052,91972.94,809.45,0.07,0.0226
75512,0.23,5.98,7.47,0.0168,0.0135,-0.0100,91972.94,809.45,0.05,0.0237
75576,0.24,6.07,7.47,0.0159,0.0131,-0.0056,91972.94,809.45,0.04,0.0213
75637,0.23,6.11,7.45,0.0168,0.0157,-0.0063,91972.94,809.45,0.02,0.0238
75704,0.25,6.03,7.45,0.0180,0.0124,-0.0052,91972.94,809.45,0.02,0.0225
75766,0.28,6.09,7.45,0.0173,0.0119,-0.0060,91972.94,809.45,0.01,0.0218
75828,0.26,6.05,7.43,0.0180,0.0123,-0.0069,91972.94,809.45,0.01,0.0228
75891,0.24,6.06,7.45,0.0172,0.0135,-0.0056,91972.94,809.45,0.01,0.0225
75953,0.18,5.88,7.32,0.0173,-0.0033,-0.0095,91972.94,809.45,0.00,0.0200
76015,0.22,6.06,7.46,0.0191,0.0103,-0.0032,91972.94,809.45,0.00,0.0219
76077,0.21,5.87,7.39,0.0184,0.0041,-0.0100,91972.94,809.45,0.00,0.0213
76144,0.29,6.11,7.42,0.0141,0.0120,-0.0051,91972.94,809.45,0.00,0.0192
76205,0.23,6.06,7.48,0.0191,0.0129,-0.0063,91972.94,809.45,0.00,0.0239
76269,0.25,6.09,7.47,0.0183,0.0095,-0.0081,91972.94,809.45,0.00,0.0221
76330,0.27,6.11,7.45,0.0185,0.0128,-0.0051,91972.94,809.45,0.00,0.0231
76394,0.25,6.00,7.39,0.0179,0.0163,-0.0059,91972.94,809.45,0.00,0.0248
76460,0.26,5.99,7.41,0.0195,0.0163,-0.0063,91973.11,809.44,-0.07,0.0261
76524,0.22,6.06,7.45,0.0173,0.0113,-0.0065,91973.11,809.44,-0.05,0.0217
76589,0.21,6.05,7.48,0.0173,0.0119,-0.0052,91973.11,809.44,-0.03,0.0216
76651,0.31,6.17,7.50,0.0160,0.0264,-0.0057,91973.11,809.44,-0.02,0.0314
76714,0.21,6.01,7.47,0.0200,0.0141,-0.0052,91973.11,809.44,-0.02,0.0250
76776,0.25,6.07,7.46,0.0199,0.0083,-0.0087,91973.11,809.44,-0.01,0.0232
76838,0.24,6.09,7.44,0.0164,0.0119,-0.0084,91973.11,809.44,-0.01,0.0219
76900,0.23,6.01,7.42,0.0197,0.0099,-0.0071,91973.11,809.44,-0.01,0.0231
76963,0.27,6.02,7.45,0.0177,0.0103,-0.0065,91973.27,809.42,-0.07,0.0215
77028,0.25,6.07,7.48,0.0164,0.0095,-0.0085,91973.27,809.42,-0.05,0.0208
77092,0.25,6.01,7.44,0.0153,0.0101,-0.0080,91973.27,809.42,-0.04,0.0200
77153,0.25,6.08,7.44,0.0183,0.0108,-0.0063,91973.27,809.42,-0.03,0.0221
77217,0.25,6.07,7.47,0.0167,0.0120,-0.0059,91973.27,809.42,-0.02,0.0213
77278,0.24,6.03,7.44,0.0168,0.0133,-0.0057,91973.27,809.42,-0.01,0.0222
77342,0.28,6.04,7.46,0.0179,0.0096,-0.0081,91973.27,809.42,-0.01,0.0218
77403,0.23,6.02,7.42,0.0191,0.0112,-0.0069,91973.27,809.42,-0.01,0.0232
77470,0.20,6.04,7.45,0.0179,0.0116,-0.0083,91972.94,809.45,0.13,0.0228
77532,0.27,6.07,7.44,0.0177,0.0100,-0.0032,91972.94,809.45,0.09,0.0206
77594,0.27,5.98,7.33,0.0161,0.0131,-0.0037,91972.94,809.45,0.06,0.0211
77656,0.27,5.90,7.43,0.0199,0.0099,-0.0076,91972.94,809.45,0.04,0.0234
77718,0.22,6.09,7.46,0.0168,0.0127,-0.0067,91972.94,809.45,0.03,0.0221
77781,0.24,6.00,7.42,0.0173,0.0151,-0.0060,91972.94,809.45,0.02,0.0237
77843,0.24,6.01,7.44,0.0187,0.0088,-0.0072,91972.94,809.45,0.02,0.0218
77910,0.36,6.09,7.37,0.0152,0.0168,-0.0053,91972.94,809.45,0.01,0.0233
77971,0.24,6.10,7.49,0.0181,0.0171,-0.0055,91972.93,809.45,0.01,0.0255
78035,0.25,6.02,7.52,0.0168,0.0127,-0.0048,91972.93,809.45,0.01,0.0216
78096,0.25,6.10,7.46,0.0200,0.0135,-0.0067,91972.93,809.45,0.00,0.0250
78160,0.20,6.00,7.43,0.0185,0.0129,-0.0052,91972.93,809.45,0.00,0.0232
78221,0.27,6.08,7.43,0.0168,0.0116,-0.0047,91972.93,809.45,0.00,0.0209
78285,0.27,6.04,7.44,0.0196,0.0141,-0.0068,91972.93,809.45,0.00,0.0251
78350,0.18,5.97,7.45,0.0216,0.0192,-0.0061,91972.93,809.45,0.00,0.0295
78412,0.31,6.04,7.45,0.0234,0.0175,-0.0044,91972.93,809.45,0.00,0.0296
78480,0.23,6.04,7.44,0.0155,0.0155,-0.0043,91973.09,809.44,-0.06,0.0223
78542,0.21,6.03,7.45,0.0172,0.0117,-0.0076,91973.09,809.44,-0.05,0.0221
78605,0.27,6.08,7.46,0.0151,0.0111,-0.0035,91973.09,809.44,-0.03,0.0190
78667,0.26,6.03,7.40,0.0203,0.0145,-0.0076,91973.09,809.44,-0.02,0.0261
78729,0.26,6.10,7.47,0.0128,0.0105,-0.0072,91973.09,809.44,-0.02,0.0181
78806,0.23,5.99,7.48,0.0171,0.0120,-0.0064,91973.09,809.44,-0.01,0.0218
78868,0.22,6.10,7.50,0.0140,0.0043,-0.0056,91973.09,809.44,-0.01,0.0157
78930,0.20,5.98,7.38,0.0203,0.0060,-0.0091,91973.09,809.44,-0.01,0.0230
78993,0.25,6.05,7.40,0.0187,0.0120,-0.0059,91973.07,809.44,0.01,0.0229
79055,0.19,6.08,7.48,0.0184,0.0112,-0.0077,91973.07,809.44,0.00,0.0229
79117,0.27,6.07,7.47,0.0163,0.0155,-0.0051,91973.07,809.44,0.00,0.0230
79179,0.22,6.05,7.49,0.0197,0.0116,-0.0055,91973.07,809.44,0.00,0.0235
79246,0.26,6.08,7.48,0.0181,0.0119,-0.0068,91973.07,809.44,0.00,0.0227
79307,0.27,6.09,7.45,0.0172,0.0132,-0.0072,91973.07,809.44,0.00,0.0228
79371,0.25,6.04,7.44,0.0200,0.0156,-0.0077,91973.07,809.44,0.00,0.0265
79432,0.25,6.11,7.50,0.0164,0.0120,-0.0085,91973.07,809.44,0.00,0.0220
79496,0.27,6.12,7.43,0.0183,0.0107,-0.0056,91973.38,809.41,-0.13,0.0219
79557,0.24,6.02,7.42,0.0187,0.0108,-0.0091,91973.38,809.41,-0.09,0.0234
79621,0.23,6.09,7.47,0.0196,0.0119,-0.0041,91973.38,809.41,-0.06,0.0233
79686,0.24,6.04,7.45,0.0191,0.0147,-0.0036,91973.38,809.41,-0.04,0.0243
79748,0.18,6.16,7.59,0.0175,0.0282,0.0023,91973.38,809.41,-0.03,0.0333
79811,0.31,6.06,7.44,0.0147,0.0132,-0.0063,91973.38,809.41,-0.02,0.0207
79873,0.25,6.02,7.44,0.0168,0.0117,-0.0076,91973.38,809.41,-0.02,0.0218
79936,0.21,6.06,7.46,0.0187,0.0123,-0.0069,91973.38,809.41,-0.01,0.0234
79998,0.25,6.14,7.52,0.0176,0.0096,-0.0068,91973.20,809.43,0.07,0.0212
80060,0.23,6.05,7.47,0.0191,0.0124,-0.0068,91973.20,809.43,0.05,0.0237
80125,0.24,6.04,7.44,0.0187,0.0107,-0.0053,91973.20,809.43,0.03,0.0221
80189,0.25,6.12,7.46,0.0179,0.0117,-0.0063,91973.20,809.43,0.02,0.0223
80250,0.21,6.03,7.43,0.0188,0.0155,-0.0035,91973.20,809.43,0.02,0.0246
80314,0.23,6.08,7.46,0.0172,0.0121,-0.0060,91973.20,809.43,0.01,0.0219
80375,0.23,6.07,7.41,0.0177,0.0121,-0.0065,91973.20,809.43,0.01,0.0224
80439,0.24,6.06,7.48,0.0163,0.0113,-0.0055,91973.20,809.43,0.01,0.0205
80505,0.25,6.07,7.46,0.0172,0.0136,-0.0075,91973.20,809.43,0.00,0.0231
80569,0.25,6.10,7.48,0.0163,0.0097,-0.0056,91973.20,809.43,0.00,0.0198
80634,0.26,6.05,7.48,0.0183,0.0104,-0.0063,91973.20,809.43,0.00,0.0219
80696,0.26,6.08,7.45,0.0148,0.0108,-0.0076,91973.20,809.43,0.00,0.0198
80758,0.21,6.06,7.43,0.0177,0.0113,-0.0055,91973.20,809.43,0.00,0.0217
80820,0.25,6.03,7.45,0.0177,0.0084,-0.0065,91973.20,809.43,0.00,0.0207
80883,0.26,6.07,7.45,0.0168,0.0113,-0.0048,91973.20,809.43,0.00,0.0208
80945,0.23,6.02,7.41,0.0185,0.0111,-0.0051,91973.20,809.43,0.00,0.0222
81008,0.25,6.12,7.50,0.0208,0.0191,-0.0065,91973.20,809.43,0.00,0.0289
81073,0.28,6.10,7.47,0.0192,0.0133,-0.0037,91973.20,809.43,0.00,0.0237
81137,0.23,6.08,7.52,0.0188,0.0135,-0.0059,91973.20,809.43,0.00,0.0238
81198,0.25,6.04,7.48,0.0160,0.0093,-0.0039,91973.20,809.43,0.00,0.0189
81262,0.28,6.06,7.47,0.0168,0.0115,-0.0079,91973.20,809.43,0.00,0.0218
81323,0.22,6.03,7.46,0.0189,0.0109,-0.0081,91973.20,809.43,0.00,0.0233
81387,0.24,6.05,7.47,0.0188,0.0091,-0.0084,91973.20,809.43,0.00,0.0225
81448,0.29,6.09,7.45,0.0192,0.0129,-0.0059,91973.20,809.43,0.00,0.0239
81515,0.19,6.03,7.45,0.0192,0.0104,-0.0065,91973.03,809.44,0.07,0.0228
81577,0.23,6.04,7.46,0.0156,0.0121,-0.0075,91973.03,809.44,0.05,0.0211
81639,0.24,6.08,7.45,0.0160,0.0117,-0.0071,91973.03,809.44,0.03,0.0210
81701,0.22,6.05,7.44,0.0176,0.0132,-0.0047,91973.03,809.44,0.02,0.0225
81763,0.24,6.08,7.44,0.0179,0.0103,-0.0055,91973.03,809.44,0.02,0.0213
81825,0.27,6.06,7.41,0.0152,0.0125,-0.0053,91973.03,809.44,0.01,0.0204
81887,0.24,6.03,7.45,0.0171,0.0116,-0.0061,91973.03,809.44,0.01,0.0215
81954,0.22,6.06,7.47,0.0165,0.0123,-0.0075,91973.03,809.44,0.01,0.0219
82015,0.26,6.07,7.46,0.0172,0.0117,-0.0032,91972.66,809.48,0.17,0.0210
82079,0.23,6.05,7.45,0.0151,0.0112,-0.0065,91972.66,809.48,0.12,0.0199
82140,0.16,5.98,7.46,0.0167,0.0123,-0.0077,91972.66,809.48,0.08,0.0221
82204,0.27,6.05,7.47,0.0173,0.0144,-0.0064,91972.66,809.48,0.06,0.0234
82265,0.27,5.99,7.44,0.0177,0.0109,-0.0085,91972.66,809.48,0.04,0.0225
82329,0.25,6.02,7.43,0.0156,0.0128,-0.0053,91972.66,809.48,0.03,0.0209
82404,0.12,6.10,7.55,0.0176,0.0040,-0.0077,91972.66,809.48,0.02,0.0196
82468,0.27,5.99,7.51,0.0209,0.0083,-0.0103,91972.66,809.48,0.01,0.0247
82534,0.22,5.96,7.47,0.0147,0.0097,-0.0032,91972.66,809.48,0.01,0.0179
82598,0.26,6.07,7.49,0.0192,0.0141,-0.0084,91972.66,809.48,0.01,0.0253
82659,0.21,6.12,7.40,0.0144,0.0071,-0.0001,91972.66,809.48,0.00,0.0160
82723,0.25,6.09,7.42,0.0179,0.0135,-0.0061,91972.66,809.48,0.00,0.0232
82784,0.27,6.11,7.50,0.0184,0.0103,-0.0092,91972.66,809.48,0.00,0.0230
82851,0.28,6.05,7.43,0.0133,0.0125,-0.0047,91972.66,809.48,0.00,0.0189
82914,0.22,6.00,7.50,0.0205,0.0145,-0.0085,91972.66,809.48,0.00,0.0265
82976,0.25,6.09,7.47,0.0168,0.0127,-0.0020,91972.66,809.48,0.00,0.0211
83038,0.27,6.11,7.55,0.0188,0.0119,-0.0080,91972.83,809.46,-0.08,0.0236
83100,0.12,6.09,7.43,0.0147,0.0181,-0.0019,91972.83,809.46,-0.05,0.0234
83163,0.26,6.10,7.55,0.0171,0.0155,-0.0057,91972.83,809.46,-0.04,0.0237
83225,0.24,6.07,7.45,0.0180,0.0103,-0.0064,91972.83,809.46,-0.03,0.0217
83292,0.23,6.09,7.51,0.0179,0.0099,-0.0076,91972.83,809.46,-0.02,0.0218
83353,0.24,6.05,7.44,0.0171,0.0099,-0.0080,91972.83,809.46,-0.01,0.0213
83417,0.27,6.05,7.46,0.0143,0.0188,-0.0061,91972.83,809.46,-0.01,0.0244
83478,0.27,5.98,7.44,0.0196,0.0167,-0.0041,91972.83,809.46,-0.01,0.0260
83542,0.25,6.11,7.41,0.0165,0.0115,-0.0079,91972.99,809.45,-0.07,0.0216
83603,0.21,6.04,7.47,0.0195,0.0141,-0.0065,91972.99,809.45,-0.05,0.0249
83667,0.23,6.16,7.46,0.0184,0.0097,-0.0079,91972.99,809.45,-0.04,0.0222
83732,0.25,6.07,7.42,0.0191,0.0099,-0.0067,91972.99,809.45,-0.03,0.0225
83794,0.23,5.98,7.40,0.0211,0.0116,-0.0060,91972.99,809.45,-0.02,0.0248
83856,0.29,6.11,7.48,0.0177,0.0133,-0.0044,91972.99,809.45,-0.01,0.0226
83918,0.23,6.05,7.41,0.0157,0.0121,-0.0036,91972.99,809.45,-0.01,0.0202
83980,0.26,6.03,7.41,0.0180,0.0096,-0.0073,91972.99,809.45,-0.01,0.0217
84042,0.22,6.05,7.48,0.0183,0.0031,-0.0060,91972.98,809.45,-0.00,0.0195
84104,0.27,6.06,7.44,0.0177,0.0125,-0.0071,91972.98,809.45,-0.00,0.0228
84169,0.21,6.10,7.49,0.0180,0.0119,-0.0041,91972.98,809.45,-0.00,0.0219
84233,0.26,6.09,7.48,0.0192,0.0096,-0.0068,91972.98,809.45,-0.00,0.0225
84294,0.23,6.09,7.44,0.0179,0.0120,-0.0072,91972.98,809.45,-0.00,0.0227
84358,0.24,6.04,7.45,0.0172,0.0107,-0.0068,91972.98,809.45,-0.00,0.0213
84419,0.28,6.09,7.46,0.0183,0.0100,-0.0088,91972.98,809.45,-0.00,0.0226
84483,0.22,6.04,7.44,0.0179,0.0132,-0.0044,91972.98,809.45,-0.00,0.0226
84549,0.26,6.06,7.46,0.0187,0.0103,-0.0061,91972.98,809.45,-0.00,0.0222
84616,0.27,6.06,7.46,0.0181,0.0120,-0.0067,91972.98,809.45,-0.00,0.0227
84678,0.25,5.98,7.48,0.0175,0.0111,-0.0072,91972.98,809.45,-0.00,0.0219
84740,0.26,6.02,7.41,0.0199,0.0137,-0.0053,91972.98,809.45,-0.00,0.0247
84802,0.19,6.11,7.44,0.0153,0.0147,-0.0064,91972.98,809.45,-0.00,0.0221
84864,0.28,6.04,7.48,0.0171,0.0163,-0.0036,91972.98,809.45,-0.00,0.0238
84925,0.28,6.10,7.43,0.0200,0.0153,-0.0088,91972.98,809.45,-0.00,0.0267
84990,0.23,6.05,7.49,0.0179,0.0147,-0.0036,91972.98,809.45,-0.00,0.0234
85054,0.27,6.07,7.46,0.0152,0.0056,-0.0065,91972.78,809.46,0.09,0.0175
85115,0.25,6.13,7.47,0.0160,0.0136,-0.0077,91972.78,809.46,0.06,0.0224
85179,0.24,6.03,7.46,0.0179,0.0087,-0.0052,91972.78,809.46,0.04,0.0205
85240,0.27,6.17,7.48,0.0135,0.0120,-0.0060,91972.78,809.46,0.03,0.0190
85304,0.29,6.02,7.44,0.0168,0.0121,-0.0079,91972.78,809.46,0.02,0.0221
85365,0.22,6.03,7.40,0.0163,0.0096,-0.0079,91972.78,809.46,0.01,0.0204
85429,0.23,6.09,7.44,0.0230,0.0156,-0.0037,91972.78,809.46,0.01,0.0281
85494,0.23,6.00,7.45,0.0193,0.0177,-0.0051,91972.78,809.46,0.01,0.0267
85556,0.13,6.02,7.62,0.0131,0.0035,-0.0095,91972.76,809.47,0.02,0.0165
85618,0.24,6.07,7.47,0.0189,0.0097,-0.0061,91972.76,809.47,0.01,0.0221
85680,0.17,6.06,7.50,0.0165,0.0121,-0.0056,91972.76,809.47,0.01,0.0212
85742,0.25,6.06,7.45,0.0208,0.0173,-0.0029,91972.76,809.47,0.01,0.0272
85804,0.31,6.08,7.44,0.0217,0.0151,-0.0059,91972.76,809.47,0.00,0.0271
85866,0.27,6.03,7.53,0.0189,0.0119,-0.0073,91972.76,809.47,0.00,0.0235
85943,0.25,6.15,7.48,0.0125,0.0149,-0.0073,91972.76,809.47,0.00,0.0208
86006,0.27,5.97,7.39,0.0199,0.0083,-0.0083,91972.76,809.47,0.00,0.0230
86069,0.17,6.00,7.30,0.0164,0.0123,-0.0021,91972.75,809.47,0.01,0.0206
86132,0.17,6.05,7.53,0.0205,0.0092,-0.0076,91972.75,809.47,0.00,0.0237
86195,0.29,6.07,7.52,0.0205,0.0249,-0.0029,91972.75,809.47,0.00,0.0324
86258,0.23,6.15,7.55,0.0143,0.0161,-0.0103,91972.75,809.47,0.00,0.0238
86321,0.28,6.09,7.50,0.0161,0.0085,-0.0072,91972.75,809.47,0.00,0.0196
86384,0.27,6.12,7.47,0.0139,0.0092,-0.0065,91972.75,809.47,0.00,0.0179
86450,0.29,6.11,7.46,0.0176,0.0144,-0.0068,91972.75,809.47,0.00,0.0237
86514,0.26,5.98,7.46,0.0163,0.0123,-0.0073,91972.75,809.47,0.00,0.0216
86580,0.25,6.02,7.45,0.0225,0.0164,-0.0079,91972.75,809.47,0.00,0.0289
86644,0.26,6.00,7.49,0.0180,0.0133,-0.0063,91972.75,809.47,0.00,0.0232
86705,0.26,6.05,7.48,0.0177,0.0127,-0.0055,91972.75,809.47,0.00,0.0225
86769,0.25,6.06,7.45,0.0181,0.0127,-0.0081,91972.75,809.47,0.00,0.0235
86830,0.27,6.09,7.46,0.0175,0.0103,-0.0060,91972.75,809.47,0.00,0.0211
86897,0.22,6.06,7.44,0.0173,0.0148,-0.0056,91972.75,809.47,0.00,0.0235
86959,0.27,6.05,7.48,0.0163,0.0117,-0.0064,91972.75,809.47,0.00,0.0210
87021,0.23,6.05,7.46,0.0163,0.0129,-0.0061,91972.75,809.47,0.00,0.0217
87083,0.22,6.04,7.44,0.0168,0.0100,-0.0069,91972.75,809.47,0.00,0.0207
87145,0.26,6.09,7.45,0.0165,0.0108,-0.0056,91972.75,809.47,0.00,0.0205
87207,0.27,6.05,7.47,0.0167,0.0125,-0.0072,91972.75,809.47,0.00,0.0220
87269,0.21,6.02,7.45,0.0167,0.0141,-0.0055,91972.75,809.47,0.00,0.0225
87335,0.28,6.12,7.47,0.0176,0.0121,-0.0048,91972.75,809.47,0.00,0.0219
87396,0.23,6.06,7.45,0.0156,0.0099,-0.0076,91972.75,809.47,0.00,0.0199
87460,0.23,6.05,7.49,0.0201,0.0116,-0.0069,91972.75,809.47,0.00,0.0242
87521,0.24,6.04,7.44,0.0173,0.0111,-0.0073,91972.75,809.47,0.00,0.0218
87585,0.26,6.05,7.46,0.0172,0.0115,-0.0041,91972.75,809.47,0.00,0.0211
87646,0.24,6.04,7.51,0.0168,0.0129,-0.0079,91972.75,809.47,0.00,0.0226
87710,0.25,6.09,7.48,0.0172,0.0143,-0.0048,91972.75,809.47,0.00,0.0228
87775,0.25,6.03,7.38,0.0168,0.0128,-0.0083,91972.75,809.47,0.00,0.0227
87837,0.21,6.08,7.42,0.0160,0.0108,-0.0056,91972.75,809.47,0.00,0.0201
87899,0.24,5.97,7.34,0.0147,0.0091,-0.0077,91972.75,809.47,0.00,0.0189
87961,0.23,6.03,7.47,0.0180,0.0097,-0.0056,91972.75,809.47,0.00,0.0212
88023,0.28,6.03,7.44,0.0199,0.0127,-0.0048,91972.75,809.47,0.00,0.0240
88085,0.29,6.09,7.47,0.0193,0.0159,-0.0049,91972.55,809.49,0.09,0.0255
88147,0.25,6.01,7.52,0.0229,0.0116,-0.0084,91972.55,809.49,0.06,0.0270
88212,0.26,6.11,7.50,0.0175,0.0120,-0.0056,91972.55,809.49,0.04,0.0219
88276,0.28,6.09,7.44,0.0212,0.0143,-0.0068,91972.55,809.49,0.03,0.0264
88336,0.24,6.06,7.40,0.0175,0.0132,0.0001,91972.55,809.49,0.02,0.0219
88400,0.23,6.09,7.39,0.0168,0.0117,-0.0061,91972.55,809.49,0.01,0.0214
88460,0.28,6.09,7.39,0.0145,0.0112,-0.0059,91972.55,809.49,0.01,0.0192
88524,0.21,6.10,7.45,0.0168,0.0103,-0.0063,91972.55,809.49,0.01,0.0206
88589,0.25,6.06,7.40,0.0172,0.0131,-0.0083,91972.54,809.49,0.01,0.0231
88656,0.24,6.04,7.40,0.0187,0.0116,-0.0059,91972.54,809.49,0.01,0.0227
88718,0.26,6.06,7.41,0.0183,0.0117,-0.0049,91972.54,809.49,0.00,0.0222
88780,0.24,6.13,7.41,0.0185,0.0143,-0.0059,91972.54,809.49,0.00,0.0241
88842,0.25,6.06,7.38,0.0172,0.0119,-0.0059,91972.54,809.49,0.00,0.0217
88904,0.26,6.07,7.44,0.0149,0.0065,-0.0081,91972.54,809.49,0.00,0.0182
88966,0.22,6.12,7.48,0.0164,0.0124,-0.0069,91972.54,809.49,0.00,0.0217
89028,0.23,6.05,7.48,0.0180,0.0128,-0.0087,91972.54,809.49,0.00,0.0237
89094,0.27,6.01,7.42,0.0147,0.0121,-0.0052,91972.37,809.50,0.07,0.0197
89155,0.22,6.10,7.47,0.0155,0.0101,-0.0060,91972.37,809.50,0.05,0.0194
89219,0.24,6.02,7.46,0.0172,0.0137,-0.0061,91972.37,809.50,0.03,0.0228
89279,0.26,6.09,7.46,0.0157,0.0112,-0.0088,91972.37,809.50,0.02,0.0212
89343,0.25,6.06,7.45,0.0161,0.0121,-0.0060,91972.37,809.50,0.02,0.0210
89404,0.23,5.99,7.44,0.0167,0.0113,-0.0049,91972.37,809.50,0.01,0.0207
89468,0.25,6.07,7.42,0.0153,0.0108,-0.0048,91972.37,809.50,0.01,0.0193
89543,0.23,6.06,7.49,0.0172,0.0117,-0.0064,91972.37,809.50,0.01,0.0218
89607,0.30,6.05,7.48,0.0180,0.0184,-0.0039,91972.20,809.52,0.08,0.0260
89667,0.23,6.08,7.44,0.0183,0.0103,-0.0076,91972.20,809.52,0.06,0.0223
89731,0.26,6.03,7.39,0.0172,0.0135,-0.0077,91972.20,809.52,0.04,0.0232
89791,0.22,6.09,7.42,0.0181,0.0093,-0.0044,91972.20,809.52,0.03,0.0208
89855,0.25,6.11,7.52,0.0175,0.0104,-0.0067,91972.20,809.52,0.02,0.0214
89915,0.22,6.03,7.47,0.0171,0.0077,-0.0065,91972.20,809.52,0.01,0.0198
89981,0.28,6.08,7.41,0.0187,0.0112,-0.0059,91972.20,809.52,0.01,0.0225
90043,0.28,6.06,7.46,0.0181,0.0176,-0.0057,91972.20,809.52,0.01,0.0259
90105,0.23,6.04,7.47,0.0179,0.0135,-0.0055,91972.36,809.50,-0.07,0.0230
90167,0.31,6.20,7.52,0.0171,0.0216,-0.0052,91972.36,809.50,-0.05,0.0280
90229,0.21,5.96,7.47,0.0193,0.0131,-0.0081,91972.36,809.50,-0.03,0.0247
90291,0.25,6.08,7.50,0.0188,0.0107,-0.0039,91972.36,809.50,-0.02,0.0219
90353,0.24,6.03,7.38,0.0185,0.0141,-0.0052,91972.36,809.50,-0.02,0.0239
90419,0.23,6.04,7.47,0.0179,0.0136,-0.0059,91972.36,809.50,-0.01,0.0232
90479,0.22,6.07,7.48,0.0167,0.0096,-0.0104,91972.36,809.50,-0.01,0.0218
90543,0.23,6.05,7.40,0.0172,0.0133,-0.0065,91972.36,809.50,-0.01,0.0227
90608,0.26,6.02,7.44,0.0181,0.0124,-0.0080,91972.33,809.51,0.01,0.0234
90672,0.27,6.10,7.42,0.0176,0.0116,-0.0049,91972.33,809.51,0.01,0.0216
90732,0.28,6.07,7.45,0.0159,0.0100,-0.0063,91972.33,809.51,0.00,0.0198
90796,0.24,6.06,7.47,0.0177,0.0116,-0.0063,91972.33,809.51,0.00,0.0221
90856,0.27,6.05,7.41,0.0172,0.0108,-0.0084,91972.33,809.51,0.00,0.0220
90923,0.26,6.07,7.45,0.0184,0.0136,-0.0075,91972.33,809.51,0.00,0.0240
90985,0.23,6.04,7.45,0.0153,0.0108,-0.0060,91972.33,809.51,0.00,0.0197
91047,0.24,6.07,7.45,0.0168,0.0128,-0.0032,91972.33,809.51,0.00,0.0213
91109,0.25,6.01,7.45,0.0179,0.0100,-0.0080,91972.33,809.51,0.00,0.0220
91171,0.25,6.09,7.47,0.0171,0.0120,-0.0092,91972.33,809.51,0.00,0.0228
91233,0.26,6.10,7.47,0.0183,0.0129,-0.0057,91972.33,809.51,0.00,0.0231
91295,0.20,6.04,7.45,0.0168,0.0095,-0.0043,91972.33,809.51,0.00,0.0197
91361,0.23,6.08,7.44,0.0159,0.0119,-0.0079,91972.33,809.51,0.00,0.0213
91422,0.26,6.06,7.45,0.0163,0.0131,-0.0049,91972.33,809.51,0.00,0.0214
91486,0.21,6.04,7.47,0.0185,0.0156,-0.0056,91972.33,809.51,0.00,0.0248
91547,0.23,6.06,7.47,0.0180,0.0124,-0.0077,91972.33,809.51,0.00,0.0232
91611,0.26,6.07,7.45,0.0205,0.0152,-0.0061,91972.33,809.51,0.00,0.0263
91672,0.23,6.02,7.45,0.0207,0.0117,-0.0073,91972.64,809.48,-0.14,0.0249
91736,0.25,6.09,7.47,0.0191,0.0125,-0.0047,91972.64,809.48,-0.10,0.0233
91801,0.26,6.06,7.46,0.0157,0.0141,-0.0041,91972.64,809.48,-0.07,0.0215
91863,0.26,6.05,7.48,0.0188,0.0097,-0.0081,91972.64,809.48,-0.05,0.0227
91925,0.22,6.11,7.45,0.0189,0.0100,-0.0061,91972.64,809.48,-0.03,0.0223
91987,0.25,6.05,7.48,0.0183,0.0148,-0.0045,91972.64,809.48,-0.02,0.0239
92049,0.24,6.05,7.49,0.0155,0.0109,-0.0039,91972.64,809.48,-0.02,0.0193
92111,0.26,6.09,7.45,0.0159,0.0116,-0.0080,91972.64,809.48,-0.01,0.0212
92173,0.26,6.04,7.44,0.0167,0.0125,-0.0067,91972.47,809.49,0.07,0.0219
92238,0.24,6.06,7.52,0.0173,0.0111,-0.0085,91972.47,809.49,0.05,0.0222
92302,0.24,6.06,7.45,0.0199,0.0132,-0.0045,91972.47,809.49,0.03,0.0243
92362,0.16,6.06,7.42,0.0135,-0.0017,-0.0095,91972.47,809.49,0.02,0.0165
92426,0.15,5.77,7.39,0.0175,-0.0051,-0.0081,91972.47,809.49,0.02,0.0199
92487,0.32,6.13,7.41,0.0160,0.0133,-0.0035,91972.47,809.49,0.01,0.0211
92551,0.25,6.03,7.45,0.0188,0.0121,-0.0073,91972.47,809.49,0.01,0.0235
92616,0.23,6.11,7.41,0.0197,0.0133,-0.0047,91972.47,809.49,0.01,0.0242
92682,0.26,6.20,7.48,0.0180,0.0132,-0.0052,91972.44,809.50,0.02,0.0229
92744,0.25,6.07,7.50,0.0188,0.0103,-0.0085,91972.44,809.50,0.01,0.0230
92806,0.23,6.09,7.45,0.0163,0.0088,-0.0076,91972.44,809.50,0.01,0.0200
92868,0.27,6.08,7.44,0.0192,0.0199,-0.0060,91972.44,809.50,0.01,0.0283
92930,0.22,6.03,7.49,0.0183,0.0115,-0.0048,91972.44,809.50,0.00,0.0221
92992,0.29,6.11,7.43,0.0183,0.0099,-0.0048,91972.44,809.50,0.00,0.0213
93054,0.23,6.11,7.48,0.0131,0.0141,-0.0040,91972.44,809.50,0.00,0.0196
93131,0.24,6.09,7.47,0.0137,0.0107,-0.0035,91972.44,809.50,0.00,0.0177
93193,0.23,6.06,7.38,0.0220,0.0141,-0.0069,91972.09,809.53,0.15,0.0270
93255,0.25,6.05,7.56,0.0184,0.0148,-0.0059,91972.09,809.53,0.11,0.0243
93317,0.24,6.10,7.50,0.0172,0.0133,-0.0060,91972.09,809.53,0.08,0.0226
93379,0.24,6.04,7.46,0.0177,0.0116,-0.0051,91972.09,809.53,0.05,0.0218
93441,0.24,6.03,7.46,0.0187,0.0127,-0.0049,91972.09,809.53,0.04,0.0231
93503,0.26,6.05,7.42,0.0179,0.0129,-0.0063,91972.09,809.53,0.03,0.0229
93568,0.26,6.08,7.45,0.0148,0.0144,-0.0052,91972.09,809.53,0.02,0.0213
93632,0.26,6.03,7.46,0.0168,0.0107,-0.0088,91972.09,809.53,0.01,0.0217
93692,0.28,6.11,7.43,0.0148,0.0096,-0.0065,91972.25,809.51,-0.06,0.0188
93756,0.29,5.99,7.43,0.0199,0.0115,-0.0084,91972.25,809.51,-0.05,0.0244
93816,0.23,6.05,7.44,0.0203,0.0131,-0.0063,91972.25,809.51,-0.03,0.0249
93880,0.29,6.07,7.42,0.0164,0.0140,-0.0064,91972.25,809.51,-0.02,0.0225
93940,0.23,6.05,7.51,0.0183,0.0095,-0.0049,91972.25,809.51,-0.02,0.0211
94007,0.24,6.05,7.48,0.0184,0.0083,-0.0064,91972.25,809.51,-0.01,0.0211
94069,0.28,6.11,7.42,0.0180,0.0088,-0.0055,91972.25,809.51,-0.01,0.0208
94131,0.22,6.03,7.45,0.0188,0.0120,-0.0064,91972.25,809.51,-0.01,0.0232
94193,0.25,6.03,7.47,0.0191,0.0112,-0.0072,91972.08,809.53,0.07,0.0232
94255,0.26,6.09,7.46,0.0176,0.0144,-0.0052,91972.08,809.53,0.05,0.0233
94317,0.24,6.07,7.44,0.0175,0.0121,-0.0039,91972.08,809.53,0.04,0.0216
94379,0.23,6.07,7.46,0.0193,0.0127,-0.0063,91972.08,809.53,0.02,0.0239
94446,0.22,6.05,7.42,0.0193,0.0108,-0.0091,91972.08,809.53,0.02,0.0239
94507,0.23,6.02,7.48,0.0180,0.0104,-0.0091,91972.08,809.53,0.01,0.0227
94571,0.28,6.07,7.44,0.0156,0.0108,-0.0044,91972.08,809.53,0.01,0.0195
94636,0.23,6.07,7.41,0.0168,0.0136,-0.0061,91972.08,809.53,0.01,0.0225
94700,0.24,6.04,7.43,0.0172,0.0101,-0.0072,91972.25,809.51,-0.07,0.0212
94760,0.28,6.09,7.47,0.0168,0.0093,-0.0067,91972.25,809.51,-0.05,0.0203
94824,0.24,6.05,7.41,0.0156,0.0148,-0.0059,91972.25,809.51,-0.03,0.0223
94889,0.23,6.08,7.48,0.0181,0.0128,-0.0064,91972.25,809.51,-0.02,0.0231
94951,0.25,6.03,7.46,0.0179,0.0139,-0.0059,91972.25,809.51,-0.02,0.0233
95013,0.24,6.05,7.44,0.0204,0.0121,-0.0049,91972.25,809.51,-0.01,0.0242
95075,0.23,6.06,7.47,0.0204,0.0104,-0.0077,91972.25,809.51,-0.01,0.0242
95137,0.26,6.08,7.47,0.0157,0.0125,-0.0043,91972.25,809.51,-0.01,0.0205
95199,0.22,6.00,7.43,0.0161,0.0113,-0.0047,91972.24,809.51,-0.00,0.0202
95261,0.25,6.05,7.48,0.0181,0.0116,-0.0076,91972.24,809.51,-0.00,0.0228
95326,0.25,6.02,7.42,0.0163,0.0111,-0.0067,91972.24,809.51,-0.00,0.0208
95390,0.23,6.07,7.46,0.0175,0.0133,-0.0079,91972.24,809.51,-0.00,0.0233
95451,0.23,6.10,7.46,0.0199,0.0131,-0.0071,91972.24,809.51,-0.00,0.0248
95515,0.17,5.95,7.32,0.0192,0.0104,-0.0072,91972.24,809.51,-0.00,0.0230
95576,0.23,6.00,7.35,0.0211,0.0171,-0.0067,91972.24,809.51,-0.00,0.0279
95640,0.25,6.07,7.47,0.0165,0.0147,-0.0068,91972.24,809.51,-0.00,0.0231
95700,0.27,6.07,7.45,0.0197,0.0121,-0.0069,91972.22,809.52,0.01,0.0242
95767,0.23,6.07,7.48,0.0192,0.0116,-0.0084,91972.22,809.52,0.01,0.0239
95829,0.31,6.30,7.61,0.0187,0.0262,-0.0056,91972.22,809.52,0.01,0.0327
95891,0.27,6.00,7.46,0.0203,0.0149,-0.0053,91972.22,809.52,0.00,0.0257
95953,0.24,6.07,7.45,0.0132,0.0096,-0.0064,91972.22,809.52,0.00,0.0175
96015,0.28,6.07,7.42,0.0163,0.0115,-0.0063,91972.22,809.52,0.00,0.0208
96077,0.26,6.07,7.47,0.0173,0.0117,-0.0068,91972.22,809.52,0.00,0.0220
96139,0.23,6.04,7.50,0.0172,0.0113,-0.0079,91972.22,809.52,0.00,0.0220
96206,0.28,6.08,7.40,0.0153,0.0119,-0.0068,91971.88,809.55,0.14,0.0205
96266,0.25,6.01,7.40,0.0165,0.0115,-0.0061,91971.88,809.55,0.10,0.0210
96330,0.22,6.09,7.45,0.0212,0.0116,-0.0073,91971.88,809.55,0.07,0.0252
96390,0.27,6.07,7.45,0.0179,0.0116,-0.0084,91971.88,809.55,0.05,0.0229
96454,0.26,6.01,7.42,0.0193,0.0100,-0.0061,91971.88,809.55,0.03,0.0226
96514,0.24,6.03,7.42,0.0181,0.0135,-0.0096,91971.88,809.55,0.02,0.0245
96578,0.28,6.08,7.45,0.0188,0.0155,-0.0075,91971.88,809.55,0.02,0.0254
96643,0.21,6.04,7.43,0.0163,0.0115,-0.0067,91971.88,809.55,0.01,0.0210
96715,0.28,6.11,7.47,0.0171,0.0124,-0.0069,91971.84,809.55,0.02,0.0222
96777,0.23,6.05,7.44,0.0175,0.0109,-0.0076,91971.84,809.55,0.01,0.0219
96839,0.22,6.04,7.46,0.0171,0.0124,-0.0096,91971.84,809.55,0.01,0.0232
96901,0.30,6.12,7.44,0.0168,0.0135,-0.0073,91971.84,809.55,0.01,0.0227
96963,0.28,6.06,7.43,0.0139,0.0141,-0.0064,91971.84,809.55,0.00,0.0208
97025,0.24,6.03,7.43,0.0172,0.0129,-0.0075,91971.84,809.55,0.00,0.0228
97087,0.27,6.13,7.47,0.0180,0.0124,-0.0072,91971.84,809.55,0.00,0.0230
97152,0.26,6.02,7.46,0.0189,0.0139,-0.0043,91971.84,809.55,0.00,0.0238
97216,0.22,6.08,7.48,0.0168,0.0123,-0.0079,91971.84,809.55,0.00,0.0222
97276,0.27,6.06,7.43,0.0188,0.0137,-0.0089,91971.84,809.55,0.00,0.0249
97340,0.28,6.01,7.45,0.0213,0.0217,-0.0056,91971.84,809.55,0.00,0.0309
97401,0.25,6.05,7.45,0.0204,0.0115,-0.0057,91971.84,809.55,0.00,0.0241
97465,0.25,6.06,7.47,0.0200,0.0132,-0.0060,91971.84,809.55,0.00,0.0247
97526,0.21,6.01,7.41,0.0135,0.0107,-0.0065,91971.84,809.55,0.00,0.0184
97593,0.26,6.05,7.46,0.0200,0.0148,-0.0060,91971.84,809.55,0.00,0.0256
97655,0.27,6.05,7.42,0.0191,0.0125,-0.0045,91971.84,809.55,0.00,0.0232
97717,0.21,6.09,7.44,0.0192,0.0093,-0.0057,91971.66,809.57,0.08,0.0221
97779,0.28,6.04,7.43,0.0175,0.0087,-0.0071,91971.66,809.57,0.06,0.0207
97841,0.29,6.06,7.42,0.0192,0.0103,-0.0053,91971.66,809.57,0.04,0.0224
97903,0.26,6.00,7.46,0.0184,0.0131,-0.0051,91971.66,809.57,0.03,0.0231
97965,0.27,6.09,7.46,0.0164,0.0131,-0.0080,91971.66,809.57,0.02,0.0224
98031,0.24,6.03,7.45,0.0187,0.0120,-0.0059,91971.66,809.57,0.01,0.0229
98091,0.20,6.08,7.46,0.0184,0.0119,-0.0068,91971.66,809.57,0.01,0.0229
98155,0.29,6.07,7.46,0.0187,0.0099,-0.0063,91971.66,809.57,0.01,0.0220
98215,0.30,6.11,7.39,0.0143,0.0096,-0.0059,91971.33,809.60,0.16,0.0182
98279,0.25,6.04,7.44,0.0180,0.0088,-0.0085,91971.33,809.60,0.11,0.0218
98339,0.26,6.04,7.42,0.0152,0.0132,-0.0059,91971.33,809.60,0.08,0.0210
98403,0.22,5.99,7.42,0.0183,0.0096,-0.0049,91971.33,809.60,0.05,0.0212
98468,0.19,6.04,7.50,0.0181,0.0101,-0.0068,91971.33,809.60,0.04,0.0218
98530,0.25,6.10,7.46,0.0181,0.0115,-0.0063,91971.33,809.60,0.03,0.0223
98592,0.27,6.02,7.44,0.0144,0.0119,-0.0073,91971.33,809.60,0.02,0.0200
98659,0.25,6.02,7.37,0.0191,0.0081,-0.0077,91971.33,809.60,0.01,0.0221
98721,0.25,6.11,7.44,0.0181,0.0151,-0.0037,91971.49,809.58,-0.06,0.0239
98783,0.25,6.01,7.45,0.0171,0.0120,-0.0065,91971.49,809.58,-0.04,0.0218
98845,0.23,6.08,7.46,0.0189,0.0097,-0.0059,91971.49,809.58,-0.03,0.0221
98910,0.24,6.05,7.45,0.0147,0.0124,-0.0052,91971.49,809.58,-0.02,0.0199
98974,0.24,6.05,7.45,0.0188,0.0152,-0.0071,91971.49,809.58,-0.01,0.0252
99034,0.23,6.09,7.48,0.0184,0.0103,-0.0069,91971.49,809.58,-0.01,0.0222
99098,0.22,6.01,7.44,0.0184,0.0133,-0.0057,91971.49,809.58,-0.01,0.0234
99158,0.30,5.93,7.45,0.0145,0.0101,-0.0048,91971.49,809.58,-0.01,0.0183
99222,0.24,6.06,7.50,0.0187,0.0153,-0.0028,91971.66,809.57,-0.08,0.0243
99282,0.22,6.03,7.44,0.0184,0.0067,-0.0069,91971.66,809.57,-0.05,0.0207
99348,0.25,6.06,7.44,0.0189,0.0115,-0.0051,91971.66,809.57,-0.04,0.0227
99410,0.30,6.05,7.42,0.0209,0.0112,-0.0069,91971.66,809.57,-0.03,0.0247
99472,0.23,6.02,7.38,0.0160,0.0131,-0.0052,91971.66,809.57,-0.02,0.0213
99534,0.23,6.04,7.44,0.0188,0.0095,-0.0080,91971.66,809.57,-0.01,0.0225
99596,0.23,6.07,7.47,0.0188,0.0092,-0.0040,91971.66,809.57,-0.01,0.0213
99656,0.25,6.01,7.42,0.0160,0.0123,-0.0055,91971.66,809.57,-0.01,0.0209
99728,0.28,6.16,7.46,0.0173,0.0124,-0.0056,91971.98,809.54,-0.12,0.0220
99830,0.25,6.22,7.59,0.0191,0.0135,-0.0080,91971.98,809.54,-0.09,0.0247
99890,0.25,6.04,7.52,0.0187,0.0105,-0.0049,91971.98,809.54,-0.06,0.0220
99954,0.22,6.10,7.57,0.0220,0.0077,-0.0079,91971.98,809.54,-0.04,0.0246
100015,0.24,6.06,7.43,0.0181,0.0143,-0.0063,91971.98,809.54,-0.03,0.0239
100079,0.25,6.03,7.46,0.0176,0.0124,-0.0053,91971.98,809.54,-0.02,0.0222
100139,0.33,5.77,7.32,0.0232,0.0000,-0.0152,91971.98,809.54,-0.01,0.0277
100202,0.26,6.07,7.46,0.0191,0.0129,-0.0023,91971.98,809.54,-0.01,0.0231
100277,0.23,6.10,7.51,0.0167,0.0076,-0.0077,91971.47,809.58,0.18,0.0199
100341,0.28,5.92,7.35,0.0144,0.0133,-0.0064,91971.47,809.58,0.12,0.0206
100402,0.25,6.11,7.39,0.0172,0.0127,-0.0063,91971.47,809.58,0.09,0.0222
100466,0.23,6.01,7.41,0.0165,0.0133,-0.0087,91971.47,809.58,0.06,0.0229
100527,0.28,6.08,7.41,0.0127,0.0127,-0.0033,91971.47,809.58,0.04,0.0182
100591,0.33,6.05,7.33,0.0119,0.0043,-0.0127,91971.47,809.58,0.03,0.0179
100652,0.28,5.92,7.44,0.0140,0.0039,-0.0101,91971.47,809.58,0.02,0.0177
100724,0.26,6.13,7.44,0.0165,0.0105,-0.0069,91971.47,809.58,0.01,0.0208
100786,0.27,6.05,7.48,0.0165,0.0180,-0.0069,91971.46,809.58,0.01,0.0254
100848,0.28,6.08,7.46,0.0151,0.0115,-0.0063,91971.46,809.58,0.01,0.0199
100910,0.23,6.05,7.44,0.0193,0.0112,-0.0073,91971.46,809.58,0.01,0.0235
100972,0.23,6.00,7.44,0.0152,0.0093,-0.0085,91971.46,809.58,0.00,0.0198
101035,0.24,6.15,7.43,0.0181,0.0091,-0.0051,91971.46,809.58,0.00,0.0209
101097,0.18,6.01,7.40,0.0183,0.0115,-0.0040,91971.46,809.58,0.00,0.0219
101164,0.25,6.08,7.45,0.0151,0.0132,-0.0055,91971.46,809.58,0.00,0.0207
101225,0.17,6.17,7.25,0.0127,0.0288,-0.0037,91971.46,809.58,0.00,0.0317
101289,0.19,5.89,7.38,0.0187,0.0128,-0.0097,91971.46,809.58,0.00,0.0246
101350,0.18,6.10,7.44,0.0172,0.0101,-0.0052,91971.46,809.58,0.00,0.0206
101414,0.41,6.24,7.49,0.0226,0.0334,-0.0035,91971.46,809.58,0.00,0.0405
101475,0.20,6.01,7.47,0.0185,0.0176,-0.0047,91971.46,809.58,0.00,0.0260
101539,0.18,6.08,7.46,0.0177,0.0083,-0.0061,91971.46,809.58,0.00,0.0205
101604,0.26,6.04,7.44,0.0160,0.0079,-0.0079,91971.46,809.58,0.00,0.0195
101666,0.28,6.29,7.71,0.0125,0.0093,-0.0037,91971.46,809.58,0.00,0.0161
101729,0.33,6.10,7.47,0.0131,0.0149,-0.0033,91971.46,809.58,0.00,0.0201
101791,0.22,6.09,7.47,0.0117,0.0048,-0.0079,91971.97,809.54,-0.22,0.0149
101854,0.21,6.00,7.39,0.0155,0.0115,-0.0049,91971.97,809.54,-0.15,0.0199
101916,0.31,6.12,7.47,0.0201,0.0139,-0.0028,91971.97,809.54,-0.11,0.0246
101978,0.25,6.06,7.43,0.0177,0.0125,-0.0060,91971.97,809.54,-0.08,0.0225
102043,0.27,6.03,7.55,0.0164,0.0065,-0.0089,91971.97,809.54,-0.05,0.0198
102107,0.23,6.08,7.44,0.0184,0.0156,-0.0028,91971.97,809.54,-0.04,0.0243
102168,0.24,6.10,7.49,0.0165,0.0191,-0.0076,91971.97,809.54,-0.03,0.0263
102232,0.26,6.03,7.44,0.0160,0.0153,-0.0075,91971.97,809.54,-0.02,0.0234
102293,0.31,6.03,7.39,0.0165,0.0117,-0.0088,91971.79,809.55,0.06,0.0221
102357,0.23,6.04,7.40,0.0181,0.0116,-0.0055,91971.79,809.55,0.05,0.0222
102418,0.25,5.97,7.41,0.0218,0.0143,-0.0073,91971.79,809.55,0.03,0.0271
102485,0.31,6.16,7.47,0.0184,0.0160,-0.0069,91971.79,809.55,0.02,0.0253
102548,0.31,5.95,7.48,0.0209,0.0155,-0.0080,91971.79,809.55,0.02,0.0272
102610,0.24,6.12,7.42,0.0199,0.0131,-0.0052,91971.79,809.55,0.01,0.0243
102672,0.27,6.07,7.43,0.0211,0.0156,-0.0049,91971.79,809.55,0.01,0.0267
102739,0.23,6.27,7.59,0.0071,0.0017,-0.0107,91971.79,809.55,0.01,0.0129
102801,0.26,5.96,7.45,0.0168,0.0088,-0.0072,91971.79,809.55,0.00,0.0203
102863,0.23,6.18,7.41,0.0189,0.0075,-0.0057,91971.79,809.55,0.00,0.0211
102930,0.25,5.99,7.37,0.0180,0.0155,-0.0099,91971.79,809.55,0.00,0.0257
102991,0.28,6.13,7.46,0.0156,0.0099,-0.0067,91971.79,809.55,0.00,0.0196
103055,0.23,5.99,7.39,0.0168,0.0105,-0.0095,91971.79,809.55,0.00,0.0220
103116,0.24,6.02,7.49,0.0207,0.0133,-0.0079,91971.79,809.55,0.00,0.0258
103180,0.26,6.11,7.47,0.0187,0.0105,-0.0067,91971.79,809.55,0.00,0.0224
103241,0.20,6.07,7.43,0.0183,0.0124,-0.0043,91971.79,809.55,0.00,0.0225
103305,0.28,6.03,7.45,0.0179,0.0128,-0.0073,91971.95,809.54,-0.07,0.0232
103370,0.23,6.11,7.44,0.0175,0.0121,-0.0067,91971.95,809.54,-0.05,0.0223
103432,0.23,6.01,7.44,0.0191,0.0136,-0.0081,91971.95,809.54,-0.03,0.0248
103495,0.24,6.08,7.46,0.0163,0.0107,-0.0043,91971.95,809.54,-0.02,0.0199
103557,0.20,6.06,7.45,0.0185,0.0139,-0.0077,91971.95,809.54,-0.02,0.0244
103619,0.27,6.09,7.50,0.0188,0.0131,-0.0065,91971.95,809.54,-0.01,0.0238
103681,0.24,6.11,7.50,0.0147,0.0129,-0.0051,91971.95,809.54,-0.01,0.0202
103743,0.27,6.02,7.47,0.0192,0.0071,-0.0052,91971.95,809.54,-0.01,0.0211
103820,0.25,6.08,7.40,0.0157,0.0109,-0.0092,91971.91,809.54,0.01,0.0212
103882,0.19,6.08,7.43,0.0120,0.0077,-0.0037,91971.91,809.54,0.01,0.0147
103944,0.23,6.03,7.44,0.0200,0.0145,-0.0073,91971.91,809.54,0.01,0.0258
104006,0.25,6.10,7.41,0.0156,0.0121,-0.0069,91971.91,809.54,0.00,0.0209
104068,0.21,6.08,7.39,0.0185,0.0133,-0.0061,91971.91,809.54,0.00,0.0236
104131,0.29,6.11,7.43,0.0197,0.0160,-0.0045,91971.91,809.54,0.00,0.0258
104193,0.25,6.11,7.50,0.0187,0.0092,-0.0053,91971.91,809.54,0.00,0.0215
104260,0.26,5.99,7.43,0.0161,0.0112,-0.0043,91971.91,809.54,0.00,0.0201
104321,0.25,6.11,7.47,0.0181,0.0145,-0.0072,91972.08,809.53,-0.07,0.0243
104385,0.27,6.06,7.44,0.0193,0.0147,-0.0079,91972.08,809.53,-0.05,0.0255
104446,0.26,6.02,7.43,0.0192,0.0104,-0.0052,91972.08,809.53,-0.04,0.0224
104510,0.29,6.10,7.49,0.0176,0.0088,-0.0065,91972.08,809.53,-0.03,0.0207
104571,0.26,6.04,7.38,0.0180,0.0085,-0.0068,91972.08,809.53,-0.02,0.0210
104635,0.23,6.03,7.43,0.0199,0.0121,-0.0055,91972.08,809.53,-0.01,0.0239
104700,0.26,6.12,7.44,0.0173,0.0113,-0.0067,91972.08,809.53,-0.01,0.0217
104767,0.26,6.00,7.45,0.0172,0.0129,-0.0059,91972.08,809.53,-0.01,0.0223
104829,0.26,6.10,7.45,0.0177,0.0117,-0.0071,91972.07,809.53,-0.00,0.0224
104891,0.27,6.13,7.47,0.0171,0.0124,-0.0048,91972.07,809.53,-0.00,0.0216
104953,0.25,6.05,7.46,0.0175,0.0133,-0.0041,91972.07,809.53,-0.00,0.0223
105015,0.23,6.02,7.45,0.0173,0.0107,-0.0085,91972.07,809.53,-0.00,0.0221
105078,0.26,6.09,7.44,0.0149,0.0089,-0.0063,91972.07,809.53,-0.00,0.0185
105143,0.22,6.04,7.45,0.0199,0.0153,-0.0069,91972.07,809.53,-0.00,0.0260
105207,0.24,6.07,7.45,0.0171,0.0139,-0.0051,91972.07,809.53,-0.00,0.0225
105268,0.26,6.05,7.43,0.0176,0.0089,-0.0073,91972.07,809.53,-0.00,0.0210
105332,0.20,6.02,7.48,0.0167,0.0107,-0.0109,91972.06,809.53,0.00,0.0226
105393,0.23,6.11,7.43,0.0183,0.0095,-0.0052,91972.06,809.53,0.00,0.0212
105457,0.23,6.05,7.43,0.0189,0.0148,-0.0063,91972.06,809.53,0.00,0.0248
105518,0.25,6.01,7.45,0.0168,0.0140,-0.0073,91972.06,809.53,0.00,0.0230
105585,0.27,6.09,7.41,0.0144,0.0113,-0.0072,91972.06,809.53,0.00,0.0197
105648,0.23,6.06,7.46,0.0179,0.0131,-0.0069,91972.06,809.53,0.00,0.0232
105710,0.22,6.08,7.48,0.0167,0.0096,-0.0065,91972.06,809.53,0.00,0.0203
105773,0.25,6.07,7.44,0.0187,0.0131,-0.0067,91972.06,809.53,0.00,0.0237
105835,0.25,6.00,7.46,0.0167,0.0123,-0.0081,91972.06,809.53,0.00,0.0222
105898,0.26,6.10,7.46,0.0164,0.0153,-0.0048,91972.06,809.53,0.00,0.0229
105960,0.25,6.09,7.47,0.0160,0.0124,-0.0073,91972.06,809.53,0.00,0.0215
106027,0.22,6.01,7.44,0.0187,0.0133,-0.0043,91972.06,809.53,0.00,0.0233
106088,0.24,6.08,7.51,0.0167,0.0123,-0.0049,91972.06,809.53,0.00,0.0213
106152,0.26,6.02,7.41,0.0143,0.0097,-0.0080,91972.06,809.53,0.00,0.0190
106213,0.22,6.06,7.47,0.0201,0.0143,-0.0073,91972.06,809.53,0.00,0.0257
106277,0.25,6.07,7.45,0.0168,0.0108,-0.0047,91972.06,809.53,0.00,0.0205
106338,0.24,6.06,7.46,0.0191,0.0139,-0.0060,91972.06,809.53,0.00,0.0243
106402,0.21,6.02,7.46,0.0187,0.0117,-0.0073,91972.06,809.53,0.00,0.0232
106467,0.28,6.04,7.39,0.0157,0.0112,-0.0057,91972.06,809.53,0.00,0.0201
106529,0.22,6.09,7.49,0.0165,0.0120,-0.0088,91972.06,809.53,0.00,0.0222
106592,0.24,5.98,7.47,0.0173,0.0127,-0.0077,91972.06,809.53,0.00,0.0228
106654,0.28,6.10,7.47,0.0161,0.0120,-0.0063,91972.06,809.53,0.00,0.0210
106717,0.22,6.05,7.42,0.0168,0.0140,-0.0056,91972.06,809.53,0.00,0.0226
106784,0.22,6.08,7.48,0.0171,0.0193,-0.0048,91972.06,809.53,0.00,0.0262
106847,0.27,6.09,7.46,0.0205,0.0163,-0.0071,91972.03,809.53,0.01,0.0271
106912,0.24,6.05,7.49,0.0161,0.0124,-0.0092,91972.03,809.53,0.01,0.0223
106976,0.28,6.11,7.50,0.0176,0.0108,-0.0061,91972.03,809.53,0.01,0.0215
107037,0.26,6.06,7.42,0.0179,0.0129,-0.0053,91972.03,809.53,0.00,0.0227
107101,0.24,6.01,7.48,0.0221,0.0111,-0.0067,91972.03,809.53,0.00,0.0256
107162,0.23,6.23,7.61,0.0177,0.0211,-0.0048,91972.03,809.53,0.00,0.0279
107226,0.28,5.92,7.47,0.0171,0.0088,-0.0044,91972.03,809.53,0.00,0.0197
107287,0.24,5.99,7.45,0.0193,0.0115,-0.0036,91972.03,809.53,0.00,0.0227
107365,0.31,6.07,7.48,0.0168,0.0140,-0.0071,91972.20,809.52,-0.06,0.0230
107426,0.30,5.88,7.44,0.0177,0.0165,-0.0068,91972.20,809.52,-0.04,0.0252
107490,0.28,6.09,7.41,0.0203,0.0241,-0.0033,91972.20,809.52,-0.03,0.0317
107551,0.30,6.10,7.35,0.0151,0.0120,-0.0072,91972.20,809.52,-0.02,0.0205
107615,0.24,6.06,7.45,0.0156,0.0161,-0.0059,91972.20,809.52,-0.01,0.0232
107676,0.23,6.04,7.37,0.0180,0.0123,-0.0071,91972.20,809.52,-0.01,0.0229
107740,0.20,6.07,7.42,0.0165,0.0135,-0.0044,91972.20,809.52,-0.01,0.0218
107805,0.29,6.01,7.52,0.0187,0.0123,-0.0041,91972.20,809.52,-0.00,0.0227
107867,0.26,6.14,7.47,0.0167,0.0160,-0.0033,91971.52,809.58,0.30,0.0233
107929,0.28,6.00,7.37,0.0189,0.0205,-0.0044,91971.52,809.58,0.21,0.0283
107991,0.20,6.06,7.46,0.0168,0.0139,-0.0051,91971.52,809.58,0.15,0.0223
108053,0.25,6.07,7.45,0.0151,0.0081,-0.0080,91971.52,809.58,0.10,0.0189
108115,0.27,5.98,7.41,0.0209,0.0151,-0.0072,91971.52,809.58,0.07,0.0268
108177,0.25,6.09,7.42,0.0144,0.0143,-0.0048,91971.52,809.58,0.05,0.0208
108242,0.26,6.10,7.38,0.0132,0.0124,-0.0049,91971.52,809.58,0.04,0.0188
108306,0.23,6.10,7.46,0.0129,0.0127,-0.0077,91971.52,809.58,0.02,0.0197
108367,0.26,6.06,7.39,0.0184,0.0084,-0.0069,91971.52,809.58,0.02,0.0214
108431,0.23,6.12,7.45,0.0163,0.0148,-0.0060,91971.52,809.58,0.01,0.0228
108492,0.27,6.03,7.47,0.0183,0.0155,-0.0076,91971.52,809.58,0.01,0.0251
108556,0.30,6.08,7.46,0.0168,0.0121,-0.0065,91971.52,809.58,0.01,0.0217
108617,0.25,6.01,7.37,0.0197,0.0115,-0.0072,91971.52,809.58,0.00,0.0239
108684,0.27,6.09,7.47,0.0168,0.0104,-0.0061,91971.52,809.58,0.00,0.0207
108746,0.29,6.10,7.47,0.0184,0.0128,-0.0061,91971.52,809.58,0.00,0.0232
108813,0.22,6.01,7.46,0.0176,0.0121,-0.0044,91971.52,809.58,0.00,0.0218
108875,0.25,6.11,7.53,0.0211,0.0123,-0.0063,91971.69,809.56,-0.08,0.0252
108937,0.28,6.06,7.47,0.0175,0.0149,-0.0045,91971.69,809.56,-0.05,0.0234
108999,0.23,6.01,7.44,0.0204,0.0133,-0.0069,91971.69,809.56,-0.04,0.0253
109061,0.26,6.02,7.41,0.0209,0.0121,-0.0073,91971.69,809.56,-0.03,0.0253
109128,0.24,6.15,7.43,0.0164,0.0115,-0.0061,91971.69,809.56,-0.02,0.0209
109189,0.19,6.00,7.40,0.0176,0.0088,-0.0061,91971.69,809.56,-0.01,0.0206
109253,0.24,5.98,7.38,0.0199,0.0115,-0.0101,91971.69,809.56,-0.01,0.0251
109314,0.24,6.10,7.37,0.0157,0.0128,-0.0060,91971.69,809.56,-0.01,0.0211
109378,0.28,6.02,7.43,0.0185,0.0136,-0.0075,91971.68,809.56,-0.00,0.0242
109439,0.30,6.05,7.42,0.0164,0.0072,-0.0057,91971.68,809.56,-0.00,0.0188
109503,0.30,6.09,7.46,0.0222,0.0116,-0.0087,91971.68,809.56,-0.00,0.0265
109568,0.22,6.05,7.47,0.0196,0.0147,-0.0067,91971.68,809.56,-0.00,0.0254
109630,0.22,6.08,7.42,0.0201,0.0145,-0.0040,91971.68,809.56,-0.00,0.0251
109693,0.28,6.01,7.46,0.0192,0.0152,-0.0073,91971.68,809.56,-0.00,0.0255
109755,0.21,6.09,7.45,0.0148,0.0105,-0.0040,91971.68,809.56,-0.00,0.0186
109818,0.26,6.07,7.44,0.0173,0.0120,-0.0079,91971.68,809.56,-0.00,0.0225
109880,0.25,6.05,7.44,0.0173,0.0113,-0.0068,91971.84,809.55,-0.07,0.0218
109942,0.23,6.00,7.47,0.0161,0.0107,-0.0059,91971.84,809.55,-0.05,0.0202
110007,0.23,6.11,7.46,0.0172,0.0135,-0.0107,91971.84,809.55,-0.03,0.0243
110071,0.23,6.03,7.46,0.0167,0.0116,-0.0068,91971.84,809.55,-0.02,0.0214
110132,0.25,6.07,7.46,0.0189,0.0104,-0.0104,91971.84,809.55,-0.02,0.0240
110196,0.27,6.08,7.42,0.0159,0.0120,-0.0069,91971.84,809.55,-0.01,0.0211
110257,0.23,6.05,7.45,0.0176,0.0117,-0.0067,91971.84,809.55,-0.01,0.0222
110321,0.24,6.09,7.47,0.0199,0.0112,-0.0055,91971.84,809.55,-0.01,0.0234
110386,0.27,6.08,7.45,0.0189,0.0113,-0.0060,91971.98,809.54,-0.06,0.0228
110448,0.18,6.03,7.45,0.0177,0.0111,-0.0060,91971.98,809.54,-0.04,0.0217
110510,0.23,6.07,7.47,0.0173,0.0128,-0.0045,91971.98,809.54,-0.03,0.0220
110572,0.23,6.05,7.42,0.0184,0.0128,-0.0069,91971.98,809.54,-0.02,0.0234
110635,0.22,6.04,7.47,0.0200,0.0124,-0.0071,91971.98,809.54,-0.01,0.0246
110697,0.28,6.06,7.46,0.0157,0.0101,-0.0073,91971.98,809.54,-0.01,0.0201
110759,0.25,6.08,7.47,0.0207,0.0139,-0.0039,91971.98,809.54,-0.01,0.0252
110840,0.25,6.11,7.43,0.0200,0.0101,-0.0056,91971.98,809.54,-0.01,0.0231
110902,0.19,5.97,7.39,0.0191,0.0080,-0.0060,91971.98,809.54,-0.00,0.0215
110964,0.20,6.02,7.47,0.0153,0.0124,-0.0076,91971.98,809.54,-0.00,0.0211
111026,0.28,6.05,7.46,0.0200,0.0153,-0.0060,91971.98,809.54,-0.00,0.0259
111088,0.25,6.02,7.44,0.0157,0.0083,-0.0040,91971.98,809.54,-0.00,0.0182
111150,0.24,6.10,7.48,0.0187,0.0116,-0.0089,91971.98,809.54,-0.00,0.0237
111212,0.27,6.07,7.45,0.0156,0.0117,-0.0079,91971.98,809.54,-0.00,0.0210
111279,0.21,6.03,7.44,0.0159,0.0124,-0.0045,91971.98,809.54,-0.00,0.0206
111340,0.27,6.05,7.45,0.0185,0.0119,-0.0036,91971.98,809.54,-0.00,0.0223
111404,0.27,6.09,7.46,0.0171,0.0124,-0.0069,91971.95,809.54,0.01,0.0222
111465,0.21,6.00,7.46,0.0148,0.0139,-0.0061,91971.95,809.54,0.01,0.0212
111529,0.26,6.09,7.44,0.0160,0.0135,-0.0059,91971.95,809.54,0.01,0.0217
111590,0.26,6.07,7.47,0.0192,0.0124,-0.0061,91971.95,809.54,0.00,0.0236
111654,0.23,6.05,7.45,0.0180,0.0112,-0.0081,91971.95,809.54,0.00,0.0227
111719,0.26,6.08,7.39,0.0176,0.0097,-0.0067,91971.95,809.54,0.00,0.0212
111781,0.21,6.05,7.45,0.0180,0.0129,-0.0064,91971.95,809.54,0.00,0.0231
111843,0.23,5.99,7.42,0.0195,0.0137,-0.0076,91971.95,809.54,0.00,0.0250
111905,0.27,6.09,7.44,0.0157,0.0092,-0.0048,91971.95,809.54,0.00,0.0188
111967,0.23,6.04,7.45,0.0148,0.0123,-0.0060,91971.95,809.54,0.00,0.0201
112029,0.25,6.07,7.47,0.0193,0.0113,-0.0063,91971.95,809.54,0.00,0.0233
112092,0.26,6.10,7.43,0.0168,0.0139,-0.0047,91971.95,809.54,0.00,0.0223
112157,0.25,6.04,7.46,0.0197,0.0129,-0.0060,91971.95,809.54,0.00,0.0243
112221,0.27,6.09,7.42,0.0165,0.0112,-0.0073,91971.95,809.54,0.00,0.0213
112282,0.24,6.06,7.47,0.0171,0.0140,-0.0060,91971.95,809.54,0.00,0.0229
112346,0.24,6.03,7.46,0.0175,0.0105,-0.0061,91971.95,809.54,0.00,0.0213
112407,0.25,6.10,7.45,0.0149,0.0127,-0.0051,91971.95,809.54,0.00,0.0202
112471,0.23,6.07,7.44,0.0181,0.0139,-0.0055,91971.95,809.54,0.00,0.0235
112532,0.23,6.05,7.48,0.0177,0.0127,-0.0041,91971.95,809.54,0.00,0.0222
112599,0.25,6.07,7.46,0.0171,0.0123,-0.0075,91971.95,809.54,0.00,0.0223
112662,0.22,6.05,7.48,0.0171,0.0123,-0.0071,91971.95,809.54,0.00,0.0222
112724,0.22,6.11,7.45,0.0144,0.0145,-0.0047,91971.95,809.54,0.00,0.0210
112787,0.25,6.09,7.45,0.0171,0.0105,-0.0035,91971.95,809.54,0.00,0.0203
112854,0.22,6.05,7.48,0.0189,0.0115,-0.0072,91971.95,809.54,0.00,0.0233
112917,0.26,6.06,7.44,0.0168,0.0111,-0.0077,91971.77,809.56,0.08,0.0215
112979,0.25,6.04,7.44,0.0167,0.0100,-0.0059,91971.77,809.56,0.05,0.0203
113046,0.21,6.06,7.45,0.0193,0.0135,-0.0076,91971.77,809.56,0.04,0.0247
113107,0.26,6.08,7.44,0.0159,0.0124,-0.0047,91971.77,809.56,0.03,0.0207
113171,0.26,6.05,7.43,0.0161,0.0139,-0.0057,91971.77,809.56,0.02,0.0220
113232,0.22,6.05,7.45,0.0168,0.0105,-0.0051,91971.77,809.56,0.01,0.0205
113296,0.28,6.10,7.45,0.0172,0.0144,-0.0053,91971.77,809.56,0.01,0.0230
113357,0.24,6.05,7.44,0.0180,0.0147,-0.0059,91971.77,809.56,0.01,0.0239
113421,0.22,6.05,7.45,0.0168,0.0131,-0.0077,91971.77,809.56,0.00,0.0226
113486,0.28,6.07,7.44,0.0179,0.0113,-0.0063,91971.77,809.56,0.00,0.0220
113548,0.23,6.06,7.48,0.0183,0.0123,-0.0089,91971.77,809.56,0.00,0.0237
113610,0.24,6.05,7.45,0.0176,0.0116,-0.0099,91971.77,809.56,0.00,0.0233
113672,0.25,6.09,7.45,0.0173,0.0105,-0.0076,91971.77,809.56,0.00,0.0216
113734,0.23,6.05,7.46,0.0205,0.0143,-0.0072,91971.77,809.56,0.00,0.0260
113796,0.23,6.06,7.47,0.0164,0.0123,-0.0084,91971.77,809.56,0.00,0.0221
113859,0.27,6.06,7.45,0.0176,0.0129,-0.0069,91971.77,809.56,0.00,0.0229
113924,0.23,6.04,7.45,0.0191,0.0115,-0.0059,91971.91,809.54,-0.06,0.0230
113988,0.26,6.10,7.43,0.0196,0.0124,-0.0081,91971.91,809.54,-0.04,0.0246
114048,0.25,6.08,7.46,0.0188,0.0111,-0.0048,91971.91,809.54,-0.03,0.0223
114112,0.24,6.06,7.47,0.0151,0.0139,-0.0073,91971.91,809.54,-0.02,0.0217
114172,0.29,6.06,7.45,0.0152,0.0105,-0.0072,91971.91,809.54,-0.01,0.0198
114236,0.25,6.06,7.44,0.0173,0.0131,-0.0073,91971.91,809.54,-0.01,0.0229
114297,0.24,6.03,7.47,0.0193,0.0117,-0.0075,91971.91,809.54,-0.01,0.0238
114373,0.25,6.09,7.45,0.0161,0.0139,-0.0073,91971.91,809.54,-0.00,0.0225
114439,0.26,6.03,7.46,0.0161,0.0140,-0.0041,91971.91,809.54,-0.00,0.0217
114501,0.26,6.12,7.47,0.0192,0.0140,-0.0067,91971.91,809.54,-0.00,0.0247
114562,0.25,6.04,7.50,0.0195,0.0116,-0.0064,91971.91,809.54,-0.00,0.0235
114627,0.22,6.06,7.44,0.0181,0.0121,-0.0060,91971.91,809.54,-0.00,0.0226
114689,0.28,6.09,7.48,0.0191,0.0111,-0.0060,91971.91,809.54,-0.00,0.0228
114754,0.24,6.01,7.47,0.0209,0.0135,-0.0064,91971.91,809.54,-0.00,0.0257
114820,0.28,6.05,7.43,0.0168,0.0111,-0.0036,91971.91,809.54,-0.00,0.0204
114887,0.21,6.06,7.48,0.0184,0.0117,-0.0055,91971.91,809.54,-0.00,0.0225
114949,0.20,6.02,7.43,0.0151,0.0133,-0.0072,91971.91,809.54,-0.00,0.0214
115011,0.24,6.12,7.40,0.0153,0.0117,-0.0065,91971.91,809.54,-0.00,0.0204
115073,0.22,6.03,7.44,0.0180,0.0128,-0.0067,91971.91,809.54,-0.00,0.0231
115135,0.24,6.07,7.47,0.0177,0.0112,-0.0073,91971.91,809.54,-0.00,0.0222
115197,0.26,6.07,7.43,0.0179,0.0112,-0.0052,91971.91,809.54,-0.00,0.0217
115262,0.23,6.05,7.47,0.0168,0.0095,-0.0060,91971.91,809.54,-0.00,0.0202
115326,0.25,6.11,7.44,0.0157,0.0116,-0.0081,91971.91,809.54,-0.00,0.0212
115387,0.28,6.06,7.44,0.0167,0.0131,-0.0064,91971.91,809.54,-0.00,0.0221
115451,0.24,6.03,7.46,0.0184,0.0112,-0.0072,91971.91,809.54,-0.00,0.0227
115512,0.21,6.06,7.45,0.0164,0.0080,-0.0052,91971.91,809.54,-0.00,0.0190
115576,0.26,6.07,7.42,0.0163,0.0115,-0.0048,91971.91,809.54,-0.00,0.0205
115637,0.23,6.00,7.44,0.0184,0.0113,-0.0059,91971.91,809.54,-0.00,0.0224
115704,0.27,6.11,7.43,0.0201,0.0092,-0.0093,91971.91,809.54,-0.00,0.0240
115766,0.26,6.00,7.43,0.0177,0.0135,-0.0064,91971.91,809.54,-0.00,0.0232
115828,0.24,6.01,7.46,0.0183,0.0141,-0.0063,91971.91,809.54,-0.00,0.0239
115890,0.27,6.08,7.43,0.0168,0.0108,-0.0052,91971.91,809.54,-0.00,0.0206
115952,0.24,6.03,7.46,0.0188,0.0101,-0.0079,91971.91,809.54,-0.00,0.0227
116014,0.21,6.04,7.46,0.0185,0.0113,-0.0064,91971.91,809.54,-0.00,0.0226
116076,0.26,6.11,7.43,0.0168,0.0104,-0.0071,91971.91,809.54,-0.00,0.0210
116142,0.26,6.02,7.44,0.0183,0.0152,-0.0064,91971.91,809.54,-0.00,0.0246
116203,0.24,6.05,7.46,0.0167,0.0135,-0.0087,91971.91,809.54,-0.00,0.0231
116267,0.21,6.13,7.46,0.0179,0.0112,-0.0089,91971.91,809.54,-0.00,0.0229
116328,0.21,5.97,7.49,0.0192,0.0093,-0.0075,91971.91,809.54,-0.00,0.0226
116392,0.26,6.08,7.47,0.0195,0.0096,-0.0069,91971.91,809.54,-0.00,0.0228
116453,0.27,6.06,7.46,0.0184,0.0101,-0.0037,91971.91,809.53,-0.08,0.0213
116517,0.25,6.03,7.44,0.0179,0.0104,-0.0071,91972.08,809.53,-0.05,0.0218
116582,0.27,6.07,7.47,0.0177,0.0120,-0.0065,91972.08,809.53,-0.04,0.0224
116644,0.25,6.04,7.44,0.0195,0.0116,-0.0053,91972.08,809.53,-0.03,0.0233
116706,0.24,6.07,7.45,0.0164,0.0111,-0.0063,91972.08,809.53,-0.02,0.0207
116768,0.25,6.09,7.44,0.0171,0.0108,-0.0087,91972.08,809.53,-0.01,0.0220
116830,0.26,6.04,7.45,0.0181,0.0144,-0.0059,91972.08,809.53,-0.01,0.0239
116897,0.23,6.04,7.46,0.0156,0.0132,-0.0073,91972.08,809.53,-0.01,0.0217
116959,0.23,6.10,7.41,0.0205,0.0143,-0.0048,91972.08,809.57,0.22,0.0254
117024,0.21,6.00,7.44,0.0167,0.0132,-0.0059,91971.88,809.55,0.02,0.0220
117088,0.27,6.09,7.47,0.0153,0.0137,-0.0063,91971.88,809.55,0.02,0.0215
117148,0.24,6.10,7.46,0.0175,0.0135,-0.0064,91971.88,809.55,0.01,0.0229
117212,0.27,6.02,7.45,0.0156,0.0101,-0.0083,91971.88,809.55,0.01,0.0203
117272,0.25,6.06,7.45,0.0175,0.0105,-0.0053,91971.88,809.55,0.01,0.0211
117336,0.24,6.07,7.42,0.0165,0.0147,-0.0072,91971.88,809.55,0.00,0.0232
117396,0.24,6.01,7.47,0.0172,0.0121,-0.0068,91971.88,809.55,0.00,0.0221
117462,0.29,6.11,7.48,0.0179,0.0121,-0.0083,91971.88,809.55,0.00,0.0231
117524,0.26,6.07,7.42,0.0183,0.0165,-0.0055,91972.02,809.53,-0.06,0.0252
117586,0.22,6.02,7.48,0.0185,0.0092,-0.0063,91972.02,809.53,-0.04,0.0216
117648,0.26,6.10,7.45,0.0187,0.0099,-0.0047,91972.02,809.53,-0.03,0.0216
117710,0.24,6.08,7.42,0.0173,0.0132,-0.0059,91972.02,809.53,-0.02,0.0225
117772,0.25,6.03,7.46,0.0161,0.0141,-0.0056,91972.02,809.53,-0.01,0.0222
117834,0.27,6.10,7.44,0.0187,0.0103,-0.0047,91972.02,809.53,-0.01,0.0218
117911,0.25,6.03,7.47,0.0196,0.0113,-0.0087,91972.02,809.53,-0.01,0.0242
117973,0.26,6.08,7.46,0.0160,0.0123,-0.0060,91972.02,809.56,0.14,0.0210
118035,0.25,6.04,7.44,0.0153,0.0129,-0.0032,91972.02,809.53,-0.05,0.0203
118097,0.25,6.02,7.45,0.0193,0.0103,-0.0071,91972.02,809.53,-0.03,0.0230
118159,0.26,6.05,7.44,0.0180,0.0115,-0.0064,91972.02,809.53,-0.02,0.0223
118221,0.24,6.07,7.41,0.0156,0.0120,-0.0056,91972.02,809.53,-0.02,0.0204
118283,0.22,6.02,7.44,0.0175,0.0104,-0.0060,91972.02,809.53,-0.01,0.0212
118348,0.28,6.11,7.44,0.0176,0.0140,-0.0072,91972.02,809.53,-0.01,0.0236
118412,0.26,6.04,7.45,0.0180,0.0143,-0.0043,91972.02,809.53,-0.01,0.0233
118472,0.25,6.05,7.48,0.0176,0.0131,-0.0089,91972.02,809.53,-0.00,0.0237
118536,0.26,6.09,7.47,0.0168,0.0077,-0.0024,91972.18,809.52,-0.07,0.0186
118597,0.26,6.03,7.42,0.0165,0.0153,-0.0056,91972.18,809.52,-0.05,0.0232
118661,0.25,6.05,7.47,0.0176,0.0107,-0.0067,91972.18,809.52,-0.03,0.0216
118721,0.28,6.08,7.45,0.0157,0.0120,-0.0049,91972.18,809.52,-0.02,0.0204
118787,0.25,6.00,7.46,0.0161,0.0105,-0.0051,91972.18,809.52,-0.02,0.0199
118849,0.24,6.07,7.46,0.0181,0.0115,-0.0111,91972.18,809.52,-0.01,0.0241
118916,0.24,6.05,7.45,0.0177,0.0103,-0.0071,91972.18,809.52,-0.01,0.0217
118978,0.22,5.99,7.48,0.0185,0.0135,-0.0063,91972.18,809.52,-0.01,0.0237
119040,0.27,6.07,7.47,0.0177,0.0117,-0.0071,91972.17,809.52,-0.00,0.0224
119102,0.27,6.06,7.44,0.0171,0.0123,-0.0073,91972.17,809.52,-0.00,0.0222
119164,0.22,6.03,7.45,0.0211,0.0104,-0.0061,91972.17,809.52,-0.00,0.0243
119225,0.24,6.06,7.48,0.0163,0.0123,-0.0080,91972.17,809.52,-0.00,0.0219
119287,0.27,6.10,7.44,0.0163,0.0131,-0.0077,91972.17,809.52,-0.00,0.0222
119349,0.23,6.04,7.48,0.0161,0.0123,-0.0029,91972.17,809.52,-0.00,0.0205
119411,0.27,6.08,7.44,0.0191,0.0093,-0.0088,91972.17,809.52,-0.00,0.0230
119473,0.28,6.08,7.45,0.0181,0.0093,-0.0049,91972.17,809.52,-0.00,0.0210
119535,0.22,6.02,7.47,0.0159,0.0123,-0.0055,91972.17,809.52,-0.00,0.0208
119601,0.30,6.11,7.42,0.0180,0.0140,-0.0087,91972.17,809.52,-0.00,0.0244
119662,0.23,6.07,7.43,0.0161,0.0129,-0.0061,91972.17,809.52,-0.00,0.0216
119726,0.23,6.04,7.46,0.0171,0.0109,-0.0052,91972.17,809.52,-0.00,0.0209
119787,0.24,6.08,7.46,0.0199,0.0109,-0.0061,91972.17,809.52,-0.00,0.0235
119851,0.22,6.04,7.47,0.0168,0.0104,-0.0072,91972.17,809.52,-0.00,0.0210
119912,0.21,6.02,7.46,0.0183,0.0127,-0.0075,91972.17,809.52,-0.00,0.0234
119976,0.25,6.12,7.46,0.0147,0.0120,-0.0061,91972.17,809.52,-0.00,0.0199
120041,0.22,6.02,7.44,0.0171,0.0127,-0.0077,91972.00,809.54,0.07,0.0226
120103,0.24,6.05,7.49,0.0188,0.0127,-0.0052,91972.00,809.54,0.05,0.0232
120165,0.30,6.09,7.47,0.0156,0.0108,-0.0063,91972.00,809.54,0.04,0.0200
120227,0.27,6.01,7.46,0.0175,0.0127,-0.0060,91972.00,809.54,0.02,0.0224
120289,0.21,6.08,7.46,0.0167,0.0120,-0.0092,91972.00,809.54,0.02,0.0225
120351,0.25,6.08,7.46,0.0149,0.0119,-0.0088,91972.00,809.54,0.01,0.0210
120413,0.23,6.02,7.44,0.0168,0.0143,-0.0049,91972.00,809.54,0.01,0.0226
120478,0.25,6.10,7.46,0.0192,0.0124,-0.0072,91972.00,809.54,0.01,0.0239
120542,0.25,6.11,7.44,0.0175,0.0109,-0.0043,91971.97,809.54,0.02,0.0210
120602,0.25,6.01,7.44,0.0165,0.0101,-0.0075,91971.97,809.54,0.01,0.0208
120666,0.25,6.09,7.48,0.0151,0.0143,-0.0063,91971.97,809.54,0.01,0.0217
120727,0.25,6.03,7.44,0.0176,0.0129,-0.0064,91971.97,809.54,0.01,0.0227
120791,0.22,6.02,7.46,0.0189,0.0156,-0.0055,91971.97,809.54,0.00,0.0251
120851,0.27,6.08,7.46,0.0177,0.0124,-0.0079,91971.97,809.54,0.00,0.0230
120922,0.23,6.03,7.46,0.0181,0.0144,-0.0059,91971.97,809.54,0.00,0.0239
120984,0.25,6.07,7.46,0.0175,0.0105,-0.0048,91971.97,809.54,0.00,0.0209
121046,0.27,6.09,7.46,0.0189,0.0120,-0.0068,91971.97,809.54,0.00,0.0234
121108,0.23,5.99,7.47,0.0187,0.0127,-0.0065,91971.97,809.54,0.00,0.0235
121170,0.25,6.04,7.44,0.0152,0.0108,-0.0057,91971.97,809.54,0.00,0.0195
121232,0.25,6.06,7.43,0.0149,0.0117,-0.0064,91971.97,809.54,0.00,0.0200
121294,0.21,6.04,7.46,0.0187,0.0117,-0.0057,91971.97,809.54,0.00,0.0228
121371,0.27,6.10,7.47,0.0161,0.0141,-0.0056,91971.97,809.54,0.00,0.0222
121433,0.23,6.00,7.45,0.0175,0.0111,-0.0073,91971.97,809.54,0.00,0.0219
121495,0.23,6.06,7.48,0.0179,0.0107,-0.0075,91971.97,809.54,0.00,0.0221
121557,0.26,6.08,7.45,0.0180,0.0083,-0.0051,91971.97,809.54,0.00,0.0204
121619,0.23,6.01,7.46,0.0163,0.0120,-0.0059,91971.97,809.54,0.00,0.0210
121681,0.23,6.08,7.45,0.0195,0.0075,-0.0072,91971.97,809.54,0.00,0.0220
121743,0.27,6.12,7.44,0.0168,0.0119,-0.0073,91971.97,809.54,0.00,0.0218
121808,0.25,6.05,7.45,0.0171,0.0109,-0.0079,91971.97,809.54,0.00,0.0217
121872,0.26,6.09,7.47,0.0183,0.0123,-0.0103,91971.97,809.54,0.00,0.0243
121933,0.28,6.09,7.45,0.0172,0.0139,-0.0056,91971.97,809.54,0.00,0.0228
121997,0.17,6.01,7.46,0.0171,0.0113,-0.0055,91971.97,809.54,0.00,0.0212
122058,0.26,6.09,7.46,0.0179,0.0109,-0.0055,91971.96,809.54,0.00,0.0216
122122,0.24,6.06,7.45,0.0188,0.0128,-0.0075,91971.96,809.54,0.00,0.0239
122182,0.26,6.04,7.44,0.0168,0.0115,-0.0076,91971.96,809.54,0.00,0.0217
122249,0.28,6.10,7.48,0.0155,0.0103,-0.0043,91971.96,809.54,0.00,0.0190
122311,0.24,6.03,7.46,0.0159,0.0131,-0.0051,91971.96,809.54,0.00,0.0212
122373,0.25,6.05,7.47,0.0177,0.0127,-0.0095,91971.96,809.54,0.00,0.0237
122435,0.28,6.09,7.45,0.0152,0.0119,-0.0069,91971.96,809.54,0.00,0.0205
122497,0.23,6.04,7.44,0.0152,0.0109,-0.0053,91971.96,809.54,0.00,0.0195
122559,0.28,6.01,7.43,0.0200,0.0111,-0.0087,91972.12,809.52,-0.07,0.0244
122621,0.26,6.11,7.42,0.0160,0.0133,-0.0060,91972.12,809.52,-0.05,0.0217
122687,0.22,6.00,7.45,0.0163,0.0125,-0.0073,91972.12,809.52,-0.03,0.0218
122748,0.22,6.07,7.48,0.0187,0.0127,-0.0080,91972.12,809.52,-0.02,0.0239
122812,0.26,6.13,7.45,0.0168,0.0096,-0.0057,91972.12,809.52,-0.02,0.0202
122872,0.20,6.03,7.48,0.0155,0.0123,-0.0065,91972.12,809.52,-0.01,0.0208
122941,0.23,6.10,7.43,0.0176,0.0131,-0.0087,91972.12,809.52,-0.01,0.0236
123002,0.22,6.04,7.45,0.0199,0.0127,-0.0053,91972.12,809.52,-0.01,0.0241
123066,0.24,6.00,7.44,0.0168,0.0120,-0.0055,91972.44,809.50,-0.14,0.0213
123131,0.27,6.11,7.45,0.0173,0.0107,-0.0045,91972.44,809.50,-0.10,0.0208
123193,0.25,6.05,7.43,0.0188,0.0116,-0.0068,91972.44,809.50,-0.07,0.0231
123255,0.24,6.07,7.50,0.0157,0.0095,-0.0051,91972.44,809.50,-0.05,0.0190
123317,0.26,6.10,7.45,0.0185,0.0087,-0.0063,91972.44,809.50,-0.03,0.0214
123379,0.23,6.03,7.46,0.0151,0.0144,-0.0069,91972.44,809.50,-0.02,0.0219
123441,0.24,6.08,7.45,0.0165,0.0103,-0.0075,91972.44,809.50,-0.02,0.0208
123503,0.27,6.10,7.46,0.0199,0.0097,-0.0051,91972.44,809.50,-0.01,0.0227
123568,0.25,6.00,7.44,0.0185,0.0131,-0.0059,91972.27,809.51,0.06,0.0234
123632,0.26,6.08,7.44,0.0188,0.0112,-0.0073,91972.27,809.51,0.04,0.0231
123692,0.28,6.10,7.44,0.0161,0.0087,-0.0037,91972.27,809.51,0.03,0.0187
123756,0.22,6.01,7.45,0.0183,0.0145,-0.0044,91972.27,809.51,0.02,0.0237
123817,0.27,6.06,7.47,0.0200,0.0104,-0.0067,91972.27,809.51,0.01,0.0235
123881,0.24,6.06,7.46,0.0180,0.0143,-0.0057,91972.27,809.51,0.01,0.0237
123941,0.25,6.03,7.45,0.0197,0.0135,-0.0059,91972.27,809.51,0.01,0.0246
124008,0.26,6.10,7.45,0.0159,0.0120,-0.0068,91972.27,809.51,0.01,0.0210
124070,0.26,6.02,7.47,0.0177,0.0164,-0.0064,91972.23,809.51,0.02,0.0250
124132,0.25,6.02,7.45,0.0180,0.0088,-0.0052,91972.23,809.51,0.01,0.0207
124194,0.31,6.11,7.43,0.0180,0.0113,-0.0077,91972.23,809.51,0.01,0.0226
124256,0.21,6.04,7.44,0.0164,0.0132,-0.0072,91972.23,809.51,0.01,0.0222
124318,0.26,6.07,7.45,0.0132,0.0139,-0.0060,91972.23,809.51,0.00,0.0200
124380,0.27,6.10,7.44,0.0165,0.0115,-0.0073,91972.23,809.51,0.00,0.0214
124447,0.21,6.01,7.48,0.0168,0.0132,-0.0051,91972.23,809.51,0.00,0.0219
124507,0.25,6.10,7.47,0.0164,0.0124,-0.0067,91972.23,809.51,0.00,0.0216
124571,0.28,6.04,7.45,0.0156,0.0121,-0.0075,91972.23,809.51,0.00,0.0211
124631,0.24,6.00,7.44,0.0184,0.0117,-0.0043,91972.23,809.51,0.00,0.0222
124695,0.25,6.09,7.46,0.0159,0.0132,-0.0071,91972.23,809.51,0.00,0.0218
124755,0.29,6.08,7.46,0.0179,0.0125,-0.0040,91972.23,809.51,0.00,0.0222
124819,0.23,5.99,7.46,0.0155,0.0103,-0.0083,91972.23,809.51,0.00,0.0203
124894,0.28,6.09,7.45,0.0179,0.0129,-0.0056,91972.23,809.51,0.00,0.0227
124963,0.24,6.01,7.46,0.0179,0.0116,-0.0053,91972.23,809.51,0.00,0.0219
125024,0.26,6.09,7.44,0.0175,0.0109,-0.0071,91972.23,809.51,0.00,0.0218
125088,0.24,6.05,7.45,0.0189,0.0119,-0.0044,91972.57,809.48,-0.14,0.0228
125148,0.20,6.01,7.47,0.0167,0.0133,-0.0068,91972.57,809.48,-0.10,0.0224
125212,0.25,6.08,7.45,0.0173,0.0125,-0.0061,91972.57,809.48,-0.07,0.0222
125272,0.27,6.05,7.46,0.0179,0.0112,-0.0041,91972.57,809.48,-0.05,0.0215
125339,0.23,6.01,7.49,0.0197,0.0105,-0.0063,91972.57,809.48,-0.03,0.0232
125401,0.29,6.09,7.46,0.0167,0.0144,-0.0068,91972.57,809.48,-0.02,0.0230
125463,0.23,6.05,7.44,0.0164,0.0129,-0.0068,91972.57,809.48,-0.02,0.0219
125525,0.24,6.02,7.45,0.0193,0.0116,-0.0055,91972.57,809.48,-0.01,0.0232
125587,0.28,6.07,7.43,0.0195,0.0099,-0.0067,91972.20,809.52,0.15,0.0228
125649,0.24,6.00,7.45,0.0167,0.0152,-0.0051,91972.20,809.52,0.10,0.0231
125711,0.23,6.03,7.46,0.0205,0.0115,-0.0067,91972.20,809.52,0.07,0.0244
125778,0.26,6.12,7.46,0.0159,0.0128,-0.0071,91972.20,809.52,0.05,0.0216
125838,0.22,6.01,7.46,0.0189,0.0115,-0.0071,91972.20,809.52,0.04,0.0232
125902,0.21,6.06,7.46,0.0181,0.0120,-0.0079,91972.20,809.52,0.03,0.0231
125962,0.26,6.06,7.46,0.0164,0.0115,-0.0048,91972.20,809.52,0.02,0.0206
126026,0.24,6.01,7.49,0.0175,0.0124,-0.0072,91972.20,809.52,0.01,0.0226
126086,0.26,6.04,7.47,0.0183,0.0095,-0.0063,91972.20,809.52,0.02,0.0215
126150,0.26,6.10,7.43,0.0180,0.0137,-0.0040,91972.20,809.52,0.01,0.0230
126215,0.21,6.02,7.45,0.0151,0.0116,-0.0051,91972.20,809.52,0.01,0.0197
126277,0.25,6.10,7.51,0.0165,0.0128,-0.0080,91972.20,809.52,0.01,0.0224
126339,0.28,6.10,7.43,0.0177,0.0117,-0.0076,91972.20,809.52,0.00,0.0226
126401,0.24,6.00,7.46,0.0187,0.0127,-0.0049,91972.20,809.52,0.00,0.0231
126463,0.23,6.05,7.45,0.0176,0.0053,-0.0055,91972.20,809.52,0.00,0.0192
126525,0.25,6.11,7.41,0.0193,0.0111,-0.0068,91972.20,809.52,0.00,0.0233
126587,0.26,6.03,7.46,0.0209,0.0113,-0.0084,91972.20,809.52,0.00,0.0252
126652,0.29,6.09,7.47,0.0144,0.0120,-0.0071,91972.53,809.49,-0.14,0.0200
126716,0.22,6.08,7.48,0.0156,0.0085,-0.0041,91972.53,809.49,-0.10,0.0182
126776,0.22,6.06,7.46,0.0155,0.0111,-0.0081,91972.53,809.49,-0.07,0.0207
126840,0.27,6.08,7.45,0.0145,0.0117,-0.0063,91972.53,809.49,-0.05,0.0197
126900,0.26,6.08,7.43,0.0164,0.0131,-0.0053,91972.53,809.49,-0.03,0.0216
126969,0.23,6.05,7.45,0.0175,0.0167,-0.0063,91972.53,809.49,-0.02,0.0249
127029,0.27,6.12,7.47,0.0177,0.0113,-0.0037,91972.53,809.49,-0.02,0.0214
127096,0.19,6.00,7.44,0.0164,0.0115,-0.0044,91972.53,809.49,-0.01,0.0205
127158,0.24,6.07,7.47,0.0188,0.0104,-0.0053,91972.53,809.49,-0.01,0.0221
127220,0.25,6.08,7.43,0.0164,0.0131,-0.0079,91972.53,809.49,-0.01,0.0224
127282,0.22,6.00,7.46,0.0180,0.0115,-0.0067,91972.53,809.49,-0.00,0.0223
127344,0.26,6.05,7.44,0.0184,0.0119,-0.0067,91972.53,809.49,-0.00,0.0229
127406,0.25,6.06,7.47,0.0205,0.0120,-0.0052,91972.53,809.49,-0.00,0.0243
127468,0.23,6.04,7.44,0.0168,0.0103,-0.0083,91972.53,809.49,-0.00,0.0213
127534,0.24,6.14,7.47,0.0192,0.0116,-0.0084,91972.53,809.49,-0.00,0.0239
127594,0.27,6.08,7.44,0.0149,0.0143,-0.0067,91972.53,809.49,-0.00,0.0217
127658,0.22,6.05,7.47,0.0180,0.0119,-0.0073,91972.70,809.47,-0.07,0.0228
127718,0.26,6.07,7.46,0.0173,0.0120,-0.0055,91972.70,809.47,-0.05,0.0218
127782,0.29,6.11,7.49,0.0183,0.0137,-0.0048,91972.70,809.47,-0.03,0.0233
127842,0.22,5.98,7.42,0.0167,0.0133,-0.0064,91972.70,809.47,-0.02,0.0223
127906,0.27,6.11,7.44,0.0168,0.0093,-0.0044,91972.70,809.47,-0.02,0.0197
127971,0.27,6.06,7.43,0.0184,0.0133,-0.0045,91972.70,809.47,-0.01,0.0232
128033,0.23,6.06,7.47,0.0179,0.0141,-0.0068,91972.70,809.47,-0.01,0.0238
128095,0.24,6.05,7.49,0.0155,0.0129,-0.0051,91972.70,809.47,-0.01,0.0208
128157,0.25,5.99,7.39,0.0149,0.0143,-0.0057,91972.49,809.49,0.08,0.0214
128219,0.21,6.06,7.43,0.0180,0.0120,-0.0087,91972.49,809.49,0.06,0.0233
128281,0.31,6.10,7.50,0.0218,0.0131,-0.0077,91972.49,809.49,0.04,0.0266
128343,0.27,6.01,7.49,0.0189,0.0124,-0.0060,91972.49,809.49,0.03,0.0234
128419,0.25,6.12,7.41,0.0163,0.0109,-0.0059,91972.49,809.49,0.02,0.0204
128481,0.24,6.01,7.42,0.0165,0.0111,-0.0073,91972.49,809.49,0.01,0.0212
128543,0.26,6.02,7.42,0.0181,0.0132,-0.0064,91972.49,809.49,0.01,0.0233
128605,0.27,6.10,7.47,0.0199,0.0112,-0.0064,91972.49,809.49,0.01,0.0237
128667,0.24,6.01,7.47,0.0156,0.0112,-0.0077,91972.47,809.49,0.02,0.0207
128729,0.28,6.03,7.48,0.0180,0.0115,-0.0075,91972.47,809.49,0.01,0.0226
128791,0.26,6.12,7.44,0.0177,0.0096,-0.0077,91972.47,809.49,0.01,0.0216
128857,0.22,6.01,7.47,0.0168,0.0104,-0.0069,91972.47,809.49,0.01,0.0209
128918,0.25,6.08,7.50,0.0199,0.0111,-0.0072,91972.47,809.49,0.00,0.0238
128986,0.26,6.04,7.41,0.0161,0.0144,-0.0067,91972.47,809.49,0.00,0.0226
129047,0.25,6.03,7.46,0.0176,0.0109,-0.0081,91972.47,809.49,0.00,0.0222
129108,0.26,6.06,7.46,0.0204,0.0112,-0.0055,91972.47,809.49,0.00,0.0239
129214,0.27,6.07,7.39,0.0195,0.0123,-0.0061,91972.80,809.46,-0.08,0.0238
129275,0.23,6.04,7.45,0.0168,0.0140,-0.0087,91972.80,809.46,-0.06,0.0235
129340,0.25,6.08,7.49,0.0184,0.0124,-0.0059,91972.80,809.46,-0.04,0.0229
129402,0.25,6.13,7.48,0.0192,0.0115,-0.0075,91972.80,809.46,-0.03,0.0236
129465,0.23,5.99,7.44,0.0173,0.0108,-0.0059,91972.80,809.46,-0.02,0.0212
129527,0.27,6.09,7.45,0.0192,0.0115,-0.0060,91972.80,809.46,-0.01,0.0231
129589,0.23,6.08,7.40,0.0171,0.0107,-0.0064,91972.80,809.46,-0.01,0.0211
129651,0.21,6.05,7.47,0.0159,0.0113,-0.0045,91972.63,809.48,0.07,0.0200
129714,0.27,6.01,7.45,0.0187,0.0096,-0.0048,91972.63,809.48,0.05,0.0215
129779,0.29,6.07,7.43,0.0179,0.0091,-0.0040,91972.63,809.48,0.03,0.0204
129843,0.20,6.01,7.47,0.0171,0.0139,-0.0057,91972.63,809.48,0.02,0.0227
129904,0.23,6.07,7.45,0.0187,0.0177,-0.0052,91972.63,809.48,0.02,0.0262
129968,0.25,6.05,7.48,0.0176,0.0152,-0.0057,91972.63,809.48,0.01,0.0239
130029,0.19,6.10,7.47,0.0189,0.0132,-0.0079,91972.63,809.48,0.01,0.0244
130093,0.26,6.05,7.47,0.0188,0.0120,-0.0085,91972.63,809.48,0.01,0.0239
130154,0.23,6.15,7.51,0.0133,0.0104,-0.0041,91972.63,809.48,0.00,0.0174
130221,0.23,5.99,7.34,0.0155,0.0128,-0.0057,91972.63,809.48,0.00,0.0209
130283,0.25,6.04,7.38,0.0167,0.0143,-0.0089,91972.63,809.48,0.00,0.0237
130345,0.23,6.00,7.41,0.0196,0.0156,-0.0055,91972.63,809.48,0.00,0.0256
130407,0.27,6.03,7.50,0.0185,0.0095,-0.0051,91972.63,809.48,0.00,0.0214
130469,0.25,6.05,7.44,0.0173,0.0119,-0.0059,91972.63,809.48,0.00,0.0218
130532,0.19,6.01,7.43,0.0192,0.0088,-0.0077,91972.63,809.48,0.00,0.0225
130594,0.22,6.03,7.49,0.0181,0.0105,-0.0060,91972.63,809.48,0.00,0.0218
130661,0.27,6.06,7.46,0.0187,0.0127,-0.0040,91972.94,809.45,-0.13,0.0229
130722,0.24,5.99,7.47,0.0153,0.0107,-0.0067,91972.94,809.45,-0.09,0.0198
130786,0.26,6.09,7.44,0.0168,0.0099,-0.0067,91972.94,809.45,-0.06,0.0206
130847,0.27,6.05,7.47,0.0152,0.0151,-0.0068,91972.94,809.45,-0.04,0.0224
130911,0.23,6.01,7.48,0.0185,0.0120,-0.0052,91972.94,809.45,-0.03,0.0227
130972,0.22,6.07,7.46,0.0172,0.0105,-0.0040,91972.94,809.45,-0.02,0.0205
131041,0.22,6.01,7.45,0.0172,0.0144,-0.0048,91972.94,809.45,-0.01,0.0229
131106,0.26,6.09,7.47,0.0197,0.0113,-0.0049,91972.94,809.45,-0.01,0.0233
131168,0.27,6.08,7.44,0.0189,0.0121,-0.0071,91972.93,809.45,-0.00,0.0236
131231,0.23,6.03,7.47,0.0159,0.0129,-0.0057,91972.93,809.45,-0.00,0.0212
131293,0.22,6.07,7.41,0.0168,0.0117,-0.0044,91972.93,809.45,-0.00,0.0209
131356,0.27,6.05,7.45,0.0153,0.0125,-0.0060,91972.93,809.45,-0.00,0.0207
131418,0.22,6.06,7.46,0.0183,0.0104,-0.0056,91972.93,809.45,-0.00,0.0217
131481,0.28,6.09,7.44,0.0212,0.0133,-0.0069,91972.93,809.45,-0.00,0.0260
131546,0.27,6.03,7.47,0.0163,0.0121,-0.0064,91972.93,809.45,-0.00,0.0213
131610,0.25,6.09,7.49,0.0175,0.0121,-0.0072,91972.93,809.45,-0.00,0.0224
131671,0.28,6.11,7.47,0.0149,0.0089,-0.0051,91972.75,809.47,0.08,0.0181
131735,0.23,5.99,7.40,0.0205,0.0119,-0.0085,91972.75,809.47,0.06,0.0252
131796,0.13,6.05,7.28,0.0115,0.0069,-0.0068,91972.75,809.47,0.04,0.0150
131860,0.28,6.03,7.36,0.0189,0.0145,-0.0064,91972.75,809.47,0.03,0.0247
131921,0.23,6.10,7.42,0.0204,0.0120,-0.0057,91972.75,809.47,0.02,0.0243
131999,0.26,6.14,7.43,0.0199,0.0091,-0.0068,91972.75,809.47,0.01,0.0229
132060,0.25,6.07,7.47,0.0188,0.0092,-0.0053,91972.75,809.47,0.01,0.0216
132124,0.29,6.06,7.46,0.0165,0.0124,-0.0077,91972.75,809.47,0.01,0.0220
132185,0.26,6.08,7.45,0.0165,0.0116,-0.0063,91972.75,809.47,0.00,0.0211
132249,0.20,6.02,7.46,0.0188,0.0141,-0.0064,91972.75,809.47,0.00,0.0244
132310,0.28,6.05,7.46,0.0161,0.0139,-0.0060,91972.75,809.47,0.00,0.0221
132374,0.25,6.05,7.45,0.0193,0.0097,-0.0068,91972.75,809.47,0.00,0.0227
132439,0.26,6.06,7.42,0.0155,0.0109,-0.0059,91972.75,809.47,0.00,0.0198
132501,0.27,6.07,7.45,0.0196,0.0107,-0.0049,91972.75,809.47,0.00,0.0228
132564,0.24,6.11,7.41,0.0159,0.0132,-0.0065,91972.75,809.47,0.00,0.0216
132626,0.23,6.08,7.46,0.0168,0.0111,-0.0085,91972.75,809.47,0.00,0.0218
132689,0.28,6.03,7.42,0.0155,0.0123,-0.0049,91973.09,809.44,-0.15,0.0203
132751,0.22,6.05,7.41,0.0140,0.0120,-0.0075,91973.09,809.44,-0.10,0.0199
132814,0.28,6.05,7.44,0.0191,0.0125,-0.0048,91973.09,809.44,-0.07,0.0233
132879,0.24,6.12,7.49,0.0153,0.0123,-0.0079,91973.09,809.44,-0.05,0.0211
132943,0.26,6.00,7.45,0.0149,0.0049,-0.0089,91973.09,809.44,-0.04,0.0181
133004,0.25,6.06,7.46,0.0168,0.0107,-0.0084,91973.09,809.44,-0.03,0.0216
133073,0.27,6.12,7.50,0.0189,0.0164,-0.0044,91973.09,809.44,-0.02,0.0254
133134,0.23,6.02,7.52,0.0197,0.0112,-0.0064,91973.09,809.44,-0.01,0.0236
133198,0.26,6.07,7.39,0.0165,0.0113,-0.0075,91973.03,809.44,0.02,0.0214
133259,0.26,6.04,7.43,0.0173,0.0155,-0.0049,91973.03,809.44,0.01,0.0237
133326,0.20,5.99,7.42,0.0191,0.0139,-0.0067,91973.03,809.44,0.01,0.0245
133389,0.27,6.10,7.44,0.0163,0.0056,-0.0087,91973.03,809.44,0.01,0.0192
133451,0.22,6.04,7.50,0.0189,0.0116,-0.0067,91973.03,809.44,0.00,0.0232
133513,0.21,6.02,7.49,0.0204,0.0104,-0.0067,91973.03,809.44,0.00,0.0238
133575,0.26,6.12,7.51,0.0137,0.0085,-0.0071,91973.03,809.44,0.00,0.0176
133638,0.26,6.01,7.39,0.0181,0.0111,-0.0049,91973.03,809.44,0.00,0.0218
133700,0.25,5.98,7.40,0.0188,0.0153,-0.0081,91973.03,809.44,0.00,0.0256
133767,0.24,6.13,7.43,0.0151,0.0108,-0.0045,91973.03,809.44,0.00,0.0191
133828,0.21,5.99,7.44,0.0196,0.0108,-0.0040,91973.03,809.44,0.00,0.0227
133892,0.24,6.13,7.47,0.0188,0.0108,-0.0077,91973.03,809.44,0.00,0.0230
133953,0.29,6.07,7.45,0.0195,0.0148,-0.0064,91973.03,809.44,0.00,0.0253
134017,0.26,6.04,7.45,0.0172,0.0132,-0.0043,91973.03,809.44,0.00,0.0221
134078,0.23,6.09,7.49,0.0151,0.0136,-0.0073,91973.03,809.44,0.00,0.0216
134142,0.28,6.08,7.45,0.0141,0.0155,-0.0065,91973.03,809.44,0.00,0.0219
134207,0.24,6.05,7.45,0.0188,0.0143,-0.0077,91973.03,809.44,0.00,0.0248
134269,0.23,6.08,7.43,0.0161,0.0097,-0.0069,91973.03,809.44,0.00,0.0201
134332,0.25,6.03,7.42,0.0168,0.0133,-0.0065,91973.03,809.44,0.00,0.0224
134394,0.23,6.13,7.46,0.0181,0.0129,-0.0053,91973.03,809.44,0.00,0.0229
134457,0.27,6.05,7.43,0.0144,0.0111,-0.0075,91973.03,809.44,0.00,0.0196
134519,0.27,6.11,7.45,0.0168,0.0096,-0.0069,91973.03,809.44,0.00,0.0205
134582,0.22,5.99,7.47,0.0196,0.0109,-0.0061,91973.03,809.44,0.00,0.0232
134647,0.20,6.19,7.54,0.0164,0.0127,-0.0035,91973.03,809.44,0.00,0.0210
134711,0.25,6.03,7.50,0.0141,0.0099,-0.0064,91972.86,809.46,0.07,0.0184
134772,0.25,6.08,7.49,0.0155,0.0120,-0.0057,91972.86,809.46,0.05,0.0204
134836,0.24,6.08,7.43,0.0160,0.0125,-0.0076,91972.86,809.46,0.04,0.0217
134897,0.24,6.05,7.48,0.0180,0.0137,-0.0051,91972.86,809.46,0.02,0.0232
134961,0.24,6.10,7.43,0.0155,0.0108,-0.0073,91972.86,809.46,0.02,0.0202
135022,0.28,6.05,7.43,0.0204,0.0111,-0.0045,91972.86,809.46,0.01,0.0236
135094,0.27,6.01,7.46,0.0204,0.0123,-0.0067,91972.86,809.46,0.01,0.0247
135156,0.24,6.15,7.45,0.0155,0.0128,-0.0072,91972.86,809.46,0.01,0.0213
135218,0.25,6.02,7.43,0.0188,0.0131,-0.0060,91973.02,809.44,-0.06,0.0236
135281,0.20,6.11,7.44,0.0173,0.0103,-0.0056,91973.02,809.44,-0.05,0.0209
135343,0.27,6.06,7.43,0.0197,0.0139,-0.0077,91973.02,809.44,-0.03,0.0253
135406,0.25,6.07,7.44,0.0181,0.0132,-0.0064,91973.02,809.44,-0.02,0.0233
135468,0.25,6.04,7.42,0.0161,0.0121,-0.0072,91973.02,809.44,-0.02,0.0214
135545,0.27,6.08,7.45,0.0181,0.0120,-0.0048,91973.02,809.44,-0.01,0.0223
135607,0.22,6.03,7.49,0.0179,0.0111,-0.0081,91973.02,809.44,-0.01,0.0225
135670,0.24,6.06,7.41,0.0164,0.0115,-0.0043,91973.02,809.44,-0.01,0.0204
135732,0.23,6.02,7.35,0.0192,0.0096,-0.0068,91972.98,809.45,0.01,0.0225
135795,0.27,6.05,7.46,0.0177,0.0167,-0.0037,91972.98,809.45,0.01,0.0246
135857,0.29,6.12,7.46,0.0180,0.0119,-0.0048,91972.98,809.45,0.00,0.0221
135920,0.24,6.05,7.47,0.0180,0.0124,-0.0060,91972.98,809.45,0.00,0.0226
135985,0.26,6.06,7.48,0.0179,0.0119,-0.0080,91972.98,809.45,0.00,0.0229
136049,0.26,6.09,7.45,0.0177,0.0104,-0.0052,91972.98,809.45,0.00,0.0212
136110,0.23,6.05,7.42,0.0163,0.0105,-0.0075,91972.98,809.45,0.00,0.0208
136174,0.30,6.06,7.38,0.0144,0.0137,-0.0061,91972.98,809.45,0.00,0.0208
136235,0.24,6.08,7.43,0.0175,0.0119,-0.0061,91973.33,809.42,-0.15,0.0220
136299,0.24,6.00,7.48,0.0181,0.0139,-0.0075,91973.33,809.42,-0.10,0.0240
136360,0.27,6.07,7.47,0.0183,0.0117,-0.0089,91973.33,809.42,-0.07,0.0235
136427,0.26,6.03,7.48,0.0195,0.0112,-0.0064,91973.33,809.42,-0.05,0.0233
136490,0.22,6.14,7.51,0.0176,0.0120,-0.0067,91973.33,809.42,-0.04,0.0223
136552,0.25,6.05,7.47,0.0171,0.0128,-0.0059,91973.33,809.42,-0.03,0.0221
136615,0.22,6.01,7.41,0.0200,0.0133,-0.0027,91973.33,809.42,-0.02,0.0242
136677,0.22,6.04,7.43,0.0188,0.0131,-0.0060,91973.33,809.42,-0.01,0.0236
136740,0.24,6.11,7.42,0.0175,0.0137,-0.0055,91973.15,809.43,0.07,0.0229
136802,0.23,6.11,7.46,0.0189,0.0092,-0.0059,91973.15,809.43,0.05,0.0218
136869,0.23,6.11,7.43,0.0171,0.0113,-0.0071,91973.15,809.43,0.03,0.0217
136930,0.28,6.03,7.46,0.0168,0.0108,-0.0077,91973.15,809.43,0.02,0.0214
136994,0.22,6.05,7.45,0.0173,0.0097,-0.0035,91973.15,809.43,0.02,0.0202
137055,0.28,6.11,7.47,0.0208,0.0128,-0.0067,91973.15,809.43,0.01,0.0253
137124,0.26,6.10,7.44,0.0147,0.0140,-0.0053,91973.15,809.43,0.01,0.0209
137185,0.24,5.99,7.41,0.0173,0.0117,-0.0059,91973.15,809.43,0.01,0.0217
137249,0.25,6.05,7.40,0.0199,0.0109,-0.0057,91973.48,809.40,-0.14,0.0234
137314,0.21,6.05,7.49,0.0180,0.0105,-0.0056,91973.48,809.40,-0.10,0.0216
137376,0.26,6.08,7.47,0.0196,0.0115,-0.0077,91973.48,809.40,-0.07,0.0240
137439,0.27,6.06,7.43,0.0161,0.0120,-0.0048,91973.48,809.40,-0.05,0.0207
137501,0.23,6.05,7.47,0.0180,0.0095,-0.0059,91973.48,809.40,-0.03,0.0212
137564,0.24,6.09,7.46,0.0177,0.0099,-0.0083,91973.48,809.40,-0.02,0.0219
137626,0.28,6.07,7.46,0.0201,0.0112,-0.0041,91973.48,809.40,-0.02,0.0234
137693,0.22,6.07,7.48,0.0179,0.0096,-0.0061,91973.48,809.40,-0.01,0.0212
137754,0.24,6.08,7.43,0.0183,0.0117,-0.0061,91973.31,809.42,0.07,0.0225
137818,0.25,6.03,7.48,0.0192,0.0107,-0.0065,91973.31,809.42,0.05,0.0229
137879,0.23,6.06,7.48,0.0176,0.0107,-0.0064,91973.31,809.42,0.03,0.0215
137943,0.23,6.11,7.46,0.0145,0.0101,-0.0071,91973.31,809.42,0.02,0.0191
138004,0.26,6.01,7.40,0.0168,0.0156,-0.0047,91973.31,809.42,0.02,0.0234
138068,0.26,6.02,7.45,0.0173,0.0132,-0.0087,91973.31,809.42,0.01,0.0234
138133,0.24,6.08,7.43,0.0180,0.0119,-0.0044,91973.31,809.42,0.01,0.0220
138195,0.22,6.02,7.43,0.0180,0.0140,-0.0080,91973.31,809.42,0.01,0.0241
138258,0.32,6.02,7.48,0.0153,0.0069,-0.0088,91973.42,809.41,-0.04,0.0190
138320,0.24,6.06,7.45,0.0192,0.0091,-0.0059,91973.42,809.41,-0.03,0.0220
138383,0.25,6.05,7.54,0.0168,0.0104,-0.0073,91973.42,809.41,-0.02,0.0211
138445,0.28,6.07,7.48,0.0168,0.0095,-0.0076,91973.42,809.41,-0.01,0.0207
138508,0.26,6.04,7.45,0.0159,0.0129,-0.0056,91973.42,809.41,-0.01,0.0212
138573,0.25,6.05,7.45,0.0183,0.0128,-0.0065,91973.42,809.41,-0.01,0.0232
138637,0.26,6.12,7.41,0.0177,0.0120,-0.0043,91973.42,809.41,-0.01,0.0218
138698,0.23,6.04,7.44,0.0155,0.0105,-0.0068,91973.42,809.41,-0.00,0.0199
138762,0.22,6.05,7.45,0.0195,0.0123,-0.0056,91973.42,809.41,-0.00,0.0237
138823,0.24,6.10,7.45,0.0167,0.0111,-0.0071,91973.42,809.41,-0.00,0.0212
138887,0.26,6.02,7.46,0.0184,0.0125,-0.0060,91973.42,809.41,-0.00,0.0230
138948,0.22,6.07,7.45,0.0173,0.0100,-0.0057,91973.42,809.41,-0.00,0.0208
139027,0.23,6.01,7.47,0.0189,0.0128,-0.0077,91973.42,809.41,-0.00,0.0241
139088,0.29,6.05,7.47,0.0181,0.0120,-0.0069,91973.42,809.41,-0.00,0.0228
139157,0.23,6.08,7.42,0.0184,0.0125,-0.0059,91973.42,809.41,-0.00,0.0230
139218,0.18,5.85,7.41,0.0183,0.0097,-0.0085,91973.42,809.41,-0.00,0.0224
139282,0.28,6.02,7.45,0.0195,0.0149,-0.0060,91973.41,809.41,0.00,0.0252
139343,0.34,6.14,7.51,0.0167,0.0218,-0.0041,91973.41,809.41,0.00,0.0278
139407,0.24,6.01,7.47,0.0204,0.0145,-0.0053,91973.41,809.41,0.00,0.0256
139472,0.23,6.08,7.44,0.0161,0.0121,-0.0053,91973.41,809.41,0.00,0.0209
139534,0.25,6.02,7.43,0.0189,0.0160,-0.0048,91973.41,809.41,0.00,0.0252
139597,0.24,6.11,7.48,0.0171,0.0121,-0.0061,91973.41,809.41,0.00,0.0218
139659,0.29,6.08,7.46,0.0164,0.0136,-0.0089,91973.41,809.41,0.00,0.0231
139722,0.22,6.00,7.42,0.0168,0.0091,-0.0049,91973.41,809.41,0.00,0.0197
139784,0.27,6.05,7.43,0.0172,0.0137,-0.0085,91973.24,809.42,0.08,0.0236
139847,0.27,6.11,7.49,0.0197,0.0127,-0.0065,91973.24,809.42,0.05,0.0243
139912,0.20,6.05,7.46,0.0152,0.0125,-0.0067,91973.24,809.42,0.04,0.0208
139976,0.28,6.08,7.43,0.0211,0.0165,-0.0073,91973.24,809.42,0.03,0.0277
140037,0.27,6.04,7.47,0.0156,0.0143,-0.0053,91973.24,809.42,0.02,0.0218
140101,0.25,6.07,7.50,0.0168,0.0121,-0.0059,91973.24,809.42,0.01,0.0215
140162,0.23,6.08,7.45,0.0173,0.0108,-0.0093,91973.24,809.42,0.01,0.0224
140226,0.23,6.04,7.44,0.0157,0.0111,-0.0056,91973.24,809.42,0.01,0.0200
140287,0.23,6.05,7.46,0.0188,0.0108,-0.0072,91973.38,809.41,-0.06,0.0228
140354,0.25,6.10,7.47,0.0175,0.0093,-0.0037,91973.38,809.41,-0.04,0.0201
140416,0.21,6.06,7.46,0.0179,0.0133,-0.0068,91973.38,809.41,-0.03,0.0233
140478,0.23,6.08,7.45,0.0180,0.0097,-0.0071,91973.38,809.41,-0.02,0.0216
140540,0.27,6.06,7.45,0.0143,0.0104,-0.0053,91973.38,809.41,-0.01,0.0184
140602,0.22,6.00,7.43,0.0183,0.0091,-0.0073,91973.38,809.41,-0.01,0.0217
140665,0.24,6.05,7.43,0.0173,0.0103,-0.0061,91973.38,809.41,-0.01,0.0210
140727,0.27,6.07,7.47,0.0172,0.0095,-0.0073,91973.38,809.41,-0.00,0.0209
140794,0.22,6.03,7.46,0.0167,0.0119,-0.0083,91973.38,809.41,-0.00,0.0220
140855,0.29,6.08,7.45,0.0197,0.0104,-0.0056,91973.38,809.41,-0.00,0.0230
140919,0.25,6.05,7.47,0.0171,0.0100,-0.0067,91973.38,809.41,-0.00,0.0209
140980,0.23,6.00,7.47,0.0171,0.0141,-0.0081,91973.38,809.41,-0.00,0.0236
141044,0.27,6.08,7.45,0.0179,0.0119,-0.0083,91973.38,809.41,-0.00,0.0230
141105,0.25,6.04,7.43,0.0173,0.0124,-0.0064,91973.38,809.41,-0.00,0.0222
141174,0.24,6.07,7.45,0.0167,0.0101,-0.0041,91973.38,809.41,-0.00,0.0199
141239,0.26,6.09,7.45,0.0160,0.0145,-0.0057,91973.38,809.41,-0.00,0.0223
141301,0.26,6.02,7.47,0.0203,0.0115,-0.0049,91973.38,809.41,0.00,0.0238
141364,0.25,6.12,7.47,0.0177,0.0087,-0.0063,91973.38,809.41,0.00,0.0207
141426,0.25,6.05,7.42,0.0171,0.0148,-0.0052,91973.38,809.41,0.00,0.0232
141489,0.23,6.03,7.48,0.0187,0.0143,-0.0089,91973.38,809.41,0.00,0.0251
141551,0.23,6.10,7.47,0.0181,0.0111,-0.0068,91973.38,809.41,0.00,0.0223
141613,0.23,6.07,7.44,0.0176,0.0140,-0.0067,91973.38,809.41,0.00,0.0234
141678,0.24,6.03,7.47,0.0188,0.0121,-0.0051,91973.38,809.41,0.00,0.0229
141742,0.31,6.09,7.41,0.0183,0.0108,-0.0059,91973.38,809.41,0.00,0.0220
141803,0.22,6.04,7.47,0.0177,0.0119,-0.0052,91973.38,809.41,0.00,0.0219
141867,0.26,6.01,7.46,0.0188,0.0116,-0.0067,91973.38,809.41,0.00,0.0231
141928,0.28,6.11,7.44,0.0149,0.0105,-0.0049,91973.38,809.41,0.00,0.0189
141992,0.24,5.99,7.44,0.0175,0.0140,-0.0051,91973.38,809.41,0.00,0.0229
142053,0.22,6.02,7.45,0.0156,0.0097,-0.0053,91973.38,809.41,0.00,0.0191
142120,0.26,6.03,7.45,0.0173,0.0119,-0.0044,91973.38,809.41,0.00,0.0214
142183,0.22,6.00,7.45,0.0183,0.0128,-0.0071,91973.38,809.41,0.00,0.0234
142245,0.25,6.08,7.46,0.0201,0.0113,-0.0053,91973.38,809.41,0.00,0.0237
142307,0.27,6.08,7.45,0.0173,0.0120,-0.0055,91973.38,809.41,0.00,0.0218
142369,0.23,6.02,7.47,0.0181,0.0092,-0.0072,91973.38,809.41,0.00,0.0216
142431,0.28,6.10,7.48,0.0159,0.0100,-0.0039,91973.38,809.41,0.00,0.0191
142493,0.25,6.07,7.41,0.0192,0.0135,-0.0052,91973.38,809.41,0.00,0.0240
142571,0.26,6.08,7.43,0.0173,0.0119,-0.0039,91973.38,809.41,0.00,0.0213
142634,0.23,6.07,7.44,0.0196,0.0128,-0.0089,91973.38,809.41,0.00,0.0250
142697,0.22,6.05,7.43,0.0185,0.0127,-0.0079,91973.38,809.41,0.00,0.0238
142760,0.27,6.09,7.43,0.0168,0.0112,-0.0059,91973.38,809.41,0.00,0.0210
142823,0.23,5.99,7.44,0.0172,0.0123,-0.0064,91973.38,809.41,0.00,0.0221
142886,0.23,6.04,7.46,0.0179,0.0147,-0.0080,91973.38,809.41,0.00,0.0244
142949,0.27,6.06,7.43,0.0192,0.0096,-0.0051,91973.38,809.41,0.00,0.0220
143015,0.24,6.03,7.44,0.0171,0.0119,-0.0061,91973.38,809.41,0.00,0.0217
143079,0.27,6.10,7.46,0.0171,0.0096,-0.0072,91973.38,809.41,0.00,0.0208
143139,0.23,6.08,7.44,0.0157,0.0101,-0.0073,91973.38,809.41,0.00,0.0201
143208,0.23,6.02,7.47,0.0192,0.0076,-0.0071,91973.38,809.41,0.00,0.0218
143268,0.25,6.07,7.46,0.0184,0.0092,-0.0055,91973.38,809.41,0.00,0.0213
143332,0.24,6.05,7.43,0.0164,0.0112,-0.0051,91973.34,809.41,0.01,0.0205
143392,0.22,6.00,7.46,0.0176,0.0144,-0.0077,91973.34,809.41,0.01,0.0240
143459,0.26,6.08,7.42,0.0165,0.0123,-0.0076,91973.34,809.41,0.01,0.0219
143521,0.26,6.05,7.43,0.0172,0.0156,-0.0072,91973.34,809.41,0.00,0.0243
143583,0.24,6.05,7.42,0.0172,0.0105,-0.0045,91973.34,809.41,0.00,0.0207
143645,0.25,6.09,7.45,0.0175,0.0107,-0.0072,91973.34,809.41,0.00,0.0217
143707,0.24,6.06,7.47,0.0179,0.0111,-0.0053,91973.34,809.41,0.00,0.0217
143769,0.22,6.01,7.46,0.0163,0.0115,-0.0092,91973.34,809.41,0.00,0.0219
143831,0.28,6.11,7.46,0.0171,0.0107,-0.0059,91973.31,809.42,0.02,0.0209
143894,0.23,6.03,7.45,0.0183,0.0143,-0.0055,91973.31,809.42,0.01,0.0238
143974,0.29,6.08,7.44,0.0188,0.0143,-0.0076,91973.31,809.42,0.01,0.0248
144050,0.22,6.06,7.47,0.0205,0.0116,-0.0076,91973.31,809.42,0.01,0.0248
144126,0.28,6.00,7.43,0.0159,0.0112,-0.0059,91973.31,809.42,0.00,0.0203
144205,0.26,6.09,7.43,0.0181,0.0113,-0.0068,91973.31,809.42,0.00,0.0224
144281,0.27,6.03,7.48,0.0211,0.0117,-0.0069,91973.31,809.42,0.00,0.0251
144360,0.27,6.02,7.45,0.0185,0.0147,-0.0071,91973.14,809.43,0.06,0.0246
144470,0.22,6.03,7.44,0.0201,0.0109,-0.0057,91973.14,809.43,0.04,0.0236
144532,0.28,6.07,7.44,0.0172,0.0141,-0.0037,91973.14,809.43,0.03,0.0226
144594,0.23,6.06,7.45,0.0172,0.0144,-0.0056,91973.14,809.43,0.02,0.0231
144656,0.24,6.05,7.45,0.0185,0.0107,-0.0059,91973.14,809.43,0.01,0.0222
144718,0.27,6.10,7.44,0.0188,0.0115,-0.0061,91973.14,809.43,0.01,0.0228
144780,0.26,6.05,7.44,0.0151,0.0145,-0.0065,91973.14,809.43,0.01,0.0219
144842,0.23,6.05,7.43,0.0137,0.0116,-0.0080,91972.97,809.45,0.08,0.0197
144907,0.28,6.10,7.43,0.0177,0.0125,-0.0052,91972.97,809.45,0.06,0.0223
144970,0.28,6.03,7.45,0.0185,0.0137,-0.0055,91972.97,809.45,0.04,0.0237
145030,0.21,6.06,7.46,0.0203,0.0140,-0.0076,91972.97,809.45,0.03,0.0258
145094,0.26,6.06,7.44,0.0175,0.0115,-0.0036,91972.97,809.45,0.02,0.0212
145155,0.26,6.03,7.43,0.0163,0.0141,-0.0069,91972.97,809.45,0.01,0.0226
145224,0.28,6.09,7.43,0.0176,0.0120,-0.0081,91972.97,809.45,0.01,0.0228
145284,0.28,6.09,7.46,0.0161,0.0117,-0.0063,91972.97,809.45,0.01,0.0209
145350,0.23,6.03,7.44,0.0179,0.0133,-0.0063,91972.96,809.45,0.01,0.0231
145412,0.27,6.07,7.46,0.0168,0.0120,-0.0061,91972.96,809.45,0.00,0.0215
145474,0.24,6.08,7.45,0.0164,0.0153,-0.0067,91972.96,809.45,0.00,0.0234
145536,0.25,6.03,7.47,0.0155,0.0129,-0.0053,91972.96,809.45,0.00,0.0208
145598,0.26,6.11,7.47,0.0156,0.0108,-0.0065,91972.96,809.45,0.00,0.0201
145660,0.28,6.07,7.47,0.0187,0.0116,-0.0061,91972.96,809.45,0.00,0.0228
145722,0.23,6.03,7.45,0.0167,0.0112,-0.0067,91972.96,809.45,0.00,0.0211
145788,0.28,6.08,7.46,0.0191,0.0101,-0.0057,91972.96,809.45,0.00,0.0223
145849,0.23,6.07,7.42,0.0161,0.0115,-0.0060,91972.95,809.45,0.00,0.0207
145913,0.23,6.04,7.45,0.0156,0.0113,-0.0075,91972.95,809.45,0.00,0.0207
145973,0.25,6.10,7.43,0.0145,0.0111,-0.0053,91972.95,809.45,0.00,0.0190
146037,0.22,6.06,7.45,0.0187,0.0104,-0.0065,91972.95,809.45,0.00,0.0223
146097,0.21,6.02,7.43,0.0165,0.0097,-0.0072,91972.95,809.45,0.00,0.0205
146161,0.23,6.09,7.44,0.0175,0.0111,-0.0057,91972.95,809.45,0.00,0.0214
146236,0.25,6.03,7.45,0.0195,0.0132,-0.0064,91972.95,809.45,0.00,0.0244
146300,0.29,6.08,7.45,0.0193,0.0129,-0.0085,91972.95,809.45,0.00,0.0248
146361,0.27,6.05,7.42,0.0173,0.0133,-0.0044,91972.95,809.45,0.00,0.0223
146425,0.24,6.05,7.48,0.0187,0.0117,-0.0068,91972.95,809.45,0.00,0.0231
146486,0.27,6.08,7.47,0.0168,0.0117,-0.0053,91972.95,809.45,0.00,0.0212
146550,0.19,6.06,7.45,0.0140,0.0135,-0.0072,91972.95,809.45,0.00,0.0207
146611,0.22,6.03,7.49,0.0193,0.0124,-0.0081,91972.95,809.45,0.00,0.0243
146678,0.25,6.08,7.46,0.0160,0.0120,-0.0056,91972.95,809.45,0.00,0.0208
146740,0.26,6.09,7.45,0.0167,0.0157,-0.0077,91972.95,809.45,0.00,0.0242
146802,0.25,6.05,7.45,0.0153,0.0123,-0.0088,91972.95,809.45,0.00,0.0215
146864,0.28,6.07,7.46,0.0161,0.0127,-0.0064,91972.92,809.45,0.01,0.0215
146926,0.21,6.05,7.43,0.0176,0.0137,-0.0057,91972.92,809.45,0.01,0.0230
146988,0.25,6.04,7.43,0.0191,0.0104,-0.0075,91972.92,809.45,0.01,0.0229
147050,0.27,6.10,7.43,0.0197,0.0111,-0.0072,91972.92,809.45,0.00,0.0237
147116,0.25,6.04,7.45,0.0189,0.0109,-0.0069,91972.92,809.45,0.00,0.0229
147177,0.25,6.05,7.45,0.0175,0.0124,-0.0085,91972.92,809.45,0.00,0.0230
147246,0.26,6.05,7.43,0.0159,0.0113,-0.0044,91972.92,809.45,0.00,0.0200
147306,0.23,6.02,7.45,0.0185,0.0093,-0.0061,91972.92,809.45,0.00,0.0216
147370,0.25,6.07,7.47,0.0200,0.0132,-0.0079,91972.92,809.45,0.00,0.0252
147431,0.27,6.11,7.42,0.0192,0.0132,-0.0051,91972.92,809.45,0.00,0.0238
147495,0.23,6.03,7.44,0.0181,0.0104,-0.0059,91972.92,809.45,0.00,0.0217
147560,0.29,6.11,7.41,0.0152,0.0125,-0.0053,91972.92,809.45,0.00,0.0204
147622,0.24,6.04,7.45,0.0177,0.0132,-0.0068,91972.92,809.45,0.00,0.0231
147684,0.21,6.03,7.45,0.0171,0.0124,-0.0079,91972.92,809.45,0.00,0.0225
147746,0.28,6.09,7.46,0.0157,0.0145,-0.0065,91972.92,809.45,0.00,0.0224
147808,0.27,6.05,7.46,0.0144,0.0144,-0.0045,91972.92,809.45,0.00,0.0208
147870,0.26,6.04,7.46,0.0192,0.0131,-0.0087,91972.92,809.45,0.00,0.0248
147932,0.26,6.09,7.45,0.0168,0.0113,-0.0075,91972.92,809.45,0.00,0.0216
147997,0.25,6.03,7.46,0.0185,0.0131,-0.0065,91972.92,809.45,0.00,0.0236
148061,0.19,6.13,7.47,0.0172,0.0144,-0.0096,91972.92,809.45,0.00,0.0244
148122,0.24,6.12,7.44,0.0176,0.0156,-0.0049,91972.92,809.45,0.00,0.0240
148186,0.28,6.08,7.45,0.0165,0.0188,-0.0053,91972.92,809.45,0.00,0.0256
148247,0.25,6.01,7.51,0.0176,0.0115,-0.0059,91972.92,809.45,0.00,0.0218
148311,0.24,6.06,7.43,0.0155,0.0125,-0.0075,91972.92,809.45,0.00,0.0212
148372,0.25,6.02,7.46,0.0180,0.0113,-0.0060,91972.92,809.45,0.00,0.0221
148439,0.33,5.88,7.50,0.0187,0.0153,-0.0063,91972.91,809.45,0.00,0.0249
148501,0.23,6.05,7.51,0.0196,0.0105,-0.0052,91972.91,809.45,0.00,0.0228
148563,0.24,6.08,7.53,0.0163,0.0064,-0.0055,91972.91,809.45,0.00,0.0183
148625,0.22,6.02,7.43,0.0183,0.0091,-0.0077,91972.91,809.45,0.00,0.0218
148687,0.27,6.23,7.50,0.0209,0.0167,-0.0060,91972.91,809.45,0.00,0.0274
148749,0.23,6.04,7.41,0.0165,0.0145,-0.0047,91972.91,809.45,0.00,0.0225
148811,0.28,6.12,7.50,0.0196,0.0108,-0.0060,91972.91,809.45,0.00,0.0232
148877,0.25,6.05,7.43,0.0191,0.0124,-0.0080,91972.91,809.45,0.00,0.0241
148938,0.24,6.02,7.47,0.0193,0.0108,-0.0095,91972.74,809.47,0.08,0.0241
149002,0.27,6.07,7.41,0.0151,0.0088,-0.0059,91972.74,809.47,0.05,0.0184
149062,0.22,6.05,7.44,0.0165,0.0108,-0.0061,91972.74,809.47,0.04,0.0207
149126,0.21,5.99,7.47,0.0175,0.0103,-0.0059,91972.74,809.47,0.03,0.0211
149186,0.25,6.08,7.46,0.0163,0.0104,-0.0076,91972.74,809.47,0.02,0.0207
149255,0.22,6.03,7.45,0.0188,0.0128,-0.0057,91972.74,809.47,0.01,0.0234
149320,0.28,6.08,7.40,0.0159,0.0104,-0.0072,91972.74,809.47,0.01,0.0203
149382,0.23,6.09,7.43,0.0156,0.0092,-0.0059,91972.74,809.47,0.01,0.0190
149444,0.23,6.02,7.45,0.0189,0.0135,-0.0053,91972.73,809.47,0.01,0.0238
149506,0.28,6.09,7.44,0.0168,0.0093,-0.0053,91972.73,809.47,0.00,0.0199
149568,0.25,6.07,7.45,0.0191,0.0140,-0.0051,91972.73,809.47,0.00,0.0242
149630,0.22,6.03,7.45,0.0155,0.0127,-0.0063,91972.73,809.47,0.00,0.0209
149692,0.24,6.10,7.44,0.0163,0.0084,-0.0079,91972.73,809.47,0.00,0.0199
149768,0.26,6.03,7.46,0.0184,0.0115,-0.0079,91972.73,809.47,0.00,0.0230
149830,0.27,6.09,7.44,0.0183,0.0124,-0.0067,91972.73,809.47,0.00,0.0230
149892,0.27,6.07,7.44,0.0148,0.0117,-0.0049,91972.73,809.47,0.00,0.0195
149954,0.25,6.00,7.42,0.0172,0.0124,-0.0045,91972.69,809.47,0.02,0.0217
150016,0.27,6.10,7.44,0.0195,0.0101,-0.0041,91972.69,809.47,0.01,0.0223
150078,0.26,6.03,7.41,0.0191,0.0151,-0.0055,91972.69,809.47,0.01,0.0249
150140,0.24,6.10,7.52,0.0185,0.0119,-0.0064,91972.69,809.47,0.01,0.0229
150206,0.23,6.04,7.42,0.0153,0.0068,-0.0053,91972.69,809.47,0.01,0.0176
150267,0.26,5.99,7.35,0.0224,0.0152,-0.0055,91972.69,809.47,0.00,0.0276
150331,0.26,6.09,7.46,0.0203,0.0153,-0.0077,91972.69,809.47,0.00,0.0265
150391,0.27,6.10,7.46,0.0163,0.0129,-0.0060,91972.69,809.47,0.00,0.0216
150455,0.20,6.06,7.45,0.0155,0.0151,-0.0061,91972.68,809.47,0.00,0.0224
150516,0.27,6.07,7.48,0.0177,0.0095,-0.0077,91972.68,809.47,0.00,0.0215
150580,0.26,6.10,7.44,0.0168,0.0117,-0.0059,91972.68,809.47,0.00,0.0213
150645,0.17,6.18,7.64,0.0226,0.0177,-0.0023,91972.68,809.47,0.00,0.0288
150707,0.24,6.04,7.54,0.0185,0.0133,-0.0057,91972.68,809.47,0.00,0.0235
150769,0.24,6.09,7.51,0.0131,0.0092,-0.0057,91972.68,809.47,0.00,0.0170
150831,0.24,6.00,7.42,0.0159,0.0101,-0.0069,91972.68,809.47,0.00,0.0200
150893,0.21,6.12,7.47,0.0172,0.0088,-0.0067,91972.68,809.47,0.00,0.0204
150955,0.28,6.00,7.37,0.0180,0.0101,-0.0095,91973.02,809.44,-0.15,0.0227
151017,0.24,6.05,7.38,0.0212,0.0168,-0.0051,91973.02,809.44,-0.10,0.0275
151082,0.27,6.11,7.52,0.0183,0.0104,-0.0039,91973.02,809.44,-0.07,0.0214
151146,0.27,6.06,7.44,0.0189,0.0101,-0.0057,91973.02,809.44,-0.05,0.0222
151206,0.23,6.03,7.23,0.0189,0.0225,-0.0045,91973.02,809.44,-0.04,0.0298
151275,0.27,6.07,7.42,0.0180,0.0105,-0.0027,91973.02,809.44,-0.02,0.0210
151336,0.30,6.13,7.45,0.0116,0.0041,-0.0083,91973.02,809.44,-0.02,0.0148
151400,0.28,6.03,7.40,0.0191,0.0095,-0.0080,91973.02,809.44,-0.01,0.0227
151460,0.28,6.07,7.42,0.0188,0.0131,-0.0061,91972.84,809.46,0.07,0.0237
151526,0.24,6.06,7.40,0.0204,0.0153,-0.0043,91972.84,809.46,0.05,0.0259
151588,0.24,6.00,7.54,0.0217,0.0212,-0.0015,91972.84,809.46,0.03,0.0304
151650,0.18,6.11,7.58,0.0087,-0.0237,-0.0151,91972.84,809.46,0.02,0.0294
151712,0.14,6.08,7.56,0.0181,0.0039,-0.0081,91972.84,809.46,0.02,0.0202
151774,0.23,6.07,7.54,0.0177,0.0048,-0.0087,91972.84,809.46,0.01,0.0203
151836,0.25,6.09,7.33,0.0145,0.0108,-0.0063,91972.84,809.46,0.01,0.0191
151898,0.26,6.05,7.46,0.0177,0.0132,-0.0053,91972.84,809.46,0.01,0.0227
151964,0.26,6.09,7.46,0.0191,0.0112,-0.0029,91972.84,809.46,0.00,0.0223
152024,0.23,6.01,7.40,0.0164,0.0075,-0.0063,91972.84,809.46,0.00,0.0191
152088,0.23,6.05,7.39,0.0207,0.0152,-0.0073,91972.84,809.46,0.00,0.0267
152148,0.25,6.08,7.47,0.0168,0.0104,-0.0079,91972.84,809.46,0.00,0.0213
152212,0.23,6.05,7.43,0.0128,0.0108,-0.0069,91972.84,809.46,0.00,0.0181
152273,0.26,5.96,7.41,0.0183,0.0132,-0.0053,91972.84,809.46,0.00,0.0231
152337,0.23,6.07,7.39,0.0176,0.0104,-0.0060,91972.84,809.46,0.00,0.0213
152402,0.26,6.08,7.42,0.0195,0.0143,-0.0079,91972.84,809.46,0.00,0.0254
152464,0.22,6.13,7.46,0.0188,0.0109,-0.0053,91972.84,809.46,0.01,0.0224
152526,0.28,5.99,7.41,0.0207,0.0140,-0.0052,91972.84,809.46,0.00,0.0255
152588,0.26,6.10,7.43,0.0165,0.0113,-0.0083,91972.84,809.46,0.00,0.0217
152650,0.21,6.02,7.44,0.0156,0.0121,-0.0048,91972.84,809.46,0.00,0.0203
152712,0.22,6.12,7.43,0.0171,0.0121,-0.0068,91972.84,809.46,0.00,0.0220
152774,0.25,6.09,7.46,0.0128,0.0135,-0.0059,91972.84,809.46,0.00,0.0195
152839,0.26,5.99,7.28,0.0140,0.0080,-0.0096,91972.84,809.46,0.00,0.0188
152903,0.29,6.05,7.38,0.0184,0.0156,-0.0072,91972.84,809.46,0.00,0.0252
152963,0.29,6.06,7.41,0.0199,0.0175,-0.0080,91972.64,809.48,0.09,0.0276
153027,0.22,6.00,7.35,0.0125,0.0131,-0.0076,91972.64,809.48,0.06,0.0196
153087,0.31,6.07,7.39,0.0213,0.0137,-0.0052,91972.64,809.48,0.04,0.0259
153151,0.26,6.04,7.39,0.0191,0.0131,-0.0069,91972.64,809.48,0.03,0.0241
153211,0.27,6.07,7.47,0.0215,0.0121,-0.0049,91972.64,809.48,0.02,0.0251
153294,0.23,5.98,7.48,0.0191,0.0117,-0.0047,91972.64,809.48,0.02,0.0229
153354,0.22,6.11,7.44,0.0155,0.0105,-0.0055,91972.64,809.48,0.01,0.0195
153418,0.27,6.03,7.43,0.0195,0.0133,-0.0080,91972.64,809.48,0.01,0.0249
153478,0.22,6.07,7.46,0.0177,0.0139,-0.0055,91972.63,809.48,0.01,0.0231
153542,0.25,6.07,7.47,0.0197,0.0123,-0.0061,91972.63,809.48,0.01,0.0240
153603,0.24,6.06,7.44,0.0173,0.0116,-0.0043,91972.63,809.48,0.00,0.0213
153667,0.22,6.06,7.46,0.0164,0.0132,-0.0088,91972.63,809.48,0.00,0.0228
153732,0.27,6.09,7.45,0.0177,0.0123,-0.0081,91972.63,809.48,0.00,0.0230
153794,0.26,6.07,7.43,0.0187,0.0120,-0.0051,91972.63,809.48,0.00,0.0227
153856,0.22,6.04,7.45,0.0189,0.0120,-0.0056,91972.63,809.48,0.00,0.0231
153918,0.26,6.09,7.47,0.0191,0.0140,-0.0060,91972.63,809.48,0.00,0.0244
153980,0.24,6.08,7.44,0.0143,0.0105,-0.0065,91972.63,809.48,0.00,0.0189
154042,0.20,6.02,7.42,0.0208,0.0116,-0.0085,91972.63,809.48,0.00,0.0253
154104,0.26,6.11,7.44,0.0203,0.0135,-0.0068,91972.63,809.48,0.00,0.0252
154169,0.29,6.07,7.48,0.0129,0.0107,-0.0049,91972.63,809.48,0.00,0.0175
154233,0.19,6.03,7.39,0.0191,0.0149,-0.0080,91972.63,809.48,0.00,0.0255
154293,0.25,6.09,7.47,0.0175,0.0091,-0.0047,91972.63,809.48,0.00,0.0202
154357,0.24,6.08,7.44,0.0163,0.0148,-0.0071,91972.63,809.48,0.00,0.0231
154418,0.22,6.03,7.43,0.0191,0.0133,-0.0072,91972.63,809.48,0.00,0.0243
154482,0.23,6.11,7.54,0.0168,0.0103,-0.0092,91972.63,809.48,0.00,0.0217
154542,0.23,5.85,7.21,0.0187,0.0132,-0.0048,91972.63,809.48,0.00,0.0233
154609,0.27,6.17,7.42,0.0167,0.0100,-0.0059,91972.63,809.48,0.00,0.0203
154671,0.30,6.08,7.48,0.0151,0.0055,-0.0085,91972.63,809.48,0.00,0.0181
154733,0.24,6.08,7.47,0.0191,0.0117,-0.0043,91972.63,809.48,0.00,0.0228
154795,0.28,5.99,7.44,0.0168,0.0112,-0.0057,91972.63,809.48,0.00,0.0210
154857,0.28,6.08,7.39,0.0167,0.0121,-0.0059,91972.63,809.48,0.00,0.0214
154919,0.24,6.01,7.41,0.0203,0.0115,-0.0065,91972.63,809.48,0.00,0.0242
154981,0.24,6.14,7.47,0.0197,0.0139,-0.0073,91972.96,809.45,-0.15,0.0252
155048,0.27,6.03,7.41,0.0179,0.0115,-0.0065,91972.96,809.45,-0.10,0.0222
155108,0.23,6.03,7.43,0.0209,0.0155,-0.0052,91972.96,809.45,-0.07,0.0265
155172,0.24,6.09,7.46,0.0156,0.0125,-0.0049,91972.96,809.45,-0.05,0.0206
155232,0.31,6.09,7.47,0.0163,0.0119,-0.0073,91972.96,809.45,-0.04,0.0214
155301,0.25,6.03,7.45,0.0167,0.0141,-0.0063,91972.96,809.45,-0.02,0.0227
155361,0.25,6.08,7.51,0.0152,0.0052,-0.0095,91972.96,809.45,-0.02,0.0186
155425,0.28,6.03,7.42,0.0164,0.0075,-0.0064,91972.96,809.45,-0.01,0.0191
155490,0.20,6.06,7.40,0.0203,0.0128,-0.0051,91972.77,809.47,0.07,0.0245
155552,0.28,6.08,7.43,0.0163,0.0120,-0.0036,91972.77,809.47,0.05,0.0205
155614,0.22,6.06,7.46,0.0177,0.0127,-0.0056,91972.77,809.47,0.04,0.0225
155676,0.20,6.07,7.47,0.0179,0.0148,-0.0063,91972.77,809.47,0.03,0.0240
155738,0.29,6.07,7.44,0.0195,0.0132,-0.0067,91972.77,809.47,0.02,0.0244
155800,0.23,6.07,7.44,0.0196,0.0128,-0.0060,91972.77,809.47,0.01,0.0241
155862,0.21,6.04,7.47,0.0197,0.0093,-0.0043,91972.77,809.47,0.01,0.0222
155927,0.26,6.10,7.44,0.0197,0.0128,-0.0068,91972.77,809.47,0.01,0.0245
155991,0.27,6.05,7.45,0.0183,0.0123,-0.0081,91972.73,809.47,0.02,0.0234
156051,0.32,5.85,7.44,0.0203,0.0057,-0.0100,91972.73,809.47,0.01,0.0233
156115,0.27,6.12,7.51,0.0157,0.0171,-0.0044,91972.73,809.47,0.01,0.0236
156175,0.23,6.18,7.47,0.0184,0.0151,-0.0059,91972.73,809.47,0.01,0.0245
156239,0.25,6.05,7.48,0.0168,0.0097,-0.0075,91972.73,809.47,0.00,0.0208
156299,0.28,6.09,7.47,0.0181,0.0128,-0.0061,91972.73,809.47,0.00,0.0230
156366,0.20,6.04,7.43,0.0172,0.0112,-0.0045,91972.73,809.47,0.00,0.0210
156428,0.25,6.08,7.45,0.0175,0.0112,-0.0037,91972.73,809.47,0.00,0.0211
156490,0.24,6.07,7.45,0.0213,0.0136,-0.0043,91973.07,809.44,-0.15,0.0256
156552,0.23,6.04,7.43,0.0183,0.0119,-0.0051,91973.07,809.44,-0.10,0.0223
156614,0.28,6.08,7.47,0.0203,0.0127,-0.0063,91973.07,809.44,-0.07,0.0247
156676,0.19,6.11,7.51,0.0147,0.0079,-0.0057,91973.07,809.44,-0.05,0.0176
156738,0.23,5.95,7.45,0.0157,0.0132,-0.0055,91973.07,809.44,-0.04,0.0212
156815,0.29,6.09,7.40,0.0180,0.0116,-0.0039,91973.07,809.44,-0.02,0.0217
156877,0.23,6.00,7.44,0.0191,0.0103,-0.0049,91973.07,809.44,-0.02,0.0222
156940,0.27,6.10,7.46,0.0188,0.0113,-0.0068,91973.07,809.44,-0.01,0.0230
157002,0.27,6.02,7.39,0.0168,0.0143,-0.0064,91972.89,809.45,0.07,0.0229
157064,0.26,6.04,7.44,0.0203,0.0148,-0.0084,91972.89,809.45,0.05,0.0264
157126,0.22,6.07,7.46,0.0197,0.0133,-0.0075,91972.89,809.45,0.03,0.0249
157189,0.28,6.09,7.45,0.0209,0.0140,-0.0044,91972.89,809.45,0.02,0.0255
157254,0.23,6.05,7.45,0.0172,0.0113,-0.0043,91972.89,809.45,0.02,0.0210
157323,0.27,6.07,7.44,0.0172,0.0153,-0.0055,91972.89,809.45,0.01,0.0237
157384,0.25,6.05,7.45,0.0185,0.0136,-0.0069,91972.89,809.45,0.01,0.0240
157448,0.24,6.05,7.44,0.0204,0.0107,-0.0065,91972.89,809.45,0.01,0.0239
157509,0.26,6.13,7.44,0.0185,0.0145,-0.0065,91972.89,809.45,0.00,0.0244
157573,0.24,6.06,7.47,0.0204,0.0120,-0.0081,91972.89,809.45,0.00,0.0250
157634,0.23,6.06,7.47,0.0195,0.0119,-0.0080,91972.89,809.45,0.00,0.0241
157701,0.25,6.08,7.47,0.0176,0.0147,-0.0057,91972.89,809.45,0.00,0.0236
157764,0.21,6.03,7.45,0.0171,0.0133,-0.0065,91972.89,809.45,0.00,0.0226
157826,0.23,6.05,7.44,0.0191,0.0109,-0.0077,91972.89,809.45,0.00,0.0233
157888,0.29,6.11,7.46,0.0191,0.0112,-0.0053,91972.89,809.45,0.00,0.0227
157950,0.21,6.03,7.45,0.0177,0.0124,-0.0073,91972.89,809.45,0.00,0.0228
158013,0.23,6.05,7.44,0.0203,0.0109,-0.0060,91972.89,809.45,0.00,0.0238
158075,0.27,6.09,7.41,0.0177,0.0127,-0.0060,91972.89,809.45,0.00,0.0226
158142,0.22,6.04,7.49,0.0164,0.0128,-0.0064,91972.89,809.45,0.00,0.0217
158203,0.24,6.07,7.46,0.0181,0.0129,-0.0067,91972.89,809.45,0.00,0.0232
158267,0.25,6.10,7.42,0.0181,0.0113,-0.0020,91972.89,809.45,0.00,0.0215
158328,0.23,6.01,7.46,0.0212,0.0139,-0.0056,91972.89,809.45,0.00,0.0259
158392,0.25,6.10,7.43,0.0176,0.0104,-0.0060,91972.89,809.45,0.00,0.0213
158453,0.29,6.07,7.42,0.0185,0.0123,-0.0093,91972.89,809.45,0.00,0.0241
158517,0.22,6.05,7.45,0.0180,0.0128,-0.0093,91972.86,809.46,0.01,0.0240
158582,0.28,5.99,7.40,0.0222,0.0039,-0.0080,91972.86,809.46,0.01,0.0240
158644,0.23,6.13,7.48,0.0179,0.0085,-0.0056,91972.86,809.46,0.01,0.0206
158705,0.23,6.06,7.44,0.0181,0.0109,-0.0072,91972.86,809.46,0.00,0.0223
158770,0.24,6.07,7.46,0.0189,0.0092,-0.0048,91972.86,809.46,0.00,0.0216
158831,0.24,6.06,7.46,0.0200,0.0115,-0.0065,91972.86,809.46,0.00,0.0239
158892,0.21,6.01,7.47,0.0188,0.0119,-0.0057,91972.86,809.46,0.00,0.0229
158954,0.23,6.08,7.47,0.0168,0.0129,-0.0052,91972.86,809.46,0.00,0.0218
159019,0.24,6.04,7.44,0.0153,0.0111,-0.0065,91972.86,809.46,0.00,0.0200
159083,0.24,6.04,7.46,0.0179,0.0109,-0.0073,91972.86,809.46,0.00,0.0222
159144,0.26,6.09,7.44,0.0176,0.0101,-0.0040,91972.86,809.46,0.00,0.0207
159208,0.27,6.32,7.46,0.0152,0.0164,-0.0047,91972.86,809.46,0.00,0.0228
159269,0.26,6.03,7.52,0.0188,0.0097,-0.0080,91972.86,809.46,0.00,0.0226
159338,0.21,6.36,7.56,0.0185,0.0312,0.0011,91972.86,809.46,0.00,0.0363
159399,0.20,6.03,7.47,0.0149,0.0123,-0.0047,91972.86,809.46,0.00,0.0199
159466,0.25,6.07,7.43,0.0189,0.0127,-0.0056,91972.86,809.46,0.00,0.0234
159529,0.23,6.07,7.43,0.0161,0.0105,-0.0055,91973.02,809.44,-0.07,0.0200
159591,0.27,6.03,7.45,0.0176,0.0133,-0.0053,91973.02,809.44,-0.05,0.0227
159654,0.29,6.08,7.44,0.0172,0.0128,-0.0065,91973.02,809.44,-0.03,0.0224
159716,0.24,6.02,7.46,0.0188,0.0116,-0.0085,91973.02,809.44,-0.02,0.0237
159779,0.23,6.02,7.45,0.0204,0.0099,-0.0048,91973.02,809.44,-0.02,0.0231
159841,0.26,6.10,7.44,0.0173,0.0093,-0.0044,91973.02,809.44,-0.01,0.0202
159908,0.21,6.00,7.43,0.0192,0.0117,-0.0073,91973.02,809.44,-0.01,0.0236
159969,0.21,6.06,7.43,0.0200,0.0116,-0.0061,91973.02,809.44,-0.01,0.0239
160033,0.26,6.08,7.47,0.0207,0.0109,-0.0048,91972.85,809.46,0.07,0.0238
160094,0.23,6.05,7.48,0.0192,0.0116,-0.0053,91972.85,809.46,0.05,0.0230
160158,0.26,6.04,7.48,0.0192,0.0100,-0.0069,91972.85,809.46,0.03,0.0227
160219,0.26,6.07,7.46,0.0179,0.0132,-0.0047,91972.85,809.46,0.02,0.0227
160283,0.24,6.05,7.43,0.0172,0.0125,-0.0067,91972.85,809.46,0.02,0.0223
160358,0.29,6.09,7.44,0.0175,0.0120,-0.0051,91972.85,809.46,0.01,0.0218
160422,0.24,6.01,7.45,0.0201,0.0101,-0.0085,91972.85,809.46,0.01,0.0241
160483,0.23,6.07,7.41,0.0191,0.0115,-0.0073,91972.85,809.46,0.01,0.0234
160547,0.24,6.06,7.43,0.0183,0.0131,-0.0059,91973.19,809.43,-0.14,0.0232
160608,0.23,6.02,7.45,0.0168,0.0123,-0.0071,91973.19,809.43,-0.10,0.0220
160672,0.27,6.09,7.46,0.0204,0.0125,-0.0059,91973.19,809.43,-0.07,0.0246
160733,0.27,6.07,7.46,0.0180,0.0125,-0.0069,91973.19,809.43,-0.05,0.0230
160800,0.24,6.09,7.48,0.0215,0.0144,-0.0057,91973.19,809.43,-0.03,0.0265
160863,0.25,6.09,7.43,0.0173,0.0128,-0.0055,91973.19,809.43,-0.02,0.0222
160925,0.23,6.02,7.47,0.0165,0.0129,-0.0075,91973.19,809.43,-0.02,0.0223
160988,0.24,6.11,7.50,0.0196,0.0137,-0.0060,91973.19,809.43,-0.01,0.0247
161050,0.28,6.08,7.43,0.0172,0.0099,-0.0069,91973.36,809.41,-0.08,0.0210
161113,0.22,6.02,7.46,0.0187,0.0123,-0.0075,91973.36,809.41,-0.06,0.0235
161175,0.24,6.08,7.48,0.0171,0.0107,-0.0073,91973.36,809.41,-0.04,0.0214
161242,0.25,6.07,7.43,0.0203,0.0111,-0.0077,91973.36,809.41,-0.03,0.0243
161303,0.24,6.02,7.46,0.0164,0.0119,-0.0059,91973.36,809.41,-0.02,0.0211
161372,0.26,6.08,7.46,0.0153,0.0145,-0.0040,91973.36,809.41,-0.01,0.0215
161433,0.17,5.98,7.40,0.0177,0.0189,0.0011,91973.36,809.41,-0.01,0.0259
161497,0.21,6.01,7.42,0.0191,0.0113,-0.0071,91973.36,809.41,-0.01,0.0233
161558,0.23,6.11,7.48,0.0192,0.0107,-0.0065,91973.47,809.40,-0.05,0.0229
161622,0.20,6.03,7.48,0.0185,0.0120,-0.0055,91973.47,809.40,-0.04,0.0227
161687,0.25,6.07,7.48,0.0163,0.0112,-0.0075,91973.47,809.40,-0.03,0.0211
161749,0.21,6.06,7.43,0.0157,0.0141,-0.0071,91973.47,809.40,-0.02,0.0223
161812,0.26,6.07,7.45,0.0199,0.0131,-0.0060,91973.47,809.40,-0.01,0.0245
161874,0.25,6.07,7.45,0.0173,0.0104,-0.0065,91973.47,809.40,-0.01,0.0212
161937,0.26,6.08,7.44,0.0167,0.0101,-0.0056,91973.47,809.40,-0.01,0.0203
161999,0.23,6.01,7.44,0.0148,0.0129,-0.0051,91973.47,809.40,-0.00,0.0203
162062,0.27,6.07,7.40,0.0172,0.0100,-0.0076,91973.64,809.39,-0.08,0.0213
162127,0.25,6.05,7.38,0.0176,0.0143,-0.0060,91973.64,809.39,-0.05,0.0234
162191,0.26,6.00,7.38,0.0221,0.0104,-0.0072,91973.64,809.39,-0.04,0.0255
162252,0.16,5.99,7.14,0.0117,0.0128,-0.0104,91973.64,809.39,-0.03,0.0202
162316,0.28,5.88,7.22,0.0221,0.0188,-0.0075,91973.64,809.39,-0.02,0.0300
162377,0.24,6.10,7.27,0.0215,0.0171,-0.0079,91973.64,809.39,-0.01,0.0285
162441,0.34,6.08,7.44,0.0201,0.0148,-0.0055,91973.64,809.39,-0.01,0.0256
162502,0.26,6.03,7.37,0.0188,0.0135,-0.0056,91973.64,809.39,-0.01,0.0238
162569,0.25,6.04,7.49,0.0201,0.0151,-0.0076,91973.80,809.37,-0.07,0.0262
162632,0.24,6.11,7.48,0.0163,0.0119,-0.0051,91973.80,809.37,-0.05,0.0207
162694,0.27,6.16,7.55,0.0183,0.0136,-0.0055,91973.80,809.37,-0.03,0.0234
162757,0.25,6.00,7.48,0.0171,0.0121,-0.0068,91973.80,809.37,-0.02,0.0220
162819,0.29,6.16,7.48,0.0181,0.0196,-0.0040,91973.80,809.37,-0.02,0.0270
162882,0.15,5.94,7.46,0.0168,0.0085,-0.0053,91973.80,809.37,-0.01,0.0196
162944,0.25,6.17,7.41,0.0127,0.0153,-0.0067,91973.80,809.37,-0.01,0.0210
163011,0.25,5.99,7.36,0.0176,0.0161,-0.0079,91973.80,809.37,-0.01,0.0251
163072,0.21,6.02,7.42,0.0184,0.0069,-0.0073,91973.80,809.36,-0.08,0.0210
163136,0.24,6.05,7.41,0.0193,0.0101,-0.0048,91973.98,809.36,-0.06,0.0223
163197,0.25,6.03,7.44,0.0168,0.0115,-0.0056,91973.98,809.36,-0.04,0.0211
163261,0.24,6.12,7.58,0.0151,0.0097,-0.0055,91973.98,809.36,-0.03,0.0187
163322,0.22,6.17,7.51,0.0155,0.0105,-0.0061,91973.98,809.36,-0.02,0.0197
163391,0.22,6.06,7.49,0.0179,0.0159,-0.0072,91973.98,809.36,-0.01,0.0249
163456,0.27,6.03,7.49,0.0160,0.0125,-0.0040,91973.98,809.36,-0.01,0.0207
163518,0.23,6.10,7.44,0.0207,0.0120,-0.0059,91973.98,809.36,-0.01,0.0246
163581,0.24,5.97,7.43,0.0157,0.0123,-0.0068,91973.97,809.36,-0.00,0.0211
163643,0.26,6.02,7.34,0.0200,0.0149,-0.0060,91973.97,809.36,-0.00,0.0257
163706,0.21,6.08,7.44,0.0177,0.0104,-0.0063,91973.97,809.36,-0.00,0.0215
163768,0.26,6.03,7.44,0.0161,0.0099,-0.0040,91973.97,809.36,-0.00,0.0193
163831,0.16,6.07,7.49,0.0225,0.0089,-0.0063,91973.97,809.36,-0.00,0.0250
163908,0.24,5.94,7.44,0.0153,0.0132,-0.0061,91973.97,809.36,-0.00,0.0211
163971,0.23,6.26,7.55,0.0195,0.0157,-0.0063,91973.97,809.36,-0.00,0.0258
164033,0.28,5.95,7.45,0.0159,0.0145,-0.0051,91973.97,809.36,-0.00,0.0221
164096,0.26,6.06,7.49,0.0167,0.0115,-0.0076,91973.97,809.36,-0.00,0.0216
164158,0.24,6.02,7.44,0.0168,0.0144,-0.0053,91973.97,809.36,-0.00,0.0227
164221,0.20,6.02,7.43,0.0180,0.0089,-0.0080,91973.97,809.36,-0.00,0.0216
164283,0.21,6.04,7.52,0.0167,0.0139,-0.0096,91973.97,809.36,-0.00,0.0237
164350,0.23,6.04,7.35,0.0165,0.0171,-0.0052,91973.97,809.36,-0.00,0.0243
164411,0.24,5.96,7.39,0.0165,0.0168,-0.0104,91973.97,809.36,-0.00,0.0257
164475,0.26,6.05,7.37,0.0160,0.0109,-0.0083,91973.97,809.36,-0.00,0.0211
164536,0.20,6.12,7.42,0.0173,0.0091,-0.0063,91973.97,809.36,-0.00,0.0205
164600,0.18,5.71,7.41,0.0234,0.0139,-0.0068,91973.77,809.38,0.09,0.0281
164661,0.31,6.23,7.42,0.0179,0.0144,-0.0033,91973.77,809.38,0.06,0.0232
164725,0.26,6.12,7.44,0.0183,0.0149,-0.0041,91973.77,809.38,0.04,0.0239
164790,0.22,6.07,7.47,0.0168,0.0105,-0.0052,91973.77,809.38,0.03,0.0205
164852,0.21,6.10,7.46,0.0160,0.0125,-0.0045,91973.77,809.38,0.02,0.0208
164915,0.28,6.06,7.48,0.0189,0.0111,-0.0084,91973.77,809.38,0.01,0.0235
164977,0.24,5.99,7.42,0.0181,0.0116,-0.0059,91973.77,809.38,0.01,0.0223
165040,0.28,6.23,7.48,0.0199,0.0175,-0.0035,91973.77,809.38,0.01,0.0267
165102,0.26,6.01,7.39,0.0159,0.0113,-0.0073,91973.94,809.36,-0.07,0.0208
165165,0.24,6.10,7.49,0.0196,0.0101,-0.0068,91973.94,809.36,-0.05,0.0231
165230,0.25,6.05,7.44,0.0189,0.0129,-0.0069,91973.94,809.36,-0.03,0.0239
165294,0.23,6.07,7.48,0.0184,0.0139,-0.0059,91973.94,809.36,-0.02,0.0238
165355,0.24,6.05,7.47,0.0160,0.0137,-0.0093,91973.94,809.36,-0.02,0.0230
165424,0.28,6.02,7.44,0.0176,0.0136,-0.0083,91973.94,809.36,-0.01,0.0237
165485,0.23,6.06,7.43,0.0191,0.0105,-0.0089,91973.94,809.36,-0.01,0.0235
165549,0.30,6.06,7.47,0.0165,0.0120,-0.0077,91973.94,809.36,-0.01,0.0218
165614,0.23,6.03,7.45,0.0161,0.0127,-0.0072,91973.93,809.36,-0.00,0.0217
165676,0.25,6.07,7.45,0.0197,0.0115,-0.0083,91973.93,809.36,-0.00,0.0243
165739,0.25,6.06,7.41,0.0175,0.0083,-0.0051,91973.93,809.36,-0.00,0.0200
165801,0.25,6.07,7.43,0.0176,0.0125,-0.0075,91973.93,809.36,-0.00,0.0228
165864,0.26,6.04,7.43,0.0199,0.0101,-0.0076,91973.93,809.36,-0.00,0.0235
165926,0.24,6.07,7.42,0.0176,0.0133,-0.0091,91973.93,809.36,-0.00,0.0239
165989,0.22,6.03,7.46,0.0183,0.0073,-0.0065,91973.93,809.36,-0.00,0.0207
166054,0.23,6.08,7.43,0.0173,0.0116,-0.0051,91973.93,809.36,-0.00,0.0214
166118,0.26,6.02,7.41,0.0168,0.0103,-0.0063,91973.76,809.38,0.08,0.0206
166179,0.27,6.05,7.49,0.0173,0.0120,-0.0061,91973.76,809.38,0.05,0.0219
166243,0.29,6.10,7.44,0.0181,0.0120,-0.0051,91973.76,809.38,0.04,0.0223
166304,0.23,6.04,7.44,0.0204,0.0137,-0.0051,91973.76,809.38,0.03,0.0251
166368,0.23,6.04,7.48,0.0217,0.0139,-0.0079,91973.76,809.38,0.02,0.0269
166429,0.25,6.10,7.48,0.0175,0.0124,-0.0032,91973.76,809.38,0.01,0.0216
166496,0.22,6.16,7.49,0.0111,0.0012,-0.0063,91973.76,809.38,0.01,0.0128
166559,0.28,5.98,7.45,0.0168,0.0076,-0.0084,91973.76,809.38,0.01,0.0202
166621,0.32,6.15,7.42,0.0193,0.0091,-0.0072,91974.27,809.33,-0.22,0.0225
166684,0.26,6.04,7.49,0.0147,0.0061,-0.0052,91974.27,809.33,-0.15,0.0167
166746,0.26,6.03,7.48,0.0181,0.0116,-0.0052,91974.27,809.33,-0.11,0.0221
166809,0.27,6.06,7.46,0.0168,0.0117,-0.0063,91974.27,809.33,-0.08,0.0214
166871,0.24,6.02,7.46,0.0191,0.0124,-0.0072,91974.27,809.33,-0.05,0.0238
166938,0.22,6.05,7.40,0.0179,0.0109,-0.0060,91974.27,809.33,-0.04,0.0218
166999,0.23,6.08,7.43,0.0183,0.0107,-0.0076,91974.27,809.33,-0.03,0.0225
167063,0.26,6.03,7.45,0.0196,0.0127,-0.0060,91974.27,809.33,-0.02,0.0241
167124,0.25,6.10,7.47,0.0208,0.0100,-0.0077,91974.27,809.33,-0.01,0.0243
167188,0.23,6.02,7.45,0.0195,0.0127,-0.0044,91974.09,809.35,0.06,0.0236
167249,0.23,6.05,7.45,0.0183,0.0087,-0.0049,91974.09,809.35,0.04,0.0208
167313,0.29,6.07,7.44,0.0199,0.0115,-0.0079,91974.09,809.35,0.03,0.0242
167388,0.23,6.03,7.46,0.0135,0.0128,-0.0047,91974.09,809.35,0.02,0.0191
167457,0.25,6.05,7.43,0.0187,0.0123,-0.0063,91974.09,809.35,0.01,0.0232
167518,0.23,6.03,7.44,0.0175,0.0125,-0.0055,91974.09,809.35,0.01,0.0222
167582,0.24,6.06,7.47,0.0181,0.0099,-0.0072,91974.09,809.35,0.01,0.0218
167643,0.21,6.09,7.43,0.0185,0.0120,-0.0067,91974.06,809.35,0.02,0.0230
167707,0.24,6.00,7.45,0.0172,0.0115,-0.0056,91974.06,809.35,0.01,0.0214
167768,0.22,6.09,7.44,0.0187,0.0116,-0.0069,91974.06,809.35,0.01,0.0230
167835,0.23,6.08,7.46,0.0204,0.0133,-0.0060,91974.06,809.35,0.01,0.0251
167898,0.25,6.06,7.47,0.0175,0.0109,-0.0071,91974.06,809.35,0.01,0.0218
167960,0.28,6.08,7.45,0.0177,0.0101,-0.0061,91974.06,809.35,0.00,0.0213
168023,0.23,6.01,7.44,0.0159,0.0100,-0.0044,91974.06,809.35,0.00,0.0192
168085,0.25,6.07,7.43,0.0191,0.0116,-0.0077,91974.06,809.35,0.00,0.0236
168148,0.24,6.06,7.41,0.0175,0.0105,-0.0080,91973.86,809.37,0.09,0.0219
168210,0.21,6.06,7.42,0.0151,0.0123,-0.0036,91973.86,809.37,0.06,0.0197
168277,0.24,6.05,7.43,0.0164,0.0131,-0.0069,91973.86,809.37,0.04,0.0221
168338,0.23,6.10,7.46,0.0168,0.0135,-0.0051,91973.86,809.37,0.03,0.0221
168402,0.23,6.03,7.47,0.0185,0.0131,-0.0061,91973.86,809.37,0.02,0.0235
168463,0.28,6.05,7.49,0.0173,0.0097,-0.0061,91973.86,809.37,0.02,0.0208
168527,0.23,6.09,7.49,0.0143,0.0109,-0.0068,91973.86,809.37,0.01,0.0192
168588,0.22,6.01,7.45,0.0185,0.0104,-0.0063,91973.86,809.37,0.01,0.0221
168652,0.27,6.08,7.43,0.0196,0.0137,-0.0076,91973.69,809.38,0.08,0.0251
168717,0.24,6.05,7.46,0.0163,0.0133,-0.0069,91973.69,809.38,0.05,0.0221
168779,0.23,6.05,7.46,0.0207,0.0105,-0.0068,91973.69,809.38,0.04,0.0242
168842,0.27,6.07,7.42,0.0177,0.0105,-0.0083,91973.69,809.38,0.03,0.0222
168904,0.25,6.07,7.44,0.0176,0.0136,-0.0057,91973.69,809.38,0.02,0.0230
168967,0.26,6.05,7.47,0.0171,0.0123,-0.0057,91973.69,809.38,0.01,0.0218
169029,0.26,6.14,7.45,0.0175,0.0128,-0.0056,91973.69,809.38,0.01,0.0223
169092,0.24,6.02,7.47,0.0165,0.0140,-0.0072,91973.69,809.38,0.01,0.0228
169157,0.23,6.10,7.44,0.0163,0.0113,-0.0047,91973.69,809.38,0.00,0.0204
169221,0.22,6.07,7.42,0.0171,0.0119,-0.0069,91973.69,809.38,0.00,0.0219
169282,0.22,6.01,7.44,0.0168,0.0117,-0.0061,91973.69,809.38,0.00,0.0214
169346,0.25,6.01,7.35,0.0171,0.0071,-0.0099,91973.69,809.38,0.00,0.0209
169407,0.30,6.12,7.42,0.0199,0.0129,-0.0061,91973.69,809.38,0.00,0.0245
169476,0.24,6.02,7.43,0.0188,0.0100,-0.0057,91973.69,809.38,0.00,0.0220
169537,0.28,6.05,7.44,0.0185,0.0109,-0.0065,91973.69,809.38,0.00,0.0225
169604,0.23,6.03,7.43,0.0175,0.0165,-0.0063,91973.69,809.38,0.00,0.0248
169667,0.23,6.10,7.46,0.0160,0.0129,-0.0063,91973.85,809.37,-0.07,0.0215
169729,0.25,6.07,7.40,0.0175,0.0135,-0.0051,91973.85,809.37,-0.05,0.0226
169792,0.23,6.07,7.43,0.0164,0.0124,-0.0031,91973.85,809.37,-0.03,0.0208
169854,0.27,6.05,7.45,0.0191,0.0088,-0.0068,91973.85,809.37,-0.02,0.0221
169917,0.29,6.09,7.45,0.0191,0.0147,-0.0072,91973.85,809.37,-0.02,0.0251
169979,0.22,6.06,7.46,0.0179,0.0115,-0.0035,91973.85,809.37,-0.01,0.0215
170046,0.26,6.08,7.46,0.0171,0.0105,-0.0064,91973.85,809.37,-0.01,0.0210
170107,0.25,6.05,7.44,0.0164,0.0115,-0.0040,91973.85,809.37,-0.01,0.0204
170171,0.26,6.00,7.43,0.0176,0.0109,-0.0073,91973.85,809.37,-0.00,0.0220
170232,0.27,6.09,7.42,0.0181,0.0149,-0.0055,91973.85,809.37,-0.00,0.0241
170296,0.23,6.07,7.45,0.0181,0.0115,-0.0052,91973.85,809.37,-0.00,0.0221
170357,0.25,6.04,7.46,0.0179,0.0124,-0.0089,91973.85,809.37,-0.00,0.0235
170421,0.22,6.09,7.45,0.0145,0.0139,-0.0063,91973.85,809.37,-0.00,0.0210
170486,0.27,6.00,7.45,0.0153,0.0099,-0.0051,91973.85,809.37,-0.00,0.0189
170548,0.25,6.06,7.47,0.0184,0.0133,-0.0055,91973.85,809.37,-0.00,0.0234
170610,0.25,6.08,7.44,0.0184,0.0133,-0.0053,91973.85,809.37,-0.00,0.0233
170672,0.23,6.03,7.43,0.0177,0.0121,-0.0055,91973.85,809.36,-0.06,0.0222
170734,0.23,6.04,7.45,0.0196,0.0101,-0.0057,91973.99,809.36,-0.04,0.0228
170796,0.28,6.12,7.45,0.0165,0.0104,-0.0065,91973.99,809.36,-0.03,0.0206
170858,0.24,6.04,7.43,0.0161,0.0159,-0.0073,91973.99,809.36,-0.02,0.0238
170936,0.27,6.10,7.43,0.0165,0.0104,-0.0069,91973.99,809.36,-0.02,0.0207
170999,0.25,6.04,7.43,0.0168,0.0123,-0.0055,91973.99,809.36,-0.01,0.0215
171062,0.23,6.04,7.44,0.0187,0.0124,-0.0057,91973.99,809.36,-0.01,0.0231
171125,0.28,6.09,7.45,0.0165,0.0128,-0.0063,91973.99,809.36,-0.01,0.0218
171188,0.24,6.04,7.46,0.0156,0.0128,-0.0052,91973.82,809.37,0.07,0.0208
171251,0.23,6.05,7.47,0.0191,0.0099,-0.0076,91973.82,809.37,0.05,0.0228
171314,0.25,6.11,7.43,0.0192,0.0108,-0.0052,91973.82,809.37,0.03,0.0226
171382,0.25,6.01,7.44,0.0189,0.0104,-0.0063,91973.82,809.37,0.02,0.0225
171443,0.26,6.08,7.45,0.0176,0.0099,-0.0061,91973.82,809.37,0.02,0.0211
171512,0.25,6.04,7.43,0.0161,0.0151,-0.0053,91973.82,809.37,0.01,0.0227
171572,0.24,6.05,7.46,0.0189,0.0109,-0.0067,91973.82,809.37,0.01,0.0228
171636,0.28,6.09,7.42,0.0181,0.0137,-0.0067,91973.82,809.37,0.01,0.0237
171696,0.26,6.06,7.42,0.0205,0.0132,-0.0052,91973.98,809.36,-0.07,0.0249
171760,0.26,5.99,7.45,0.0164,0.0117,-0.0073,91973.98,809.36,-0.05,0.0214
171825,0.28,6.13,7.48,0.0175,0.0113,-0.0065,91973.98,809.36,-0.04,0.0218
171887,0.25,6.01,7.38,0.0175,0.0124,-0.0079,91973.98,809.36,-0.02,0.0228
171949,0.26,6.01,7.43,0.0173,0.0144,-0.0072,91973.98,809.36,-0.02,0.0236
172011,0.26,6.07,7.41,0.0184,0.0148,-0.0064,91973.98,809.36,-0.01,0.0244
172073,0.20,6.05,7.46,0.0143,0.0128,-0.0049,91973.98,809.36,-0.01,0.0198
172135,0.25,6.02,7.47,0.0193,0.0119,-0.0080,91973.98,809.36,-0.01,0.0240
172197,0.23,6.21,7.50,0.0147,0.0137,-0.0059,91973.98,809.36,-0.00,0.0209
172262,0.23,5.99,7.44,0.0203,0.0125,-0.0053,91973.98,809.36,-0.00,0.0244
172326,0.28,6.09,7.46,0.0141,0.0103,-0.0073,91973.98,809.36,-0.00,0.0189
172386,0.28,6.13,7.52,0.0141,0.0104,-0.0055,91973.98,809.36,-0.00,0.0184
172450,0.23,6.00,7.44,0.0193,0.0155,-0.0057,91973.98,809.36,-0.00,0.0254
172510,0.26,6.02,7.45,0.0165,0.0139,-0.0079,91973.98,809.36,-0.00,0.0230
172574,0.23,6.04,7.40,0.0149,0.0085,-0.0075,91973.98,809.36,-0.00,0.0187
172634,0.21,5.97,7.42,0.0199,0.0077,-0.0071,91973.98,809.36,-0.00,0.0224
172701,0.24,6.11,7.44,0.0125,0.0099,-0.0068,91973.98,809.36,-0.00,0.0173
172763,0.25,6.07,7.43,0.0171,0.0151,-0.0083,91973.98,809.36,-0.00,0.0242
172825,0.24,6.04,7.47,0.0204,0.0143,-0.0056,91973.98,809.36,-0.00,0.0255
172887,0.26,6.14,7.52,0.0184,0.0137,-0.0075,91973.98,809.36,-0.00,0.0241
172949,0.25,6.02,7.45,0.0189,0.0131,-0.0047,91973.98,809.36,-0.00,0.0235
173011,0.24,6.13,7.45,0.0187,0.0136,-0.0053,91973.98,809.36,-0.00,0.0237
173073,0.23,6.03,7.41,0.0191,0.0127,-0.0052,91973.98,809.36,-0.00,0.0235
173139,0.31,6.07,7.47,0.0171,0.0121,-0.0041,91973.98,809.36,-0.00,0.0213
173199,0.22,6.01,7.46,0.0191,0.0132,-0.0080,91973.98,809.36,-0.00,0.0245
173263,0.23,6.03,7.42,0.0168,0.0116,-0.0064,91973.98,809.36,0.00,0.0214
173324,0.26,6.10,7.42,0.0177,0.0112,-0.0047,91973.98,809.36,0.00,0.0215
173387,0.22,6.00,7.43,0.0200,0.0115,-0.0065,91973.98,809.36,0.00,0.0239
173447,0.27,6.11,7.43,0.0167,0.0100,-0.0068,91973.98,809.36,0.00,0.0206
173507,0.25,6.06,7.44,0.0188,0.0132,-0.0047,91973.98,809.36,0.00,0.0234
173612,0.25,6.01,7.43,0.0152,0.0160,-0.0064,91973.98,809.36,0.00,0.0230
173672,0.22,6.04,7.48,0.0168,0.0123,-0.0068,91973.98,809.36,0.00,0.0219
173734,0.26,6.12,7.48,0.0175,0.0135,-0.0071,91973.97,809.36,0.00,0.0231
173796,0.23,6.04,7.44,0.0157,0.0116,-0.0065,91973.97,809.36,0.00,0.0206
173858,0.24,6.01,7.46,0.0171,0.0087,-0.0065,91973.97,809.36,0.00,0.0202
173920,0.27,6.10,7.45,0.0185,0.0119,-0.0049,91973.97,809.36,0.00,0.0225
173982,0.25,6.05,7.43,0.0187,0.0151,-0.0084,91973.97,809.36,0.00,0.0254
174047,0.24,6.09,7.47,0.0167,0.0145,-0.0057,91973.97,809.36,0.00,0.0228
174111,0.27,6.05,7.48,0.0189,0.0108,-0.0060,91973.97,809.36,0.00,0.0226
174171,0.22,6.06,7.47,0.0152,0.0111,-0.0041,91973.97,809.36,0.00,0.0192
174235,0.25,6.07,7.45,0.0184,0.0127,-0.0064,91973.75,809.38,0.09,0.0232
174295,0.25,6.10,7.43,0.0149,0.0119,-0.0047,91973.75,809.38,0.07,0.0196
174359,0.25,6.03,7.48,0.0179,0.0125,-0.0052,91973.75,809.38,0.05,0.0224
174419,0.22,6.08,7.46,0.0175,0.0115,-0.0104,91973.75,809.38,0.03,0.0233
174497,0.28,6.06,7.43,0.0187,0.0080,-0.0069,91973.75,809.38,0.02,0.0214
174558,0.14,5.84,7.47,0.0160,0.0048,-0.0083,91973.75,809.38,0.02,0.0186
174622,0.22,6.12,7.46,0.0161,0.0077,-0.0060,91973.75,809.38,0.01,0.0189
174682,0.25,5.99,7.40,0.0197,0.0103,-0.0100,91973.75,809.38,0.01,0.0244
174746,0.23,6.06,7.48,0.0172,0.0113,-0.0048,91973.91,809.36,-0.06,0.0211
174807,0.25,6.10,7.47,0.0181,0.0116,-0.0059,91973.91,809.36,-0.04,0.0223
174871,0.27,6.09,7.46,0.0193,0.0107,-0.0084,91973.91,809.36,-0.03,0.0236
174936,0.26,6.07,7.45,0.0156,0.0139,-0.0083,91973.91,809.36,-0.02,0.0224
174998,0.25,6.07,7.40,0.0152,0.0101,-0.0068,91973.91,809.36,-0.01,0.0195
175060,0.24,6.05,7.45,0.0193,0.0117,-0.0073,91973.91,809.36,-0.01,0.0238
175122,0.22,6.08,7.43,0.0187,0.0111,-0.0067,91973.91,809.36,-0.01,0.0227
175184,0.28,6.07,7.47,0.0181,0.0084,-0.0052,91973.91,809.36,-0.01,0.0206
175246,0.23,6.03,7.47,0.0163,0.0121,-0.0069,91974.08,809.35,-0.08,0.0214
175308,0.23,6.04,7.46,0.0144,0.0109,-0.0059,91974.08,809.35,-0.06,0.0190
175373,0.26,6.08,7.46,0.0161,0.0155,-0.0052,91974.08,809.35,-0.04,0.0229
175436,0.25,6.04,7.44,0.0171,0.0105,-0.0069,91974.08,809.35,-0.03,0.0212
175496,0.27,6.06,7.41,0.0148,0.0103,-0.0047,91974.08,809.35,-0.02,0.0186
175560,0.27,6.08,7.38,0.0175,0.0105,-0.0043,91974.08,809.35,-0.01,0.0208
175626,0.23,6.01,7.47,0.0183,0.0123,-0.0072,91974.08,809.35,-0.01,0.0231
175690,0.27,6.11,7.46,0.0185,0.0100,-0.0103,91974.08,809.35,-0.01,0.0234
175751,0.25,6.05,7.47,0.0172,0.0124,-0.0068,91974.08,809.35,-0.00,0.0223
175817,0.22,6.05,7.49,0.0203,0.0104,-0.0055,91974.08,809.35,-0.00,0.0234
175879,0.27,6.09,7.44,0.0165,0.0123,-0.0075,91974.08,809.35,-0.00,0.0219
175941,0.23,6.06,7.41,0.0171,0.0124,-0.0052,91974.08,809.35,-0.00,0.0217
176003,0.24,6.04,7.47,0.0160,0.0107,-0.0063,91974.08,809.35,-0.00,0.0202
176065,0.27,6.11,7.44,0.0168,0.0117,-0.0045,91974.08,809.35,-0.00,0.0210
176127,0.24,6.07,7.45,0.0185,0.0117,-0.0075,91974.08,809.35,-0.00,0.0232
176189,0.22,6.07,7.49,0.0179,0.0127,-0.0071,91974.08,809.35,-0.00,0.0230
176255,0.29,6.06,7.46,0.0191,0.0100,-0.0047,91974.25,809.33,-0.07,0.0220
176316,0.23,6.06,7.45,0.0165,0.0111,-0.0053,91974.25,809.33,-0.05,0.0206
176380,0.28,6.04,7.45,0.0192,0.0108,-0.0061,91974.25,809.33,-0.03,0.0228
176440,0.24,6.06,7.44,0.0179,0.0133,-0.0049,91974.25,809.33,-0.02,0.0228
176504,0.21,6.03,7.44,0.0160,0.0127,-0.0087,91974.25,809.33,-0.02,0.0222
176564,0.23,6.06,7.47,0.0191,0.0112,-0.0080,91974.25,809.33,-0.01,0.0235
176628,0.28,6.09,7.45,0.0180,0.0117,-0.0055,91974.25,809.33,-0.01,0.0222
176693,0.23,6.05,7.44,0.0191,0.0151,-0.0045,91974.25,809.33,-0.01,0.0247
176755,0.25,6.05,7.48,0.0165,0.0160,-0.0048,91974.24,809.33,-0.00,0.0235
176817,0.25,6.07,7.46,0.0176,0.0149,-0.0089,91974.24,809.33,-0.00,0.0247
176879,0.23,6.04,7.46,0.0171,0.0121,-0.0067,91974.24,809.33,-0.00,0.0220
176941,0.23,6.07,7.43,0.0193,0.0099,-0.0080,91974.24,809.33,-0.00,0.0231
177003,0.27,6.08,7.44,0.0185,0.0124,-0.0071,91974.24,809.33,-0.00,0.0234
177069,0.25,6.04,7.47,0.0164,0.0125,-0.0053,91974.24,809.33,-0.00,0.0213
177130,0.26,6.08,7.47,0.0163,0.0140,-0.0080,91974.24,809.33,-0.00,0.0229
177194,0.23,6.04,7.46,0.0191,0.0116,-0.0053,91974.24,809.33,-0.00,0.0229
177255,0.27,6.01,7.46,0.0195,0.0127,-0.0069,91974.24,809.33,-0.00,0.0242
177319,0.24,6.08,7.44,0.0152,0.0116,-0.0068,91974.38,809.32,-0.06,0.0203
177379,0.24,6.05,7.47,0.0164,0.0131,-0.0059,91974.38,809.32,-0.04,0.0218
177443,0.22,6.06,7.46,0.0171,0.0115,-0.0069,91974.38,809.32,-0.03,0.0217
177508,0.28,6.08,7.43,0.0164,0.0123,-0.0061,91974.38,809.32,-0.02,0.0214
177570,0.24,6.06,7.44,0.0184,0.0119,-0.0065,91974.38,809.32,-0.01,0.0228
177637,0.24,6.10,7.47,0.0192,0.0144,-0.0091,91974.38,809.32,-0.01,0.0256
177699,0.24,6.05,7.43,0.0175,0.0159,-0.0087,91974.38,809.32,-0.01,0.0251
177761,0.21,6.01,7.44,0.0175,0.0113,-0.0059,91974.38,809.32,-0.00,0.0216
177823,0.25,6.06,7.44,0.0164,0.0101,-0.0081,91974.38,809.32,-0.00,0.0209
177885,0.26,6.07,7.41,0.0176,0.0116,-0.0084,91974.38,809.32,-0.00,0.0227
177961,0.23,6.05,7.45,0.0188,0.0113,-0.0072,91974.38,809.32,-0.00,0.0231
178023,0.25,6.06,7.44,0.0191,0.0135,-0.0056,91974.38,809.32,-0.00,0.0240
178085,0.23,6.02,7.43,0.0211,0.0132,-0.0061,91974.38,809.32,-0.00,0.0256
178147,0.25,6.10,7.46,0.0185,0.0113,-0.0051,91974.38,809.32,-0.00,0.0223
178209,0.26,6.06,7.44,0.0195,0.0124,-0.0059,91974.38,809.32,-0.00,0.0238
178271,0.21,6.02,7.43,0.0159,0.0103,-0.0056,91974.38,809.31,-0.08,0.0197
178333,0.24,6.07,7.45,0.0177,0.0121,-0.0085,91974.55,809.31,-0.05,0.0231
178399,0.26,6.09,7.45,0.0185,0.0091,-0.0063,91974.55,809.31,-0.04,0.0215
178459,0.21,6.03,7.48,0.0187,0.0136,-0.0072,91974.55,809.31,-0.03,0.0242
178523,0.25,6.09,7.48,0.0183,0.0112,-0.0069,91974.55,809.31,-0.02,0.0225
178583,0.22,6.06,7.43,0.0172,0.0112,-0.0063,91974.55,809.31,-0.01,0.0214
178647,0.22,6.04,7.44,0.0179,0.0109,-0.0053,91974.55,809.31,-0.01,0.0216
178708,0.22,6.05,7.45,0.0197,0.0084,-0.0047,91974.55,809.31,-0.01,0.0219
178772,0.25,6.10,7.39,0.0179,0.0137,-0.0068,91974.55,809.31,-0.00,0.0235
178837,0.23,6.03,7.43,0.0159,0.0127,-0.0080,91974.38,809.32,0.07,0.0218
178899,0.27,6.07,7.44,0.0183,0.0111,-0.0085,91974.38,809.32,0.05,0.0230
178961,0.23,6.07,7.43,0.0168,0.0132,-0.0068,91974.38,809.32,0.03,0.0224
179023,0.23,6.02,7.47,0.0173,0.0145,-0.0049,91974.38,809.32,0.02,0.0231
179085,0.23,6.07,7.40,0.0168,0.0113,-0.0081,91974.38,809.32,0.02,0.0218
179147,0.26,6.07,7.43,0.0191,0.0100,-0.0065,91974.38,809.32,0.01,0.0225
179209,0.20,6.00,7.43,0.0172,0.0113,-0.0067,91974.38,809.32,0.01,0.0216
179274,0.25,6.09,7.44,0.0168,0.0116,-0.0051,91974.38,809.32,0.01,0.0210
179338,0.23,6.04,7.44,0.0187,0.0115,-0.0060,91974.20,809.34,0.08,0.0227
179398,0.23,6.04,7.48,0.0157,0.0127,-0.0080,91974.20,809.34,0.05,0.0217
179462,0.25,6.08,7.43,0.0180,0.0139,-0.0067,91974.20,809.34,0.04,0.0237
179522,0.27,6.00,7.45,0.0160,0.0116,-0.0064,91974.20,809.34,0.03,0.0208
179586,0.21,6.05,7.47,0.0167,0.0117,-0.0052,91974.20,809.34,0.02,0.0210
179651,0.28,6.10,7.41,0.0187,0.0148,-0.0049,91974.20,809.34,0.01,0.0243
179718,0.19,6.03,7.46,0.0176,0.0127,-0.0079,91974.20,809.34,0.01,0.0230
179780,0.23,6.08,7.43,0.0180,0.0131,-0.0053,91974.20,809.34,0.01,0.0229
179842,0.24,6.07,7.43,0.0185,0.0136,-0.0065,91974.38,809.32,-0.07,0.0239
179904,0.23,6.04,7.45,0.0181,0.0119,-0.0051,91974.38,809.32,-0.05,0.0222
179966,0.27,6.05,7.45,0.0189,0.0127,-0.0064,91974.38,809.32,-0.04,0.0236
180028,0.26,6.05,7.41,0.0157,0.0147,-0.0077,91974.38,809.32,-0.02,0.0228
180090,0.24,5.98,7.36,0.0164,0.0104,-0.0059,91974.38,809.32,-0.02,0.0203
180156,0.23,6.12,7.42,0.0176,0.0088,-0.0051,91974.38,809.32,-0.01,0.0203
180216,0.26,6.07,7.43,0.0172,0.0152,-0.0088,91974.38,809.32,-0.01,0.0246
180280,0.23,6.04,7.47,0.0199,0.0105,-0.0072,91974.38,809.32,-0.01,0.0236
180340,0.24,6.07,7.46,0.0161,0.0113,-0.0069,91974.20,809.34,0.07,0.0209
180404,0.24,6.06,7.42,0.0191,0.0108,-0.0047,91974.20,809.34,0.05,0.0224
180464,0.24,6.03,7.47,0.0180,0.0092,-0.0061,91974.20,809.34,0.04,0.0211
180528,0.26,6.08,7.41,0.0173,0.0111,-0.0068,91974.20,809.34,0.03,0.0216
180593,0.26,6.05,7.42,0.0207,0.0139,-0.0057,91974.20,809.34,0.02,0.0255
180655,0.25,6.06,7.48,0.0157,0.0105,-0.0067,91974.20,809.34,0.01,0.0201
180717,0.26,6.14,7.58,0.0185,0.0119,-0.0041,91974.20,809.34,0.01,0.0224
180779,0.18,6.05,7.47,0.0163,0.0105,-0.0044,91974.20,809.34,0.01,0.0199
180841,0.34,6.10,7.49,0.0204,0.0125,-0.0096,91974.03,809.35,0.08,0.0258
180903,0.28,6.09,7.45,0.0153,0.0088,-0.0059,91974.03,809.35,0.05,0.0186
180965,0.23,6.12,7.63,0.0189,0.0096,-0.0056,91974.03,809.35,0.04,0.0219
181030,0.18,6.10,7.48,0.0192,0.0089,-0.0041,91974.03,809.35,0.03,0.0216
181094,0.23,6.06,7.43,0.0188,0.0123,-0.0075,91974.03,809.35,0.02,0.0236
181154,0.22,6.03,7.41,0.0201,0.0159,-0.0049,91974.03,809.35,0.01,0.0261
181218,0.25,6.07,7.44,0.0213,0.0113,-0.0076,91974.03,809.35,0.01,0.0253
181278,0.28,6.11,7.48,0.0155,0.0133,-0.0067,91974.03,809.35,0.01,0.0215
181342,0.20,6.06,7.51,0.0136,0.0141,-0.0049,91973.86,809.37,0.08,0.0202
181402,0.23,6.00,7.48,0.0141,0.0101,-0.0056,91973.86,809.37,0.06,0.0183
181480,0.29,5.97,7.42,0.0197,0.0116,-0.0040,91973.86,809.37,0.04,0.0232
181541,0.28,6.07,7.43,0.0164,0.0096,-0.0068,91973.86,809.37,0.03,0.0202
181605,0.25,6.06,7.45,0.0177,0.0132,-0.0061,91973.86,809.37,0.02,0.0229
181670,0.31,6.08,7.69,0.0246,0.0177,-0.0121,91973.86,809.37,0.01,0.0327
181734,0.22,6.14,7.63,0.0173,0.0069,-0.0068,91973.86,809.37,0.01,0.0199
181794,0.25,6.07,7.53,0.0179,0.0113,-0.0067,91973.86,809.37,0.01,0.0222
181858,0.18,6.00,7.44,0.0145,0.0103,-0.0049,91973.86,809.37,0.00,0.0185
181923,0.23,6.10,7.44,0.0167,0.0115,-0.0059,91973.86,809.37,0.00,0.0210
181985,0.25,6.01,7.46,0.0177,0.0116,-0.0064,91973.86,809.37,0.00,0.0221
182047,0.25,6.03,7.44,0.0200,0.0121,-0.0080,91973.86,809.37,0.00,0.0247
182109,0.23,6.02,7.46,0.0171,0.0139,-0.0048,91973.86,809.37,0.00,0.0225
182171,0.18,6.08,7.51,0.0177,0.0100,-0.0048,91973.86,809.37,0.00,0.0209
182233,0.20,6.12,7.48,0.0203,0.0168,-0.0088,91973.86,809.37,0.00,0.0277
182295,0.26,6.09,7.49,0.0187,0.0125,-0.0043,91973.86,809.37,0.00,0.0229
182360,0.21,5.96,7.41,0.0203,0.0103,-0.0060,91973.69,809.38,0.07,0.0235
182424,0.21,6.09,7.49,0.0184,0.0095,-0.0044,91973.69,809.38,0.05,0.0211
182484,0.25,6.10,7.39,0.0164,0.0164,-0.0069,91973.69,809.38,0.03,0.0242
182548,0.27,6.04,7.44,0.0197,0.0144,-0.0039,91973.69,809.38,0.02,0.0247
182608,0.21,6.07,7.48,0.0212,0.0113,-0.0076,91973.69,809.38,0.02,0.0252
182672,0.29,6.00,7.47,0.0155,0.0131,-0.0079,91973.69,809.38,0.01,0.0217
182732,0.24,6.15,7.45,0.0149,0.0165,-0.0065,91973.69,809.38,0.01,0.0232
182799,0.24,6.10,7.45,0.0161,0.0108,-0.0077,91973.69,809.38,0.01,0.0209
182861,0.23,6.06,7.41,0.0161,0.0081,-0.0056,91973.86,809.37,-0.07,0.0189
182923,0.26,6.00,7.43,0.0185,0.0111,-0.0085,91973.86,809.37,-0.05,0.0232
182985,0.24,6.14,7.45,0.0161,0.0164,-0.0031,91973.86,809.37,-0.03,0.0232
183047,0.21,6.02,7.45,0.0171,0.0136,-0.0089,91973.86,809.37,-0.02,0.0236
183109,0.08,5.98,7.54,0.0172,0.0087,-0.0053,91973.86,809.37,-0.02,0.0200
183171,0.27,6.08,7.51,0.0155,0.0107,-0.0069,91973.86,809.37,-0.01,0.0200
183238,0.28,6.14,7.44,0.0128,0.0208,-0.0101,91973.86,809.37,-0.01,0.0264
183298,0.20,5.93,7.42,0.0205,0.0125,-0.0039,91973.86,809.37,-0.01,0.0243
183362,0.19,6.19,7.47,0.0173,0.0105,-0.0065,91973.52,809.40,0.14,0.0213
183422,0.27,5.92,7.43,0.0192,0.0121,-0.0055,91973.52,809.40,0.10,0.0233
183486,0.27,5.97,7.40,0.0188,0.0193,-0.0043,91973.52,809.40,0.07,0.0273
183546,0.24,6.01,7.41,0.0181,0.0112,-0.0064,91973.52,809.40,0.05,0.0222
183610,0.28,6.03,7.44,0.0137,0.0136,-0.0076,91973.52,809.40,0.03,0.0208
183680,0.23,6.08,7.44,0.0207,0.0112,-0.0069,91973.52,809.40,0.02,0.0245
183742,0.30,6.14,7.44,0.0160,0.0096,-0.0049,91973.52,809.40,0.02,0.0193
183804,0.18,6.01,7.46,0.0207,0.0083,-0.0071,91973.52,809.40,0.01,0.0233
183866,0.19,6.03,7.43,0.0165,0.0119,-0.0040,91973.45,809.40,0.03,0.0207
183928,0.21,6.05,7.42,0.0184,0.0129,-0.0029,91973.45,809.40,0.02,0.0227
183990,0.27,6.06,7.49,0.0181,0.0124,-0.0084,91973.45,809.40,0.02,0.0235
184052,0.29,6.02,7.37,0.0161,0.0141,-0.0061,91973.45,809.40,0.01,0.0223
184117,0.25,6.10,7.46,0.0196,0.0107,-0.0065,91973.45,809.40,0.01,0.0232
184181,0.20,5.96,7.40,0.0200,0.0137,-0.0055,91973.45,809.40,0.01,0.0249
184241,0.38,6.18,7.33,0.0183,0.0245,-0.0076,91973.45,809.40,0.00,0.0315
184305,0.27,5.94,7.41,0.0201,0.0171,-0.0036,91973.45,809.40,0.00,0.0266
184365,0.24,6.10,7.40,0.0199,0.0128,-0.0077,91973.63,809.39,-0.07,0.0248
184429,0.27,6.06,7.47,0.0171,0.0113,-0.0045,91973.63,809.39,-0.05,0.0210
184489,0.26,6.08,7.44,0.0220,0.0156,-0.0077,91973.63,809.39,-0.04,0.0280
184555,0.25,6.03,7.45,0.0168,0.0084,-0.0057,91973.63,809.39,-0.03,0.0196
184617,0.23,6.14,7.47,0.0161,0.0107,-0.0068,91973.63,809.39,-0.02,0.0205
184679,0.30,6.03,7.46,0.0153,0.0107,-0.0044,91973.63,809.39,-0.01,0.0192
184741,0.21,6.07,7.53,0.0149,0.0112,-0.0036,91973.63,809.39,-0.01,0.0190
184803,0.23,6.01,7.48,0.0187,0.0067,-0.0092,91973.63,809.39,-0.01,0.0218
184865,0.22,6.10,7.42,0.0133,0.0107,-0.0077,91973.63,809.39,-0.00,0.0187
184927,0.22,6.01,7.46,0.0204,0.0136,-0.0037,91973.63,809.39,-0.00,0.0248
185004,0.28,6.12,7.42,0.0188,0.0144,-0.0057,91973.63,809.39,-0.00,0.0243
185066,0.23,5.97,7.47,0.0203,0.0145,-0.0045,91973.63,809.39,-0.00,0.0253
185129,0.28,6.15,7.33,0.0211,0.0217,-0.0060,91973.63,809.39,-0.00,0.0308
185191,0.26,6.04,7.44,0.0176,0.0152,-0.0047,91973.63,809.39,-0.00,0.0237
185254,0.22,6.01,7.37,0.0171,0.0103,-0.0063,91973.63,809.39,-0.00,0.0209
185316,0.27,6.20,7.48,0.0211,0.0205,-0.0069,91973.63,809.39,-0.00,0.0302
185379,0.26,6.02,7.48,0.0155,0.0153,-0.0039,91973.62,809.39,0.00,0.0221
185444,0.17,6.04,7.45,0.0201,0.0107,-0.0075,91973.62,809.39,0.00,0.0240
185508,0.24,6.16,7.51,0.0212,0.0165,0.0005,91973.62,809.39,0.00,0.0269
185569,0.29,6.06,7.33,0.0177,0.0167,-0.0057,91973.62,809.39,0.00,0.0250
185633,0.33,6.07,7.34,0.0141,0.0129,-0.0051,91973.62,809.39,0.00,0.0198
185699,0.24,6.12,7.47,0.0245,0.0221,-0.0077,91973.62,809.39,0.00,0.0339
185763,0.26,6.06,7.49,0.0173,0.0104,-0.0073,91973.62,809.39,0.00,0.0215
185824,0.23,6.08,7.54,0.0200,0.0132,-0.0049,91973.62,809.39,0.00,0.0244
185891,0.28,6.09,7.48,0.0152,0.0109,-0.0060,91973.78,809.37,-0.07,0.0196
185954,0.20,6.09,7.42,0.0175,0.0112,-0.0073,91973.78,809.37,-0.05,0.0220
186016,0.23,6.07,7.51,0.0191,0.0137,-0.0061,91973.78,809.37,-0.03,0.0243
186079,0.23,6.01,7.32,0.0192,0.0133,-0.0067,91973.78,809.37,-0.02,0.0243
186141,0.24,5.96,7.37,0.0203,0.0076,-0.0056,91973.78,809.37,-0.02,0.0223
186204,0.32,6.07,7.46,0.0164,0.0056,-0.0041,91973.78,809.37,-0.01,0.0178
186266,0.33,6.16,7.49,0.0217,0.0289,-0.0017,91973.78,809.37,-0.01,0.0362
186333,0.18,6.12,7.58,0.0228,0.0111,-0.0069,91973.78,809.37,-0.01,0.0263
186394,0.26,6.19,7.52,0.0185,0.0117,-0.0060,91973.61,809.39,0.07,0.0227
186458,0.19,6.02,7.49,0.0156,0.0113,-0.0052,91973.61,809.39,0.05,0.0200
186519,0.25,6.04,7.47,0.0161,0.0127,-0.0069,91973.61,809.39,0.03,0.0216
186583,0.21,6.04,7.37,0.0119,0.0061,-0.0069,91973.61,809.39,0.02,0.0150
186644,0.28,6.08,7.54,0.0163,0.0100,-0.0037,91973.61,809.39,0.02,0.0194
186708,0.23,6.10,7.45,0.0165,0.0133,-0.0065,91973.61,809.39,0.01,0.0222
186773,0.24,6.07,7.39,0.0168,0.0045,-0.0085,91973.61,809.39,0.01,0.0194
186835,0.23,6.05,7.39,0.0216,0.0119,-0.0056,91973.61,809.39,0.01,0.0253
186897,0.25,6.09,7.43,0.0171,0.0129,-0.0040,91973.61,809.39,0.00,0.0218
186959,0.27,6.10,7.42,0.0188,0.0135,-0.0052,91973.61,809.39,0.00,0.0237
187021,0.26,6.02,7.47,0.0192,0.0117,-0.0089,91973.61,809.39,0.00,0.0242
187083,0.26,6.12,7.48,0.0184,0.0149,-0.0064,91973.61,809.39,0.00,0.0245
187146,0.23,6.07,7.41,0.0191,0.0120,-0.0057,91973.61,809.39,0.00,0.0232
187211,0.21,6.06,7.45,0.0204,0.0104,-0.0060,91973.61,809.39,0.00,0.0237
187275,0.23,6.10,7.41,0.0177,0.0140,-0.0071,91973.61,809.39,0.00,0.0237
187336,0.25,6.07,7.53,0.0184,0.0109,-0.0063,91973.61,809.39,0.00,0.0223
187400,0.29,6.16,7.43,0.0141,0.0161,-0.0083,91973.58,809.39,0.01,0.0230
187461,0.25,6.03,7.41,0.0191,0.0069,-0.0084,91973.58,809.39,0.01,0.0219
187525,0.22,6.06,7.49,0.0207,0.0088,-0.0087,91973.58,809.39,0.01,0.0241
187586,0.23,6.08,7.47,0.0185,0.0148,-0.0089,91973.58,809.39,0.00,0.0253
187653,0.39,6.20,7.41,0.0157,0.0061,-0.0053,91973.58,809.39,0.00,0.0177
187720,0.21,6.18,7.56,0.0152,0.0181,-0.0033,91973.58,809.39,0.00,0.0239
187782,0.20,5.91,7.47,0.0173,0.0007,-0.0104,91973.58,809.39,0.00,0.0202
187844,0.23,6.00,7.37,0.0204,0.0175,-0.0029,91973.58,809.39,0.00,0.0270
187906,0.18,5.82,7.40,0.0177,-0.0005,-0.0071,91973.41,809.41,0.07,0.0191
187968,0.30,6.05,7.43,0.0164,0.0115,-0.0053,91973.41,809.41,0.05,0.0207
188030,0.20,6.11,7.54,0.0196,0.0143,-0.0084,91973.41,809.41,0.04,0.0256
188096,0.25,6.04,7.51,0.0159,0.0071,-0.0076,91973.41,809.41,0.03,0.0189
188157,0.28,6.06,7.46,0.0189,0.0084,-0.0037,91973.41,809.41,0.02,0.0210
188218,0.22,6.07,7.44,0.0167,0.0121,-0.0081,91973.41,809.41,0.01,0.0221
188283,0.28,6.01,7.41,0.0181,0.0069,-0.0073,91973.41,809.41,0.01,0.0207
188344,0.23,6.11,7.43,0.0185,0.0097,-0.0059,91973.41,809.41,0.01,0.0217
188405,0.20,5.99,7.42,0.0164,0.0101,-0.0055,91973.41,809.41,0.00,0.0200
188469,0.28,6.03,7.42,0.0172,0.0100,-0.0073,91973.41,809.41,0.00,0.0212
188544,0.20,5.95,7.41,0.0168,0.0191,-0.0047,91973.41,809.41,0.00,0.0258
188608,0.24,6.01,7.44,0.0179,0.0225,-0.0069,91973.41,809.41,0.00,0.0296
188669,0.31,6.11,7.45,0.0152,0.0173,-0.0015,91973.41,809.41,0.00,0.0231
188733,0.25,6.00,7.41,0.0185,0.0167,-0.0065,91973.41,809.41,0.00,0.0257
188794,0.18,5.95,7.39,0.0175,0.0096,-0.0069,91973.41,809.41,0.00,0.0211
188858,0.15,6.05,7.41,0.0209,0.0129,-0.0080,91973.41,809.41,0.00,0.0259
188919,0.23,6.01,7.41,0.0212,0.0155,-0.0064,91973.23,809.42,0.08,0.0270
188986,0.25,6.11,7.47,0.0163,0.0100,-0.0057,91973.23,809.42,0.06,0.0199
189049,0.23,6.06,7.42,0.0157,0.0027,-0.0069,91973.23,809.42,0.04,0.0174
189111,0.23,6.02,7.47,0.0187,0.0108,-0.0051,91973.23,809.42,0.03,0.0221
189174,0.32,6.11,7.39,0.0145,0.0068,-0.0047,91973.23,809.42,0.02,0.0167
189236,0.23,6.09,7.49,0.0177,0.0105,-0.0065,91973.23,809.42,0.01,0.0216
189299,0.25,6.00,7.53,0.0195,0.0129,-0.0044,91973.23,809.42,0.01,0.0238
189361,0.24,6.11,7.46,0.0157,0.0108,-0.0047,91973.23,809.42,0.01,0.0196
189428,0.21,5.96,7.41,0.0193,0.0120,-0.0061,91973.39,809.41,-0.06,0.0235
189489,0.26,6.13,7.47,0.0180,0.0091,-0.0080,91973.39,809.41,-0.04,0.0217
189553,0.29,6.00,7.43,0.0245,0.0141,-0.0085,91973.39,809.41,-0.03,0.0295
189614,0.23,6.19,7.32,0.0179,0.0165,-0.0012,91973.39,809.41,-0.02,0.0244
189678,0.25,6.15,7.54,0.0229,0.0149,-0.0096,91973.39,809.41,-0.02,0.0290
189744,0.28,5.97,7.54,0.0123,0.0095,-0.0056,91973.39,809.41,-0.01,0.0165
189808,0.21,6.04,7.44,0.0175,0.0111,-0.0077,91973.39,809.41,-0.01,0.0221
189873,0.23,6.23,7.57,0.0179,0.0045,-0.0053,91973.39,809.41,-0.01,0.0192
189935,0.24,6.04,7.51,0.0179,0.0092,-0.0068,91973.53,809.40,-0.06,0.0212
189998,0.23,6.05,7.50,0.0144,0.0109,-0.0059,91973.53,809.40,-0.04,0.0190
190060,0.23,6.07,7.45,0.0171,0.0112,-0.0065,91973.53,809.40,-0.03,0.0214
190123,0.22,6.00,7.43,0.0183,0.0125,-0.0060,91973.53,809.40,-0.02,0.0229
190185,0.24,6.18,7.50,0.0159,0.0056,-0.0055,91973.53,809.40,-0.02,0.0177
190248,0.28,6.06,7.45,0.0181,0.0093,-0.0076,91973.53,809.40,-0.01,0.0217
190313,0.23,6.08,7.43,0.0189,0.0128,-0.0087,91973.53,809.40,-0.01,0.0244
190377,0.24,6.05,7.42,0.0137,0.0121,-0.0063,91973.53,809.40,-0.01,0.0194
190438,0.23,6.06,7.40,0.0187,0.0123,-0.0068,91973.50,809.40,0.01,0.0233
190502,0.24,6.05,7.46,0.0191,0.0128,-0.0051,91973.50,809.40,0.01,0.0235
190563,0.23,6.09,7.42,0.0204,0.0149,-0.0073,91973.50,809.40,0.00,0.0263
190627,0.24,6.05,7.45,0.0191,0.0139,-0.0035,91973.50,809.40,0.00,0.0238
190688,0.19,6.09,7.47,0.0148,0.0047,-0.0075,91973.50,809.40,0.00,0.0172
190755,0.21,6.09,7.43,0.0164,0.0120,-0.0079,91973.50,809.40,0.00,0.0218
190818,0.29,6.05,7.43,0.0153,0.0111,-0.0029,91973.50,809.40,0.00,0.0191
190880,0.23,6.03,7.43,0.0197,0.0120,-0.0061,91973.50,809.40,0.00,0.0239
190943,0.27,6.08,7.46,0.0180,0.0107,-0.0063,91973.33,809.42,0.08,0.0218
191005,0.25,6.04,7.44,0.0168,0.0145,-0.0043,91973.33,809.42,0.05,0.0226
191068,0.23,6.06,7.46,0.0155,0.0103,-0.0072,91973.33,809.42,0.04,0.0199
191130,0.26,6.11,7.45,0.0172,0.0131,-0.0055,91973.33,809.42,0.03,0.0223
191197,0.21,6.04,7.44,0.0184,0.0112,-0.0051,91973.33,809.42,0.02,0.0221
191258,0.26,6.05,7.42,0.0172,0.0131,-0.0053,91973.33,809.42,0.01,0.0222
191322,0.23,6.10,7.45,0.0147,0.0116,-0.0045,91973.33,809.42,0.01,0.0192
191383,0.24,6.00,7.46,0.0163,0.0093,-0.0064,91973.33,809.42,0.01,0.0198
191447,0.25,6.10,7.43,0.0179,0.0141,-0.0061,91973.50,809.40,-0.07,0.0236
191508,0.26,6.04,7.45,0.0181,0.0127,-0.0056,91973.50,809.40,-0.05,0.0228
191572,0.23,6.07,7.48,0.0173,0.0105,-0.0055,91973.50,809.40,-0.03,0.0210
191638,0.23,6.04,7.44,0.0165,0.0115,-0.0084,91973.50,809.40,-0.02,0.0218
191700,0.24,6.05,7.45,0.0204,0.0128,-0.0040,91973.50,809.40,-0.02,0.0244
191768,0.26,6.07,7.44,0.0155,0.0109,-0.0056,91973.50,809.40,-0.01,0.0197
191830,0.26,6.06,7.44,0.0159,0.0124,-0.0069,91973.50,809.40,-0.01,0.0213
191893,0.23,6.06,7.51,0.0181,0.0105,-0.0083,91973.50,809.40,-0.01,0.0225
191955,0.22,6.05,7.50,0.0164,0.0119,-0.0071,91973.50,809.40,-0.00,0.0214
192018,0.21,6.08,7.43,0.0200,0.0119,-0.0041,91973.50,809.40,-0.00,0.0236
192095,0.27,6.05,7.44,0.0164,0.0124,-0.0067,91973.50,809.40,-0.00,0.0216
192158,0.23,6.10,7.43,0.0183,0.0128,-0.0025,91973.50,809.40,-0.00,0.0224
192220,0.25,6.03,7.47,0.0195,0.0105,-0.0068,91973.50,809.40,-0.00,0.0231
192283,0.27,6.11,7.46,0.0155,0.0109,-0.0077,91973.50,809.40,-0.00,0.0204
192345,0.27,6.04,7.45,0.0176,0.0097,-0.0056,91973.50,809.40,-0.00,0.0209
192408,0.24,6.03,7.43,0.0173,0.0132,-0.0060,91973.50,809.40,-0.00,0.0226
192470,0.25,6.08,7.41,0.0171,0.0105,-0.0053,91973.49,809.40,0.00,0.0207
192537,0.23,6.05,7.54,0.0196,0.0115,-0.0060,91973.49,809.40,0.00,0.0235
192598,0.23,6.07,7.47,0.0187,0.0103,-0.0059,91973.49,809.40,0.00,0.0221
192662,0.26,6.06,7.43,0.0148,0.0093,-0.0051,91973.49,809.40,0.00,0.0182
192723,0.23,6.04,7.49,0.0185,0.0120,-0.0063,91973.49,809.40,0.00,0.0229
192787,0.25,6.09,7.46,0.0163,0.0103,-0.0055,91973.49,809.40,0.00,0.0200
192848,0.25,6.06,7.44,0.0159,0.0097,-0.0081,91973.49,809.40,0.00,0.0203
192912,0.22,6.07,7.45,0.0201,0.0103,-0.0076,91973.49,809.40,0.00,0.0238
192977,0.25,6.08,7.44,0.0139,0.0128,-0.0080,91973.80,809.37,-0.13,0.0205
193039,0.23,6.05,7.45,0.0176,0.0119,-0.0064,91973.80,809.37,-0.09,0.0222
193102,0.26,6.07,7.47,0.0171,0.0113,-0.0056,91973.80,809.37,-0.06,0.0212
193164,0.27,6.07,7.44,0.0164,0.0133,-0.0052,91973.80,809.37,-0.04,0.0217
193227,0.23,6.05,7.46,0.0176,0.0144,-0.0057,91973.80,809.37,-0.03,0.0234
193289,0.26,6.04,7.45,0.0159,0.0123,-0.0052,91973.80,809.37,-0.02,0.0207
193356,0.27,6.04,7.43,0.0183,0.0149,-0.0043,91973.80,809.37,-0.01,0.0240
193417,0.25,6.00,7.45,0.0193,0.0120,-0.0043,91973.80,809.37,-0.01,0.0231
193481,0.26,6.07,7.43,0.0188,0.0124,-0.0065,91973.46,809.40,0.13,0.0234
193542,0.25,6.09,7.43,0.0172,0.0117,-0.0061,91973.46,809.40,0.09,0.0217
193606,0.22,6.02,7.47,0.0155,0.0136,-0.0075,91973.46,809.40,0.07,0.0219
193667,0.26,6.06,7.45,0.0168,0.0107,-0.0059,91973.46,809.40,0.05,0.0207
193731,0.24,6.05,7.44,0.0172,0.0129,-0.0044,91973.46,809.40,0.03,0.0219
193801,0.26,6.04,7.47,0.0181,0.0111,-0.0044,91973.46,809.40,0.02,0.0217
193863,0.23,6.10,7.45,0.0173,0.0093,-0.0055,91973.46,809.40,0.02,0.0204
193926,0.25,6.05,7.47,0.0193,0.0137,-0.0060,91973.46,809.40,0.01,0.0244
193988,0.25,6.05,7.43,0.0177,0.0128,-0.0099,91973.28,809.42,0.09,0.0240
194051,0.26,6.08,7.44,0.0183,0.0128,-0.0061,91973.28,809.42,0.06,0.0231
194113,0.23,6.05,7.47,0.0171,0.0143,-0.0053,91973.28,809.42,0.04,0.0229
194176,0.23,6.07,7.48,0.0197,0.0113,-0.0049,91973.28,809.42,0.03,0.0233
194241,0.26,6.06,7.43,0.0161,0.0111,-0.0053,91973.28,809.42,0.02,0.0203
194305,0.25,6.07,7.45,0.0164,0.0133,-0.0063,91973.28,809.42,0.01,0.0220
194366,0.27,6.07,7.45,0.0177,0.0147,-0.0073,91973.28,809.42,0.01,0.0241
194430,0.22,6.06,7.48,0.0189,0.0116,-0.0072,91973.28,809.42,0.01,0.0233
194491,0.22,6.00,7.46,0.0181,0.0119,-0.0071,91973.28,809.42,0.01,0.0228
194555,0.27,6.08,7.45,0.0176,0.0131,-0.0069,91973.28,809.42,0.00,0.0230
194616,0.24,6.05,7.44,0.0184,0.0119,-0.0044,91973.28,809.42,0.00,0.0223
194680,0.22,6.03,7.46,0.0188,0.0083,-0.0089,91973.28,809.42,0.00,0.0224
194739,0.20,6.06,7.42,0.0163,0.0137,-0.0057,91973.28,809.42,0.00,0.0220
194803,0.22,6.03,7.41,0.0179,0.0120,-0.0055,91973.28,809.42,0.00,0.0222
194864,0.25,6.01,7.44,0.0168,0.0140,-0.0053,91973.28,809.42,0.00,0.0225
194928,0.28,6.11,7.44,0.0197,0.0121,-0.0048,91973.28,809.42,0.00,0.0236
194989,0.24,6.05,7.46,0.0172,0.0157,-0.0059,91973.28,809.42,0.00,0.0240
195053,0.21,6.03,7.47,0.0177,0.0108,-0.0063,91973.28,809.42,0.00,0.0217
195114,0.28,6.10,7.46,0.0187,0.0135,-0.0052,91973.28,809.42,0.00,0.0236
195181,0.22,6.04,7.46,0.0211,0.0131,-0.0036,91973.28,809.42,0.00,0.0250
195244,0.24,6.06,7.47,0.0180,0.0127,-0.0075,91973.28,809.42,0.00,0.0232
195306,0.24,6.13,7.43,0.0187,0.0152,-0.0072,91973.28,809.42,0.00,0.0251
195369,0.26,6.02,7.45,0.0168,0.0128,-0.0072,91973.28,809.42,0.00,0.0223
195431,0.25,6.05,7.43,0.0151,0.0104,-0.0077,91973.28,809.42,0.00,0.0199
195494,0.25,6.09,7.44,0.0167,0.0117,-0.0079,91973.28,809.42,0.00,0.0218
195556,0.22,5.98,7.44,0.0171,0.0127,-0.0053,91973.45,809.40,-0.07,0.0219
195633,0.26,6.11,7.44,0.0209,0.0140,-0.0069,91973.45,809.40,-0.05,0.0261
195695,0.26,6.05,7.45,0.0189,0.0127,-0.0063,91973.45,809.40,-0.04,0.0236
195758,0.22,6.10,7.45,0.0189,0.0083,-0.0065,91973.45,809.40,-0.03,0.0217
195825,0.26,6.08,7.43,0.0175,0.0107,-0.0088,91973.45,809.40,-0.02,0.0223
195888,0.21,6.03,7.45,0.0191,0.0087,-0.0041,91973.45,809.40,-0.01,0.0213
195950,0.26,6.07,7.47,0.0165,0.0091,-0.0087,91973.45,809.40,-0.01,0.0207
196017,0.23,6.07,7.44,0.0175,0.0127,-0.0057,91973.39,809.41,0.02,0.0223
196078,0.24,6.04,7.45,0.0168,0.0147,-0.0045,91973.39,809.41,0.01,0.0227
196142,0.27,6.09,7.44,0.0161,0.0121,-0.0056,91973.39,809.41,0.01,0.0209
196203,0.28,6.06,7.46,0.0165,0.0123,-0.0063,91973.39,809.41,0.01,0.0215
196267,0.18,6.01,7.45,0.0165,0.0117,-0.0055,91973.39,809.41,0.00,0.0210
196328,0.27,6.10,7.45,0.0168,0.0109,-0.0055,91973.39,809.41,0.00,0.0208
196392,0.24,6.10,7.43,0.0165,0.0148,-0.0083,91973.39,809.41,0.00,0.0237
196457,0.25,6.00,7.47,0.0181,0.0113,-0.0053,91973.39,809.41,0.00,0.0220
196519,0.28,6.08,7.44,0.0177,0.0115,-0.0064,91973.22,809.43,0.08,0.0220
196582,0.24,6.05,7.44,0.0160,0.0153,-0.0037,91973.22,809.43,0.05,0.0225
196644,0.25,6.05,7.46,0.0180,0.0099,-0.0049,91973.22,809.43,0.04,0.0211
196707,0.26,6.07,7.44,0.0175,0.0139,-0.0051,91973.22,809.43,0.03,0.0229
196769,0.25,6.03,7.45,0.0159,0.0117,-0.0087,91973.22,809.43,0.02,0.0215
196832,0.24,6.04,7.45,0.0156,0.0143,-0.0084,91973.22,809.43,0.01,0.0227
196897,0.25,6.08,7.43,0.0168,0.0127,-0.0049,91973.22,809.43,0.01,0.0216
196961,0.24,6.01,7.48,0.0172,0.0153,-0.0057,91973.22,809.43,0.01,0.0237
197022,0.27,6.07,7.45,0.0177,0.0113,-0.0076,91973.55,809.40,-0.14,0.0224
197086,0.23,6.10,7.48,0.0173,0.0149,-0.0060,91973.55,809.40,-0.10,0.0236
197147,0.23,6.03,7.47,0.0171,0.0095,-0.0073,91973.55,809.40,-0.07,0.0208
197211,0.25,6.09,7.43,0.0167,0.0112,-0.0077,91973.55,809.40,-0.05,0.0215
197272,0.26,6.10,7.41,0.0179,0.0116,-0.0051,91973.55,809.40,-0.03,0.0219
197339,0.20,6.06,7.47,0.0176,0.0135,-0.0048,91973.55,809.40,-0.02,0.0227
197402,0.27,6.05,7.44,0.0189,0.0105,-0.0048,91973.55,809.40,-0.02,0.0222
197464,0.27,6.13,7.43,0.0143,0.0135,-0.0059,91973.55,809.40,-0.01,0.0205
197526,0.20,6.05,7.45,0.0168,0.0108,-0.0063,91973.55,809.40,-0.01,0.0209
197588,0.24,5.96,7.37,0.0177,0.0067,-0.0064,91973.55,809.40,-0.01,0.0200
197650,0.17,6.08,7.40,0.0168,0.0115,-0.0053,91973.55,809.40,-0.00,0.0210
197712,0.23,6.02,7.45,0.0187,0.0113,-0.0052,91973.55,809.40,-0.00,0.0224
197779,0.25,6.12,7.49,0.0180,0.0099,-0.0059,91973.55,809.40,-0.00,0.0213
197845,0.23,6.02,7.48,0.0179,0.0109,-0.0069,91973.55,809.40,-0.00,0.0220
197909,0.22,6.05,7.46,0.0204,0.0109,-0.0064,91973.55,809.40,-0.00,0.0240
197970,0.28,6.08,7.42,0.0163,0.0105,-0.0068,91973.55,809.40,-0.00,0.0205
198034,0.24,6.04,7.44,0.0176,0.0112,-0.0055,91973.38,809.41,0.07,0.0215
198095,0.21,6.13,7.55,0.0172,0.0123,-0.0068,91973.38,809.41,0.05,0.0222
198159,0.25,6.07,7.44,0.0181,0.0107,-0.0057,91973.38,809.41,0.03,0.0218
198224,0.25,6.04,7.46,0.0172,0.0119,-0.0064,91973.38,809.41,0.02,0.0218
198286,0.19,6.07,7.47,0.0176,0.0085,-0.0061,91973.38,809.41,0.02,0.0205
198349,0.27,6.08,7.47,0.0192,0.0147,-0.0061,91973.38,809.41,0.01,0.0249
198411,0.24,5.99,7.44,0.0193,0.0123,-0.0085,91973.38,809.41,0.01,0.0244
198474,0.28,6.12,7.52,0.0167,0.0152,-0.0023,91973.38,809.41,0.01,0.0227
198536,0.21,6.04,7.43,0.0188,0.0149,-0.0059,91972.86,809.43,0.08,0.0247
198599,0.25,6.05,7.48,0.0151,0.0099,-0.0059,91973.20,809.43,0.06,0.0189
198664,0.24,6.08,7.44,0.0181,0.0104,-0.0060,91973.20,809.43,0.04,0.0217
198728,0.23,6.03,7.48,0.0161,0.0139,-0.0056,91973.20,809.43,0.03,0.0220
198789,0.23,6.02,7.50,0.0151,0.0089,-0.0068,91973.20,809.43,0.02,0.0188
198853,0.27,6.10,7.49,0.0151,0.0109,-0.0048,91973.20,809.43,0.01,0.0192
198914,0.22,6.03,7.42,0.0192,0.0137,-0.0064,91973.20,809.43,0.01,0.0244
198978,0.26,6.04,7.45,0.0167,0.0136,-0.0072,91973.20,809.43,0.01,0.0227
199039,0.26,6.13,7.41,0.0148,0.0120,-0.0049,91973.20,809.43,0.00,0.0197
199119,0.27,6.09,7.42,0.0184,0.0119,-0.0048,91973.34,809.41,-0.05,0.0224
199181,0.24,6.08,7.44,0.0164,0.0120,-0.0067,91973.34,809.41,-0.03,0.0214
199246,0.23,6.03,7.46,0.0181,0.0141,-0.0080,91973.34,809.41,-0.02,0.0243
199308,0.32,5.95,7.20,0.0248,0.0361,-0.0021,91973.34,809.41,-0.02,0.0438
199373,0.26,5.98,7.38,0.0200,0.0151,-0.0069,91973.34,809.41,-0.01,0.0260
199435,0.23,6.08,7.47,0.0165,0.0147,-0.0045,91973.34,809.41,-0.01,0.0225
199500,0.28,6.10,7.44,0.0167,0.0100,-0.0071,91973.34,809.41,-0.01,0.0207
199566,0.20,6.02,7.42,0.0168,0.0121,-0.0063,91973.34,809.42,0.00,0.0216
199628,0.26,6.11,7.50,0.0176,0.0125,-0.0056,91973.34,809.42,0.00,0.0223
199690,0.19,6.00,7.44,0.0176,0.0045,-0.0041,91973.34,809.42,0.00,0.0186
199752,0.23,6.01,7.39,0.0187,0.0108,-0.0064,91973.34,809.42,0.00,0.0225
199814,0.23,6.13,7.50,0.0179,0.0125,-0.0101,91973.34,809.42,0.00,0.0240
199881,0.26,6.04,7.44,0.0163,0.0132,-0.0071,91973.34,809.42,0.00,0.0221
199943,0.22,6.02,7.47,0.0184,0.0135,-0.0029,91973.34,809.42,0.00,0.0230
200008,0.27,6.04,7.45,0.0183,0.0111,-0.0081,91973.34,809.42,0.00,0.0228
200072,0.27,6.04,7.42,0.0176,0.0137,-0.0075,91973.50,809.40,-0.07,0.0235
200133,0.21,6.05,7.45,0.0191,0.0127,-0.0084,91973.50,809.40,-0.05,0.0244
200197,0.25,6.09,7.43,0.0172,0.0131,-0.0057,91973.50,809.40,-0.03,0.0223
200258,0.25,6.04,7.44,0.0183,0.0129,-0.0089,91973.50,809.40,-0.02,0.0241
200322,0.22,6.05,7.48,0.0189,0.0141,-0.0048,91973.50,809.40,-0.02,0.0241
200383,0.27,6.05,7.44,0.0196,0.0123,-0.0052,91973.50,809.40,-0.01,0.0237
200450,0.22,6.02,7.45,0.0179,0.0125,-0.0059,91973.50,809.40,-0.01,0.0226
200512,0.26,6.08,7.43,0.0187,0.0085,-0.0072,91973.50,809.40,-0.01,0.0217
200574,0.26,6.10,7.45,0.0157,0.0119,-0.0059,91973.33,809.42,0.07,0.0205
200636,0.22,6.04,7.47,0.0179,0.0131,-0.0060,91973.33,809.42,0.05,0.0229
200698,0.25,6.07,7.49,0.0165,0.0131,-0.0059,91973.33,809.42,0.04,0.0219
200760,0.26,6.11,7.43,0.0175,0.0145,-0.0056,91973.33,809.42,0.02,0.0234
200822,0.27,6.04,7.45,0.0196,0.0107,-0.0041,91973.33,809.42,0.02,0.0227
200889,0.24,6.07,7.47,0.0187,0.0125,-0.0071,91973.33,809.42,0.01,0.0236
200949,0.25,6.13,7.42,0.0160,0.0085,-0.0061,91973.33,809.42,0.01,0.0191
201013,0.26,6.05,7.46,0.0168,0.0135,-0.0056,91973.33,809.42,0.01,0.0222
201073,0.26,6.06,7.47,0.0156,0.0115,-0.0064,91973.15,809.43,0.08,0.0204
201137,0.29,6.09,7.44,0.0157,0.0081,-0.0047,91973.15,809.43,0.06,0.0183
201197,0.20,6.03,7.45,0.0155,0.0107,-0.0061,91973.15,809.43,0.04,0.0197
201261,0.25,6.03,7.43,0.0172,0.0096,-0.0053,91973.15,809.43,0.03,0.0204
201326,0.22,6.08,7.44,0.0192,0.0155,-0.0051,91973.15,809.43,0.02,0.0252
201388,0.22,6.04,7.49,0.0161,0.0092,-0.0056,91973.15,809.43,0.01,0.0194
201450,0.26,6.10,7.45,0.0171,0.0103,-0.0065,91973.15,809.43,0.01,0.0209
201512,0.26,6.08,7.41,0.0185,0.0115,-0.0068,91973.15,809.43,0.01,0.0228
201574,0.23,6.04,7.45,0.0191,0.0117,-0.0055,91973.15,809.43,0.02,0.0230
201636,0.28,6.04,7.46,0.0197,0.0143,-0.0060,91973.13,809.43,0.01,0.0251
201698,0.21,6.10,7.42,0.0168,0.0111,-0.0048,91973.13,809.43,0.01,0.0207
201763,0.22,6.04,7.42,0.0167,0.0124,-0.0081,91973.13,809.43,0.01,0.0223
201827,0.26,6.07,7.43,0.0177,0.0099,-0.0073,91973.13,809.43,0.00,0.0216
201892,0.24,6.05,7.45,0.0183,0.0151,-0.0081,91973.13,809.43,0.00,0.0250
201956,0.23,6.06,7.47,0.0168,0.0116,-0.0055,91973.13,809.43,0.00,0.0211
202016,0.26,6.07,7.42,0.0185,0.0131,-0.0061,91973.13,809.43,0.00,0.0235
202080,0.25,6.03,7.44,0.0191,0.0115,-0.0069,91973.13,809.48,0.22,0.0233
202140,0.24,6.05,7.43,0.0172,0.0139,-0.0072,91972.92,809.45,0.01,0.0232
202207,0.27,6.04,7.44,0.0185,0.0105,-0.0037,91972.92,809.45,0.01,0.0216
202269,0.23,6.02,7.43,0.0197,0.0125,-0.0056,91972.92,809.45,0.00,0.0240
202331,0.26,6.08,7.45,0.0193,0.0123,-0.0056,91972.92,809.45,0.00,0.0236
202393,0.27,6.07,7.45,0.0159,0.0119,-0.0052,91972.92,809.45,0.00,0.0205
202455,0.21,6.05,7.44,0.0184,0.0133,-0.0049,91972.92,809.45,0.00,0.0232
202517,0.27,6.10,7.44,0.0184,0.0119,-0.0040,91972.92,809.45,0.00,0.0222
202579,0.28,6.09,7.42,0.0173,0.0109,-0.0057,91972.92,809.45,0.00,0.0213
202655,0.24,6.01,7.40,0.0183,0.0097,-0.0085,91973.09,809.44,-0.06,0.0224
202717,0.22,6.16,7.46,0.0173,0.0143,-0.0056,91973.09,809.44,-0.04,0.0231
202779,0.23,5.98,7.43,0.0157,0.0099,-0.0044,91973.09,809.44,-0.03,0.0191
202841,0.23,6.04,7.47,0.0165,0.0075,-0.0069,91973.09,809.44,-0.02,0.0194
202901,0.29,6.08,7.42,0.0172,0.0112,-0.0069,91973.09,809.44,-0.01,0.0216
202973,0.25,6.00,7.43,0.0175,0.0137,-0.0063,91973.09,809.44,-0.01,0.0231
203049,0.24,6.05,7.41,0.0183,0.0167,-0.0068,91973.09,809.44,-0.01,0.0256
203136,0.23,6.13,7.52,0.0220,0.0147,-0.0076,91972.91,809.45,0.05,0.0275
203215,0.25,6.06,7.45,0.0180,0.0127,-0.0071,91972.91,809.45,0.04,0.0231
203291,0.21,6.00,7.41,0.0189,0.0113,-0.0037,91972.91,809.45,0.03,0.0224
203370,0.28,6.08,7.44,0.0209,0.0124,-0.0083,91972.91,809.45,0.02,0.0257
203463,0.28,6.04,7.42,0.0180,0.0104,-0.0088,91972.91,809.45,0.01,0.0226
203527,0.25,6.05,7.44,0.0180,0.0107,-0.0060,91972.91,809.45,0.01,0.0217
203588,0.28,6.00,7.45,0.0189,0.0113,-0.0063,91972.91,809.45,0.01,0.0229
203655,0.23,6.10,7.44,0.0171,0.0119,-0.0049,91972.91,809.45,0.01,0.0213
203717,0.21,6.05,7.45,0.0188,0.0093,-0.0060,91972.91,809.45,0.00,0.0218
203779,0.25,6.08,7.41,0.0179,0.0133,-0.0051,91972.91,809.45,0.00,0.0228
203841,0.24,6.04,7.43,0.0163,0.0115,-0.0056,91972.91,809.45,0.00,0.0207
203908,0.15,5.98,7.45,0.0193,0.0011,-0.0103,91972.91,809.45,0.00,0.0219
203970,0.22,6.06,7.44,0.0165,0.0097,-0.0040,91972.91,809.45,0.00,0.0196
204032,0.22,6.02,7.44,0.0161,0.0083,-0.0064,91972.91,809.45,0.00,0.0192
204098,0.23,6.05,7.42,0.0172,0.0147,-0.0071,91972.91,809.45,0.00,0.0237
204159,0.28,6.11,7.42,0.0176,0.0127,-0.0064,91972.91,809.45,0.00,0.0226
204223,0.21,6.07,7.45,0.0160,0.0123,-0.0055,91972.91,809.45,0.00,0.0209
204284,0.25,6.06,7.46,0.0196,0.0107,-0.0060,91972.91,809.45,0.00,0.0231
204348,0.28,6.05,7.43,0.0207,0.0135,-0.0087,91972.91,809.45,0.00,0.0261
204409,0.25,6.10,7.44,0.0180,0.0137,-0.0071,91972.91,809.45,0.00,0.0237
204473,0.27,6.02,7.46,0.0187,0.0104,-0.0048,91972.91,809.45,0.00,0.0219
204538,0.27,6.11,7.43,0.0172,0.0148,-0.0077,91972.91,809.45,0.00,0.0240
204600,0.24,5.99,7.42,0.0179,0.0127,-0.0075,91972.91,809.45,0.00,0.0231
204662,0.19,6.15,7.47,0.0145,0.0061,-0.0089,91972.88,809.46,0.01,0.0181
204724,0.24,6.01,7.44,0.0189,0.0148,-0.0063,91972.88,809.46,0.01,0.0248
204786,0.23,6.06,7.40,0.0185,0.0139,-0.0049,91972.88,809.46,0.01,0.0236
204848,0.29,6.04,7.40,0.0197,0.0105,-0.0084,91972.88,809.46,0.00,0.0239
204910,0.28,6.05,7.39,0.0180,0.0112,-0.0063,91972.88,809.46,0.00,0.0221
204975,0.20,6.05,7.45,0.0193,0.0099,-0.0057,91972.88,809.46,0.00,0.0224
205039,0.24,6.06,7.41,0.0171,0.0135,-0.0056,91972.88,809.46,0.00,0.0224
205100,0.28,6.08,7.44,0.0181,0.0127,-0.0047,91972.88,809.46,0.00,0.0226
205164,0.21,6.03,7.47,0.0185,0.0135,-0.0057,91972.70,809.47,0.07,0.0236
205225,0.27,6.08,7.44,0.0188,0.0127,-0.0053,91972.70,809.47,0.05,0.0233
205289,0.26,6.05,7.46,0.0192,0.0145,-0.0060,91972.70,809.47,0.04,0.0248
205349,0.24,6.03,7.43,0.0161,0.0140,-0.0063,91972.70,809.47,0.03,0.0222
205416,0.28,6.10,7.45,0.0167,0.0124,-0.0061,91972.70,809.47,0.02,0.0216
205478,0.26,6.06,7.43,0.0188,0.0133,-0.0055,91972.70,809.47,0.01,0.0237
205540,0.23,6.00,7.48,0.0167,0.0120,-0.0057,91972.70,809.47,0.01,0.0213
205602,0.26,6.05,7.41,0.0131,0.0124,-0.0053,91972.70,809.47,0.01,0.0188
205664,0.23,6.06,7.40,0.0193,0.0111,-0.0064,91972.70,809.47,0.00,0.0232
205726,0.23,6.03,7.42,0.0159,0.0081,-0.0077,91972.70,809.47,0.00,0.0194
205788,0.23,6.08,7.43,0.0172,0.0097,-0.0059,91972.70,809.47,0.00,0.0206
205854,0.22,6.03,7.48,0.0221,0.0109,-0.0059,91972.70,809.47,0.00,0.0254
205920,0.26,6.11,7.48,0.0196,0.0068,-0.0069,91972.70,809.47,0.00,0.0219
205984,0.30,6.06,7.40,0.0168,0.0125,-0.0071,91972.70,809.47,0.00,0.0221
206045,0.21,6.00,7.50,0.0177,0.0069,-0.0077,91972.70,809.47,0.00,0.0205
206109,0.25,6.05,7.44,0.0172,0.0097,-0.0088,91972.70,809.47,0.00,0.0216
206170,0.26,6.09,7.43,0.0164,0.0117,-0.0057,91972.52,809.49,0.08,0.0209
206234,0.23,6.06,7.51,0.0184,0.0177,-0.0068,91972.52,809.49,0.06,0.0264
206309,0.19,6.13,7.56,0.0180,0.0120,-0.0047,91972.52,809.49,0.04,0.0221
206373,0.26,6.05,7.45,0.0177,0.0148,-0.0043,91972.52,809.49,0.03,0.0235
206434,0.24,6.12,7.47,0.0145,0.0117,-0.0080,91972.52,809.49,0.02,0.0203
206498,0.28,5.98,7.27,0.0153,0.0203,-0.0028,91972.52,809.49,0.01,0.0255
206559,0.26,5.96,7.39,0.0160,0.0125,-0.0061,91972.52,809.49,0.01,0.0212
206623,0.20,6.16,7.41,0.0141,0.0055,-0.0092,91972.52,809.49,0.01,0.0177
206684,0.27,6.01,7.42,0.0204,0.0096,-0.0041,91972.70,809.47,-0.07,0.0229
206751,0.24,6.09,7.44,0.0197,0.0137,-0.0043,91972.70,809.47,-0.05,0.0244
206813,0.22,6.05,7.35,0.0165,0.0091,-0.0068,91972.70,809.47,-0.03,0.0200
206875,0.18,5.99,7.45,0.0173,0.0135,-0.0068,91972.70,809.47,-0.02,0.0230
206937,0.24,6.07,7.41,0.0149,0.0096,-0.0033,91972.70,809.47,-0.02,0.0180
206999,0.26,6.15,7.57,0.0123,-0.0017,-0.0091,91972.70,809.47,-0.01,0.0153
207061,0.29,5.98,7.46,0.0196,0.0137,-0.0085,91972.70,809.47,-0.01,0.0254
207123,0.27,6.15,7.48,0.0172,0.0108,-0.0092,91972.70,809.47,-0.01,0.0223
207189,0.23,5.99,7.35,0.0226,0.0135,-0.0113,91972.69,809.47,-0.00,0.0287
207250,0.22,6.07,7.49,0.0242,0.0163,-0.0045,91972.69,809.47,-0.00,0.0295
207314,0.23,6.14,7.47,0.0197,0.0141,-0.0083,91972.69,809.47,-0.00,0.0256
207375,0.28,5.96,7.45,0.0185,0.0125,-0.0037,91972.69,809.47,-0.00,0.0227
207439,0.25,6.13,7.47,0.0196,0.0101,-0.0053,91972.69,809.47,-0.00,0.0227
207500,0.27,5.96,7.40,0.0180,0.0111,-0.0045,91972.69,809.47,-0.00,0.0216
207564,0.24,6.13,7.41,0.0173,0.0124,-0.0055,91972.69,809.47,-0.00,0.0220
207629,0.26,6.01,7.45,0.0197,0.0080,-0.0079,91972.69,809.47,-0.00,0.0227
207691,0.26,6.10,7.44,0.0172,0.0112,-0.0068,91972.52,809.49,0.07,0.0216
207753,0.20,6.01,7.40,0.0187,0.0132,-0.0092,91972.52,809.49,0.05,0.0246
207815,0.25,6.07,7.42,0.0175,0.0135,-0.0079,91972.52,809.49,0.04,0.0234
207877,0.26,6.13,7.47,0.0192,0.0109,-0.0064,91972.52,809.49,0.03,0.0230
207944,0.20,6.00,7.43,0.0196,0.0131,-0.0057,91972.52,809.49,0.02,0.0242
208006,0.24,6.09,7.43,0.0153,0.0113,-0.0068,91972.52,809.49,0.01,0.0202
208071,0.24,6.09,7.44,0.0136,0.0113,-0.0076,91972.52,809.49,0.01,0.0193
208135,0.26,5.97,7.42,0.0164,0.0091,-0.0056,91972.52,809.49,0.01,0.0195
208196,0.26,6.05,7.39,0.0137,0.0100,-0.0043,91972.63,809.48,-0.04,0.0175
208260,0.23,6.07,7.38,0.0205,0.0145,-0.0069,91972.63,809.48,-0.03,0.0261
208321,0.26,6.04,7.47,0.0165,0.0095,-0.0059,91972.63,809.48,-0.02,0.0199
208385,0.27,6.11,7.40,0.0230,0.0160,-0.0081,91972.63,809.48,-0.02,0.0292
208446,0.23,6.09,7.45,0.0175,0.0149,-0.0091,91972.63,809.48,-0.01,0.0247
208512,0.21,6.05,7.48,0.0205,0.0103,-0.0087,91972.63,809.48,-0.01,0.0245
208574,0.26,6.03,7.46,0.0168,0.0111,-0.0081,91972.63,809.48,-0.01,0.0217
208636,0.24,6.03,7.45,0.0192,0.0093,-0.0057,91972.63,809.48,-0.00,0.0221
208698,0.26,6.05,7.43,0.0196,0.0091,-0.0075,91972.45,809.49,0.07,0.0228
208760,0.25,6.05,7.43,0.0199,0.0108,-0.0059,91972.45,809.49,0.05,0.0233
208822,0.23,6.09,7.42,0.0197,0.0129,-0.0059,91972.45,809.49,0.03,0.0243
208884,0.23,6.04,7.43,0.0155,0.0135,-0.0052,91972.45,809.49,0.02,0.0211
208950,0.27,6.14,7.42,0.0180,0.0127,-0.0071,91972.45,809.49,0.02,0.0231
209011,0.24,6.00,7.44,0.0196,0.0149,-0.0067,91972.45,809.49,0.01,0.0255
209075,0.26,6.07,7.42,0.0181,0.0148,-0.0055,91972.45,809.49,0.01,0.0240
209136,0.25,6.12,7.42,0.0165,0.0117,-0.0069,91972.45,809.49,0.01,0.0214
209200,0.23,5.98,7.44,0.0184,0.0111,-0.0047,91972.45,809.49,0.00,0.0220
209261,0.27,6.09,7.40,0.0205,0.0156,-0.0052,91972.45,809.49,0.00,0.0263
209325,0.28,6.11,7.39,0.0173,0.0083,-0.0065,91972.45,809.49,0.00,0.0203
209390,0.22,6.04,7.45,0.0185,0.0111,-0.0067,91972.45,809.49,0.00,0.0226
209452,0.29,6.10,7.48,0.0175,0.0135,-0.0051,91972.45,809.49,0.00,0.0226
209514,0.24,6.08,7.47,0.0145,0.0121,-0.0040,91972.45,809.49,0.00,0.0193
209576,0.24,6.05,7.44,0.0195,0.0087,-0.0064,91972.45,809.49,0.00,0.0222
209638,0.23,6.07,7.42,0.0179,0.0141,-0.0076,91972.45,809.49,0.00,0.0240
209700,0.27,6.04,7.43,0.0183,0.0133,-0.0048,91972.27,809.51,0.08,0.0231
209762,0.23,6.05,7.45,0.0192,0.0127,-0.0048,91972.27,809.51,0.06,0.0235
209838,0.26,6.04,7.44,0.0192,0.0103,-0.0077,91972.27,809.51,0.04,0.0231
209900,0.21,6.03,7.42,0.0203,0.0097,-0.0067,91972.27,809.51,0.03,0.0234
209967,0.24,6.06,7.42,0.0165,0.0127,-0.0071,91972.27,809.51,0.02,0.0220
210029,0.23,6.03,7.45,0.0168,0.0145,-0.0069,91972.27,809.51,0.01,0.0233
210091,0.25,6.03,7.45,0.0180,0.0112,-0.0041,91972.27,809.51,0.01,0.0216
210153,0.25,6.11,7.46,0.0185,0.0132,-0.0076,91972.27,809.51,0.01,0.0240
210215,0.23,6.05,7.42,0.0197,0.0136,-0.0033,91972.27,809.51,0.01,0.0242
210281,0.22,6.12,7.52,0.0177,0.0077,-0.0072,91972.27,809.51,0.01,0.0206
210341,0.23,6.08,7.46,0.0191,0.0113,-0.0056,91972.27,809.51,0.00,0.0229
210405,0.22,6.03,7.48,0.0143,0.0085,-0.0067,91972.27,809.51,0.00,0.0179
210466,0.20,6.03,7.45,0.0149,0.0099,-0.0056,91972.27,809.51,0.00,0.0187
210530,0.26,6.09,7.48,0.0176,0.0113,-0.0055,91972.27,809.51,0.00,0.0216
210591,0.22,6.03,7.46,0.0200,0.0127,-0.0063,91972.27,809.51,0.00,0.0245
210655,0.25,6.06,7.41,0.0164,0.0156,-0.0073,91972.27,809.51,0.00,0.0238
210720,0.25,6.05,7.46,0.0183,0.0152,-0.0089,91971.94,809.54,0.14,0.0254
210782,0.15,5.97,7.53,0.0193,0.0047,-0.0053,91971.94,809.54,0.10,0.0206
210844,0.28,6.05,7.46,0.0179,0.0131,-0.0075,91971.94,809.54,0.07,0.0233
210906,0.27,6.06,7.41,0.0167,0.0116,-0.0049,91971.94,809.54,0.05,0.0209
210968,0.24,6.06,7.43,0.0165,0.0108,-0.0069,91971.94,809.54,0.03,0.0209
211030,0.29,6.05,7.44,0.0177,0.0095,-0.0081,91971.94,809.54,0.02,0.0217
211092,0.27,6.06,7.40,0.0189,0.0123,-0.0053,91971.94,809.54,0.02,0.0232
211157,0.21,5.96,7.41,0.0175,0.0099,-0.0096,91971.94,809.54,0.01,0.0222
211221,0.28,6.12,7.42,0.0167,0.0137,-0.0059,91971.90,809.54,0.02,0.0224
211281,0.26,6.00,7.50,0.0184,0.0164,-0.0060,91971.90,809.54,0.02,0.0253
211345,0.19,6.07,7.45,0.0221,0.0104,-0.0067,91971.90,809.54,0.01,0.0253
211406,0.28,6.09,7.46,0.0185,0.0104,-0.0048,91971.90,809.54,0.01,0.0218
211470,0.27,6.04,7.45,0.0143,0.0125,-0.0048,91971.90,809.54,0.01,0.0196
211530,0.26,5.94,7.41,0.0181,0.0108,-0.0052,91971.90,809.54,0.00,0.0217
211597,0.25,6.08,7.35,0.0140,0.0067,-0.0091,91971.90,809.54,0.00,0.0179
211659,0.24,5.98,7.33,0.0215,0.0113,-0.0057,91971.90,809.54,0.00,0.0249
211721,0.22,6.08,7.46,0.0205,0.0109,-0.0048,91971.89,809.54,0.00,0.0237
211783,0.26,6.09,7.44,0.0176,0.0159,-0.0048,91971.89,809.54,0.00,0.0242
211845,0.27,6.01,7.48,0.0196,0.0125,-0.0069,91971.89,809.54,0.00,0.0243
211907,0.23,6.06,7.46,0.0159,0.0133,-0.0033,91971.89,809.54,0.00,0.0210
211974,0.23,6.15,7.53,0.0165,0.0140,-0.0064,91971.89,809.54,0.00,0.0226
212041,0.22,5.96,7.46,0.0168,0.0103,-0.0068,91971.89,809.54,0.00,0.0208
212102,0.26,6.10,7.46,0.0184,0.0107,-0.0061,91971.89,809.54,0.00,0.0221
212166,0.20,6.02,7.43,0.0155,0.0129,-0.0032,91971.89,809.54,0.00,0.0204
212226,0.23,6.01,7.46,0.0180,0.0116,-0.0067,91972.23,809.51,-0.15,0.0224
212290,0.28,6.03,7.45,0.0160,0.0044,-0.0075,91972.23,809.51,-0.11,0.0182
212350,0.24,6.05,7.45,0.0163,0.0088,-0.0060,91972.23,809.51,-0.08,0.0194
212414,0.23,6.07,7.48,0.0179,0.0068,-0.0067,91972.23,809.51,-0.05,0.0202
212479,0.26,6.09,7.42,0.0187,0.0109,-0.0063,91972.23,809.51,-0.04,0.0225
212541,0.24,6.03,7.46,0.0191,0.0144,-0.0083,91972.23,809.51,-0.03,0.0253
212603,0.25,6.05,7.43,0.0203,0.0104,-0.0069,91972.23,809.51,-0.02,0.0238
212665,0.25,6.09,7.45,0.0193,0.0123,-0.0065,91972.23,809.51,-0.01,0.0238
212727,0.24,6.01,7.42,0.0177,0.0081,-0.0075,91972.23,809.51,-0.01,0.0209
212789,0.23,6.03,7.37,0.0113,0.0100,-0.0091,91972.23,809.51,-0.01,0.0176
212851,0.24,6.07,7.39,0.0168,0.0120,-0.0073,91972.23,809.51,-0.00,0.0219
212916,0.26,6.01,7.39,0.0191,0.0157,-0.0051,91972.23,809.51,-0.00,0.0252
212980,0.28,6.07,7.45,0.0177,0.0136,-0.0081,91972.23,809.51,-0.00,0.0238
213040,0.27,6.09,7.43,0.0157,0.0133,-0.0067,91972.23,809.51,-0.00,0.0217
213104,0.22,6.05,7.45,0.0183,0.0112,-0.0053,91972.23,809.51,-0.00,0.0221
213164,0.27,6.00,7.46,0.0195,0.0117,-0.0079,91972.23,809.51,-0.00,0.0240
213228,0.25,6.14,7.45,0.0157,0.0051,-0.0059,91972.05,809.53,0.08,0.0175
213288,0.26,6.00,7.48,0.0159,0.0097,-0.0053,91972.05,809.53,0.05,0.0193
213366,0.27,6.08,7.43,0.0175,0.0125,-0.0049,91972.05,809.53,0.04,0.0220
213427,0.28,6.03,7.45,0.0153,0.0105,-0.0064,91972.05,809.53,0.03,0.0197
213491,0.24,6.10,7.44,0.0171,0.0125,-0.0101,91972.05,809.53,0.02,0.0235
213552,0.26,6.05,7.39,0.0171,0.0147,-0.0053,91972.05,809.53,0.01,0.0231
213616,0.17,6.14,7.42,0.0216,0.0209,-0.0037,91972.05,809.53,0.01,0.0303
213677,0.29,5.99,7.44,0.0181,0.0165,-0.0061,91972.05,809.53,0.01,0.0253
213741,0.24,6.10,7.45,0.0188,0.0120,-0.0073,91972.02,809.53,0.02,0.0235
213806,0.27,6.07,7.49,0.0187,0.0111,-0.0055,91972.02,809.53,0.01,0.0224
213868,0.27,6.05,7.40,0.0161,0.0132,-0.0068,91972.02,809.53,0.01,0.0219
213931,0.19,6.01,7.46,0.0179,0.0131,-0.0087,91972.02,809.53,0.01,0.0238
213998,0.26,6.09,7.46,0.0207,0.0109,-0.0053,91972.02,809.53,0.00,0.0240
214061,0.24,6.05,7.44,0.0191,0.0125,-0.0044,91972.02,809.53,0.00,0.0232
214123,0.23,6.00,7.41,0.0188,0.0144,-0.0063,91972.02,809.53,0.00,0.0245
214186,0.26,6.07,7.41,0.0184,0.0105,-0.0081,91972.02,809.53,0.00,0.0227
214251,0.22,6.04,7.42,0.0197,0.0128,-0.0072,91972.34,809.50,-0.13,0.0246
214315,0.29,6.02,7.47,0.0156,0.0140,-0.0076,91972.34,809.50,-0.09,0.0223
214376,0.27,6.11,7.45,0.0183,0.0108,-0.0052,91972.34,809.50,-0.06,0.0218
214440,0.22,6.00,7.45,0.0167,0.0097,-0.0035,91972.34,809.50,-0.05,0.0196
214501,0.25,6.05,7.45,0.0168,0.0111,-0.0072,91972.34,809.50,-0.03,0.0214
214565,0.24,6.08,7.42,0.0176,0.0096,-0.0045,91972.34,809.50,-0.02,0.0205
214626,0.22,6.02,7.41,0.0179,0.0131,-0.0040,91972.34,809.50,-0.02,0.0225
214693,0.24,6.07,7.45,0.0168,0.0089,-0.0072,91972.34,809.50,-0.01,0.0203
214756,0.24,6.05,7.46,0.0175,0.0121,-0.0040,91972.16,809.52,0.07,0.0216
214818,0.23,6.00,7.47,0.0191,0.0101,-0.0057,91972.16,809.52,0.05,0.0223
214881,0.26,6.06,7.41,0.0179,0.0100,-0.0057,91972.16,809.52,0.04,0.0212
214943,0.24,6.07,7.46,0.0179,0.0140,-0.0071,91972.16,809.52,0.02,0.0238
215006,0.23,6.05,7.46,0.0185,0.0123,-0.0073,91972.16,809.52,0.02,0.0234
215068,0.28,6.10,7.42,0.0185,0.0128,-0.0075,91972.16,809.52,0.01,0.0237
215135,0.23,6.04,7.48,0.0173,0.0132,-0.0044,91972.16,809.52,0.01,0.0222
215196,0.22,6.05,7.46,0.0181,0.0116,-0.0071,91972.16,809.52,0.01,0.0226
215260,0.27,6.10,7.45,0.0180,0.0113,-0.0063,91971.98,809.54,0.08,0.0222
215321,0.23,6.05,7.46,0.0168,0.0135,-0.0075,91971.98,809.54,0.05,0.0228
215385,0.24,6.07,7.51,0.0203,0.0136,-0.0072,91971.98,809.54,0.04,0.0254
215446,0.25,6.08,7.47,0.0176,0.0103,-0.0045,91971.98,809.54,0.03,0.0209
215510,0.25,5.99,7.45,0.0191,0.0137,-0.0049,91971.98,809.54,0.02,0.0240
215597,0.25,6.03,7.45,0.0213,0.0112,-0.0064,91971.98,809.54,0.01,0.0249
215659,0.21,6.04,7.45,0.0181,0.0108,-0.0028,91971.98,809.54,0.01,0.0213
215722,0.25,6.10,7.43,0.0179,0.0117,-0.0056,91971.98,809.54,0.01,0.0221
215784,0.25,6.05,7.47,0.0213,0.0136,-0.0047,91971.81,809.55,0.08,0.0257
215846,0.28,6.05,7.47,0.0167,0.0105,-0.0065,91971.81,809.55,0.05,0.0208
215908,0.26,6.06,7.45,0.0165,0.0139,-0.0091,91971.81,809.55,0.04,0.0234
215970,0.25,6.11,7.43,0.0172,0.0140,-0.0076,91971.81,809.55,0.03,0.0234
216040,0.24,6.07,7.43,0.0181,0.0137,-0.0084,91971.81,809.55,0.02,0.0242
216104,0.25,6.05,7.46,0.0207,0.0125,-0.0048,91971.81,809.55,0.01,0.0246
216165,0.22,6.03,7.47,0.0173,0.0135,-0.0060,91971.81,809.55,0.01,0.0227
216229,0.28,6.12,7.46,0.0211,0.0123,-0.0060,91971.81,809.55,0.01,0.0251
216290,0.25,6.06,7.46,0.0147,0.0137,-0.0067,91972.12,809.52,-0.13,0.0212
216354,0.25,6.01,7.47,0.0176,0.0101,-0.0049,91972.12,809.52,-0.09,0.0209
216415,0.25,6.07,7.46,0.0172,0.0099,-0.0057,91972.12,809.52,-0.06,0.0206
216482,0.19,6.04,7.48,0.0149,0.0112,-0.0084,91972.12,809.52,-0.05,0.0205
216544,0.26,6.05,7.45,0.0195,0.0084,-0.0053,91972.12,809.52,-0.03,0.0218
216606,0.26,6.09,7.45,0.0176,0.0104,-0.0079,91972.12,809.52,-0.02,0.0219
216668,0.26,6.01,7.47,0.0173,0.0155,-0.0075,91972.12,809.52,-0.02,0.0244
216730,0.20,6.09,7.48,0.0165,0.0115,-0.0063,91972.12,809.52,-0.01,0.0211
216792,0.27,6.09,7.45,0.0181,0.0119,-0.0079,91972.28,809.51,-0.08,0.0230
216854,0.25,6.05,7.48,0.0180,0.0109,-0.0053,91972.28,809.51,-0.06,0.0217
216931,0.27,6.09,7.44,0.0181,0.0120,-0.0060,91972.28,809.51,-0.04,0.0225
216993,0.25,6.02,7.48,0.0192,0.0111,-0.0040,91972.28,809.51,-0.03,0.0225
217056,0.24,6.07,7.47,0.0163,0.0119,-0.0056,91972.28,809.51,-0.02,0.0209
217118,0.25,6.06,7.44,0.0184,0.0084,-0.0039,91972.28,809.51,-0.01,0.0206
217180,0.22,6.02,7.46,0.0212,0.0113,-0.0069,91972.28,809.51,-0.01,0.0250
217242,0.26,6.08,7.43,0.0185,0.0088,-0.0072,91972.28,809.51,-0.01,0.0217
217304,0.21,6.08,7.43,0.0179,0.0119,-0.0072,91972.28,809.51,-0.00,0.0226
217369,0.23,6.02,7.47,0.0168,0.0099,-0.0051,91972.28,809.51,-0.00,0.0201
217433,0.27,6.07,7.46,0.0167,0.0079,-0.0055,91972.28,809.51,-0.00,0.0192
217494,0.21,6.03,7.44,0.0165,0.0108,-0.0048,91972.28,809.51,-0.00,0.0203
217558,0.24,6.04,7.44,0.0184,0.0117,-0.0045,91972.28,809.51,-0.00,0.0223
217619,0.25,6.06,7.47,0.0159,0.0107,-0.0052,91972.28,809.51,-0.00,0.0198
217682,0.22,6.06,7.44,0.0184,0.0111,-0.0080,91972.28,809.51,-0.00,0.0229
217743,0.24,6.07,7.48,0.0184,0.0125,-0.0080,91972.28,809.51,-0.00,0.0236
217811,0.28,6.06,7.40,0.0163,0.0093,-0.0039,91972.45,809.49,-0.07,0.0191
217872,0.23,6.05,7.47,0.0180,0.0116,-0.0037,91972.45,809.49,-0.05,0.0217
217933,0.27,6.10,7.47,0.0180,0.0124,-0.0091,91972.45,809.49,-0.03,0.0236
217995,0.24,6.09,7.47,0.0167,0.0132,-0.0052,91972.45,809.49,-0.02,0.0219
218062,0.20,6.00,7.45,0.0195,0.0143,-0.0053,91972.45,809.49,-0.02,0.0247
218125,0.26,6.08,7.47,0.0173,0.0099,-0.0041,91972.45,809.49,-0.01,0.0204
218187,0.27,6.06,7.45,0.0220,0.0135,-0.0044,91972.45,809.49,-0.01,0.0261
218254,0.22,6.06,7.47,0.0176,0.0080,-0.0064,91972.45,809.49,-0.01,0.0203
218315,0.28,6.06,7.47,0.0195,0.0143,-0.0044,91972.42,809.50,0.01,0.0245
218379,0.25,6.02,7.44,0.0164,0.0109,-0.0071,91972.42,809.50,0.01,0.0209
218440,0.24,6.06,7.45,0.0175,0.0129,-0.0063,91972.42,809.50,0.00,0.0226
218504,0.27,6.06,7.43,0.0163,0.0123,-0.0068,91972.42,809.50,0.00,0.0215
218565,0.22,5.99,7.40,0.0183,0.0133,-0.0067,91972.42,809.50,0.00,0.0236
218629,0.26,6.06,7.44,0.0188,0.0119,-0.0059,91972.42,809.50,0.00,0.0230
218694,0.25,6.09,7.45,0.0171,0.0136,-0.0060,91972.42,809.50,0.00,0.0226
218756,0.23,6.06,7.44,0.0185,0.0131,-0.0064,91972.42,809.50,0.00,0.0235
218819,0.23,6.07,7.46,0.0179,0.0133,-0.0043,91972.73,809.47,-0.13,0.0227
218881,0.26,6.05,7.44,0.0153,0.0132,-0.0060,91972.73,809.47,-0.09,0.0211
218944,0.19,6.07,7.46,0.0180,0.0121,-0.0049,91972.73,809.47,-0.06,0.0222
219006,0.27,6.10,7.43,0.0181,0.0127,-0.0061,91972.73,809.47,-0.05,0.0229
219073,0.23,6.08,7.43,0.0175,0.0125,-0.0077,91972.73,809.47,-0.03,0.0228
219134,0.26,6.02,7.43,0.0155,0.0135,-0.0053,91972.73,809.47,-0.02,0.0212
219198,0.26,6.08,7.44,0.0167,0.0097,-0.0043,91972.73,809.47,-0.02,0.0198
219259,0.20,6.07,7.45,0.0183,0.0144,-0.0067,91972.73,809.47,-0.01,0.0242
219323,0.24,6.03,7.50,0.0208,0.0137,-0.0071,91972.73,809.47,-0.01,0.0259
219384,0.27,6.09,7.47,0.0193,0.0128,-0.0072,91972.73,809.47,-0.00,0.0243
219448,0.22,6.02,7.49,0.0196,0.0087,-0.0055,91972.73,809.47,-0.00,0.0221
219513,0.25,6.07,7.47,0.0145,0.0115,-0.0068,91972.73,809.47,-0.00,0.0197
219575,0.23,6.10,7.47,0.0181,0.0128,-0.0016,91972.73,809.47,-0.00,0.0222
219638,0.20,6.00,7.47,0.0196,0.0131,-0.0068,91972.73,809.47,-0.00,0.0245
219700,0.26,6.04,7.41,0.0172,0.0088,-0.0053,91972.73,809.47,-0.00,0.0200
219763,0.28,6.08,7.45,0.0155,0.0157,-0.0064,91972.73,809.47,-0.00,0.0230
219825,0.23,6.03,7.44,0.0176,0.0149,-0.0099,91973.06,809.44,-0.15,0.0251
219888,0.28,6.10,7.46,0.0176,0.0137,-0.0071,91973.06,809.44,-0.10,0.0234
219953,0.28,6.05,7.45,0.0164,0.0135,-0.0071,91973.06,809.44,-0.07,0.0223
220017,0.24,6.06,7.45,0.0175,0.0125,-0.0061,91973.06,809.44,-0.05,0.0223
220083,0.24,6.08,7.43,0.0171,0.0123,-0.0060,91973.06,809.44,-0.04,0.0218
220147,0.27,6.04,7.44,0.0193,0.0127,-0.0029,91973.06,809.44,-0.02,0.0233
220208,0.22,6.03,7.45,0.0185,0.0105,-0.0069,91973.06,809.44,-0.02,0.0224
220272,0.26,6.07,7.43,0.0160,0.0119,-0.0068,91973.06,809.44,-0.01,0.0210
220333,0.23,6.01,7.45,0.0193,0.0125,-0.0061,91973.05,809.44,-0.00,0.0238
220411,0.25,6.10,7.43,0.0167,0.0104,-0.0084,91973.05,809.44,-0.00,0.0213
220472,0.19,6.02,7.47,0.0188,0.0105,-0.0055,91973.05,809.44,-0.00,0.0222
220536,0.25,6.07,7.46,0.0159,0.0123,-0.0061,91973.05,809.44,-0.00,0.0210
220597,0.30,6.08,7.45,0.0172,0.0129,-0.0080,91973.05,809.44,-0.00,0.0229
220661,0.24,6.04,7.48,0.0175,0.0152,-0.0063,91973.05,809.44,-0.00,0.0240
220722,0.25,6.03,7.47,0.0180,0.0111,-0.0057,91973.05,809.44,-0.00,0.0219
220786,0.26,6.06,7.44,0.0173,0.0119,-0.0075,91973.05,809.44,-0.00,0.0223
220851,0.23,6.03,7.46,0.0177,0.0140,-0.0067,91973.20,809.43,-0.06,0.0235
220913,0.24,6.06,7.45,0.0191,0.0132,-0.0055,91973.20,809.43,-0.04,0.0238
220976,0.27,6.06,7.41,0.0168,0.0145,-0.0063,91973.20,809.43,-0.03,0.0231
221038,0.21,6.01,7.45,0.0203,0.0113,-0.0065,91973.20,809.43,-0.02,0.0241
221101,0.26,6.07,7.44,0.0177,0.0123,-0.0061,91973.20,809.43,-0.01,0.0224
221163,0.29,6.14,7.46,0.0175,0.0135,-0.0047,91973.20,809.43,-0.01,0.0225
221226,0.23,6.03,7.44,0.0168,0.0149,-0.0077,91973.20,809.43,-0.01,0.0238
221291,0.28,6.13,7.43,0.0181,0.0104,-0.0063,91973.20,809.43,-0.00,0.0218
221355,0.25,6.04,7.43,0.0165,0.0143,-0.0048,91973.36,809.41,-0.07,0.0223
221416,0.24,6.06,7.44,0.0152,0.0093,-0.0055,91973.36,809.41,-0.05,0.0186
221480,0.26,6.09,7.43,0.0161,0.0108,-0.0045,91973.36,809.41,-0.04,0.0199
221541,0.25,6.04,7.46,0.0163,0.0156,-0.0059,91973.36,809.41,-0.03,0.0233
221605,0.20,6.04,7.45,0.0177,0.0100,-0.0073,91973.36,809.41,-0.02,0.0216
221666,0.23,6.09,7.43,0.0173,0.0133,-0.0068,91973.36,809.41,-0.01,0.0229
221733,0.24,6.03,7.46,0.0167,0.0136,-0.0061,91973.36,809.41,-0.01,0.0224
221796,0.23,6.06,7.45,0.0152,0.0108,-0.0052,91973.36,809.41,-0.01,0.0193
221858,0.26,6.11,7.44,0.0196,0.0111,-0.0084,91973.36,809.41,-0.00,0.0240
221921,0.22,6.07,7.46,0.0191,0.0116,-0.0060,91973.36,809.41,-0.00,0.0231
221983,0.21,6.03,7.47,0.0191,0.0104,-0.0059,91973.36,809.41,-0.00,0.0225
222046,0.28,6.07,7.45,0.0168,0.0112,-0.0051,91973.36,809.41,-0.00,0.0208
222113,0.23,6.02,7.47,0.0177,0.0111,-0.0056,91973.36,809.41,-0.00,0.0216
222180,0.28,6.08,7.46,0.0171,0.0120,-0.0037,91973.36,809.41,-0.00,0.0212
222241,0.26,6.05,7.44,0.0175,0.0128,-0.0065,91973.36,809.41,-0.00,0.0226
222305,0.23,6.06,7.46,0.0165,0.0117,-0.0080,91973.36,809.41,-0.00,0.0218
222366,0.26,5.88,7.47,0.0145,0.0088,-0.0083,91973.02,809.44,0.15,0.0189
222430,0.26,6.00,7.43,0.0173,0.0159,-0.0059,91973.02,809.44,0.11,0.0242
222491,0.23,5.79,7.48,0.0165,0.0028,-0.0093,91973.02,809.44,0.07,0.0192
222555,0.30,6.07,7.43,0.0188,0.0089,-0.0065,91973.02,809.44,0.05,0.0218
222620,0.23,6.01,7.46,0.0189,0.0149,-0.0051,91973.02,809.44,0.04,0.0246
222682,0.25,6.02,7.44,0.0183,0.0095,-0.0059,91973.02,809.44,0.03,0.0214
222745,0.28,6.07,7.44,0.0165,0.0135,-0.0059,91973.02,809.44,0.02,0.0221
222807,0.22,6.05,7.43,0.0188,0.0143,-0.0059,91973.02,809.44,0.01,0.0243
222870,0.25,6.04,7.45,0.0171,0.0111,-0.0073,91972.98,809.45,0.02,0.0216
222932,0.28,6.08,7.44,0.0153,0.0111,-0.0047,91972.98,809.45,0.02,0.0195
222995,0.21,6.00,7.47,0.0185,0.0119,-0.0071,91972.98,809.45,0.01,0.0231
223060,0.25,6.10,7.45,0.0203,0.0089,-0.0059,91972.98,809.45,0.01,0.0229
223124,0.26,6.07,7.46,0.0152,0.0151,-0.0056,91972.98,809.45,0.01,0.0221
223185,0.20,6.04,7.47,0.0161,0.0129,-0.0068,91972.98,809.45,0.00,0.0218
223249,0.28,6.16,7.61,0.0212,0.0187,-0.0053,91972.98,809.45,0.00,0.0287
223310,0.26,6.03,7.45,0.0191,0.0139,-0.0049,91972.98,809.45,0.00,0.0241
223374,0.22,6.04,7.45,0.0192,0.0104,-0.0063,91973.30,809.42,-0.13,0.0227
223435,0.25,6.11,7.42,0.0147,0.0099,-0.0065,91973.30,809.42,-0.09,0.0188
223502,0.26,6.00,7.45,0.0183,0.0144,-0.0084,91973.30,809.42,-0.06,0.0247
223565,0.26,6.05,7.42,0.0201,0.0121,-0.0077,91973.30,809.42,-0.04,0.0247
223627,0.26,6.07,7.41,0.0191,0.0119,-0.0047,91973.30,809.42,-0.03,0.0229
223690,0.22,6.02,7.46,0.0172,0.0124,-0.0049,91973.30,809.42,-0.02,0.0218
223752,0.25,6.05,7.44,0.0191,0.0117,-0.0063,91973.30,809.42,-0.02,0.0232
223815,0.28,6.11,7.44,0.0171,0.0113,-0.0063,91973.30,809.42,-0.01,0.0214
223877,0.20,6.06,7.46,0.0191,0.0093,-0.0083,91973.12,809.43,0.07,0.0228
223954,0.26,6.11,7.46,0.0180,0.0159,-0.0057,91973.12,809.43,0.05,0.0247
224016,0.23,6.05,7.41,0.0177,0.0143,-0.0039,91973.12,809.43,0.03,0.0231
224079,0.24,6.04,7.46,0.0189,0.0095,-0.0076,91973.12,809.43,0.02,0.0225
224146,0.23,6.07,7.42,0.0192,0.0131,-0.0079,91973.12,809.43,0.02,0.0245
224209,0.23,6.02,7.42,0.0188,0.0109,-0.0039,91973.12,809.43,0.01,0.0221
224271,0.23,6.10,7.46,0.0199,0.0103,-0.0081,91973.12,809.43,0.01,0.0238
224334,0.22,6.06,7.49,0.0184,0.0083,-0.0051,91973.12,809.43,0.01,0.0208
224399,0.27,6.05,7.44,0.0191,0.0097,-0.0072,91973.28,809.42,-0.06,0.0226
224463,0.26,6.11,7.45,0.0180,0.0141,-0.0057,91973.28,809.42,-0.04,0.0236
224524,0.23,6.06,7.44,0.0173,0.0129,-0.0043,91973.28,809.42,-0.03,0.0220
224588,0.28,6.02,7.47,0.0163,0.0137,-0.0077,91973.28,809.42,-0.02,0.0226
224649,0.26,6.08,7.44,0.0172,0.0124,-0.0040,91973.28,809.42,-0.01,0.0216
224713,0.25,6.06,7.44,0.0192,0.0081,-0.0068,91973.28,809.42,-0.01,0.0219
224774,0.24,6.07,7.46,0.0195,0.0084,-0.0072,91973.28,809.42,-0.01,0.0224
224841,0.27,6.09,7.42,0.0148,0.0109,-0.0060,91973.28,809.42,-0.01,0.0193
224904,0.21,5.84,7.36,0.0197,0.0033,-0.0077,91973.11,809.44,0.07,0.0214
224966,0.26,5.92,7.42,0.0164,0.0105,-0.0053,91973.11,809.44,0.05,0.0202
225029,0.22,6.12,7.41,0.0197,0.0156,-0.0071,91973.11,809.44,0.03,0.0261
225091,0.23,6.04,7.45,0.0151,0.0124,-0.0053,91973.11,809.44,0.02,0.0202
225154,0.24,6.09,7.44,0.0187,0.0075,-0.0065,91973.11,809.44,0.02,0.0211
225216,0.25,6.11,7.46,0.0180,0.0144,-0.0057,91973.11,809.44,0.01,0.0237
225283,0.25,6.01,7.47,0.0151,0.0129,-0.0084,91973.11,809.44,0.01,0.0215
225344,0.27,6.16,7.50,0.0165,0.0116,-0.0057,91973.11,809.44,0.01,0.0210
225408,0.24,6.02,7.46,0.0183,0.0113,-0.0075,91973.11,809.44,0.00,0.0227
225469,0.21,6.00,7.46,0.0205,0.0128,-0.0076,91973.11,809.44,0.00,0.0253
225533,0.26,6.12,7.48,0.0176,0.0105,-0.0069,91973.11,809.44,0.00,0.0216
225594,0.25,6.10,7.49,0.0199,0.0103,-0.0080,91973.11,809.44,0.00,0.0237
225658,0.28,6.07,7.52,0.0191,0.0115,-0.0083,91973.11,809.44,0.00,0.0237
225723,0.23,6.02,7.40,0.0173,0.0113,-0.0063,91973.11,809.44,0.00,0.0216
225785,0.21,6.03,7.44,0.0165,0.0109,-0.0057,91973.11,809.44,0.00,0.0206
225848,0.26,5.99,7.45,0.0192,0.0071,-0.0055,91973.11,809.44,0.00,0.0212
225910,0.27,6.11,7.44,0.0171,0.0116,-0.0080,91973.11,809.44,0.00,0.0221
225973,0.25,6.04,7.44,0.0191,0.0091,-0.0069,91973.11,809.44,0.00,0.0222
226035,0.26,6.08,7.44,0.0191,0.0133,-0.0080,91973.11,809.44,0.00,0.0246
226098,0.25,6.11,7.50,0.0175,0.0123,-0.0067,91973.11,809.44,0.00,0.0223
226168,0.22,6.04,7.48,0.0188,0.0100,-0.0088,91973.11,809.44,0.00,0.0230
226232,0.26,6.11,7.44,0.0177,0.0093,-0.0064,91973.11,809.44,0.00,0.0210
226293,0.24,6.03,7.45,0.0197,0.0124,-0.0057,91973.11,809.44,0.00,0.0240
226357,0.23,6.02,7.45,0.0192,0.0099,-0.0075,91973.11,809.44,0.00,0.0228
226418,0.27,6.07,7.43,0.0185,0.0099,-0.0067,91973.10,809.44,0.00,0.0220
226482,0.26,6.04,7.45,0.0173,0.0124,-0.0060,91973.10,809.44,0.00,0.0221
226543,0.22,6.05,7.42,0.0179,0.0103,-0.0075,91973.10,809.44,0.00,0.0219
226610,0.28,6.10,7.43,0.0152,0.0140,-0.0049,91973.10,809.44,0.00,0.0212
226673,0.24,6.04,7.48,0.0221,0.0123,-0.0072,91973.10,809.44,0.00,0.0263
226735,0.28,6.06,7.43,0.0151,0.0131,-0.0076,91973.10,809.44,0.00,0.0213
226798,0.29,6.05,7.44,0.0181,0.0135,-0.0068,91973.10,809.44,0.00,0.0236
226860,0.23,6.04,7.46,0.0161,0.0155,-0.0067,91973.10,809.44,0.00,0.0233
226923,0.27,6.12,7.43,0.0184,0.0097,-0.0068,91973.08,809.44,0.01,0.0219
226985,0.27,6.05,7.44,0.0168,0.0128,-0.0063,91973.08,809.44,0.01,0.0220
227052,0.21,6.05,7.46,0.0176,0.0121,-0.0073,91973.08,809.44,0.01,0.0226
227113,0.26,6.07,7.43,0.0180,0.0111,-0.0068,91973.08,809.44,0.00,0.0222
227177,0.23,6.06,7.45,0.0185,0.0111,-0.0055,91973.08,809.44,0.00,0.0223
227238,0.24,6.01,7.47,0.0193,0.0129,-0.0083,91973.08,809.44,0.00,0.0247
227302,0.24,6.06,7.36,0.0165,0.0112,-0.0072,91973.08,809.44,0.00,0.0212
227363,0.24,6.18,7.47,0.0196,0.0159,-0.0063,91973.08,809.44,0.00,0.0260
227427,0.22,6.00,7.45,0.0175,0.0089,-0.0031,91973.07,809.44,0.00,0.0198
227503,0.22,6.08,7.42,0.0189,0.0101,-0.0053,91973.07,809.44,0.00,0.0221
227568,0.28,6.02,7.46,0.0187,0.0119,-0.0057,91973.07,809.44,0.00,0.0228
227630,0.24,6.06,7.44,0.0168,0.0121,-0.0069,91973.07,809.44,0.00,0.0218
227695,0.38,6.11,7.24,0.0196,0.0465,0.0020,91973.07,809.44,0.00,0.0505
227757,0.28,6.00,7.36,0.0157,0.0049,-0.0097,91973.07,809.44,0.00,0.0191
227822,0.31,6.05,7.42,0.0180,0.0184,-0.0043,91973.07,809.44,0.00,0.0261
227884,0.23,6.06,7.45,0.0203,0.0159,-0.0048,91973.07,809.44,0.00,0.0262
227952,0.27,6.07,7.45,0.0152,0.0067,-0.0085,91972.89,809.45,0.07,0.0186
228014,0.23,6.04,7.44,0.0199,0.0111,-0.0073,91972.89,809.45,0.05,0.0239
228076,0.21,6.10,7.48,0.0205,0.0113,-0.0067,91972.89,809.45,0.04,0.0244
228138,0.32,6.16,7.46,0.0192,0.0128,-0.0065,91972.89,809.45,0.02,0.0240
228205,0.27,6.00,7.43,0.0172,0.0135,-0.0061,91972.89,809.45,0.02,0.0227
228267,0.27,6.06,7.42,0.0183,0.0136,-0.0064,91972.89,809.45,0.01,0.0236
